longitud_km,amplificado,n_vanos,antiguedad_anios,reparaciones_registradas,temperatura_c,p_rx_medida_dbm,oculta_perdida_reparaciones_db,oculta_perdida_hielo_db,oculta_perdida_conectores_db,oculta_nf_db,oculta_alfa_db_km,q,ber,cumple
192.4,1,2,5.45,4,-7.4,-29.83,5.35,0.0,1.047,6.62,0.2244,9.144,3.009186380856568e-20,1
78.5,1,1,16.57,8,-23.3,-35.95,8.673,0.0,1.85,7.3,0.231,6.268,1.830847548877143e-10,0
63.5,0,1,19.17,9,-10.4,-32.41,8.771,0.0,1.017,7.26,0.2332,1.051,0.1465176311248948,0
14.9,0,1,4.17,1,22.4,-11.83,0.372,0.0,1.126,6.79,0.226,165.545,0.0,1
10.3,0,1,1.1,0,2.1,-9.61,0.0,0.0,1.58,6.19,0.221,231.859,0.0,1
70.1,1,1,10.99,2,-18.8,-26.61,1.65,0.0,1.136,7.22,0.2327,18.92,3.8946049589384216e-80,1
180.4,1,2,19.35,10,-9.7,-31.82,7.879,2.672,1.083,6.59,0.2221,7.171,3.72546760027183e-13,1
42.6,0,1,16.27,9,32.0,-27.14,7.28,0.0,1.38,7.78,0.2438,4.337,7.2199277445805496e-06,0
35.8,0,1,17.55,2,-1.9,-21.36,4.327,0.0,1.167,6.79,0.2337,17.541,3.483428108776427e-69,1
198.3,1,2,10.07,7,-1.3,-34.87,11.391,0.0,1.268,6.81,0.2291,5.434,2.7562670746526722e-08,0
55.1,0,1,5.87,1,-20.1,-24.59,0.837,3.121,1.054,7.22,0.2275,6.588,2.2269366430589288e-11,0
11.2,0,1,13.29,0,-10.2,-9.43,0.0,0.0,1.673,7.12,0.2219,212.167,0.0,1
15.0,0,1,5.11,0,23.0,-10.13,0.294,0.0,1.039,6.09,0.2201,204.275,0.0,1
57.0,0,1,18.16,3,21.1,-24.08,1.848,0.0,1.615,7.71,0.246,6.45,5.5855203763062035e-11,0
75.4,1,1,4.92,0,-1.7,-26.49,0.0,0.0,1.646,6.68,0.2216,22.358,5.050073591244141e-111,1
5.4,0,1,7.28,0,28.1,-9.84,0.0,0.0,2.044,6.7,0.2212,288.34,0.0,1
26.6,0,1,12.66,3,-5.3,-16.35,2.313,0.0,1.031,6.72,0.2379,53.028,0.0,1
78.8,1,1,12.17,1,26.2,-27.94,1.567,0.0,1.236,7.87,0.2269,14.888,1.965989047705753e-50,1
30.6,0,1,15.02,1,-27.9,-18.17,0.948,2.041,1.299,7.11,0.2398,34.287,6.084069634714134e-258,1
36.9,0,1,10.94,4,-7.4,-21.06,4.556,0.0,1.206,6.68,0.2354,16.532,1.0735529554237284e-61,1
141.4,1,2,22.99,34,25.6,-37.26,28.891,0.0,1.888,7.67,0.2268,3.462,0.0002680927972209075,0
43.9,0,1,21.0,4,28.6,-23.71,4.423,0.0,1.817,7.61,0.2222,8.662,2.3271962920413787e-18,1
181.8,1,2,21.98,23,19.2,-38.21,22.141,0.0,1.627,6.07,0.2213,3.686,0.00011375294569215572,0
52.5,0,1,15.74,5,13.5,-24.6,4.697,0.0,1.376,7.75,0.2265,5.176,1.1332857966074331e-07,0
96.4,1,1,15.88,13,23.0,-43.86,11.143,0.0,1.411,7.82,0.2242,2.375,0.00876648036266703,0
32.9,0,1,15.23,3,16.0,-17.6,3.084,0.0,1.001,6.44,0.2406,35.522,1.11062302994995e-276,1
100.3,1,1,10.87,6,-13.5,-39.01,5.916,0.0,1.144,6.66,0.2354,4.801,7.91113810244193e-07,0
81.4,1,1,8.05,5,0.3,-31.34,4.287,0.0,1.567,6.44,0.2253,12.578,1.3960166279265842e-36,1
91.7,1,1,14.8,3,12.9,-33.33,3.225,0.0,1.015,7.51,0.2278,9.345,4.613099868923427e-21,1
32.5,0,1,0.64,0,8.2,-14.73,0.0,0.0,1.217,6.1,0.2204,80.634,0.0,1
36.9,0,1,0.19,0,27.5,-16.4,0.0,0.0,2.177,6.58,0.2202,51.074,0.0,1
95.8,1,1,21.29,3,0.8,-33.02,2.511,0.0,1.381,7.64,0.2246,8.402,2.1872792172400738e-17,1
198.3,1,2,1.16,2,-18.4,-29.28,1.533,1.507,1.351,6.89,0.2206,10.526,3.273888085572984e-26,1
113.2,1,2,13.12,8,-16.1,-20.65,5.539,0.0,1.623,7.07,0.2258,26.008,2.0247075600815605e-149,1
44.0,0,1,15.37,0,25.0,-17.87,0.0,0.0,1.049,7.71,0.2334,30.864,1.8397382093455046e-209,1
145.8,1,2,4.95,7,-29.4,-24.76,5.068,0.0,1.905,6.67,0.2259,18.879,8.40852666114658e-80,1
70.1,1,1,22.39,9,26.5,-36.99,8.457,0.0,2.253,7.74,0.2533,5.92,1.6130396509726022e-09,0
14.1,0,1,4.75,0,-26.4,-11.16,0.863,0.0,1.035,6.73,0.2208,203.515,0.0,1
12.1,0,1,22.11,0,-4.5,-10.5,0.0,0.0,1.053,7.37,0.2319,217.123,0.0,1
12.5,0,1,19.07,0,22.0,-11.32,0.661,0.0,1.1,6.46,0.2288,158.543,0.0,1
148.3,1,2,6.02,2,-3.5,-21.74,1.587,0.0,1.381,6.16,0.2205,25.178,3.5081496085930713e-140,1
51.0,0,1,3.77,1,23.5,-20.27,1.273,0.0,1.031,6.87,0.2245,20.04,1.2455064714628886e-89,1
42.6,0,1,7.91,0,-23.5,-18.95,1.938,0.0,1.147,7.52,0.2255,24.513,5.403175052727908e-133,1
164.9,1,2,9.95,5,3.3,-28.23,6.944,0.0,1.453,6.29,0.2292,12.002,1.7395215150953863e-33,1
152.9,1,2,6.14,0,7.9,-23.23,0.0,0.0,1.627,6.76,0.2242,18.698,2.564602623989248e-78,1
39.4,0,1,24.97,2,27.9,-23.02,5.924,0.0,1.057,8.64,0.2337,11.196,2.1382867314175898e-29,1
32.5,0,1,5.74,0,-23.9,-13.84,0.0,0.0,1.099,6.49,0.2217,79.31,0.0,1
56.0,0,1,20.77,7,-8.0,-25.33,3.733,0.0,1.029,6.99,0.2479,4.68,1.4354759506170494e-06,0
108.9,1,1,3.98,4,12.9,-38.72,4.126,0.0,1.646,6.19,0.2207,5.373,3.8727137125339655e-08,0
90.5,1,1,24.51,11,33.7,-43.98,11.705,0.0,1.289,7.84,0.2413,1.974,0.024202503855300435,0
57.0,0,1,5.64,2,25.1,-22.14,1.206,0.0,1.276,6.52,0.2283,9.996,7.91705690554796e-24,1
24.4,0,1,10.54,2,25.0,-15.65,1.965,0.0,1.358,7.49,0.2245,61.568,0.0,1
21.7,0,1,13.96,5,3.6,-16.78,4.197,0.0,1.495,7.82,0.23,47.947,0.0,1
79.5,1,1,3.01,0,6.7,-26.4,0.0,0.0,1.218,6.74,0.2234,20.956,8.21940118403796e-98,1
135.5,1,2,20.42,1,25.8,-21.2,1.035,0.0,1.152,6.3,0.2279,26.64,1.1772158735614808e-156,1
101.9,1,1,6.87,4,26.5,-35.48,2.867,0.0,2.436,6.4,0.2223,7.203,2.9496250500342137e-13,1
91.7,1,1,13.73,3,22.1,-31.69,1.376,0.0,2.049,7.26,0.2223,11.075,8.304718046258539e-29,1
135.2,1,2,13.74,15,23.2,-26.99,14.997,0.0,1.585,7.4,0.2205,12.195,1.6444623071250994e-34,1
20.4,0,1,15.07,1,27.2,-12.55,0.5,0.0,1.234,6.97,0.2264,105.743,0.0,1
8.1,0,1,1.39,0,-22.6,-10.62,0.0,1.551,1.46,6.07,0.2219,233.877,0.0,1
46.6,0,1,4.22,1,-11.0,-20.93,1.898,0.0,3.972,6.74,0.2207,13.656,9.23742815187899e-43,1
20.4,0,1,4.03,1,33.4,-12.3,0.494,0.0,1.145,6.94,0.2246,146.246,0.0,1
26.3,0,1,7.55,1,5.4,-13.2,0.445,0.0,1.006,6.9,0.2248,114.229,0.0,1
39.4,0,1,3.62,0,-18.5,-16.63,0.0,0.659,1.354,6.52,0.2234,36.85,1.4390142347599091e-297,1
113.4,1,2,23.05,16,2.7,-26.16,13.674,0.0,2.102,6.66,0.2308,16.383,1.2713383043998113e-60,1
112.4,1,2,12.82,8,12.0,-22.53,6.648,0.0,1.632,6.9,0.2327,24.435,3.6647044987366246e-132,1
13.1,0,1,15.59,3,23.8,-12.94,2.163,0.0,1.0,6.72,0.2377,112.019,0.0,1
43.9,0,1,8.94,0,22.8,-18.35,0.0,0.0,1.6,6.83,0.2211,29.577,1.4827835199587544e-192,1
158.9,1,2,6.91,6,-26.8,-28.37,9.579,0.0,1.998,6.45,0.2297,11.387,2.4203212840360535e-30,1
79.5,1,1,12.58,1,-0.5,-28.21,1.128,0.0,1.088,6.84,0.2311,16.448,4.35728835256601e-61,1
28.9,0,1,7.36,1,-28.7,-17.04,0.346,1.586,1.416,6.54,0.2277,46.938,0.0,1
12.3,0,1,8.59,0,27.7,-10.57,0.636,0.0,1.114,6.97,0.2268,228.643,0.0,1
65.4,1,1,11.32,1,-18.7,-27.51,0.379,4.912,1.306,6.88,0.222,17.55,2.994028890592844e-69,1
83.2,1,1,12.64,6,10.6,-32.36,4.895,0.0,1.183,7.42,0.2285,9.021,9.337985786308046e-20,1
8.1,0,1,24.61,1,7.1,-11.16,1.115,0.0,1.627,7.33,0.2265,142.221,0.0,1
88.9,1,1,5.58,3,10.7,-30.1,1.61,0.0,1.589,6.17,0.2243,13.863,5.275684426284431e-44,1
119.5,1,2,12.2,4,6.6,-20.69,3.354,0.0,2.228,6.91,0.2365,27.084,7.700206440598418e-162,1
95.8,1,1,3.74,1,16.5,-31.98,0.788,0.0,1.52,6.86,0.2226,10.853,9.677862036150617e-28,1
131.1,1,2,8.75,8,10.7,-21.81,4.632,0.0,1.619,7.17,0.2227,23.628,9.897408497832523e-124,1
91.0,1,1,17.93,9,-24.1,-40.68,8.993,1.504,1.3,7.41,0.2341,3.533,0.00020513752040149123,0
27.5,0,1,4.36,0,-6.2,-14.26,0.0,0.0,1.177,6.64,0.2223,95.255,0.0,1
10.3,0,1,14.53,0,5.5,-10.51,0.0,0.0,1.661,7.65,0.2402,169.521,0.0,1
142.3,1,2,10.42,15,-8.9,-29.17,12.896,4.688,1.023,6.76,0.2268,10.565,2.1736827432054125e-26,1
23.5,0,1,1.29,0,19.4,-11.78,0.0,0.0,1.479,7.04,0.2215,131.035,0.0,1
126.5,1,2,23.33,18,-9.3,-32.98,17.747,3.356,1.752,8.0,0.237,6.221,2.466385371034905e-10,0
42.6,0,1,10.34,3,23.9,-20.98,4.387,0.0,1.094,7.61,0.2237,15.912,2.6042631344761826e-57,1
10.5,0,1,19.6,0,-20.5,-10.99,0.0,0.0,1.328,6.73,0.2399,164.176,0.0,1
83.5,1,1,10.41,8,20.0,-33.01,6.063,0.0,1.101,6.22,0.2203,10.528,3.2209877028724353e-26,1
67.3,1,1,23.43,5,-18.1,-33.19,3.25,3.431,1.175,7.53,0.2491,9.176,2.243419289439826e-20,1
23.5,0,1,7.26,0,4.3,-11.97,0.0,0.0,1.192,7.09,0.2297,113.492,0.0,1
10.3,0,1,10.31,1,-9.2,-9.86,0.202,0.0,1.08,7.35,0.2286,266.404,0.0,1
42.0,0,1,18.97,2,11.4,-18.11,1.358,0.0,1.229,7.5,0.227,31.89,1.849319288794245e-223,1
36.6,0,1,8.59,1,-16.2,-21.37,2.07,4.203,1.099,6.66,0.2226,12.281,5.762466733953468e-35,1
71.4,1,1,9.11,3,21.7,-27.76,1.758,0.0,1.798,7.03,0.2299,19.994,3.0984297175904425e-89,1
61.9,0,1,24.87,13,7.3,-32.91,10.063,0.0,1.039,7.37,0.228,0.977,0.16430312398722186,0
33.8,0,1,13.89,3,32.2,-20.97,3.584,0.0,2.897,7.1,0.2306,18.902,5.5146258208417235e-80,1
115.3,1,2,17.23,7,16.3,-22.94,7.036,0.0,1.061,7.14,0.2423,20.407,7.228477388374253e-93,1
108.9,1,1,16.09,7,9.5,-40.88,4.445,0.0,1.467,6.41,0.2384,3.636,0.00013864355536172116,0
27.5,0,1,20.7,4,23.9,-16.62,2.85,0.0,1.383,6.27,0.2205,34.85,2.163821665573573e-266,1
106.3,1,1,21.55,19,-15.7,-50.57,14.654,0.0,1.283,6.1,0.2431,1.013,0.15562175725322303,0
23.5,0,1,14.08,3,11.1,-14.4,2.074,0.0,1.113,7.02,0.2203,80.951,0.0,1
35.8,0,1,7.36,1,-4.6,-16.96,0.836,0.0,1.541,7.24,0.2237,43.571,0.0,1
42.0,0,1,0.57,0,18.3,-17.05,0.0,0.0,1.29,6.47,0.2203,40.79,0.0,1
21.1,0,1,15.36,1,-28.4,-12.2,0.459,0.0,1.095,6.87,0.2314,110.569,0.0,1
28.9,0,1,20.64,4,-2.2,-16.9,2.631,0.0,1.352,8.49,0.2403,43.662,0.0,1
5.4,0,1,11.26,0,12.4,-8.37,0.0,0.0,1.088,6.91,0.2367,292.679,0.0,1
96.4,1,1,4.12,3,-0.1,-34.85,2.896,0.0,1.549,6.35,0.2211,8.445,1.5230356735539284e-17,1
79.8,1,1,7.2,5,-14.5,-32.4,4.334,0.0,1.111,6.86,0.2275,11.193,2.1943436411441894e-29,1
88.9,1,1,12.75,4,0.2,-34.43,5.434,0.0,1.216,7.6,0.2235,7.329,1.1588449225676365e-13,1
52.0,0,1,20.92,7,25.2,-26.58,5.467,0.0,1.458,7.17,0.2304,4.647,1.6863513924302046e-06,0
12.1,0,1,4.29,1,-16.6,-9.5,0.616,0.0,1.019,6.71,0.2256,233.72,0.0,1
96.4,1,1,15.3,2,-6.1,-37.78,4.597,2.476,1.021,7.34,0.2218,5.021,2.57575883800755e-07,0
113.2,1,2,18.83,10,34.4,-21.85,10.562,0.0,1.071,7.17,0.2206,23.299,2.2693206598898908e-120,1
60.0,0,1,23.4,18,29.3,-34.8,11.463,0.0,1.549,7.64,0.2326,0.611,0.27071649520749086,0
22.2,0,1,2.92,0,-27.8,-16.32,0.0,3.266,1.823,6.91,0.2225,54.741,0.0,1
17.6,0,1,23.16,0,4.5,-11.06,0.28,0.0,1.017,7.02,0.2343,146.15,0.0,1
89.4,1,1,15.04,5,-25.7,-35.93,5.613,0.0,1.6,6.2,0.2337,7.033,1.009680141544832e-12,1
106.3,1,1,19.17,11,30.1,-49.2,12.086,0.0,2.03,6.98,0.2411,1.094,0.1368728143997167,0
131.8,1,2,1.34,1,-1.3,-19.7,0.421,0.0,1.145,6.8,0.2213,30.507,1.0388381576968973e-204,1
46.3,0,1,12.65,4,-2.8,-21.9,2.933,0.0,1.17,7.17,0.2341,14.697,3.3485604779041476e-49,1
14.9,0,1,15.57,0,-12.3,-10.48,0.0,0.0,1.0,7.09,0.2324,205.121,0.0,1
91.0,1,1,7.67,5,7.0,-36.99,6.482,0.0,1.905,6.35,0.2251,6.226,2.394218060367386e-10,0
63.5,0,1,10.79,5,-20.6,-27.58,5.034,0.0,1.024,6.49,0.2225,3.311,0.0004648781228306824,0
79.5,1,1,13.86,5,21.9,-32.74,4.956,0.0,1.525,7.34,0.2405,9.694,1.5950731242592812e-22,1
58.1,0,1,13.81,6,1.9,-26.62,5.898,0.0,1.016,7.45,0.2336,4.262,1.0152529556497652e-05,0
131.1,1,2,1.05,0,6.8,-18.88,0.0,0.0,1.358,6.04,0.2204,34.187,1.917991832993188e-256,1
169.2,1,2,10.99,2,24.7,-25.97,2.046,0.0,1.332,6.11,0.2313,16.291,5.762271125809011e-60,1
67.3,1,1,5.35,2,-18.0,-26.75,2.289,0.0,1.494,6.6,0.2247,20.185,6.622828151809418e-91,1
22.0,0,1,22.92,4,-18.6,-16.18,2.66,0.0,1.279,8.3,0.2343,56.415,0.0,1
27.5,0,1,24.41,2,-2.6,-18.49,3.046,0.0,1.23,8.62,0.2426,27.371,3.0707887321418057e-165,1
131.1,1,2,7.49,7,21.1,-22.01,4.368,0.0,1.916,6.57,0.2225,24.98,5.0263908090518467e-138,1
113.2,1,2,4.38,3,-26.2,-19.25,2.591,0.0,1.207,6.47,0.2269,32.98,7.813171969282913e-239,1
192.4,1,2,5.49,0,21.7,-27.81,2.929,0.0,1.164,6.25,0.2236,12.37,1.890689922529975e-35,1
125.2,1,2,11.94,15,2.5,-27.34,15.613,0.0,1.33,6.87,0.2302,13.011,5.2843702121483875e-39,1
28.9,0,1,21.86,6,6.5,-19.98,5.599,0.0,1.107,7.16,0.2234,22.944,8.488958749761303e-117,1
68.5,1,1,12.5,4,6.7,-31.95,6.999,0.0,1.52,7.09,0.2365,10.307,3.2615629592235806e-25,1
81.1,1,1,1.38,2,-26.3,-31.65,0.581,4.045,1.13,6.22,0.2219,12.159,2.570656203181203e-34,1
71.8,1,1,1.0,1,-13.8,-26.19,1.328,0.0,1.143,6.23,0.2204,25.396,1.3843599617153285e-142,1
159.0,1,2,5.68,3,19.1,-24.05,4.01,0.0,1.104,6.54,0.2236,19.164,3.6915678885138366e-82,1
10.3,0,1,21.07,2,-3.2,-12.77,1.809,0.0,1.065,7.86,0.2283,128.564,0.0,1
29.1,0,1,15.54,5,6.4,-20.43,4.267,0.0,1.536,7.53,0.2313,19.698,1.1239425665358621e-86,1
68.3,1,1,14.07,3,31.4,-31.54,6.502,0.0,1.393,7.12,0.2288,11.521,5.15956629616867e-31,1
12.1,0,1,7.97,0,-27.0,-14.94,0.0,4.825,1.445,6.66,0.2298,74.34,0.0,1
107.4,1,1,23.24,10,-0.8,-47.83,11.622,0.0,1.938,8.36,0.2398,1.005,0.1574235744600112,0
17.9,0,1,8.28,0,-6.5,-12.68,1.93,0.0,1.192,6.49,0.2256,117.973,0.0,1
58.1,0,1,20.87,6,-23.1,-27.57,4.872,0.0,1.223,7.38,0.2259,3.253,0.0005700343961420902,0
89.4,1,1,22.4,8,31.8,-36.8,3.861,0.0,1.166,8.22,0.2518,5.25,7.60364483192564e-08,0
101.2,1,1,12.08,2,32.5,-36.4,3.919,0.0,1.352,6.63,0.2255,7.578,1.755758324058029e-14,1
75.5,1,1,22.36,12,-9.8,-36.15,11.074,0.0,1.414,7.39,0.2223,5.628,9.094059163876443e-09,0
136.4,1,2,6.92,2,31.5,-21.96,2.241,0.0,1.098,6.99,0.2231,23.17,4.537619663986205e-119,1
58.1,0,1,16.46,6,-27.7,-27.24,4.269,0.877,2.01,7.19,0.2251,2.698,0.003486922148530985,0
23.5,0,1,2.2,0,33.8,-12.08,0.0,0.0,1.256,6.26,0.2212,129.634,0.0,1
34.6,0,1,11.85,3,24.3,-18.72,2.928,0.0,1.077,7.52,0.2345,28.833,4.099665251997724e-183,1
56.0,0,1,5.43,0,-16.1,-20.87,0.243,0.0,1.299,7.09,0.2234,15.026,2.466764621055282e-51,1
10.3,0,1,1.57,0,9.0,-9.44,0.0,0.0,1.63,6.97,0.2211,265.296,0.0,1
69.5,1,1,0.09,0,21.9,-22.8,0.0,0.0,1.258,6.33,0.2201,28.909,4.5583762177795025e-184,1
78.8,1,1,8.12,5,-9.2,-31.75,2.709,0.0,2.527,7.13,0.2264,10.538,2.8800089475957984e-26,1
113.2,1,2,14.74,3,-7.0,-20.52,2.257,0.0,2.11,7.25,0.2362,25.151,6.835190200224538e-140,1
22.2,0,1,11.38,0,10.9,-13.49,0.68,0.0,1.064,7.18,0.2282,90.867,0.0,1
5.4,0,1,7.54,1,-20.4,-10.75,0.584,2.505,1.158,6.27,0.2243,182.211,0.0,1
5.9,0,1,24.78,0,-22.3,-8.1,0.0,0.0,1.569,6.41,0.2391,346.777,0.0,1
79.8,1,1,23.49,16,-13.8,-46.84,16.934,0.0,1.731,8.3,0.2547,1.166,0.12174330738266609,0
113.4,1,2,3.14,4,18.2,-18.8,4.258,0.0,1.351,6.53,0.2205,31.492,5.534186356478125e-218,1
107.4,1,1,10.38,1,-6.2,-34.81,0.422,0.0,1.007,7.34,0.2339,6.522,3.477311428082683e-11,0
123.7,1,2,16.22,14,3.0,-26.12,13.063,0.0,1.399,7.71,0.2352,13.613,1.6777084944832188e-42,1
63.5,0,1,18.34,7,-17.3,-29.73,5.173,0.0,1.496,6.85,0.247,2.047,0.02033905160774332,0
103.0,1,1,9.16,5,-17.4,-40.5,3.758,4.879,1.783,6.85,0.2238,3.461,0.0002691378751650291,0
148.3,1,2,18.66,14,12.3,-31.39,15.704,0.0,1.2,6.78,0.2307,7.905,1.3418332237705746e-15,1
125.5,1,2,3.1,2,-23.0,-21.15,0.979,2.685,1.036,6.99,0.221,27.389,1.8368010966399965e-165,1
56.9,0,1,8.3,3,13.4,-23.2,1.915,0.0,1.286,7.13,0.2207,8.721,1.3808971491187446e-18,1
34.9,0,1,17.91,2,-4.0,-18.59,1.218,0.0,2.001,7.05,0.2326,26.722,1.3068860470924019e-157,1
192.4,1,2,15.64,10,13.6,-33.24,12.396,0.0,1.227,6.42,0.2221,6.672,1.262179328998648e-11,0
78.5,1,1,20.93,10,-5.2,-37.45,7.096,0.0,2.28,7.79,0.239,4.677,1.4537097170200992e-06,0
86.6,1,1,1.17,1,25.0,-28.37,0.937,0.0,1.128,6.89,0.221,17.08,1.0428611941240065e-65,1
28.5,0,1,4.36,1,-26.4,-13.1,0.238,0.0,1.199,6.59,0.2267,96.562,0.0,1
65.4,1,1,1.21,1,28.1,-25.25,0.594,0.0,2.56,6.48,0.2217,24.002,1.312846680577585e-127,1
75.4,1,1,4.8,0,-12.5,-28.65,0.0,3.771,1.282,6.66,0.2224,16.167,4.3392249881142035e-59,1
142.3,1,2,0.11,0,-27.2,-21.29,0.0,0.0,1.148,6.49,0.2207,26.811,1.2157255958813446e-158,1
7.1,0,1,12.61,1,6.6,-8.77,0.57,0.0,1.026,6.99,0.221,291.507,0.0,1
141.4,1,2,13.21,2,-15.4,-27.73,6.409,2.605,1.049,7.23,0.2348,12.102,5.127488958463336e-34,1
27.5,0,1,16.45,1,-0.2,-15.4,0.404,0.0,1.413,6.67,0.2343,68.787,0.0,1
125.8,1,2,9.62,3,22.2,-20.53,2.231,0.0,1.362,6.88,0.2251,27.675,7.041807461126746e-169,1
135.5,1,2,0.08,0,21.5,-21.37,0.0,0.0,1.902,6.05,0.2201,30.519,7.220590071373573e-205,1
28.5,0,1,16.85,2,9.0,-14.02,0.703,0.0,1.658,7.64,0.2289,79.781,0.0,1
135.5,1,2,1.36,1,33.6,-20.44,1.034,0.0,1.142,6.58,0.2211,29.29,6.8600593765267985e-189,1
32.5,0,1,21.65,7,0.1,-20.14,4.379,0.0,1.053,8.08,0.2423,18.019,6.872563575522528e-73,1
148.3,1,2,0.57,0,-27.4,-21.59,0.0,0.0,1.131,6.29,0.2208,27.523,4.631967832776814e-167,1
56.4,0,1,13.26,6,23.3,-26.36,5.814,0.0,1.106,6.8,0.2223,4.099,2.075140659466526e-05,0
115.3,1,2,22.37,23,-15.6,-30.14,21.809,0.0,1.008,7.56,0.2436,8.16,1.6684877035627501e-16,1
60.4,0,1,14.31,4,-18.5,-26.63,4.101,0.0,1.104,7.25,0.2244,4.222,1.2109985096093186e-05,0
8.1,0,1,15.21,1,-25.4,-8.97,0.502,0.0,1.299,7.23,0.2254,223.313,0.0,1
12.5,0,1,17.04,0,-8.7,-12.23,0.0,0.0,2.683,7.37,0.2253,129.787,0.0,1
87.1,1,1,3.06,0,-8.8,-31.45,0.0,2.363,1.132,6.6,0.2236,12.524,2.754762943518736e-36,1
21.7,0,1,16.87,1,-10.3,-12.21,1.177,0.0,1.247,6.54,0.2282,124.993,0.0,1
21.5,0,1,22.01,4,8.6,-16.28,2.773,0.0,2.303,7.82,0.2444,52.396,0.0,1
192.4,1,2,24.36,32,18.9,-47.57,36.806,0.0,1.364,6.94,0.2407,0.83,0.2031371329071262,0
147.0,1,2,11.08,7,31.0,-27.47,7.406,0.0,1.156,7.61,0.2284,12.587,1.2413218852551211e-36,1
56.6,0,1,8.61,8,-23.9,-28.76,6.893,0.0,1.479,6.62,0.2322,2.61,0.004530050327759111,0
135.8,1,2,18.83,8,-20.2,-28.18,7.646,3.732,1.414,6.48,0.2367,13.142,9.499446697930796e-40,1
33.5,0,1,13.57,0,8.3,-16.54,0.884,0.0,1.102,7.02,0.2248,50.73,0.0,1
26.3,0,1,6.43,0,-23.6,-16.7,0.0,3.034,1.491,6.95,0.23,47.168,0.0,1
13.1,0,1,4.3,2,-5.9,-12.96,0.959,2.4,1.134,7.1,0.2221,101.659,0.0,1
123.5,1,2,4.26,5,10.6,-20.37,2.691,0.0,1.299,6.76,0.223,30.286,8.688606070186935e-202,1
42.6,0,1,11.48,3,20.7,-21.29,2.079,0.0,1.653,6.46,0.2265,15.844,7.709605811744999e-57,1
60.0,0,1,4.25,3,-15.9,-26.46,0.998,3.24,1.637,6.56,0.225,4.728,1.1312313143227938e-06,0
171.3,1,2,0.49,0,13.4,-26.19,0.0,0.0,3.377,6.29,0.2203,17.313,1.8703902143086166e-67,1
57.0,0,1,1.3,0,12.0,-20.13,0.0,0.0,1.064,6.59,0.2207,15.385,1.0351086136878881e-53,1
39.4,0,1,23.25,7,25.9,-25.22,6.734,0.0,1.353,6.32,0.2426,8.429,1.73871083206938e-17,1
159.3,1,2,1.82,2,-9.6,-27.37,2.33,3.906,1.605,6.5,0.2215,14.312,9.215755379622602e-47,1
90.5,1,1,1.83,2,18.8,-29.74,1.063,0.0,1.1,6.81,0.22,15.174,2.6408401669631276e-52,1
159.3,1,2,11.28,1,18.9,-27.2,4.994,0.0,2.657,6.09,0.2309,15.171,2.7674804869910534e-52,1
75.4,1,1,6.13,5,-14.5,-27.91,3.379,0.0,1.098,6.52,0.2218,17.643,5.7201670603136e-70,1
19.5,0,1,24.07,1,10.4,-18.58,2.854,0.0,2.661,6.83,0.2547,30.322,2.968665384861717e-202,1
36.9,0,1,22.77,3,13.9,-19.4,2.498,0.0,1.019,6.62,0.2454,22.835,1.0270021771899425e-115,1
15.0,0,1,10.12,0,-12.2,-16.28,0.567,4.407,1.726,6.19,0.2259,54.107,0.0,1
177.2,1,2,11.22,1,-0.6,-26.53,2.18,0.0,1.267,7.22,0.221,14.613,1.15660990992035e-48,1
169.2,1,2,9.38,10,-1.7,-27.06,8.681,0.0,1.652,6.6,0.2246,12.287,5.324030506675805e-35,1
10.5,0,1,0.95,1,20.3,-8.61,0.453,0.0,1.024,6.41,0.2209,263.877,0.0,1
32.5,0,1,7.32,0,-30.0,-17.82,0.0,3.248,1.09,6.82,0.2305,34.462,1.5090311306853432e-260,1
7.1,0,1,3.07,0,2.6,-7.99,0.0,0.0,1.113,6.76,0.2234,303.709,0.0,1
78.8,1,1,2.56,2,-18.0,-30.72,1.284,2.939,1.703,7.04,0.2233,12.791,9.180950691187062e-38,1
45.0,0,1,14.02,4,12.0,-21.97,3.897,0.0,1.023,7.0,0.2227,12.429,9.049652542080945e-36,1
52.0,0,1,2.47,0,14.2,-20.54,0.0,0.0,1.632,6.91,0.2208,18.937,2.84989424979772e-80,1
46.1,0,1,2.57,0,2.6,-18.3,0.632,0.0,1.363,6.26,0.2231,26.687,3.370900518354785e-157,1
86.6,1,1,12.01,6,5.2,-35.48,6.096,0.0,1.645,6.59,0.2268,7.386,7.589321410025129e-14,1
68.5,1,1,11.06,9,-9.5,-39.42,9.59,4.294,1.451,6.86,0.2344,4.188,1.4095676945390177e-05,0
52.3,0,1,3.44,0,-9.6,-19.41,0.814,0.0,1.108,6.8,0.2204,21.044,1.2857741591695308e-98,1
30.1,0,1,0.11,0,18.4,-14.54,0.0,0.0,2.482,6.61,0.2201,73.679,0.0,1
91.7,1,1,4.82,3,-21.4,-31.82,2.587,0.0,1.086,6.46,0.2241,11.704,6.043961697479609e-32,1
169.8,1,2,5.9,1,20.1,-24.46,0.776,0.0,1.059,6.27,0.2271,18.041,4.61034403093296e-73,1
65.4,1,1,20.01,13,12.6,-34.63,10.144,0.0,1.658,6.8,0.2251,7.509,2.9740514950212196e-14,1
70.1,1,1,22.89,8,27.5,-34.49,7.898,0.0,2.219,7.33,0.2268,7.798,3.147217292954657e-15,1
56.9,0,1,10.15,4,-13.1,-26.52,3.959,0.0,1.005,6.94,0.2278,5.171,1.1662031832690694e-07,0
51.0,0,1,10.13,1,2.9,-21.95,2.434,0.0,1.14,6.84,0.2292,12.686,3.5553793889795686e-37,1
123.5,1,2,17.81,8,-27.5,-22.87,5.37,1.798,1.843,7.84,0.2249,20.205,4.402974168279261e-91,1
75.4,1,1,15.67,5,29.3,-31.88,4.785,0.0,1.238,6.5,0.2413,10.698,5.2250303120110215e-27,1
69.5,1,1,4.6,2,13.9,-25.98,1.362,0.0,1.428,6.25,0.2258,23.964,3.280189490223521e-127,1
152.8,1,2,2.69,0,10.5,-21.95,0.0,0.0,1.161,6.79,0.2205,24.924,2.0646022237562632e-137,1
83.5,1,1,10.94,9,17.6,-36.17,7.996,0.0,1.105,7.2,0.2339,6.621,1.7810935231599244e-11,0
126.5,1,2,14.12,18,-11.5,-31.48,20.275,0.0,1.676,7.02,0.2396,7.992,6.663520383072354e-16,1
106.3,1,1,3.47,1,9.3,-35.92,1.47,0.0,1.814,6.65,0.2213,7.037,9.817170637483784e-13,1
45.1,0,1,7.33,3,22.1,-20.75,1.441,0.0,2.759,6.8,0.2295,16.837,6.511254221499435e-64,1
198.3,1,2,7.65,4,-24.1,-29.69,5.36,0.0,1.032,6.75,0.2269,9.227,1.3897155826255632e-20,1
56.4,0,1,6.53,0,32.3,-22.59,0.0,0.0,2.235,6.69,0.2279,11.086,7.307034203698965e-29,1
126.5,1,2,11.52,4,28.0,-20.66,2.167,0.0,1.094,6.45,0.2304,29.929,4.0955980723731735e-197,1
180.4,1,2,16.33,21,32.6,-36.33,18.953,0.0,1.142,6.97,0.2273,4.122,1.875869299458079e-05,0
51.0,0,1,12.73,5,22.5,-24.89,3.964,0.0,1.808,7.11,0.2332,6.923,2.205368198932509e-12,1
123.7,1,2,5.04,6,-10.9,-21.46,5.244,0.0,1.385,6.73,0.2255,25.538,3.734705422276115e-144,1
5.4,0,1,2.57,0,7.8,-7.81,0.0,0.0,1.387,6.99,0.2228,395.943,0.0,1
93.8,1,1,20.55,20,-22.2,-44.65,12.339,0.0,1.01,7.66,0.2439,2.015,0.021970442730637557,0
181.8,1,2,11.98,18,19.0,-34.98,12.991,0.0,1.365,6.1,0.2316,5.741,4.713842681022331e-09,0
123.5,1,2,1.55,1,-20.0,-19.77,0.901,1.342,1.038,6.32,0.2214,29.665,1.0765563679406083e-193,1
12.3,0,1,6.45,0,26.3,-9.83,0.0,0.0,1.415,6.83,0.2232,211.512,0.0,1
119.5,1,2,20.1,20,-14.4,-28.92,16.495,0.0,1.89,7.2,0.2477,9.901,2.0562391339606516e-23,1
69.5,1,1,18.79,6,-19.6,-35.58,4.373,4.945,1.93,7.38,0.2433,6.426,6.544976786543497e-11,0
111.7,1,2,21.9,5,-25.4,-22.74,5.873,0.0,1.766,7.31,0.2479,21.326,3.2412934461176294e-101,1
103.0,1,1,15.05,3,16.2,-33.33,1.626,0.0,1.629,7.18,0.2221,9.884,2.430483521297096e-23,1
22.8,0,1,10.57,0,-17.9,-12.81,0.0,0.0,1.267,7.32,0.2268,125.16,0.0,1
169.8,1,2,10.67,12,-17.2,-29.39,10.729,0.0,1.149,6.76,0.226,9.438,1.9045637326197653e-21,1
50.5,0,1,4.85,1,-19.0,-19.18,0.425,0.0,1.181,6.27,0.2268,20.736,8.209252368973285e-96,1
28.9,0,1,16.27,1,-10.1,-13.95,0.266,0.0,1.276,7.98,0.2283,73.288,0.0,1
158.6,1,2,14.63,5,31.2,-28.92,4.767,0.0,2.039,7.66,0.2406,10.889,6.49130631052579e-28,1
60.4,0,1,3.87,3,1.6,-24.23,2.414,0.0,2.004,6.61,0.2247,6.321,1.2979591626477336e-10,0
52.5,0,1,22.14,11,-13.0,-38.24,12.285,3.096,1.229,6.72,0.2491,0.314,0.37667500022294786,0
12.0,0,1,9.21,1,-18.9,-10.58,0.703,0.0,1.644,6.89,0.2218,219.757,0.0,1
30.1,0,1,1.24,0,-28.8,-13.24,0.0,0.0,1.178,6.62,0.2224,95.198,0.0,1
32.5,0,1,8.2,4,-6.3,-15.95,1.946,0.0,1.156,6.58,0.2247,49.3,0.0,1
159.0,1,2,21.75,23,-22.8,-32.77,18.655,0.0,1.442,6.79,0.2231,6.685,1.15322173378549e-11,0
97.4,1,1,22.92,11,-28.2,-44.8,10.009,0.0,1.538,6.94,0.242,2.339,0.009667954082829383,0
50.5,0,1,12.26,5,-23.3,-22.6,3.001,0.0,1.119,6.57,0.2364,9.426,2.1347298906204373e-21,1
56.0,0,1,23.91,10,-9.3,-31.66,8.998,0.0,1.048,7.36,0.2463,1.324,0.09281103591659051,0
56.9,0,1,21.88,5,18.8,-28.71,5.868,0.0,1.033,8.56,0.2431,2.505,0.006116289372286729,0
125.8,1,2,20.63,20,-25.6,-28.94,17.41,0.0,1.715,7.06,0.2496,9.588,4.510242196390562e-22,1
21.5,0,1,21.49,1,14.1,-13.08,0.254,0.0,1.551,8.51,0.2512,103.038,0.0,1
123.7,1,2,9.55,3,10.3,-20.54,1.923,0.0,1.112,6.92,0.2318,29.232,3.792886172344927e-188,1
102.0,1,1,18.91,14,27.3,-44.61,11.122,0.0,1.139,6.33,0.2422,2.144,0.01603072641481461,0
79.5,1,1,14.43,5,-18.0,-34.22,6.904,0.507,1.214,7.03,0.2279,8.161,1.6591441723235869e-16,1
96.4,1,1,17.99,14,21.6,-42.48,10.758,0.0,1.045,7.37,0.2325,2.788,0.0026512172253053056,0
145.8,1,2,4.44,4,26.2,-25.46,5.371,0.0,1.864,6.96,0.2235,17.082,1.016356279767593e-65,1
180.4,1,2,18.28,23,33.5,-40.08,26.486,0.0,1.069,7.41,0.2331,2.24,0.012544552443069066,0
12.1,0,1,23.94,3,22.6,-11.3,1.794,0.0,1.003,6.57,0.249,152.754,0.0,1
112.3,1,2,7.57,5,-22.0,-20.64,5.512,0.0,1.78,6.5,0.2317,28.609,2.590028612304641e-180,1
91.0,1,1,24.65,4,31.6,-39.37,5.407,0.0,2.843,6.67,0.2276,4.461,4.082376032565649e-06,0
123.5,1,2,9.46,2,23.0,-19.12,1.675,0.0,1.156,7.22,0.2312,29.527,6.41374350396818e-192,1
14.9,0,1,4.99,1,-16.2,-11.15,1.074,0.0,1.102,6.57,0.2249,167.147,0.0,1
27.5,0,1,2.81,0,-19.3,-13.43,0.0,0.0,1.13,6.09,0.2234,101.654,0.0,1
142.3,1,2,19.62,20,30.9,-30.77,17.231,0.0,1.022,6.65,0.2347,9.139,3.138295542720759e-20,1
17.6,0,1,13.87,2,-19.9,-16.3,1.965,3.259,1.982,7.68,0.2349,40.06,0.0,1
85.7,1,1,7.68,1,20.5,-30.16,0.505,0.0,1.086,6.99,0.2272,13.898,3.2569593750525894e-44,1
88.9,1,1,15.21,4,-3.7,-39.73,9.97,0.0,1.678,7.77,0.235,3.537,0.00020219726906358244,0
42.0,0,1,8.3,2,17.0,-18.72,2.195,0.0,1.061,7.05,0.2318,23.489,2.6193839222490436e-122,1
171.3,1,2,11.21,23,-24.0,-32.37,17.376,0.0,1.984,7.36,0.2213,7.069,7.788579545780369e-13,1
10.3,0,1,21.57,0,17.1,-10.92,0.346,0.0,1.991,7.52,0.2296,209.89,0.0,1
119.5,1,2,16.7,13,3.3,-25.98,13.604,0.0,1.045,6.46,0.2361,15.391,9.380444809361147e-54,1
91.7,1,1,19.06,7,28.5,-39.44,9.409,0.0,1.299,7.94,0.2309,3.764,8.356836436554958e-05,0
49.7,0,1,14.59,4,-17.8,-25.64,2.796,3.657,1.672,7.23,0.2302,4.814,7.404417347475794e-07,0
46.9,0,1,24.78,4,-22.9,-27.51,4.788,2.99,1.073,7.56,0.2363,3.16,0.0007875357502124283,0
14.9,0,1,6.04,0,-17.2,-10.93,0.0,0.0,2.02,6.72,0.2274,158.267,0.0,1
33.8,0,1,6.56,0,-24.9,-15.56,0.0,1.391,1.022,6.77,0.2211,60.113,0.0,1
56.9,0,1,2.31,1,33.7,-20.97,1.004,0.0,1.222,6.48,0.2216,13.185,5.356188827636761e-40,1
21.7,0,1,13.85,1,-22.0,-17.0,1.056,2.374,1.226,7.08,0.2343,45.134,0.0,1
81.4,1,1,15.33,8,-16.9,-34.05,8.32,0.0,1.06,6.27,0.2298,8.29,5.658979811775784e-17,1
33.4,0,1,18.15,5,22.6,-18.52,3.277,0.0,1.284,6.85,0.2218,27.481,1.4772751030139628e-166,1
61.9,0,1,8.39,2,-14.0,-23.64,1.342,0.0,1.28,7.22,0.2322,8.492,1.0119723870858155e-17,1
85.7,1,1,0.31,0,-15.6,-26.58,0.0,0.0,1.001,6.58,0.2205,20.686,2.2915150017798908e-95,1
106.3,1,1,15.81,11,13.7,-46.83,9.895,0.0,1.874,6.47,0.2423,1.796,0.036269412280164004,0
60.4,0,1,24.97,8,-4.1,-32.41,8.379,0.0,1.056,7.85,0.2546,1.095,0.13667386979726776,0
113.2,1,2,7.36,10,24.3,-20.55,6.273,0.0,1.57,6.61,0.2215,28.519,3.4493333137223844e-179,1
88.9,1,1,4.6,1,11.5,-31.25,2.587,0.0,2.092,6.81,0.2244,11.857,9.918053013113255e-33,1
34.9,0,1,7.04,2,-11.3,-18.06,0.845,1.063,2.383,6.56,0.2233,28.878,1.1223821435806494e-183,1
79.8,1,1,10.64,10,8.9,-34.3,7.689,0.0,1.78,7.08,0.2233,7.811,2.839329194484736e-15,1
91.0,1,1,6.27,2,26.3,-33.47,3.202,0.0,1.433,6.55,0.2253,9.795,5.916100191591694e-23,1
56.6,0,1,8.67,1,-6.3,-21.25,0.618,0.0,1.049,6.75,0.2271,14.516,4.7898219580872077e-48,1
23.5,0,1,15.96,1,17.9,-14.53,0.779,0.0,1.528,7.09,0.2412,75.319,0.0,1
124.7,1,2,8.63,12,-3.0,-22.88,8.443,0.0,1.86,7.01,0.2288,20.656,4.348928850781125e-95,1
69.5,1,1,9.9,2,5.3,-26.55,2.451,0.0,1.139,6.39,0.2309,19.361,8.198982016815793e-84,1
98.6,1,1,1.0,0,17.7,-29.56,0.0,0.0,1.4,6.21,0.2212,15.24,9.630264261980417e-53,1
98.6,1,1,22.95,8,-26.1,-41.58,6.566,4.167,1.422,7.86,0.2228,2.913,0.0017882424778602783,0
27.5,0,1,10.17,2,-0.4,-15.15,1.874,0.0,1.188,7.12,0.2255,51.793,0.0,1
67.3,1,1,8.2,2,-23.8,-27.55,1.897,0.0,2.084,6.84,0.228,19.77,2.71769200198718e-87,1
103.0,1,1,2.16,0,17.1,-32.06,0.0,0.0,1.525,6.5,0.2225,10.859,9.0475637090165e-28,1
34.9,0,1,15.85,6,9.5,-20.61,4.281,0.0,1.447,7.54,0.2392,19.006,7.575769129889939e-81,1
97.4,1,1,21.6,10,-8.7,-42.78,9.37,0.0,1.25,6.68,0.2484,2.956,0.001558550786230477,0
34.6,0,1,1.03,0,-25.0,-15.67,0.0,0.0,2.465,6.21,0.2215,52.216,0.0,1
11.2,0,1,3.63,0,30.2,-10.51,0.422,0.0,1.09,6.65,0.2208,213.141,0.0,1
95.8,1,1,3.66,2,-9.5,-35.67,3.942,0.0,2.775,6.47,0.2217,6.864,3.3557011277274873e-12,1
115.3,1,2,15.06,6,-12.1,-19.46,4.49,0.0,1.036,7.98,0.2339,26.011,1.8520733423922308e-149,1
89.4,1,1,23.03,9,-23.4,-42.26,10.519,0.0,1.032,7.72,0.2423,2.704,0.003429383078801512,0
106.3,1,1,10.94,3,7.5,-35.64,2.278,0.0,1.853,6.3,0.2201,7.926,1.1302682586631214e-15,1
113.2,1,2,8.6,6,-12.7,-21.71,5.067,2.346,1.565,6.66,0.2266,24.206,9.711881580340263e-130,1
91.7,1,1,19.15,14,24.8,-43.7,12.407,0.0,1.14,7.2,0.2481,2.316,0.010279778494937143,0
43.9,0,1,18.56,3,14.4,-21.56,3.606,0.0,1.648,6.84,0.2216,10.935,3.915124525655201e-28,1
83.5,1,1,6.17,7,-29.7,-33.08,5.701,0.0,1.671,6.89,0.224,8.995,1.1772744756755108e-19,1
14.1,0,1,4.02,0,6.8,-10.42,0.0,0.0,1.051,6.29,0.2235,223.835,0.0,1
60.0,0,1,8.95,3,-14.9,-24.14,2.315,0.0,1.136,6.98,0.2329,6.677,1.2187160735548952e-11,0
52.3,0,1,19.39,7,-29.0,-25.08,5.343,0.0,1.467,6.65,0.2228,5.356,4.250326982492438e-08,0
33.5,0,1,17.38,0,10.3,-14.69,0.0,0.0,1.349,6.81,0.2418,61.265,0.0,1
88.9,1,1,16.65,15,-16.7,-44.93,12.324,3.659,1.432,7.86,0.228,1.709,0.04376105895231479,0
46.1,0,1,20.74,4,28.5,-23.45,6.363,0.0,1.032,7.24,0.2293,7.118,5.488509239153329e-13,1
10.3,0,1,6.93,1,7.3,-10.79,0.289,0.0,1.734,7.37,0.2228,215.365,0.0,1
27.5,0,1,8.49,1,-16.4,-17.65,1.433,3.553,1.009,7.16,0.2316,30.947,1.4138455289085973e-210,1
38.4,0,1,1.06,0,33.6,-16.2,0.0,0.0,1.309,6.46,0.2203,52.975,0.0,1
120.6,1,2,21.72,5,5.5,-19.94,2.488,0.0,1.041,7.73,0.2224,28.697,2.0533044659852958e-181,1
34.7,0,1,14.56,6,-19.2,-19.79,3.774,0.642,1.225,7.84,0.2378,20.179,7.463371807280804e-91,1
13.1,0,1,7.45,0,3.6,-10.1,0.0,0.0,1.374,6.67,0.2298,221.568,0.0,1
148.1,1,2,1.74,0,32.4,-21.13,0.0,0.0,1.861,6.49,0.2207,26.267,2.296566851285865e-152,1
17.9,0,1,18.09,0,-2.4,-11.92,0.0,0.0,1.235,7.29,0.2464,138.371,0.0,1
16.3,0,1,18.72,8,-2.4,-17.34,5.11,0.0,1.051,8.14,0.2462,50.96,0.0,1
181.8,1,2,16.65,13,-0.0,-33.87,12.846,0.0,1.379,7.67,0.223,6.131,4.363773258232922e-10,0
148.3,1,2,5.09,9,-11.8,-24.6,6.147,0.0,1.348,6.74,0.2214,18.307,3.6664230224550877e-75,1
69.2,1,1,22.83,5,-19.5,-32.23,5.389,0.0,1.162,7.5,0.2334,10.72,4.111662694127056e-27,1
101.9,1,1,18.83,2,7.6,-36.7,1.837,0.0,1.854,7.55,0.239,5.081,1.8730140495985882e-07,0
60.4,0,1,16.44,8,28.1,-26.81,5.7,0.0,1.064,6.38,0.2202,3.721,9.915648084022717e-05,0
10.3,0,1,16.27,0,17.8,-9.08,0.528,0.0,1.226,7.2,0.2349,251.597,0.0,1
39.4,0,1,22.61,2,-23.7,-20.95,1.84,0.0,1.118,6.68,0.2495,17.672,3.457519909612748e-70,1
17.9,0,1,23.21,3,-3.9,-16.88,4.064,0.0,1.753,8.26,0.2367,50.165,0.0,1
125.8,1,2,14.89,5,-29.7,-22.53,6.324,2.198,1.404,7.17,0.2224,21.343,2.2610487541697717e-101,1
56.0,0,1,10.42,4,-10.0,-23.95,3.522,0.0,1.019,7.09,0.2232,7.532,2.502371870235491e-14,1
192.4,1,2,9.09,20,13.5,-36.42,17.123,0.0,2.372,7.03,0.2284,4.052,2.5435941984291316e-05,0
34.5,0,1,20.48,1,-11.1,-17.69,1.138,0.0,1.365,7.4,0.2392,27.98,1.4235042637899463e-172,1
36.6,0,1,16.12,5,24.6,-20.82,4.082,0.0,1.026,6.52,0.2235,17.086,9.426073948220484e-66,1
56.0,0,1,1.93,0,1.0,-19.35,0.0,0.0,1.004,7.06,0.2218,20.595,1.5101307769959957e-94,1
80.8,1,1,3.55,0,13.5,-26.21,0.0,0.0,1.614,6.67,0.2216,20.772,3.894857543400314e-96,1
56.0,0,1,22.5,8,27.5,-25.32,4.791,0.0,1.666,7.25,0.2235,5.169,1.1737184035316242e-07,0
56.6,0,1,22.11,8,14.4,-31.61,8.354,0.0,1.05,6.98,0.2384,1.5,0.06676141831579618,0
34.7,0,1,23.8,4,28.3,-19.1,3.302,0.0,1.1,7.32,0.2444,21.759,2.857994013702034e-105,1
79.5,1,1,10.7,6,22.5,-30.52,3.834,0.0,1.557,7.2,0.2242,12.887,2.6794273802348544e-38,1
88.9,1,1,19.6,16,6.9,-48.29,15.574,0.0,1.047,7.2,0.2428,1.218,0.11162334659751671,0
56.9,0,1,20.71,3,-10.7,-22.91,1.523,0.0,1.217,7.6,0.2222,10.707,4.73072569904414e-27,1
78.5,1,1,7.89,3,-10.6,-30.17,3.518,0.0,1.33,6.8,0.2234,14.546,3.094579177098889e-48,1
125.5,1,2,3.63,7,26.9,-21.28,4.196,0.0,1.031,6.87,0.2224,26.648,9.437535910738156e-157,1
69.5,1,1,24.93,3,-26.5,-28.22,2.724,0.0,2.195,7.72,0.2386,14.522,4.41180921045338e-48,1
113.4,1,2,0.76,0,31.2,-16.77,0.0,0.0,1.119,6.12,0.2207,39.994,0.0,1
43.9,0,1,14.93,1,-8.7,-20.6,1.349,0.0,2.682,7.15,0.2272,18.3,4.1275927341625093e-75,1
44.0,0,1,16.26,3,18.0,-18.98,1.776,0.0,1.068,6.62,0.224,22.663,5.136591595585962e-114,1
198.3,1,2,17.04,20,-8.5,-38.3,12.483,0.0,1.095,8.06,0.2449,2.952,0.0015795962398173601,0
15.0,0,1,6.39,0,32.0,-10.97,0.0,0.0,1.539,6.37,0.2211,176.387,0.0,1
34.5,0,1,18.04,6,-27.6,-22.82,7.018,0.0,1.065,6.52,0.2207,12.315,3.747103404707272e-35,1
56.4,0,1,5.41,0,-7.0,-20.27,0.573,0.0,1.175,6.76,0.2245,15.499,1.7501435143627865e-54,1
159.3,1,2,20.73,10,26.4,-29.11,9.054,0.0,1.938,7.02,0.2248,10.257,5.490291349111719e-25,1
21.1,0,1,5.48,0,-12.2,-11.94,0.608,0.0,1.119,6.46,0.2257,141.181,0.0,1
16.3,0,1,17.42,0,-12.1,-14.64,1.604,2.61,1.074,7.2,0.2374,73.696,0.0,1
45.4,0,1,19.59,2,28.4,-22.22,0.846,0.0,1.265,6.84,0.2348,17.447,1.8181934154741269e-68,1
124.7,1,2,4.72,2,24.0,-20.63,2.39,0.0,1.039,7.04,0.2224,27.779,3.8568808400204474e-170,1
71.8,1,1,5.95,4,-23.1,-28.57,3.395,1.307,1.074,6.23,0.2266,17.194,1.4730225625178606e-66,1
61.2,0,1,19.48,12,7.7,-32.48,8.485,0.0,1.435,7.81,0.2373,0.858,0.19533145010100977,0
152.9,1,2,2.15,2,-15.5,-22.61,1.024,0.0,1.015,6.9,0.2212,22.256,4.8964955792989385e-110,1
14.1,0,1,4.77,0,-16.0,-9.91,0.0,0.0,1.634,6.53,0.2211,177.003,0.0,1
56.0,0,1,11.39,2,10.0,-24.49,3.894,0.0,1.347,7.33,0.2223,8.124,2.2537678364102904e-16,1
125.8,1,2,23.25,21,-21.9,-34.44,20.856,2.841,1.01,7.91,0.2404,5.435,2.7458445867924952e-08,0
34.5,0,1,14.05,3,0.5,-19.11,3.409,0.0,1.201,7.54,0.2296,22.204,1.5621550339179492e-109,1
181.8,1,2,9.69,11,-13.4,-32.27,10.92,1.522,2.07,6.9,0.2301,6.477,4.6904973716325604e-11,0
26.3,0,1,24.46,1,25.5,-14.54,0.475,0.0,1.116,7.74,0.2217,73.776,0.0,1
74.0,1,1,11.59,2,6.0,-29.37,2.293,0.0,1.382,6.95,0.2369,15.35,1.7784129605455721e-53,1
75.4,1,1,10.84,2,-16.0,-26.97,1.665,0.0,1.126,6.32,0.2294,19.815,1.1073436328774039e-87,1
16.5,0,1,10.29,1,30.2,-14.09,1.098,0.0,3.135,7.51,0.2233,87.544,0.0,1
101.9,1,1,7.8,6,23.5,-35.86,3.956,0.0,1.434,6.96,0.2224,6.517,3.5974449410049885e-11,0
24.4,0,1,8.14,2,-12.8,-14.23,1.086,0.0,1.103,6.03,0.2309,89.21,0.0,1
23.5,0,1,17.2,1,32.5,-14.27,1.009,0.0,1.911,7.18,0.2222,63.711,0.0,1
83.5,1,1,1.02,0,-12.6,-27.21,0.0,1.093,1.283,6.65,0.2204,17.018,3.000498203544621e-65,1
5.9,0,1,17.05,1,-11.0,-10.34,1.517,0.0,1.433,6.48,0.2402,215.316,0.0,1
90.5,1,1,5.03,7,-4.9,-34.58,5.251,0.0,1.297,7.16,0.2272,7.933,1.0736172096216917e-15,1
103.0,1,1,9.61,3,-19.3,-36.05,2.423,0.0,1.532,6.87,0.2267,7.539,2.3597749150425125e-14,1
11.2,0,1,3.66,1,14.7,-9.31,1.415,0.0,1.163,6.7,0.2205,223.072,0.0,1
135.5,1,2,13.82,8,6.2,-24.67,7.425,0.0,1.063,6.55,0.2343,18.815,2.8452587207243515e-79,1
141.4,1,2,18.23,10,28.1,-29.3,11.926,0.0,1.376,6.55,0.2274,11.178,2.625821008710758e-29,1
10.3,0,1,8.87,0,-14.3,-9.1,0.435,0.0,1.782,6.57,0.2329,234.214,0.0,1
106.3,1,1,4.09,1,-18.9,-35.33,2.435,0.0,1.291,6.3,0.2259,8.223,9.897717915585211e-17,1
16.3,0,1,5.66,2,-6.7,-16.11,0.865,2.934,2.165,7.36,0.2276,56.543,0.0,1
33.4,0,1,20.45,4,-20.5,-21.62,4.565,0.0,1.446,7.13,0.2205,16.278,7.019987726264267e-60,1
169.8,1,2,6.69,6,31.5,-27.63,8.205,0.0,1.074,6.63,0.2294,12.451,6.921610663110209e-36,1
95.8,1,1,19.37,14,16.6,-42.81,10.297,0.0,1.332,8.08,0.2399,2.326,0.010010185406519339,0
23.5,0,1,8.28,2,21.8,-16.36,3.245,0.0,1.412,7.06,0.2206,56.834,0.0,1
83.2,1,1,4.72,4,18.6,-31.63,3.693,0.0,1.248,6.26,0.2251,13.363,5.005846221726288e-41,1
45.5,0,1,18.18,10,-14.2,-29.2,10.242,0.0,1.063,8.31,0.2454,2.852,0.002169293789022257,0
103.0,1,1,11.71,12,-20.9,-44.48,12.398,0.0,1.193,7.27,0.2265,2.003,0.022613042237728365,0
39.4,0,1,0.78,0,-2.1,-17.02,0.0,0.0,2.413,6.87,0.2208,41.376,0.0,1
61.2,0,1,24.0,6,23.9,-30.1,6.827,0.0,1.296,7.84,0.232,1.902,0.028564747872227673,0
56.0,0,1,3.69,0,-8.5,-25.47,1.299,3.661,1.533,6.34,0.2238,5.171,1.1620203765133289e-07,0
22.2,0,1,8.84,0,-29.4,-14.98,1.539,0.0,1.153,6.96,0.2276,81.617,0.0,1
52.5,0,1,9.62,1,12.9,-21.85,1.394,0.0,1.596,7.15,0.2219,11.685,7.64313363984225e-32,1
28.5,0,1,12.24,1,-17.0,-15.16,1.265,0.0,1.014,6.93,0.2205,66.956,0.0,1
67.3,1,1,19.64,4,5.3,-28.73,4.084,0.0,1.209,7.05,0.2425,16.521,1.2899887669509853e-61,1
30.1,0,1,0.15,0,-29.0,-14.22,0.0,0.0,1.066,6.67,0.2206,88.466,0.0,1
123.7,1,2,23.31,6,3.1,-23.87,5.984,0.0,1.168,7.93,0.2343,16.275,7.416542714451045e-60,1
35.8,0,1,16.15,1,-4.4,-18.41,1.613,0.0,1.499,7.67,0.2417,29.818,1.1431930600431658e-195,1
76.0,1,1,23.77,16,27.2,-40.41,13.576,0.0,1.417,6.95,0.2502,3.268,0.0005410517987879094,0
42.0,0,1,20.43,3,16.9,-21.96,2.74,0.0,1.865,6.47,0.2395,14.344,5.816245042981106e-47,1
67.2,1,1,23.2,3,-27.7,-26.79,1.441,0.0,2.195,8.13,0.2302,17.186,1.70141609732992e-66,1
65.1,1,1,15.03,4,21.3,-24.97,2.069,0.0,1.212,6.83,0.2228,24.048,4.345591408784119e-128,1
180.4,1,2,8.93,6,21.4,-30.1,6.955,0.0,1.128,7.21,0.2224,9.42,2.263455596854375e-21,1
15.0,0,1,11.07,0,13.1,-10.61,0.0,0.0,1.318,6.65,0.2358,203.123,0.0,1
81.4,1,1,16.45,3,30.4,-33.18,2.766,0.0,2.032,7.79,0.2356,8.952,1.7404126397436903e-19,1
83.2,1,1,10.67,5,22.2,-30.76,4.101,0.0,1.096,6.54,0.2266,12.833,5.347472198609753e-38,1
10.3,0,1,18.29,1,-15.8,-9.08,0.493,0.0,1.312,7.04,0.2462,208.914,0.0,1
61.2,0,1,2.3,1,-5.2,-22.59,0.813,0.0,1.113,6.73,0.2219,10.163,1.4458893230116999e-24,1
131.1,1,2,20.75,6,-7.3,-25.83,5.48,0.0,1.127,7.39,0.2327,15.366,1.3886752389131216e-53,1
52.5,0,1,5.1,0,2.8,-18.85,0.0,0.0,1.279,6.28,0.221,21.094,4.500379157860511e-99,1
169.2,1,2,23.6,11,32.0,-28.5,6.793,0.0,1.324,8.02,0.223,10.42,1.0016133097092633e-25,1
90.9,1,1,3.89,1,10.0,-30.15,0.601,0.0,1.474,7.09,0.2239,13.772,1.8752000196186738e-43,1
11.2,0,1,3.23,0,-9.7,-9.12,0.0,0.0,1.175,6.71,0.2205,229.299,0.0,1
60.4,0,1,20.3,8,31.2,-28.79,7.638,0.0,1.147,6.28,0.2225,2.316,0.010284244700912104,0
83.2,1,1,20.47,9,15.5,-38.47,8.972,0.0,1.016,7.76,0.2495,4.37,6.21264947036074e-06,0
112.3,1,2,18.47,8,-12.7,-22.56,5.333,2.27,1.604,8.29,0.2367,18.833,2.016640776613814e-79,1
22.2,0,1,24.01,4,28.9,-18.76,3.866,0.0,1.583,8.22,0.2522,31.588,2.715874623067912e-219,1
69.5,1,1,6.76,4,-7.6,-28.49,3.319,0.904,1.565,6.66,0.2219,17.11,6.235736506545744e-66,1
88.9,1,1,20.67,15,3.6,-44.85,14.035,0.0,1.009,7.39,0.2495,1.846,0.032465016805659594,0
10.3,0,1,8.8,0,1.1,-9.87,0.0,0.0,1.659,7.3,0.2293,237.66,0.0,1
49.7,0,1,13.43,1,30.0,-20.47,1.223,0.0,1.202,7.63,0.2264,17.32,1.6552091663122432e-67,1
33.8,0,1,11.14,2,-12.7,-18.12,2.32,0.0,1.529,7.27,0.2354,31.161,1.7831991164866073e-213,1
21.5,0,1,0.15,0,-8.3,-13.99,0.0,3.448,1.162,6.44,0.2202,80.136,0.0,1
52.5,0,1,14.36,1,12.9,-21.94,1.143,0.0,1.004,7.07,0.2393,11.065,9.22281435042279e-29,1
135.5,1,2,18.69,13,27.6,-28.25,14.206,0.0,1.172,6.84,0.2385,11.341,4.1234195389016255e-30,1
67.2,1,1,4.36,0,-22.5,-28.64,0.0,4.227,2.087,6.59,0.2238,16.433,5.513805796214908e-61,1
74.0,1,1,23.29,3,-16.4,-28.24,1.702,0.0,1.019,6.5,0.2511,16.443,4.7201448872871e-61,1
113.2,1,2,13.26,7,31.6,-21.23,6.808,0.0,2.421,7.18,0.2203,23.367,4.592456814645636e-121,1
111.7,1,2,4.46,3,20.5,-18.55,3.725,0.0,1.467,6.44,0.2237,32.358,5.4042629736680805e-230,1
12.5,0,1,16.15,1,-7.5,-15.29,0.437,4.176,1.208,7.28,0.2325,77.442,0.0,1
30.6,0,1,4.8,0,-6.8,-14.86,1.09,0.0,1.183,6.48,0.2213,71.237,0.0,1
34.9,0,1,1.59,1,0.5,-17.79,1.141,0.0,1.192,6.69,0.2206,44.394,0.0,1
86.6,1,1,17.13,3,13.8,-30.66,3.815,0.0,1.063,6.12,0.2247,13.327,8.104957423338129e-41,1
106.3,1,1,2.77,3,6.5,-33.31,2.324,0.0,1.531,6.64,0.221,8.88,3.34203979753484e-19,1
34.5,0,1,2.66,0,20.4,-15.37,0.0,0.0,1.058,6.45,0.2228,76.677,0.0,1
134.9,1,2,18.5,18,-26.5,-28.7,12.967,0.0,1.803,8.34,0.2473,9.138,3.171258169919339e-20,1
21.1,0,1,1.38,1,23.2,-14.3,0.703,0.0,1.589,6.96,0.2213,94.21,0.0,1
33.5,0,1,20.24,3,-26.2,-16.95,2.185,0.0,1.035,7.76,0.2373,42.332,0.0,1
148.3,1,2,19.9,26,27.3,-35.53,23.18,0.0,1.392,7.34,0.2347,4.202,1.320005679701756e-05,0
64.6,0,1,3.53,2,-27.2,-23.14,0.637,0.0,1.058,6.28,0.2213,8.77,8.921533911177564e-19,1
181.8,1,2,12.96,7,-21.7,-30.82,4.533,2.629,1.15,7.23,0.235,8.649,2.5863488908885577e-18,1
16.3,0,1,2.42,0,-18.3,-10.4,0.0,0.0,1.016,6.94,0.2237,208.786,0.0,1
15.0,0,1,15.81,3,-15.5,-14.18,2.881,0.0,1.632,6.67,0.2292,92.042,0.0,1
42.0,0,1,1.57,0,-3.9,-17.28,0.927,0.0,1.595,6.46,0.2204,32.672,1.9278545816091036e-234,1
152.8,1,2,23.61,14,12.6,-31.75,9.349,0.0,1.376,8.19,0.2447,7.181,3.469419160563264e-13,1
79.5,1,1,5.19,1,28.0,-26.72,0.57,0.0,1.759,6.39,0.2258,21.421,4.2369798262061904e-102,1
12.5,0,1,17.07,4,4.1,-13.76,2.484,0.0,1.705,7.01,0.2236,124.097,0.0,1
5.4,0,1,3.21,0,4.6,-10.07,0.0,0.0,2.279,6.64,0.2212,277.88,0.0,1
46.9,0,1,5.24,1,-9.2,-21.67,1.935,0.0,1.678,6.56,0.2229,14.896,1.7392827127464872e-50,1
45.5,0,1,11.27,3,22.0,-19.73,1.872,0.0,1.235,7.47,0.2255,19.187,2.3920926878378054e-82,1
79.8,1,1,14.33,3,-22.8,-28.4,2.568,0.0,2.152,6.61,0.2264,14.949,7.889344048103607e-51,1
34.9,0,1,24.97,6,-10.4,-24.36,4.719,2.14,1.274,6.8,0.2422,7.414,6.142399809325904e-14,1
33.8,0,1,0.65,0,-23.7,-14.48,0.0,0.0,1.48,6.89,0.2213,73.438,0.0,1
14.1,0,1,0.01,0,-16.1,-10.33,0.0,0.0,1.064,6.54,0.2203,247.721,0.0,1
137.8,1,2,8.76,1,8.1,-20.27,1.568,0.0,1.014,6.14,0.2221,28.839,3.4515879182701645e-183,1
28.9,0,1,9.15,0,-21.8,-13.33,0.0,0.0,1.456,6.39,0.2224,90.052,0.0,1
65.4,1,1,22.1,2,-23.5,-27.65,1.723,0.0,1.041,7.16,0.2525,16.099,1.290435652888304e-58,1
101.2,1,1,22.81,4,23.7,-39.52,6.156,0.0,1.554,7.05,0.2203,4.975,3.267670452965391e-07,0
125.5,1,2,22.01,23,-22.3,-32.81,19.041,1.764,2.019,7.14,0.2513,6.963,1.661025059964595e-12,1
69.2,1,1,3.58,0,9.5,-24.12,0.67,0.0,1.092,6.62,0.2225,26.771,3.4991995312511188e-158,1
67.3,1,1,10.3,5,-7.1,-27.09,2.982,0.0,1.072,7.18,0.2202,18.575,2.57098119910197e-77,1
87.1,1,1,18.65,9,28.3,-35.08,5.876,0.0,1.076,8.29,0.2268,5.492,1.9864305617464737e-08,0
16.3,0,1,7.82,1,16.0,-10.57,0.247,0.0,1.04,6.42,0.2272,184.924,0.0,1
9.4,0,1,16.58,0,-26.1,-10.12,0.0,0.0,1.393,7.37,0.2257,230.296,0.0,1
43.9,0,1,5.93,6,28.2,-21.91,3.856,0.0,1.052,6.33,0.2282,13.859,5.589722969183914e-44,1
81.1,1,1,8.09,4,-3.1,-29.99,2.158,0.0,1.43,6.64,0.2204,14.748,1.5912503419996708e-49,1
38.4,0,1,21.51,0,-10.6,-16.74,0.0,0.0,1.068,7.19,0.2311,46.168,0.0,1
113.4,1,2,6.26,1,13.7,-17.71,0.864,0.0,1.3,6.39,0.2232,36.524,2.3402098939432295e-292,1
56.6,0,1,24.11,2,16.7,-24.31,1.885,0.0,1.086,7.02,0.2454,6.987,1.4009273114418284e-12,1
43.9,0,1,7.66,3,-10.3,-23.47,2.862,2.596,1.585,6.78,0.2315,8.887,3.136835097444088e-19,1
52.5,0,1,0.59,0,-7.1,-18.25,0.0,0.0,1.016,6.28,0.221,24.5,7.390099070429369e-133,1
146.9,1,2,6.37,8,-19.8,-24.42,4.667,0.0,1.148,6.98,0.2244,18.379,9.608247442917613e-76,1
46.3,0,1,4.28,1,8.6,-18.98,1.268,0.0,1.371,6.9,0.2241,22.133,7.57223218583831e-109,1
56.4,0,1,12.67,4,32.2,-24.14,2.417,0.0,1.401,6.81,0.2375,7.023,1.0864263335885896e-12,1
33.5,0,1,2.82,0,-2.9,-15.87,0.886,0.0,1.715,6.16,0.2232,47.064,0.0,1
9.4,0,1,15.65,1,34.8,-9.99,1.242,0.0,1.183,6.09,0.2236,190.04,0.0,1
12.1,0,1,21.87,1,-18.5,-13.72,1.233,0.0,2.105,7.24,0.2505,112.818,0.0,1
45.0,0,1,9.06,0,21.7,-17.52,0.0,0.0,1.189,6.88,0.2261,41.442,0.0,1
69.2,1,1,4.21,1,30.3,-25.86,1.136,0.0,1.459,6.26,0.2227,23.152,6.882836595902676e-119,1
131.8,1,2,10.0,16,14.7,-27.41,13.34,0.0,2.113,6.42,0.221,14.793,8.128595591269211e-50,1
171.3,1,2,19.65,22,-22.9,-38.93,18.112,1.847,1.082,7.87,0.2458,2.806,0.002509474083384817,0
115.3,1,2,14.79,8,-8.8,-21.39,4.983,0.0,1.062,7.96,0.2405,22.283,2.703028540432408e-110,1
17.9,0,1,2.53,0,-24.4,-11.73,0.0,0.0,1.006,6.76,0.2239,192.083,0.0,1
34.5,0,1,13.43,0,9.1,-17.81,1.481,0.0,1.444,6.91,0.2239,40.791,0.0,1
30.6,0,1,11.7,0,34.9,-14.07,0.0,0.0,1.67,6.58,0.2219,84.248,0.0,1
63.5,0,1,8.18,1,-5.6,-23.54,1.678,0.0,1.319,7.32,0.2228,7.112,5.709875146351528e-13,1
21.5,0,1,2.75,0,-19.4,-11.33,0.0,0.0,1.397,6.76,0.2214,127.67,0.0,1
22.8,0,1,24.53,0,-12.5,-12.95,0.0,0.0,1.181,6.89,0.2326,108.65,0.0,1
32.8,0,1,4.4,4,7.1,-18.05,3.722,0.0,1.133,6.5,0.2234,30.982,4.711970296706817e-211,1
145.8,1,2,4.82,8,7.0,-24.83,6.793,0.0,1.034,6.76,0.2271,16.75,2.826732395423496e-63,1
88.9,1,1,3.64,3,-15.1,-31.89,2.324,0.0,2.07,7.11,0.2223,10.366,1.7685296383707982e-25,1
64.6,0,1,14.25,4,18.8,-24.39,1.951,0.0,1.183,7.02,0.2248,5.822,2.9045076632584723e-09,0
11.4,0,1,11.09,0,-24.3,-14.12,0.0,4.676,1.368,6.22,0.2239,83.13,0.0,1
111.7,1,2,6.24,7,10.5,-18.71,4.391,0.0,1.364,6.28,0.2255,34.43,4.526762422559928e-260,1
12.3,0,1,10.74,0,-2.3,-11.78,0.678,0.0,1.073,7.58,0.2311,180.514,0.0,1
81.4,1,1,16.84,2,-21.7,-29.29,2.278,0.0,1.001,7.58,0.2321,12.431,8.834017503728765e-36,1
103.0,1,1,7.04,0,11.2,-33.14,0.0,0.0,1.877,6.99,0.2286,9.407,2.549933184387155e-21,1
83.5,1,1,22.88,6,13.7,-32.0,4.347,0.0,1.005,8.47,0.2205,9.185,2.064773891885415e-20,1
52.5,0,1,7.66,3,-1.4,-21.37,2.097,0.0,1.17,6.62,0.227,12.405,1.224727871806207e-35,1
106.3,1,1,4.95,6,21.9,-36.73,3.452,0.0,1.156,6.97,0.2245,5.943,1.3964624810910668e-09,0
34.6,0,1,23.86,4,3.1,-21.66,3.915,0.0,1.002,6.34,0.2522,16.705,6.055343397044325e-63,1
46.6,0,1,20.26,4,-11.4,-20.46,1.972,0.0,1.067,6.96,0.2264,19.397,4.126861373176336e-84,1
74.0,1,1,8.58,1,32.0,-25.68,0.805,0.0,1.041,7.19,0.2248,22.236,7.782891872017621e-110,1
148.3,1,2,21.04,4,31.4,-26.62,2.806,0.0,1.756,7.48,0.2356,14.703,3.0842888802590234e-49,1
135.2,1,2,12.97,1,-23.8,-20.33,0.466,0.0,1.471,7.34,0.2307,26.702,2.2375875607984177e-157,1
33.8,0,1,8.67,4,31.5,-18.89,4.167,0.0,1.054,6.61,0.2237,28.829,4.607372717781395e-183,1
30.1,0,1,20.99,4,20.4,-17.7,3.087,0.0,1.235,6.53,0.2361,31.133,4.3451208614861406e-213,1
125.8,1,2,18.8,12,-23.1,-25.0,9.506,0.616,1.266,7.33,0.2251,17.641,5.933205945879105e-70,1
45.0,0,1,7.45,2,3.8,-19.79,1.517,0.0,1.67,7.18,0.2241,23.17,4.540528908060105e-119,1
56.6,0,1,15.17,3,-27.7,-27.52,2.85,2.383,1.406,7.74,0.242,3.087,0.001010156895364757,0
85.7,1,1,9.23,6,8.3,-31.88,5.17,0.0,1.052,6.89,0.2226,10.173,1.3121643386862543e-24,1
56.9,0,1,0.03,0,30.7,-19.55,0.0,0.0,1.822,6.8,0.22,17.5,7.187956464741722e-69,1
59.1,0,1,24.05,3,-6.1,-25.92,3.891,0.0,1.677,7.81,0.2212,4.249,1.0716652777698609e-05,0
122.3,1,2,13.74,13,3.1,-25.46,11.865,0.0,1.173,6.32,0.2351,16.656,1.3669232926622866e-62,1
24.4,0,1,14.96,1,-15.2,-13.6,1.895,0.0,1.032,6.17,0.2342,81.711,0.0,1
169.8,1,2,15.0,3,5.2,-28.27,5.406,0.0,1.261,6.94,0.2245,11.898,6.052173068004651e-33,1
14.1,0,1,13.77,0,22.2,-10.1,0.775,0.0,1.002,7.06,0.2283,212.857,0.0,1
122.3,1,2,7.25,8,-16.0,-22.87,6.049,0.0,1.974,6.65,0.2224,24.865,8.827798056512761e-137,1
152.8,1,2,24.29,21,6.0,-37.0,21.171,0.0,1.212,7.65,0.2455,4.193,1.3757180681816509e-05,0
50.5,0,1,15.54,6,-6.9,-29.37,5.607,4.581,1.211,7.45,0.2234,2.148,0.015849085233118235,0
34.7,0,1,16.77,3,18.6,-18.48,1.347,0.0,1.5,7.21,0.239,32.468,1.5243050832724438e-231,1
108.9,1,1,11.37,8,15.6,-39.65,5.824,0.0,1.05,6.75,0.2258,4.021,2.8938742626136885e-05,0
42.0,0,1,7.2,3,15.4,-19.15,2.274,0.0,1.208,6.33,0.2251,21.415,4.8793222553265114e-102,1
76.8,1,1,1.61,0,-5.4,-25.27,0.0,0.0,1.294,6.35,0.2221,23.662,4.397287676993147e-124,1
14.1,0,1,8.76,1,9.0,-11.76,1.123,0.0,1.386,6.68,0.227,157.561,0.0,1
103.0,1,1,4.4,0,12.3,-33.05,0.0,0.0,1.153,6.73,0.2226,9.917,1.7603020667163564e-23,1
29.1,0,1,16.55,0,14.3,-14.41,0.0,0.0,1.265,6.6,0.2295,75.181,0.0,1
141.4,1,2,21.98,19,7.4,-30.85,15.108,0.0,1.229,7.61,0.2372,8.553,6.018980223432049e-18,1
15.0,0,1,7.57,0,26.3,-10.45,0.0,0.0,1.282,6.39,0.2219,182.498,0.0,1
22.5,0,1,8.32,0,-13.8,-12.95,0.51,0.0,1.345,6.79,0.2237,104.367,0.0,1
19.5,0,1,16.76,0,-26.4,-13.48,0.0,0.0,1.357,7.71,0.2345,111.737,0.0,1
58.1,0,1,3.73,0,32.6,-20.94,0.764,0.0,1.283,6.45,0.2211,14.477,8.463422478388561e-48,1
78.6,1,1,23.24,7,-26.1,-38.29,5.231,4.423,1.083,7.54,0.2419,4.381,5.894530835881879e-06,0
101.9,1,1,9.1,1,28.7,-32.22,2.483,0.0,1.219,6.38,0.2235,10.363,1.8267069529083952e-25,1
123.5,1,2,2.53,0,9.8,-20.58,0.795,0.0,1.037,6.31,0.2224,32.136,6.9018332892864e-227,1
181.8,1,2,4.37,3,29.7,-27.88,1.748,0.0,2.167,6.45,0.2208,13.665,8.184651324712634e-43,1
44.0,0,1,23.32,2,6.7,-22.57,4.315,0.0,1.089,8.0,0.2376,10.412,1.090914691895275e-25,1
115.3,1,2,6.18,2,23.4,-19.55,2.278,0.0,1.214,6.97,0.227,30.648,1.391031817182068e-206,1
95.8,1,1,16.56,3,16.9,-33.74,2.306,0.0,1.196,6.55,0.2278,9.237,1.2650554479602047e-20,1
131.8,1,2,3.9,6,4.1,-21.15,4.015,0.0,1.269,6.38,0.2245,26.236,5.229620910410089e-152,1
32.9,0,1,4.85,2,-6.4,-17.93,3.006,0.0,1.388,6.41,0.2225,35.499,2.53520129194502e-276,1
17.6,0,1,21.98,1,-29.8,-15.91,3.281,0.0,2.603,7.64,0.2461,52.862,0.0,1
45.4,0,1,3.7,0,-13.7,-16.89,0.0,0.0,1.079,6.76,0.2251,35.212,6.446925296880903e-272,1
123.7,1,2,0.47,0,31.9,-18.24,0.0,0.0,1.093,6.82,0.22,35.518,1.304504850183002e-276,1
23.5,0,1,12.53,2,-12.1,-14.19,1.067,0.0,1.665,6.72,0.2252,81.195,0.0,1
116.9,1,2,21.57,16,18.9,-29.73,18.464,0.0,1.209,7.45,0.2513,8.551,6.116377619274488e-18,1
21.1,0,1,8.15,3,3.1,-12.96,1.524,0.0,1.863,6.59,0.2211,99.024,0.0,1
43.9,0,1,3.2,0,-9.9,-21.84,0.0,4.427,1.639,6.51,0.2208,12.89,2.5617320049290025e-38,1
52.5,0,1,24.56,11,34.4,-32.55,10.013,0.0,1.197,7.2,0.2206,1.312,0.09483778940097093,0
49.7,0,1,16.92,6,-26.9,-26.55,6.178,0.0,1.508,7.92,0.2273,4.952,3.6713966911606793e-07,0
56.0,0,1,21.27,12,7.8,-33.23,10.825,0.0,1.438,7.45,0.2388,1.021,0.1536332290808004,0
22.8,0,1,18.8,4,-0.0,-14.39,2.305,0.0,1.438,7.68,0.2272,60.349,0.0,1
198.3,1,2,17.46,22,-25.0,-39.4,17.964,0.0,1.819,7.57,0.2459,2.624,0.004350473818600879,0
23.5,0,1,9.61,0,-16.1,-13.15,0.0,0.0,1.174,6.93,0.227,124.275,0.0,1
34.9,0,1,8.11,0,15.1,-16.0,0.0,0.0,1.92,6.96,0.2274,52.962,0.0,1
116.9,1,2,17.92,7,-23.0,-22.5,6.0,0.0,1.243,7.77,0.2266,23.396,2.3464170013684234e-121,1
107.4,1,1,17.92,11,22.1,-44.67,9.022,0.0,1.251,7.08,0.2369,1.969,0.02449980607332782,0
52.5,0,1,23.76,10,10.6,-30.43,9.728,0.0,1.782,6.47,0.2297,1.762,0.039055364782092525,0
23.1,0,1,14.22,1,-23.4,-13.04,0.502,0.0,1.29,7.08,0.2405,117.494,0.0,1
10.5,0,1,7.37,0,-11.4,-10.39,0.0,0.0,1.719,6.28,0.2293,248.331,0.0,1
30.6,0,1,12.24,2,-21.1,-14.75,1.344,0.0,1.254,6.66,0.2206,57.539,0.0,1
36.6,0,1,15.34,2,21.8,-17.81,1.461,0.0,1.329,7.2,0.2295,32.536,1.6436570213797074e-232,1
36.0,0,1,10.67,4,4.6,-20.59,4.468,0.0,1.342,6.6,0.2266,17.756,7.801604062906176e-71,1
7.1,0,1,19.78,0,-29.8,-15.35,1.208,3.637,1.552,7.81,0.2368,70.187,0.0,1
115.3,1,2,14.62,6,5.3,-22.67,5.406,0.0,1.693,6.74,0.2376,23.109,1.9009595950054193e-118,1
23.2,0,1,0.24,0,1.4,-10.58,0.0,0.0,1.213,6.95,0.2203,154.177,0.0,1
103.0,1,1,14.25,5,11.8,-37.86,3.713,0.0,1.233,6.69,0.2324,6.058,6.894828173817026e-10,0
36.0,0,1,15.84,0,-27.7,-14.93,0.0,0.0,1.116,6.88,0.2371,52.235,0.0,1
30.1,0,1,22.88,9,-27.7,-25.89,5.765,4.235,1.464,6.97,0.2303,5.654,7.82771656405456e-09,0
96.4,1,1,10.34,5,-7.3,-36.51,6.27,0.0,1.181,6.76,0.2215,6.18,3.201346880126177e-10,0
126.5,1,2,14.36,12,14.8,-25.46,11.695,0.0,2.073,6.55,0.2201,17.466,1.3043760109239904e-68,1
32.9,0,1,11.87,5,13.3,-18.29,2.903,0.0,1.583,6.4,0.2204,31.055,4.945810848389142e-212,1
108.6,1,1,13.29,12,-11.9,-47.27,12.637,0.0,1.423,7.14,0.2348,1.295,0.09759378486801934,0
96.4,1,1,1.68,2,-16.0,-30.23,1.129,0.0,1.078,6.53,0.2208,13.916,2.5335092671439e-44,1
15.0,0,1,22.43,5,14.4,-14.67,3.777,0.0,1.129,7.82,0.2438,69.892,0.0,1
83.2,1,1,22.76,5,-28.2,-33.19,5.858,0.0,1.215,6.3,0.2237,9.744,9.802672025787304e-23,1
81.4,1,1,13.7,6,6.2,-33.43,5.129,0.0,1.367,6.88,0.2367,9.45,1.6957227475000305e-21,1
78.6,1,1,13.91,4,-2.4,-31.95,3.87,0.0,1.212,7.99,0.2331,10.554,2.4333813333392145e-26,1
112.4,1,2,1.44,0,-14.5,-18.81,0.0,4.031,1.471,6.51,0.2211,32.728,3.1388077095764712e-235,1
26.6,0,1,14.95,6,3.8,-21.24,6.19,0.0,2.118,6.92,0.2385,17.054,1.6267995555148512e-65,1
39.4,0,1,10.73,4,-15.9,-23.06,2.131,3.302,2.001,6.69,0.2315,10.188,1.1224896324243202e-24,1
70.1,1,1,17.73,7,6.7,-30.97,4.543,0.0,1.286,7.38,0.2422,11.189,2.2951053405746736e-29,1
23.5,0,1,1.18,0,-20.3,-12.27,0.0,0.0,1.767,6.44,0.2217,128.121,0.0,1
65.4,1,1,17.77,3,-3.6,-23.97,1.692,0.0,1.352,7.15,0.2214,24.448,2.648963805981998e-132,1
5.4,0,1,7.17,0,3.2,-8.12,0.0,0.0,1.091,7.34,0.2261,388.827,0.0,1
71.4,1,1,16.29,5,-27.9,-34.47,5.049,4.382,1.102,6.7,0.2338,7.95,9.300983391524723e-16,1
8.1,0,1,15.68,0,9.7,-9.97,1.082,0.0,1.482,6.7,0.2393,194.8,0.0,1
32.9,0,1,5.67,2,18.8,-17.36,2.0,0.0,1.85,7.06,0.2215,41.041,0.0,1
131.8,1,2,11.01,3,32.1,-23.24,6.142,0.0,1.134,7.07,0.2237,21.259,1.3732285500856234e-100,1
171.3,1,2,20.89,25,-16.8,-37.75,25.709,0.0,1.187,6.86,0.2233,3.571,0.00017751551370675213,0
136.4,1,2,15.14,7,-16.4,-25.55,8.448,0.0,1.027,7.41,0.2306,15.176,2.5644738246227013e-52,1
106.3,1,1,1.72,0,-10.2,-33.22,0.0,0.0,1.9,6.63,0.2202,10.571,2.0328521463473428e-26,1
10.3,0,1,11.07,0,27.9,-10.28,0.0,0.0,1.815,7.74,0.2303,206.775,0.0,1
96.0,1,1,7.79,6,-3.6,-35.38,5.609,0.0,1.2,6.73,0.2218,7.792,3.306953496229377e-15,1
148.3,1,2,16.04,6,-10.4,-25.69,6.373,1.397,1.848,6.74,0.2238,16.409,8.214997068669557e-61,1
123.7,1,2,15.36,4,18.2,-21.56,4.312,0.0,2.151,7.55,0.2223,22.209,1.419106107403656e-109,1
81.1,1,1,0.26,0,-27.5,-25.3,0.0,0.0,1.182,6.17,0.2207,23.22,1.4309467657573865e-119,1
101.2,1,1,15.19,3,5.7,-35.0,1.619,0.0,2.591,7.33,0.2249,7.171,3.7328119475694506e-13,1
135.8,1,2,18.37,13,-0.7,-26.85,9.369,0.0,1.725,7.25,0.221,14.033,4.873271611530557e-45,1
26.3,0,1,19.22,1,10.6,-15.0,1.982,0.0,1.049,7.32,0.2264,68.616,0.0,1
22.2,0,1,1.47,0,17.5,-11.45,0.0,0.0,1.605,6.09,0.2216,133.612,0.0,1
26.3,0,1,7.59,2,-8.9,-15.95,1.953,0.0,1.442,7.32,0.2202,54.236,0.0,1
15.0,0,1,10.53,0,11.4,-11.4,0.0,0.0,1.083,7.69,0.224,172.882,0.0,1
119.5,1,2,4.49,2,4.1,-19.85,2.841,0.0,1.858,6.69,0.2215,29.66,1.2551298413122673e-193,1
10.3,0,1,10.52,1,-21.3,-11.11,0.485,0.0,1.944,6.99,0.2245,182.045,0.0,1
48.3,0,1,1.78,2,27.3,-19.16,1.052,0.0,1.242,6.5,0.2206,25.289,2.103704357675892e-141,1
187.7,1,2,2.83,6,19.0,-30.24,4.87,0.0,2.479,6.7,0.2215,9.855,3.263473636547611e-23,1
8.1,0,1,16.72,0,29.9,-9.96,0.407,0.0,1.799,6.61,0.2393,215.337,0.0,1
101.2,1,1,6.56,2,16.8,-33.42,1.809,0.0,1.58,7.17,0.2263,8.678,2.0092183958574343e-18,1
56.0,0,1,17.79,4,-14.1,-27.58,5.403,0.0,1.648,7.17,0.229,3.709,0.00010421230313015733,0
19.5,0,1,1.2,0,-2.0,-10.71,0.0,0.0,1.496,6.41,0.2213,149.88,0.0,1
45.4,0,1,14.07,3,-4.9,-20.92,3.933,0.0,1.58,7.52,0.2271,11.914,5.028002892267011e-33,1
91.0,1,1,9.79,7,-27.7,-35.45,4.573,0.0,1.412,6.19,0.2275,8.249,8.016110064708249e-17,1
34.6,0,1,19.92,6,-3.3,-20.09,4.409,0.0,1.14,6.67,0.238,19.109,1.0526115687440424e-81,1
58.1,0,1,19.6,2,-7.5,-29.88,1.534,3.811,1.538,8.08,0.2365,2.164,0.015245695112154107,0
102.0,1,1,9.39,2,-29.7,-36.98,1.943,3.861,1.208,7.56,0.2259,5.139,1.3820330134132536e-07,0
78.5,1,1,15.57,2,25.1,-30.83,2.459,0.0,1.192,7.62,0.2262,11.475,8.835221900141784e-31,1
119.5,1,2,5.69,3,-20.6,-20.06,3.007,0.0,1.051,6.3,0.226,30.029,2.0607425801705258e-198,1
60.0,0,1,14.51,6,2.6,-30.43,8.003,0.0,1.43,6.63,0.2286,1.651,0.04933059002994039,0
78.6,1,1,2.03,0,21.0,-26.98,1.121,0.0,1.402,6.45,0.2218,21.217,3.307194671689491e-100,1
21.5,0,1,10.87,1,9.3,-13.67,1.143,0.0,1.11,6.76,0.2267,104.862,0.0,1
46.9,0,1,4.57,3,-19.0,-21.7,1.631,0.0,1.037,6.57,0.2258,17.578,1.8219310364164444e-69,1
112.3,1,2,22.08,23,10.2,-27.72,17.976,0.0,1.007,7.52,0.2511,11.803,1.8746468730677038e-32,1
56.4,0,1,11.12,7,19.2,-27.95,5.761,0.0,1.666,7.81,0.2357,3.159,0.0007915314596368748,0
46.1,0,1,14.77,2,25.6,-18.43,1.058,0.0,1.03,7.05,0.2208,21.711,8.078170075068884e-105,1
42.0,0,1,9.01,0,-9.3,-19.38,1.31,0.0,2.284,7.66,0.2266,21.503,7.293000293930365e-103,1
113.2,1,2,7.22,2,-27.8,-18.1,1.905,0.0,1.026,6.33,0.2245,36.3,8.198871389463977e-289,1
69.2,1,1,5.07,2,9.5,-26.36,2.344,0.0,1.244,6.93,0.2207,20.981,4.9254428389844534e-98,1
67.3,1,1,22.8,0,-15.3,-27.22,2.854,0.0,1.337,8.51,0.249,14.412,2.1672195043816392e-47,1
12.5,0,1,19.99,1,20.8,-11.54,1.125,0.0,1.98,6.45,0.24,135.509,0.0,1
158.9,1,2,3.33,2,14.2,-25.4,2.496,0.0,1.055,7.03,0.2228,17.362,8.060538934239205e-68,1
33.8,0,1,18.67,2,20.3,-18.23,2.616,0.0,1.529,6.86,0.2458,32.286,5.476053708472005e-229,1
169.8,1,2,10.46,6,32.9,-26.28,4.86,0.0,1.155,6.23,0.2301,15.431,5.060902645263412e-54,1
104.5,1,1,0.38,1,8.0,-32.17,0.656,0.0,1.501,6.58,0.2205,9.641,2.6800231316031964e-22,1
89.4,1,1,13.21,9,28.8,-36.02,5.909,0.0,1.383,7.21,0.2333,5.845,2.527605031405414e-09,0
46.1,0,1,3.25,0,11.7,-19.13,0.603,0.0,1.05,6.16,0.2204,28.7,1.9177889742221488e-181,1
74.0,1,1,5.25,1,-18.2,-28.98,3.761,0.0,1.818,6.98,0.2205,16.098,1.3118111289380443e-58,1
28.5,0,1,17.4,1,22.0,-16.06,1.098,0.0,1.915,7.08,0.2429,57.769,0.0,1
141.4,1,2,6.43,5,15.1,-23.84,4.682,0.0,1.981,6.7,0.2252,19.672,1.8667642974868327e-86,1
76.0,1,1,22.3,15,33.6,-40.26,11.505,0.0,1.404,6.21,0.2311,4.58,2.32144401611244e-06,0
46.6,0,1,16.43,6,-14.2,-27.56,7.705,0.0,1.56,7.8,0.2351,4.082,2.2311622280012987e-05,0
83.2,1,1,20.81,11,-8.3,-34.73,6.478,0.0,1.08,7.63,0.2338,7.375,8.198368304286273e-14,1
10.3,0,1,15.38,3,23.4,-10.22,1.587,0.0,1.197,7.2,0.2268,205.143,0.0,1
97.4,1,1,21.72,16,-25.9,-54.81,19.475,2.451,1.5,7.3,0.2319,0.387,0.3493117203377044,0
27.5,0,1,9.04,0,11.2,-14.6,0.0,0.0,1.033,7.07,0.2285,79.284,0.0,1
198.3,1,2,13.73,24,4.8,-41.59,22.302,0.0,1.287,6.86,0.2331,2.024,0.02147384572862959,0
120.6,1,2,12.9,8,-19.0,-23.84,7.87,0.0,2.159,6.92,0.2384,19.177,2.8645989419064566e-82,1
86.6,1,1,22.59,15,-19.3,-43.77,13.679,0.0,1.444,8.44,0.2474,1.854,0.03187708324825962,0
30.1,0,1,4.12,3,22.7,-16.98,1.795,0.0,1.433,6.78,0.2246,48.711,0.0,1
180.4,1,2,14.45,14,-29.0,-35.54,13.152,0.0,1.157,7.24,0.2378,5.022,2.55305375683047e-07,0
49.7,0,1,18.86,3,18.5,-23.81,4.673,0.0,1.061,7.12,0.2205,8.086,3.092296301241565e-16,1
16.3,0,1,9.25,1,17.6,-11.97,0.498,0.0,1.099,7.03,0.2336,141.14,0.0,1
86.6,1,1,21.69,8,12.2,-38.75,7.3,0.0,1.458,7.46,0.2511,4.631,1.8219445714424533e-06,0
91.3,1,1,9.33,1,-3.4,-31.07,1.076,0.0,1.237,7.11,0.2233,12.042,1.0640481311951605e-33,1
21.5,0,1,4.33,1,-28.2,-11.09,0.22,0.0,1.358,6.43,0.226,141.146,0.0,1
21.5,0,1,14.6,2,22.1,-14.79,2.516,0.0,1.281,7.54,0.2283,60.474,0.0,1
158.6,1,2,10.51,4,-21.8,-26.93,5.039,0.0,1.161,7.08,0.2317,14.314,8.903756983919337e-47,1
36.0,0,1,0.38,0,-11.7,-15.37,0.0,0.0,1.106,6.14,0.2204,68.624,0.0,1
107.4,1,1,1.75,0,31.5,-35.75,0.873,0.0,1.413,6.75,0.2225,7.485,3.571835307685602e-14,1
64.6,0,1,4.88,2,-10.4,-25.33,2.675,0.0,1.74,6.55,0.2268,5.06,2.0978521545985385e-07,0
32.5,0,1,19.23,1,-13.4,-18.88,2.458,0.0,1.739,6.71,0.2438,28.254,6.27816310066642e-176,1
96.4,1,1,22.3,17,33.3,-53.55,20.313,0.0,1.707,8.1,0.222,0.446,0.3276712755371809,0
5.9,0,1,13.64,0,-24.4,-10.95,0.0,4.094,1.06,6.6,0.2219,139.859,0.0,1
28.9,0,1,2.64,0,-19.6,-14.65,0.0,0.0,1.515,7.04,0.2225,80.834,0.0,1
6.0,0,1,13.36,0,-1.5,-9.4,0.0,0.0,1.673,7.23,0.2377,277.873,0.0,1
39.5,0,1,21.39,5,21.2,-24.46,5.321,0.0,2.532,6.83,0.2271,6.837,4.048007496533117e-12,1
192.4,1,2,18.74,12,27.5,-32.09,10.384,0.0,1.06,7.47,0.2237,6.909,2.4401688540879187e-12,1
137.8,1,2,7.28,2,19.1,-21.58,0.866,0.0,2.498,6.47,0.225,26.314,6.632485916197706e-153,1
86.6,1,1,3.1,0,33.5,-29.74,1.982,0.0,1.386,6.33,0.2243,14.768,1.1860076771849222e-49,1
50.5,0,1,22.52,12,-28.9,-30.65,9.277,0.651,2.183,8.05,0.2525,1.397,0.08128196131553822,0
116.9,1,2,21.35,15,10.3,-29.16,15.629,0.0,1.025,7.78,0.2498,10.152,1.6245111123177376e-24,1
198.3,1,2,1.34,4,-22.4,-29.97,4.129,2.588,1.737,6.28,0.2215,9.531,7.771651697396298e-22,1
49.7,0,1,20.59,6,29.2,-27.2,4.803,0.0,1.087,7.8,0.249,3.606,0.00015529107232684625,0
108.6,1,1,2.43,1,30.8,-33.06,0.723,0.0,1.108,6.35,0.2236,9.041,7.769731525408968e-20,1
148.3,1,2,1.58,3,-10.3,-22.31,2.269,0.0,1.042,6.75,0.2224,23.552,5.925873327245192e-123,1
158.6,1,2,18.97,9,23.8,-27.02,5.465,0.0,1.146,7.76,0.2324,11.981,2.2386588979020444e-33,1
78.8,1,1,13.41,0,11.0,-29.0,2.195,0.0,1.546,7.21,0.225,13.301,1.1424788447689966e-40,1
131.1,1,2,10.36,14,-23.5,-26.29,11.554,0.0,1.277,7.18,0.2322,14.02,5.885949697187824e-45,1
21.1,0,1,22.6,1,9.2,-11.8,0.512,0.0,1.025,8.09,0.2289,130.481,0.0,1
22.0,0,1,20.98,0,33.4,-13.22,0.0,0.0,1.004,8.15,0.2311,102.058,0.0,1
88.9,1,1,1.44,0,-10.0,-28.48,0.0,0.0,1.006,6.66,0.2214,16.063,2.2998089760874656e-58,1
65.4,1,1,15.4,11,-29.9,-32.98,8.727,0.0,1.461,7.05,0.2405,9.204,1.728331198467422e-20,1
108.9,1,1,19.31,19,33.5,-49.13,14.325,0.0,1.023,7.75,0.2339,0.893,0.18605848502462063,0
49.7,0,1,13.76,1,-3.1,-18.46,0.415,0.0,1.034,7.47,0.2217,27.436,5.099044431364546e-166,1
98.6,1,1,24.58,11,-2.0,-41.82,8.614,0.0,1.148,7.23,0.2414,2.884,0.0019644448965822907,0
57.0,0,1,17.15,9,16.3,-27.82,6.65,0.0,1.152,8.09,0.222,2.843,0.002236836285292862,0
46.6,0,1,2.6,0,9.3,-18.63,0.92,0.0,1.357,7.04,0.2209,27.026,3.678350657971797e-161,1
36.0,0,1,4.96,1,-10.4,-16.67,0.703,0.0,1.125,6.99,0.221,52.24,0.0,1
34.7,0,1,20.66,3,-23.5,-17.9,1.47,0.0,1.68,6.83,0.2384,35.121,1.5839369467574023e-270,1
123.5,1,2,24.92,12,23.8,-26.13,12.311,0.0,1.922,6.69,0.2292,14.099,1.9276800003320555e-45,1
115.3,1,2,2.46,1,1.4,-18.51,0.197,0.0,1.846,6.04,0.2223,38.601,0.0,1
74.0,1,1,2.51,2,13.7,-25.73,0.858,0.0,1.224,6.41,0.2225,23.199,2.3501708390317103e-119,1
91.3,1,1,19.08,4,25.9,-34.92,3.563,0.0,1.574,7.37,0.2336,7.048,9.098521305319592e-13,1
6.0,0,1,1.61,0,-28.8,-7.99,0.0,0.0,1.479,6.11,0.2206,367.046,0.0,1
36.6,0,1,1.71,0,25.9,-15.77,0.0,0.0,1.159,6.1,0.2201,62.75,0.0,1
56.6,0,1,22.22,5,18.9,-27.29,4.619,0.0,1.829,7.89,0.2361,3.982,3.4135777896676596e-05,0
5.4,0,1,20.01,2,31.5,-9.44,1.013,0.0,1.075,8.0,0.2263,200.27,0.0,1
56.6,0,1,22.04,1,-14.8,-22.49,0.825,0.0,1.007,8.14,0.2362,11.125,4.756619541954956e-29,1
86.6,1,1,16.26,4,-9.0,-34.45,3.164,2.254,1.424,7.01,0.2342,7.319,1.2465790984119552e-13,1
192.4,1,2,8.06,9,13.0,-32.48,8.636,0.0,1.089,6.76,0.2256,7.512,2.907490507830229e-14,1
112.3,1,2,22.66,20,30.2,-27.46,17.92,0.0,2.094,7.16,0.2383,13.152,8.33891138144962e-40,1
63.5,0,1,7.47,3,34.5,-26.2,2.59,0.0,1.144,6.28,0.2308,4.479,3.7496435002991914e-06,0
98.6,1,1,6.89,1,-2.9,-32.21,1.714,0.0,1.014,6.58,0.2266,10.384,1.4668653044524198e-25,1
134.9,1,2,22.16,19,5.0,-30.45,19.598,0.0,1.774,7.77,0.2265,8.356,3.2425461436864436e-17,1
46.6,0,1,17.02,4,-18.9,-21.01,2.451,0.0,1.118,6.37,0.2245,15.922,2.238483601885283e-57,1
90.5,1,1,22.39,2,15.1,-35.15,2.231,0.0,1.125,7.27,0.2519,7.157,4.11439848473851e-13,1
50.7,0,1,3.9,1,24.4,-19.78,0.382,0.0,1.259,6.82,0.2257,22.408,1.6431463756863873e-111,1
91.0,1,1,23.81,17,21.9,-45.6,14.026,0.0,1.328,8.18,0.2364,1.601,0.05472324262953295,0
98.6,1,1,15.32,8,-7.5,-38.83,6.51,0.0,1.122,7.5,0.2399,4.3,8.554981140612694e-06,0
125.5,1,2,16.7,9,32.6,-26.06,8.954,0.0,1.677,7.55,0.236,15.241,9.504090693561047e-53,1
15.0,0,1,22.85,3,-22.2,-17.66,1.635,4.323,1.229,6.73,0.222,38.668,0.0,1
61.9,0,1,9.52,0,2.1,-23.15,0.475,0.0,1.39,6.96,0.231,9.015,9.830097768732867e-20,1
63.5,0,1,17.99,3,6.0,-25.88,1.722,0.0,1.195,7.27,0.23,4.965,3.427477110614682e-07,0
57.0,0,1,16.01,5,4.9,-25.53,4.216,0.0,1.198,6.55,0.2339,5.678,6.833219938396475e-09,0
12.5,0,1,19.69,1,19.3,-12.14,0.182,0.0,1.208,7.12,0.2463,136.217,0.0,1
177.2,1,2,22.42,11,9.6,-36.45,17.086,0.0,1.503,7.93,0.2377,4.012,3.0078781171173106e-05,0
28.9,0,1,17.0,5,-25.0,-18.45,3.059,0.0,1.043,7.39,0.2354,35.243,2.224717344105617e-272,1
21.7,0,1,1.69,0,-18.3,-12.2,0.487,0.0,1.563,6.17,0.2224,130.141,0.0,1
69.2,1,1,4.58,2,4.6,-25.57,1.504,0.0,1.244,6.8,0.2255,24.554,1.9486130279793816e-133,1
88.9,1,1,23.85,15,15.1,-46.75,13.537,0.0,1.21,7.84,0.2425,1.389,0.08234908385726569,0
88.9,1,1,24.22,7,3.4,-32.86,5.835,0.0,1.027,8.24,0.2214,8.151,1.8048721626140302e-16,1
135.2,1,2,24.19,25,-6.9,-29.12,16.389,0.0,1.118,8.06,0.2519,8.761,9.6727006081271e-19,1
21.5,0,1,0.92,0,-26.7,-15.26,0.0,3.811,1.37,6.15,0.2214,59.192,0.0,1
111.7,1,2,9.56,5,21.1,-22.32,6.907,0.0,1.766,7.22,0.2278,23.14,9.164282163127031e-119,1
180.4,1,2,18.99,21,2.3,-37.39,18.239,0.0,1.048,7.16,0.2442,3.542,0.00019859270332389184,0
16.3,0,1,18.82,1,5.0,-11.36,0.314,0.0,1.285,6.94,0.2306,162.257,0.0,1
113.2,1,2,2.15,1,0.5,-18.18,0.776,0.0,1.66,6.91,0.2203,34.38,2.50723080987248e-259,1
14.9,0,1,15.24,4,-12.8,-16.54,3.395,2.756,1.171,6.75,0.2261,45.649,0.0,1
15.0,0,1,3.57,0,-12.0,-13.27,0.0,2.764,1.519,6.47,0.2251,100.445,0.0,1
56.4,0,1,12.33,11,-25.9,-29.81,9.058,0.0,1.223,7.02,0.2351,2.063,0.019577115772823405,0
78.8,1,1,5.99,0,16.0,-27.41,0.0,0.0,1.101,6.99,0.2244,20.825,1.2779284799138867e-96,1
98.6,1,1,1.33,1,-12.3,-36.84,1.352,3.461,1.263,6.47,0.2219,7.333,1.1282926521580382e-13,1
169.8,1,2,2.0,7,-10.6,-26.52,4.99,0.526,1.09,6.87,0.2228,15.083,1.0504554176260271e-51,1
113.2,1,2,22.77,4,34.6,-20.36,3.634,0.0,1.31,7.35,0.2473,25.865,8.238608921463424e-148,1
45.4,0,1,18.62,4,-4.9,-21.32,3.657,0.0,1.047,6.74,0.2479,12.672,4.230487703680406e-37,1
16.3,0,1,23.3,2,3.2,-12.89,0.919,0.0,1.958,6.86,0.2535,117.504,0.0,1
21.7,0,1,11.75,3,-4.9,-14.85,2.039,0.0,1.462,7.83,0.23,69.048,0.0,1
96.4,1,1,10.33,5,-11.1,-33.01,2.965,0.0,1.109,7.53,0.2306,8.183,1.382295055062199e-16,1
97.4,1,1,8.96,9,-29.6,-40.1,6.49,0.0,1.751,7.42,0.2339,3.804,7.108144641651227e-05,0
96.0,1,1,15.41,7,25.6,-39.8,5.625,0.0,1.439,6.7,0.241,4.532,2.9160441453374804e-06,0
106.3,1,1,8.79,9,0.8,-42.96,9.382,0.0,2.142,6.73,0.2263,2.729,0.0031759752857184816,0
48.3,0,1,18.66,2,16.8,-22.05,2.188,0.0,1.494,6.94,0.2263,12.514,3.147868508270067e-36,1
56.4,0,1,20.03,7,32.3,-27.87,5.245,0.0,1.277,7.74,0.225,2.856,0.002141802231570779,0
12.0,0,1,21.9,1,-29.8,-10.85,0.782,0.0,1.557,6.71,0.2252,185.739,0.0,1
21.1,0,1,6.07,1,13.9,-14.37,1.787,0.0,1.159,6.54,0.2202,85.93,0.0,1
75.4,1,1,13.18,3,-22.3,-29.34,2.534,0.0,1.344,6.64,0.2353,15.47,2.784390753211664e-54,1
46.9,0,1,5.59,1,-0.2,-18.73,1.443,0.0,1.432,6.78,0.2245,25.871,7.145660410302532e-148,1
45.4,0,1,0.94,0,25.0,-18.39,0.0,0.0,1.446,6.67,0.2206,29.461,4.511833078252636e-191,1
146.9,1,2,17.7,18,-25.4,-29.71,17.276,0.0,1.02,6.58,0.2205,10.597,1.5382575692324045e-26,1
56.6,0,1,13.72,5,34.3,-24.48,3.734,0.0,1.018,6.91,0.2298,6.228,2.3696415957455806e-10,0
177.2,1,2,18.1,19,7.8,-33.39,17.716,0.0,1.185,7.36,0.2204,5.156,1.2637787415585222e-07,0
46.9,0,1,2.19,0,-4.3,-16.57,0.0,0.0,1.408,6.47,0.2224,37.604,9.1068590338691e-310,1
22.5,0,1,24.89,5,-28.7,-23.25,4.568,3.835,2.073,7.57,0.2574,9.781,6.773831484462166e-23,1
27.5,0,1,24.86,0,8.1,-15.56,0.0,0.0,1.027,6.58,0.2532,72.617,0.0,1
61.2,0,1,11.62,2,2.2,-24.71,1.359,0.0,2.228,6.9,0.2234,7.187,3.3002603145429396e-13,1
61.2,0,1,21.65,8,-16.0,-32.95,7.877,0.0,1.603,7.72,0.2411,1.224,0.11050748506713237,0
96.0,1,1,6.09,1,1.9,-31.98,2.565,0.0,1.008,7.04,0.2224,10.622,1.1777109119878142e-26,1
50.5,0,1,18.44,5,-29.2,-25.3,5.214,0.0,1.398,7.43,0.2355,6.443,5.869303489944838e-11,0
71.8,1,1,21.98,13,35.0,-39.9,13.475,0.0,1.601,6.07,0.2351,5.129,1.455901000032818e-07,0
8.1,0,1,20.37,0,-8.4,-11.63,0.0,2.677,1.179,8.14,0.228,149.577,0.0,1
91.7,1,1,20.29,12,1.2,-36.61,7.405,0.0,1.282,7.05,0.2364,6.005,9.543180342421155e-10,0
33.4,0,1,11.58,1,21.0,-15.8,1.183,0.0,1.04,7.03,0.2318,46.986,0.0,1
198.3,1,2,20.5,18,16.3,-42.67,22.325,0.0,1.811,7.5,0.2411,1.657,0.04880055730286602,0
45.0,0,1,17.27,4,27.8,-24.68,5.716,0.0,1.223,7.88,0.2247,6.49,4.294680361563517e-11,0
86.6,1,1,3.31,2,31.2,-28.97,2.506,0.0,1.141,6.53,0.2201,14.781,9.678338806094106e-50,1
81.4,1,1,2.85,0,-17.7,-26.16,0.0,0.0,1.565,6.44,0.2238,21.963,3.248205088673277e-107,1
152.8,1,2,19.3,24,-4.6,-35.13,23.782,0.0,1.167,7.55,0.2392,4.526,3.005360998526118e-06,0
56.0,0,1,15.64,8,14.6,-28.22,8.032,0.0,1.221,7.62,0.2307,2.427,0.007611223043076566,0
39.4,0,1,12.98,3,-27.1,-19.64,1.741,0.0,1.176,6.23,0.2329,23.843,5.968819522353951e-126,1
60.0,0,1,22.68,14,16.6,-37.27,13.742,0.0,1.108,8.41,0.2501,0.303,0.3811306556648156,0
88.9,1,1,16.49,4,-29.7,-33.0,3.106,0.0,2.248,7.82,0.2296,7.611,1.3601265765261189e-14,1
32.5,0,1,9.9,0,29.4,-14.98,0.0,0.0,1.151,6.58,0.2266,67.438,0.0,1
33.4,0,1,10.35,4,16.7,-18.21,3.628,0.0,1.347,7.66,0.2281,28.535,2.1597590008672635e-179,1
60.4,0,1,15.13,4,6.8,-26.7,3.857,0.0,1.15,7.73,0.2356,3.97,3.59871422058075e-05,0
34.7,0,1,19.01,4,-2.1,-21.22,5.365,0.0,1.199,7.29,0.2341,15.4,8.142608500629223e-54,1
46.6,0,1,14.11,4,34.2,-23.93,3.293,0.0,1.97,6.86,0.2351,8.927,2.182408954154464e-19,1
15.0,0,1,12.72,2,17.9,-12.83,0.933,0.0,1.42,7.32,0.2252,142.045,0.0,1
96.4,1,1,18.17,9,22.5,-37.49,6.586,0.0,1.528,7.94,0.2233,4.732,1.112411714239874e-06,0
91.7,1,1,17.63,10,23.7,-38.99,9.767,0.0,1.358,7.1,0.2217,4.392,5.6037231158334875e-06,0
46.3,0,1,20.76,2,-28.6,-29.64,3.117,4.91,3.215,8.45,0.2232,2.218,0.013263891930064338,0
76.8,1,1,1.56,0,-26.4,-26.72,0.494,0.0,1.167,6.27,0.2206,22.75,7.113567339682738e-115,1
5.9,0,1,18.87,1,-17.1,-10.02,0.909,0.0,1.309,7.57,0.2481,214.806,0.0,1
101.9,1,1,12.84,1,12.6,-33.0,0.43,0.0,1.613,7.47,0.2346,7.993,6.58602531929042e-16,1
22.5,0,1,1.87,0,10.6,-11.3,0.0,0.0,1.171,6.51,0.2215,135.757,0.0,1
8.1,0,1,16.98,0,-8.9,-9.4,0.0,0.0,1.078,7.37,0.2269,261.769,0.0,1
33.8,0,1,17.91,6,33.2,-18.97,4.055,0.0,1.346,6.43,0.2396,23.325,1.2269832747941183e-120,1
90.5,1,1,13.09,3,-23.9,-33.48,2.575,0.0,1.221,7.33,0.24,9.346,4.551735729948317e-21,1
30.6,0,1,19.84,3,20.5,-19.65,3.385,0.0,1.12,6.69,0.2308,29.549,3.3936837555733428e-192,1
93.8,1,1,7.51,3,1.3,-34.26,4.025,0.0,1.397,7.32,0.2243,8.976,1.3984020110066422e-19,1
34.9,0,1,5.05,2,-2.8,-17.63,1.791,0.0,1.176,6.53,0.2265,39.598,0.0,1
79.8,1,1,8.77,1,-28.3,-33.37,1.578,4.542,1.294,6.87,0.2256,8.652,2.5406017377630896e-18,1
5.9,0,1,10.25,1,17.3,-8.79,0.64,0.0,1.179,7.11,0.2335,289.954,0.0,1
56.9,0,1,17.4,6,20.2,-26.06,3.848,0.0,1.078,7.6,0.2244,5.023,2.539984400206867e-07,0
79.8,1,1,21.14,7,-9.3,-34.67,6.647,0.0,1.169,6.45,0.2492,8.29,5.68038342809948e-17,1
91.3,1,1,18.02,6,3.6,-39.85,10.622,0.0,1.236,7.94,0.2237,3.885,5.1179738994197486e-05,0
56.4,0,1,4.35,1,9.4,-21.67,1.499,0.0,2.062,6.8,0.2248,9.737,1.0461018382302325e-22,1
120.6,1,2,9.16,2,-6.1,-21.23,2.966,0.0,1.446,6.4,0.2245,28.251,6.996299194019919e-176,1
192.4,1,2,3.96,1,10.0,-28.61,0.751,0.0,1.428,6.76,0.2248,12.17,2.251773173987681e-34,1
108.9,1,1,17.17,1,-1.8,-37.7,3.443,0.0,1.115,7.29,0.2244,5.233,8.334114696494477e-08,0
61.9,0,1,6.2,2,27.1,-25.3,1.255,0.0,1.014,6.44,0.2259,7.796,3.189087823830535e-15,1
76.0,1,1,13.13,11,16.7,-35.32,9.577,0.0,1.03,6.56,0.23,7.707,6.423814997931182e-15,1
71.8,1,1,19.8,7,-22.8,-32.79,7.075,0.0,1.509,7.48,0.229,9.887,2.3807142995911643e-23,1
131.8,1,2,16.77,16,22.0,-29.25,15.979,0.0,1.219,7.47,0.2322,9.837,3.913567086426935e-23,1
124.7,1,2,7.46,6,-8.1,-22.14,5.551,0.0,1.023,6.57,0.2309,25.224,1.0930074118482798e-140,1
45.0,0,1,8.32,1,30.8,-20.5,1.585,0.0,2.081,6.91,0.2295,19.009,7.242919041339953e-81,1
106.3,1,1,16.33,3,9.2,-40.22,6.112,0.0,1.077,7.33,0.2214,4.269,9.798943584592917e-06,0
58.1,0,1,13.74,2,-28.2,-25.5,3.519,0.0,1.447,6.47,0.2407,4.444,4.4224013736062876e-06,0
90.5,1,1,2.41,0,17.7,-29.58,0.434,0.0,1.184,6.89,0.2226,14.818,5.628946697758639e-50,1
52.3,0,1,21.85,7,-21.5,-25.06,4.474,0.0,1.415,7.58,0.2287,5.955,1.3003472596585762e-09,0
35.8,0,1,12.82,3,27.0,-18.44,2.294,0.0,1.417,7.16,0.2385,25.14,8.992007361960196e-140,1
45.5,0,1,11.83,1,31.6,-19.27,2.445,0.0,1.3,7.35,0.2288,17.351,9.666161447974775e-68,1
23.4,0,1,4.96,1,15.2,-13.17,0.576,0.0,1.424,6.85,0.224,105.084,0.0,1
38.4,0,1,9.42,0,4.6,-16.51,0.0,0.0,1.098,6.98,0.2235,44.956,0.0,1
63.5,0,1,8.32,5,9.1,-27.36,4.543,0.0,1.481,6.82,0.2324,3.348,0.0004062619658551341,0
23.4,0,1,6.77,1,-2.1,-13.21,0.634,0.0,1.084,7.21,0.2231,111.131,0.0,1
89.4,1,1,14.19,4,-24.6,-32.59,2.703,0.0,1.018,7.13,0.2342,9.57,5.338211543928505e-22,1
21.1,0,1,11.56,1,30.4,-13.45,1.43,0.0,1.307,6.51,0.2301,102.257,0.0,1
21.1,0,1,22.23,3,-8.6,-16.03,2.986,0.0,1.476,7.18,0.244,57.839,0.0,1
135.2,1,2,23.53,13,-9.7,-27.04,11.134,0.0,1.785,8.64,0.2228,12.132,3.553642124821103e-34,1
116.9,1,2,5.49,6,-17.6,-21.06,4.153,3.395,1.101,6.91,0.2244,25.341,5.663728038794644e-142,1
75.5,1,1,2.5,4,34.5,-26.19,2.349,0.0,1.212,6.19,0.2209,20.309,5.367909713682353e-92,1
87.1,1,1,19.63,7,31.3,-35.59,8.758,0.0,1.248,6.81,0.2236,6.927,2.1449395314635264e-12,1
23.2,0,1,24.87,0,-7.3,-14.49,0.0,0.0,1.111,8.01,0.2398,75.491,0.0,1
36.0,0,1,21.59,2,-13.1,-19.87,2.264,1.234,1.08,6.63,0.2349,22.565,4.7536285877305934e-113,1
33.5,0,1,0.59,1,22.3,-14.62,0.609,0.0,1.168,6.42,0.2204,65.164,0.0,1
115.3,1,2,6.28,8,-2.5,-21.65,4.768,0.0,1.822,7.15,0.2236,25.02,1.836697215782093e-138,1
33.8,0,1,1.08,0,32.9,-14.71,0.308,0.0,1.147,6.27,0.2205,66.828,0.0,1
46.9,0,1,20.52,1,28.6,-21.12,1.054,0.0,1.843,8.01,0.2209,14.955,7.247900160989708e-51,1
124.7,1,2,14.54,12,19.4,-27.1,10.648,0.0,1.453,6.7,0.2329,15.68,1.0288725283439844e-55,1
122.3,1,2,12.84,1,-24.2,-21.56,1.523,0.0,1.075,6.49,0.238,26.82,9.396841082526646e-159,1
91.0,1,1,13.86,3,15.6,-36.03,5.41,0.0,1.734,7.38,0.2302,5.906,1.754131959791536e-09,0
36.0,0,1,6.31,1,34.2,-15.61,0.979,0.0,1.142,6.68,0.2228,49.818,0.0,1
39.4,0,1,15.04,0,-5.7,-16.48,0.521,0.0,1.092,6.61,0.2271,34.372,3.261525664359531e-259,1
52.5,0,1,0.77,1,27.3,-20.19,0.546,0.0,1.449,6.74,0.2203,19.754,3.6886032794148633e-87,1
61.2,0,1,16.15,15,-3.5,-32.11,9.157,0.0,1.317,6.75,0.2307,1.226,0.11007317837453623,0
78.5,1,1,18.36,6,33.1,-33.56,7.401,0.0,1.8,7.07,0.2215,8.45,1.4620025774310002e-17,1
36.6,0,1,16.83,1,12.5,-21.3,3.189,0.0,2.855,7.64,0.226,15.419,6.062142101836142e-54,1
42.6,0,1,8.3,5,-23.7,-20.98,2.557,0.0,1.636,7.11,0.2322,17.354,9.254384261636316e-68,1
75.5,1,1,20.66,10,1.1,-35.86,10.083,0.0,1.082,7.8,0.2341,5.841,2.5940119970921144e-09,0
30.6,0,1,17.89,2,-26.8,-16.65,2.7,0.0,1.343,7.04,0.2218,41.51,0.0,1
32.5,0,1,3.21,0,-4.3,-13.13,0.0,0.0,1.047,7.08,0.2201,83.541,0.0,1
93.8,1,1,4.88,4,29.5,-35.37,4.92,0.0,1.178,6.61,0.2272,7.773,3.841327212500666e-15,1
45.0,0,1,15.93,9,-14.9,-28.43,9.222,0.0,1.09,7.22,0.239,3.233,0.0006132044775845204,0
35.8,0,1,7.24,0,31.8,-14.25,0.0,0.0,1.083,7.14,0.2229,65.606,0.0,1
46.3,0,1,2.99,0,-23.5,-19.48,0.384,0.0,1.608,6.29,0.2219,25.232,9.034986747903935e-141,1
61.2,0,1,3.87,1,13.2,-24.04,2.276,0.0,1.336,6.42,0.2244,6.142,4.0867923847363366e-10,0
42.6,0,1,4.14,0,32.8,-18.06,0.0,0.0,1.954,6.2,0.224,35.327,1.1305288402963065e-273,1
141.4,1,2,11.94,9,12.5,-26.82,8.685,0.0,1.18,7.58,0.2318,13.841,7.189363468802165e-44,1
85.7,1,1,15.18,14,28.4,-38.24,9.336,0.0,1.339,7.7,0.2285,4.347,6.8915620750757035e-06,0
20.4,0,1,4.41,0,34.4,-11.75,0.0,0.0,1.115,7.08,0.2255,147.531,0.0,1
102.0,1,1,17.81,9,11.7,-46.02,10.98,0.0,1.995,7.01,0.2389,1.753,0.03981948880709377,0
12.5,0,1,7.03,0,20.8,-9.74,0.381,0.0,1.06,6.68,0.2277,236.015,0.0,1
180.4,1,2,7.79,19,-27.9,-35.31,13.021,1.768,3.176,6.9,0.2229,5.454,2.4648936817272243e-08,0
58.1,0,1,5.59,0,-2.2,-21.91,0.469,0.0,1.065,6.9,0.2226,13.389,3.495471698032591e-41,1
36.9,0,1,19.63,1,-11.3,-19.99,0.537,2.809,1.074,6.99,0.2309,20.952,8.962286310873854e-98,1
135.2,1,2,24.0,19,23.6,-31.3,18.087,0.0,2.357,6.89,0.231,8.492,1.0144219255691409e-17,1
63.5,0,1,12.31,5,14.0,-26.19,3.553,0.0,1.249,6.76,0.2237,5.11,1.6079860263007805e-07,0
104.5,1,1,1.05,0,9.9,-32.13,0.0,0.0,1.242,6.2,0.2211,11.516,5.489367751729583e-31,1
122.3,1,2,6.51,1,30.6,-20.14,2.171,0.0,1.408,6.15,0.2263,29.231,3.9016070792752624e-188,1
24.4,0,1,3.95,1,-24.2,-13.78,0.947,0.927,1.135,6.31,0.2237,80.483,0.0,1
45.5,0,1,21.07,2,32.0,-21.42,2.026,0.0,1.066,6.94,0.2394,17.518,5.212442467079998e-69,1
177.2,1,2,2.12,1,-23.5,-25.3,0.845,0.0,1.768,7.04,0.2236,16.301,4.832587323870042e-60,1
10.5,0,1,24.16,5,-7.4,-16.39,4.2,2.176,1.26,7.13,0.2226,57.111,0.0,1
59.1,0,1,14.71,4,11.0,-26.46,3.781,0.0,1.319,6.17,0.2349,4.989,3.0347605107804507e-07,0
49.7,0,1,12.94,7,-7.8,-25.65,4.846,0.0,2.081,6.79,0.2359,6.019,8.763258112967158e-10,0
23.2,0,1,21.18,2,14.4,-15.3,1.774,0.0,1.222,6.99,0.2339,78.726,0.0,1
34.5,0,1,0.69,0,20.4,-15.83,0.0,0.0,1.079,7.03,0.2203,70.246,0.0,1
97.4,1,1,19.43,13,23.9,-45.5,13.784,0.0,1.477,7.02,0.236,1.867,0.030956753690921962,0
22.2,0,1,2.92,0,-18.3,-11.81,0.0,0.0,1.342,6.91,0.2237,139.926,0.0,1
122.3,1,2,21.02,20,-18.2,-30.37,19.256,0.0,1.137,6.61,0.2477,9.016,9.727869049030747e-20,1
152.9,1,2,13.23,5,-26.6,-24.62,3.729,0.0,1.084,7.18,0.2337,16.563,6.464841808130339e-62,1
108.6,1,1,1.53,0,1.9,-32.48,0.0,0.0,1.058,6.49,0.2215,10.267,4.947670288972423e-25,1
10.6,0,1,20.83,1,-21.1,-11.42,1.319,0.0,1.282,7.97,0.2484,170.33,0.0,1
93.8,1,1,0.68,0,-9.3,-30.14,0.156,0.0,1.188,6.43,0.2207,15.253,7.885794551790165e-53,1
72.7,1,1,3.46,3,24.6,-26.01,1.989,0.0,1.358,6.17,0.2219,22.414,1.4230643211900452e-111,1
32.8,0,1,19.95,2,31.7,-18.11,2.408,0.0,1.311,7.23,0.2256,32.805,2.4882656129029916e-236,1
60.0,0,1,11.62,5,23.4,-27.32,4.085,0.0,1.629,6.63,0.2223,4.344,7.006223767015338e-06,0
59.1,0,1,22.03,9,-30.0,-28.62,6.064,0.0,1.471,7.43,0.2329,2.631,0.0042535231458501275,0
113.4,1,2,15.89,4,6.9,-20.0,4.18,0.0,1.25,7.79,0.2207,27.537,3.1661295038472533e-167,1
169.8,1,2,15.59,11,-19.2,-32.36,9.214,3.597,1.322,8.2,0.2353,6.136,4.2418860224303375e-10,0
43.9,0,1,7.31,0,-5.6,-19.68,0.953,0.0,1.288,6.9,0.2297,23.227,1.201321827926636e-119,1
198.3,1,2,3.34,4,-2.2,-30.6,5.817,0.0,1.151,6.73,0.2233,8.855,4.165989570878726e-19,1
78.5,1,1,24.03,20,31.3,-45.22,12.88,0.0,2.317,8.16,0.2554,1.708,0.04385143643996406,0
187.7,1,2,2.62,1,11.2,-28.39,1.24,0.0,2.671,6.62,0.2236,11.533,4.501273310104162e-31,1
48.3,0,1,13.23,3,-12.6,-27.56,4.115,4.448,1.036,7.76,0.232,2.894,0.001904789055044714,0
23.2,0,1,6.81,1,11.8,-13.55,0.321,0.0,1.333,6.61,0.2213,104.266,0.0,1
64.6,0,1,6.6,5,31.9,-27.24,4.361,0.0,1.038,7.2,0.2219,3.681,0.0001163430022729893,0
60.0,0,1,14.86,1,-26.2,-24.49,1.345,0.0,1.384,7.19,0.2284,6.299,1.498573145531956e-10,0
85.7,1,1,19.95,9,23.0,-37.41,5.842,0.0,2.897,7.62,0.2251,5.433,2.7716478534811503e-08,0
5.4,0,1,19.43,1,-15.9,-9.83,0.506,0.0,1.375,6.75,0.2324,272.329,0.0,1
137.8,1,2,21.72,21,-20.0,-33.74,17.825,0.0,2.384,7.21,0.2528,5.697,6.093185342779409e-09,0
27.5,0,1,7.32,2,28.4,-14.72,1.136,0.0,1.182,6.43,0.2309,74.626,0.0,1
16.5,0,1,11.64,1,-29.9,-14.59,0.555,3.917,1.299,6.4,0.2337,63.444,0.0,1
22.0,0,1,0.23,0,18.2,-11.51,0.0,0.0,1.002,6.02,0.2202,164.767,0.0,1
32.5,0,1,18.67,4,-24.3,-20.09,3.913,0.0,1.049,7.73,0.2444,21.007,2.814447192914091e-98,1
111.7,1,2,7.56,10,10.2,-22.14,9.233,0.0,1.028,6.27,0.2309,24.64,2.3504534622153334e-134,1
131.8,1,2,14.04,8,10.4,-24.73,8.299,0.0,1.157,6.62,0.2379,17.577,1.8453150388824527e-69,1
39.5,0,1,4.23,2,26.1,-18.01,0.97,0.0,1.779,6.37,0.2241,33.118,8.275321681832846e-241,1
85.7,1,1,20.48,17,23.5,-40.09,11.391,0.0,1.142,6.53,0.235,4.293,8.819228126202443e-06,0
60.4,0,1,20.43,3,14.5,-25.24,3.731,0.0,1.265,6.64,0.2315,5.309,5.501849875109698e-08,0
134.9,1,2,21.94,6,-5.3,-23.3,5.174,0.0,1.133,6.61,0.2345,19.87,3.719599944997144e-88,1
30.1,0,1,1.15,0,-19.2,-14.28,0.0,0.0,1.693,6.43,0.2207,91.555,0.0,1
78.6,1,1,24.81,6,11.3,-30.11,3.346,0.0,1.015,6.75,0.2298,14.601,1.3763600062337052e-48,1
42.6,0,1,6.19,2,2.3,-19.39,1.499,0.0,1.528,7.19,0.2271,24.687,7.437611238034808e-135,1
148.1,1,2,7.74,1,-24.9,-25.84,2.287,4.049,1.046,7.51,0.2279,14.241,2.5674953921088245e-46,1
56.4,0,1,6.23,2,32.1,-22.02,2.161,0.0,1.075,6.46,0.223,10.463,6.38088317128575e-26,1
32.5,0,1,6.69,1,-9.6,-17.45,1.695,0.0,1.594,6.82,0.2253,41.142,0.0,1
27.5,0,1,13.82,0,-29.9,-15.31,1.309,0.0,1.477,7.09,0.2283,56.059,0.0,1
135.2,1,2,6.0,2,28.6,-21.1,2.365,0.0,1.204,6.89,0.2222,25.746,1.7819026974968171e-146,1
111.7,1,2,9.84,7,7.5,-20.29,6.425,0.0,1.329,7.01,0.2216,27.68,6.101925721851855e-169,1
65.4,1,1,16.39,8,17.6,-35.61,10.692,0.0,1.094,6.9,0.2331,7.623,1.2430413321039403e-14,1
22.2,0,1,20.9,2,-20.1,-15.27,1.633,0.0,1.031,6.74,0.2401,65.787,0.0,1
23.1,0,1,17.32,2,-3.7,-15.59,1.588,0.0,2.775,7.91,0.2201,50.261,0.0,1
107.4,1,1,14.86,11,11.9,-41.15,9.133,0.0,1.294,7.26,0.2208,2.8,0.002552036697770905,0
34.6,0,1,3.69,2,-13.7,-15.9,1.08,0.0,1.644,7.16,0.2213,52.043,0.0,1
88.9,1,1,20.4,4,15.6,-34.84,4.623,0.0,1.044,7.98,0.243,6.324,1.277878026891407e-10,0
78.8,1,1,0.93,1,-14.8,-26.03,0.685,0.0,1.287,6.46,0.2213,21.162,1.0780070110887497e-99,1
56.6,0,1,6.6,2,-16.4,-23.56,1.431,0.0,2.172,7.19,0.2245,8.834,5.044790987022046e-19,1
11.2,0,1,1.43,0,-29.2,-8.95,0.0,0.892,1.047,6.44,0.2227,249.881,0.0,1
83.2,1,1,16.69,9,-11.7,-38.11,9.366,0.0,1.203,7.83,0.2329,4.527,2.994257471461182e-06,0
45.4,0,1,9.21,0,-14.0,-17.17,0.593,0.0,1.014,7.04,0.2294,34.225,5.102779445296369e-257,1
12.1,0,1,16.3,0,19.7,-10.49,0.0,0.0,1.44,6.57,0.2331,213.447,0.0,1
198.3,1,2,8.68,10,7.0,-32.41,8.426,0.0,1.021,7.02,0.2321,6.679,1.2001396719178582e-11,0
68.5,1,1,11.39,4,-18.4,-26.86,2.877,0.0,1.201,7.53,0.2226,18.209,2.173907913913807e-74,1
97.4,1,1,11.45,7,6.9,-39.14,7.002,0.0,1.041,7.23,0.2209,4.521,3.080173778495173e-06,0
152.8,1,2,1.14,0,-15.3,-21.12,0.0,0.0,1.204,6.68,0.2212,25.972,5.148907246497908e-149,1
5.4,0,1,10.76,0,-2.3,-9.34,0.0,0.0,1.904,6.84,0.2306,300.457,0.0,1
97.4,1,1,16.03,22,27.7,-50.79,18.164,0.0,1.227,7.84,0.2401,0.726,0.23401528376812936,0
100.3,1,1,13.65,12,16.8,-42.27,9.336,0.0,1.798,6.57,0.23,2.997,0.0013623157825240668,0
27.5,0,1,1.88,1,12.3,-12.51,0.35,0.0,1.301,6.53,0.2205,96.499,0.0,1
11.2,0,1,16.7,0,-11.7,-9.96,0.0,0.0,1.439,8.12,0.2293,231.276,0.0,1
113.4,1,2,7.72,2,-21.9,-17.39,0.647,0.0,1.101,7.05,0.2295,36.63,4.687304127480924e-294,1
125.8,1,2,0.36,0,18.9,-18.72,0.0,0.0,1.135,6.73,0.2202,33.489,3.481682427143521e-246,1
113.4,1,2,3.89,3,6.9,-19.17,2.305,0.0,1.668,6.45,0.225,33.022,1.9817467252841243e-239,1
30.6,0,1,12.44,3,10.5,-16.97,3.058,0.0,1.317,7.08,0.2222,37.807,0.0,1
72.7,1,1,7.76,1,33.4,-23.98,0.122,0.0,1.064,6.51,0.2249,27.179,5.67707086583029e-163,1
45.4,0,1,17.36,6,-7.4,-25.82,6.307,0.0,1.028,6.58,0.2387,6.117,4.769427811707281e-10,0
50.5,0,1,6.02,2,22.0,-21.48,1.44,0.0,1.975,7.19,0.2232,14.208,4.093986059553383e-46,1
81.1,1,1,19.32,13,6.3,-42.88,13.506,0.0,1.605,7.82,0.2392,2.707,0.0033945266432584193,0
88.9,1,1,7.16,5,-14.7,-33.29,4.747,0.0,1.236,6.24,0.2309,9.721,1.228421048167821e-22,1
46.6,0,1,15.52,0,-26.6,-20.75,2.024,0.0,1.475,6.44,0.2215,16.698,6.762276550244521e-63,1
89.4,1,1,19.98,15,10.0,-40.95,13.779,0.0,1.056,6.22,0.221,3.654,0.00012903986521601728,0
60.4,0,1,9.64,0,-10.7,-22.66,0.676,0.0,1.264,6.36,0.2289,11.339,4.181322714793479e-30,1
134.9,1,2,1.17,2,15.2,-20.88,1.973,0.0,1.412,6.34,0.2217,26.762,4.4464436945938196e-158,1
96.0,1,1,13.39,6,15.5,-35.74,3.943,0.0,1.393,7.04,0.2298,7.431,5.40009888055927e-14,1
88.9,1,1,24.89,15,-0.4,-44.22,11.187,0.0,2.457,6.72,0.2374,2.273,0.011519070907451886,0
111.7,1,2,24.22,5,4.9,-20.12,5.259,0.0,1.389,6.94,0.2282,28.362,2.9813799535482567e-177,1
80.8,1,1,5.53,1,10.7,-28.37,1.902,0.0,1.277,6.94,0.223,15.765,2.69859949442739e-56,1
198.3,1,2,18.89,24,0.5,-39.85,22.936,0.0,1.355,7.61,0.2201,2.498,0.0062493275827163975,0
22.0,0,1,8.62,0,27.0,-13.57,0.611,0.0,1.255,7.12,0.2268,119.057,0.0,1
159.0,1,2,4.01,9,-25.1,-29.0,7.796,4.265,1.703,6.45,0.2254,11.173,2.76429786800929e-29,1
131.1,1,2,16.65,11,33.7,-26.81,11.163,0.0,1.237,7.04,0.2395,13.645,1.0878391784882567e-42,1
50.5,0,1,12.52,4,-27.8,-27.32,4.788,2.031,1.111,6.51,0.2288,3.451,0.0002789214547681304,0
52.0,0,1,13.48,6,-16.5,-28.04,5.346,3.413,1.057,7.31,0.2292,2.594,0.0047451745716905105,0
91.7,1,1,20.68,15,16.0,-46.55,14.736,0.0,1.064,6.69,0.241,1.636,0.05094982646725085,0
47.0,0,1,8.41,1,-24.5,-19.99,1.431,0.0,1.489,7.59,0.2323,17.498,7.374811734543275e-69,1
50.5,0,1,16.68,0,-13.0,-21.05,0.0,0.0,1.6,6.98,0.2388,14.87,2.574086588315047e-50,1
56.4,0,1,9.15,1,-20.0,-24.12,2.206,0.0,1.047,6.7,0.2272,7.994,6.508928580350624e-16,1
108.6,1,1,1.07,0,17.0,-32.42,0.0,0.0,1.093,6.6,0.2215,10.32,2.854041444837295e-25,1
88.9,1,1,9.45,9,7.6,-36.07,7.985,0.0,1.072,6.4,0.234,6.323,1.2867637407574744e-10,0
131.8,1,2,23.75,10,-25.8,-24.93,9.672,0.0,1.46,7.77,0.2461,14.916,1.293190925424596e-50,1
5.4,0,1,12.08,0,-0.1,-9.41,0.705,0.0,1.377,6.41,0.2364,266.127,0.0,1
147.0,1,2,2.71,1,-16.4,-22.43,1.311,0.0,1.102,6.7,0.2241,24.12,7.804135465048753e-129,1
102.0,1,1,17.2,13,32.9,-44.48,10.137,0.0,1.432,6.68,0.2347,2.216,0.013330924997872388,0
24.4,0,1,24.08,2,-23.0,-17.13,1.977,0.0,1.629,6.87,0.2311,44.473,0.0,1
152.8,1,2,22.7,26,8.9,-35.26,21.077,0.0,1.001,7.63,0.245,4.498,3.43187740386321e-06,0
69.2,1,1,14.3,7,1.3,-30.47,4.56,0.0,1.701,6.9,0.2236,13.192,4.867346880750708e-40,1
126.5,1,2,9.41,0,7.6,-19.15,1.286,0.0,1.207,6.9,0.2247,30.314,3.7478911652969153e-202,1
55.1,0,1,14.52,11,32.2,-31.99,6.988,0.0,3.254,7.19,0.2287,1.444,0.07436812766089348,0
21.7,0,1,20.4,0,-7.8,-14.88,0.522,0.0,1.785,8.22,0.2461,72.734,0.0,1
33.5,0,1,21.53,4,18.7,-21.14,4.092,0.0,2.26,7.54,0.234,14.409,2.2672825535511333e-47,1
26.6,0,1,20.47,1,-0.9,-14.46,1.256,0.0,1.028,8.03,0.2391,81.21,0.0,1
52.3,0,1,11.39,1,12.9,-21.55,1.017,0.0,1.154,6.17,0.2348,14.596,1.491698556754842e-48,1
15.0,0,1,2.97,0,-6.2,-13.29,0.482,2.963,1.024,7.05,0.2207,98.321,0.0,1
125.2,1,2,14.23,1,-15.2,-22.25,2.894,0.0,1.918,7.1,0.2348,21.812,8.9252486326168e-106,1
44.0,0,1,3.91,3,-24.6,-20.42,3.369,0.0,1.38,6.86,0.2245,15.297,3.9734851303929254e-53,1
78.8,1,1,1.52,1,-23.4,-24.67,0.562,0.0,1.287,6.7,0.2217,22.253,5.3050163804574e-110,1
46.6,0,1,12.47,0,32.4,-18.52,0.623,0.0,1.228,7.35,0.237,22.18,2.660037540945937e-109,1
46.9,0,1,16.38,7,21.2,-27.42,6.959,0.0,1.022,6.4,0.233,3.801,7.210982314998085e-05,0
141.4,1,2,21.35,10,-14.1,-26.99,7.269,0.0,1.163,6.95,0.2253,14.759,1.3518813835222197e-49,1
104.5,1,1,19.57,5,4.4,-40.22,6.637,0.0,1.137,7.66,0.2397,3.485,0.0002459892529990468,0
49.7,0,1,21.43,9,16.4,-26.7,6.714,0.0,1.023,6.98,0.2334,4.585,2.266863119083365e-06,0
171.3,1,2,19.0,27,-7.1,-40.81,24.735,0.0,1.146,6.95,0.2484,2.368,0.008944744945268547,0
36.0,0,1,17.58,4,-1.4,-20.79,4.125,0.0,1.03,7.87,0.2415,14.014,6.37756712740134e-45,1
131.8,1,2,0.25,0,16.7,-18.87,0.0,0.0,2.442,6.72,0.2201,29.946,2.4686975264394903e-197,1
88.9,1,1,15.65,10,-15.2,-45.58,16.007,0.0,1.245,6.23,0.2291,1.991,0.023223263583029785,0
49.7,0,1,3.01,0,4.2,-17.37,0.0,0.0,1.173,6.81,0.2207,31.514,2.7707899884173587e-218,1
30.6,0,1,1.47,0,-16.3,-14.35,0.0,0.0,1.395,6.71,0.2223,77.765,0.0,1
56.4,0,1,3.91,0,-29.8,-22.68,1.409,0.0,1.693,6.79,0.2208,10.822,1.35822366192439e-27,1
123.5,1,2,20.58,12,14.9,-24.16,11.021,0.0,1.319,7.24,0.2325,17.6,1.2212166274838118e-69,1
93.8,1,1,18.6,8,16.0,-40.5,8.744,0.0,1.526,8.41,0.2257,3.29,0.0005005561204433808,0
56.6,0,1,23.72,6,34.7,-27.1,4.251,0.0,1.449,8.27,0.2361,4.166,1.5506107957117265e-05,0
122.3,1,2,24.47,22,-18.2,-32.34,20.823,0.0,1.347,8.2,0.2495,5.86,2.3135916330016934e-09,0
152.9,1,2,22.33,9,18.1,-27.28,6.013,0.0,1.375,7.78,0.2208,13.079,2.180761917865261e-39,1
9.4,0,1,3.32,0,31.6,-9.82,0.0,0.0,1.421,6.92,0.2213,238.223,0.0,1
36.6,0,1,21.96,4,11.9,-21.82,3.631,0.0,1.057,6.47,0.2476,15.015,2.9119090581384206e-51,1
75.5,1,1,20.97,0,32.6,-26.54,1.845,0.0,1.017,6.94,0.2292,19.919,1.388232958285684e-88,1
122.3,1,2,21.78,13,34.6,-24.68,10.274,0.0,1.75,7.57,0.2301,16.768,2.0849081600620434e-63,1
169.2,1,2,3.79,3,22.1,-26.86,4.605,0.0,2.124,6.7,0.2216,13.123,1.2077961536131254e-39,1
23.5,0,1,2.92,1,35.0,-12.26,0.739,0.0,1.004,6.91,0.223,124.0,0.0,1
131.1,1,2,23.1,16,10.7,-27.32,9.423,0.0,1.562,6.86,0.2507,13.462,1.315314695855108e-41,1
125.5,1,2,4.35,1,2.3,-19.24,1.038,0.0,1.554,7.13,0.2224,30.463,3.9726854932510495e-204,1
112.3,1,2,9.22,6,29.6,-20.18,5.317,0.0,1.522,6.67,0.2334,30.321,3.004236506345665e-202,1
158.6,1,2,11.4,5,24.0,-25.91,3.707,0.0,1.212,6.83,0.2226,16.671,1.0600132695861743e-62,1
104.5,1,1,3.11,1,-22.8,-37.84,0.266,4.931,1.017,6.36,0.2245,6.087,5.737292748672792e-10,0
88.9,1,1,0.52,0,-10.3,-29.79,0.0,0.0,1.619,6.2,0.2205,18.068,2.854896347227427e-73,1
145.8,1,2,24.85,15,-13.1,-32.55,14.366,2.003,1.874,7.34,0.2266,7.257,1.9742499315914723e-13,1
20.4,0,1,21.92,0,25.6,-14.83,1.351,0.0,1.02,6.84,0.2423,82.486,0.0,1
7.1,0,1,22.81,1,-14.8,-13.82,0.536,2.729,1.304,7.57,0.2289,121.84,0.0,1
45.5,0,1,7.11,1,-10.2,-23.87,0.573,4.977,1.297,6.52,0.2217,8.604,3.8623559761560816e-18,1
10.3,0,1,5.5,0,3.7,-11.12,0.0,0.0,1.908,6.66,0.224,214.18,0.0,1
14.1,0,1,10.65,5,-25.1,-12.81,2.357,0.0,1.576,7.22,0.2233,100.352,0.0,1
52.0,0,1,11.33,1,32.5,-23.25,1.565,0.0,1.894,7.19,0.2289,10.189,1.115051315331746e-24,1
70.1,1,1,0.14,0,1.9,-23.59,0.37,0.0,1.137,6.99,0.2202,27.816,1.3756798888947717e-170,1
123.7,1,2,19.48,14,-17.6,-25.11,12.477,0.0,1.012,6.59,0.2205,18.783,5.1625409194352347e-79,1
43.9,0,1,24.92,12,-12.4,-35.34,11.484,4.917,1.282,7.8,0.234,0.728,0.23327220994650488,0
59.1,0,1,13.22,5,21.9,-23.69,4.063,0.0,1.144,6.87,0.2322,5.949,1.3487745627015567e-09,0
125.8,1,2,9.71,2,11.2,-20.5,3.636,0.0,1.081,6.97,0.2271,26.185,1.9688440388475618e-151,1
115.3,1,2,9.82,2,0.2,-21.18,2.72,0.0,1.078,7.64,0.2287,27.335,8.211429423943541e-165,1
74.0,1,1,2.4,3,-8.4,-26.11,1.62,0.0,1.376,6.84,0.2203,20.203,4.587759876284563e-91,1
91.0,1,1,6.65,4,28.5,-33.29,4.639,0.0,1.379,6.75,0.2253,9.961,1.126660076438802e-23,1
56.6,0,1,12.55,5,20.2,-28.31,5.913,0.0,1.193,6.68,0.2324,3.203,0.0006808041030743132,0
22.2,0,1,10.8,0,16.7,-13.15,0.0,0.0,1.481,6.67,0.2297,115.328,0.0,1
21.7,0,1,13.63,1,-1.0,-13.29,0.454,0.0,1.478,6.73,0.2209,98.179,0.0,1
141.4,1,2,21.23,19,33.8,-31.32,17.965,0.0,1.829,7.08,0.2233,7.591,1.581134866068041e-14,1
21.5,0,1,5.63,0,16.2,-12.51,0.0,0.0,1.674,6.45,0.2258,130.283,0.0,1
158.9,1,2,0.69,1,-2.5,-22.36,0.4,0.0,1.521,6.12,0.2202,24.449,2.5696541802524733e-132,1
5.9,0,1,0.96,0,32.4,-8.39,0.0,0.0,1.168,6.76,0.2204,392.756,0.0,1
36.9,0,1,3.35,0,28.2,-16.34,0.0,0.0,2.019,7.13,0.2222,49.751,0.0,1
78.5,1,1,14.26,4,18.1,-30.53,2.614,0.0,1.87,7.33,0.2294,12.438,8.134443933508804e-36,1
146.9,1,2,20.2,21,19.9,-34.09,21.989,0.0,1.197,8.35,0.2217,4.859,5.898912075159044e-07,0
83.5,1,1,22.17,10,-2.5,-40.63,11.072,0.0,1.338,8.6,0.2351,3.046,0.0011587090896824298,0
78.5,1,1,15.88,4,3.0,-31.59,4.42,0.0,1.232,7.95,0.23,11.116,5.225680207897245e-29,1
23.1,0,1,10.08,1,-17.5,-15.02,0.857,3.519,1.016,7.18,0.2246,57.766,0.0,1
106.3,1,1,3.86,2,8.7,-33.78,2.375,0.0,1.389,7.06,0.223,8.005,5.987256348342322e-16,1
52.0,0,1,10.04,4,-6.0,-26.98,2.708,3.85,2.111,7.05,0.2311,3.49,0.00024115253532659583,0
43.9,0,1,8.31,0,-7.4,-18.25,0.0,0.907,1.019,7.01,0.2325,32.29,4.7832794455951e-229,1
71.4,1,1,21.75,7,31.6,-32.96,5.761,0.0,1.172,7.12,0.2516,8.751,1.0604371781690763e-18,1
52.5,0,1,12.17,2,-19.3,-21.08,1.233,0.0,1.085,6.49,0.2329,14.793,8.10172221466473e-50,1
32.9,0,1,5.65,2,23.9,-16.89,2.232,0.0,1.668,6.45,0.222,37.941,0.0,1
125.5,1,2,7.22,2,-11.7,-20.64,0.672,0.0,1.642,7.08,0.2292,27.106,4.133229724469171e-162,1
33.4,0,1,3.41,1,-28.1,-15.43,0.721,0.0,1.044,6.54,0.2223,65.308,0.0,1
103.0,1,1,22.96,30,-27.4,-54.31,20.923,0.0,1.048,7.88,0.2272,0.411,0.34065690851192193,0
50.7,0,1,1.26,0,-2.1,-17.9,0.0,0.0,1.055,6.65,0.2207,27.636,2.062815882665672e-168,1
51.0,0,1,0.32,0,-0.5,-18.06,0.0,0.0,1.049,6.89,0.22,29.591,9.654142258095869e-193,1
55.1,0,1,4.57,2,-9.2,-21.53,1.132,0.0,1.079,7.07,0.2229,13.375,4.218612257292079e-41,1
79.5,1,1,20.27,12,13.5,-38.26,11.13,0.0,1.032,8.13,0.2444,4.198,1.347522281168373e-05,0
148.3,1,2,13.09,4,1.5,-23.68,4.535,0.0,1.159,6.71,0.2202,20.858,6.511262010045277e-97,1
59.1,0,1,15.65,3,-25.2,-25.28,1.808,0.857,1.108,7.02,0.2205,5.122,1.510525499065764e-07,0
148.3,1,2,8.94,7,-7.4,-28.26,6.268,3.474,2.484,7.35,0.2225,12.192,1.7051681944399266e-34,1
123.7,1,2,1.72,0,-23.4,-19.08,0.0,1.554,1.176,6.95,0.221,31.822,1.5894541859417866e-222,1
23.5,0,1,21.4,0,-25.9,-13.85,0.338,0.0,1.233,8.39,0.2412,106.115,0.0,1
46.6,0,1,4.8,1,-16.5,-19.87,0.843,0.0,2.089,6.77,0.2215,20.051,9.970119799091925e-90,1
12.0,0,1,0.83,0,15.5,-9.7,0.0,0.0,2.391,6.64,0.2205,207.883,0.0,1
21.5,0,1,14.32,1,15.2,-14.9,0.545,0.0,1.279,6.95,0.2337,91.049,0.0,1
113.2,1,2,2.08,2,26.0,-17.86,1.063,0.0,1.196,7.09,0.2208,34.962,4.263510465172936e-268,1
35.8,0,1,2.39,1,19.2,-16.68,1.568,0.0,1.293,6.62,0.2206,42.795,0.0,1
30.6,0,1,20.01,4,4.8,-16.71,2.468,0.0,1.115,7.89,0.2466,40.365,0.0,1
36.0,0,1,12.29,1,-9.7,-16.53,1.481,0.0,1.025,7.12,0.2242,47.729,0.0,1
12.0,0,1,6.04,0,-29.6,-9.66,0.0,0.0,1.102,6.32,0.2287,259.556,0.0,1
56.4,0,1,8.72,2,12.1,-22.43,1.098,0.0,1.273,6.62,0.2324,9.913,1.8327993054116205e-23,1
106.3,1,1,18.23,8,-11.2,-46.25,9.833,0.0,1.847,7.43,0.2456,1.484,0.06896554223117299,0
141.4,1,2,1.66,0,-13.7,-20.68,0.0,0.0,1.095,6.32,0.2215,29.898,1.0398375665145377e-196,1
36.9,0,1,2.91,0,33.4,-15.91,0.0,0.0,1.34,6.68,0.2232,52.203,0.0,1
36.6,0,1,15.41,1,-18.7,-19.06,1.488,0.0,1.866,6.8,0.2261,23.872,2.9823736655814094e-126,1
76.8,1,1,15.17,3,-27.9,-31.6,5.005,0.0,2.124,6.55,0.222,12.735,1.8999884509739294e-37,1
119.5,1,2,24.31,22,31.7,-31.99,24.166,0.0,1.038,7.01,0.239,6.866,3.2900778349082687e-12,1
169.2,1,2,9.36,6,-10.1,-29.69,9.492,0.0,1.766,7.34,0.2216,9.31,6.3862284718224475e-21,1
23.5,0,1,1.63,0,-4.4,-11.86,0.0,0.0,1.627,6.13,0.222,128.274,0.0,1
51.0,0,1,13.44,1,-24.7,-21.52,0.615,0.894,1.531,7.3,0.2307,13.466,1.2354666455372462e-41,1
93.8,1,1,15.96,7,-3.7,-35.97,6.028,0.0,1.386,7.55,0.2216,6.045,7.46043287170105e-10,0
10.3,0,1,3.49,0,33.2,-10.09,0.0,0.0,1.264,6.21,0.2238,225.473,0.0,1
96.0,1,1,13.82,0,15.1,-31.77,0.0,0.0,1.125,7.85,0.2301,9.236,1.2767846627522789e-20,1
79.5,1,1,4.94,2,0.8,-27.59,2.693,0.0,1.23,6.18,0.2234,17.6,1.2343231503086108e-69,1
46.6,0,1,21.12,4,-10.0,-23.64,2.537,1.595,2.65,7.55,0.238,8.36,3.148279923902714e-17,1
125.8,1,2,20.88,14,-6.2,-26.28,9.911,0.0,1.605,6.91,0.2448,13.63,1.3260558140379832e-42,1
68.5,1,1,10.74,5,9.7,-28.9,4.587,0.0,1.689,6.85,0.2223,15.196,1.8692162358511516e-52,1
181.8,1,2,24.17,29,-13.5,-42.89,28.286,1.716,2.556,6.7,0.2244,2.075,0.018972626219551772,0
124.7,1,2,24.49,13,-20.1,-27.6,14.602,0.0,1.083,8.4,0.2267,11.029,1.3904019047250584e-28,1
13.1,0,1,3.23,0,15.3,-10.12,0.0,0.0,1.19,6.33,0.2215,218.27,0.0,1
27.5,0,1,9.19,1,26.5,-15.49,1.867,0.0,1.468,7.13,0.2303,49.684,0.0,1
101.9,1,1,15.01,2,28.6,-33.79,0.938,0.0,1.003,7.67,0.2334,8.232,9.198984587908022e-17,1
12.5,0,1,2.12,0,24.7,-10.26,0.0,0.0,1.391,6.37,0.2202,226.068,0.0,1
101.2,1,1,9.57,5,4.5,-38.32,5.835,0.0,1.859,6.63,0.2318,4.903,4.729709334516858e-07,0
24.4,0,1,6.53,2,21.3,-13.04,0.907,0.0,1.214,7.01,0.2204,103.173,0.0,1
38.4,0,1,23.8,6,30.2,-25.23,9.046,0.0,1.311,7.2,0.2274,5.99,1.049124086982159e-09,0
24.4,0,1,10.29,1,-28.5,-12.3,0.245,0.0,1.026,7.16,0.2343,116.995,0.0,1
112.3,1,2,19.07,9,-3.2,-23.81,9.76,0.0,1.132,7.78,0.2301,18.003,9.273375247568688e-73,1
5.9,0,1,9.67,0,-16.7,-10.25,0.47,2.058,1.2,6.79,0.2253,211.851,0.0,1
45.1,0,1,3.3,1,34.8,-17.76,0.45,0.0,1.289,6.52,0.2209,34.305,3.3497151924230847e-258,1
86.6,1,1,21.58,10,30.4,-38.72,8.382,0.0,1.809,7.95,0.2258,3.882,5.188480166000452e-05,0
123.5,1,2,0.01,0,22.1,-17.7,0.0,0.0,1.717,6.85,0.22,35.019,5.718667615021208e-269,1
33.4,0,1,1.4,1,-10.8,-17.0,0.744,2.535,1.42,6.93,0.222,34.869,1.1110784580921878e-266,1
180.4,1,2,9.11,11,31.9,-32.04,8.589,0.0,1.314,7.13,0.23,7.356,9.441769572711464e-14,1
171.3,1,2,17.17,24,-28.1,-37.22,23.608,0.0,1.385,7.66,0.2302,3.635,0.0001390915066383919,0
124.7,1,2,8.54,4,-17.8,-23.1,8.238,0.0,1.851,7.41,0.23,19.055,2.979175748104571e-81,1
30.6,0,1,1.66,0,10.1,-14.35,0.0,0.0,1.109,6.23,0.2207,81.958,0.0,1
36.6,0,1,7.95,0,21.5,-19.51,1.187,0.0,2.798,7.25,0.2241,26.595,3.90943345846981e-156,1
58.1,0,1,6.12,0,27.4,-22.57,1.774,0.0,1.246,6.38,0.2281,9.995,7.977512038224851e-24,1
27.5,0,1,0.14,0,-10.5,-13.14,0.0,0.0,1.354,6.84,0.2203,89.319,0.0,1
113.2,1,2,13.37,1,-4.6,-20.13,0.282,0.0,1.301,6.26,0.2372,33.937,9.36507413542663e-253,1
56.4,0,1,2.92,3,-0.4,-22.61,1.381,0.0,1.07,6.98,0.2211,11.716,5.284389897589087e-32,1
107.4,1,1,7.19,3,-28.2,-38.16,2.194,0.53,2.564,6.53,0.2304,5.418,3.011173874833647e-08,0
91.0,1,1,16.03,11,26.2,-40.96,10.718,0.0,1.918,6.51,0.2255,3.712,0.00010261470354459094,0
28.9,0,1,18.13,2,-8.0,-17.56,2.758,0.0,1.049,8.04,0.2281,39.999,0.0,1
57.0,0,1,6.59,2,-17.0,-27.23,3.352,2.19,1.118,6.54,0.2258,4.035,2.7324909094424923e-05,0
97.4,1,1,8.23,5,-3.4,-33.71,2.237,0.0,1.063,6.98,0.2225,9.463,1.4956360408947425e-21,1
136.4,1,2,6.17,3,16.2,-21.71,2.293,0.0,1.98,6.7,0.2202,23.588,2.543512247567189e-123,1
86.6,1,1,23.92,11,26.6,-37.71,7.786,0.0,1.216,6.94,0.2308,5.165,1.2026493409926514e-07,0
26.3,0,1,4.76,1,-16.0,-12.63,0.81,0.0,1.227,6.34,0.2234,119.586,0.0,1
20.4,0,1,4.58,0,-18.8,-12.54,0.395,0.0,2.202,6.26,0.2205,121.457,0.0,1
85.7,1,1,11.13,6,31.3,-36.03,6.884,0.0,1.471,6.76,0.2331,6.391,8.216345124979258e-11,0
32.8,0,1,4.73,0,5.8,-15.15,0.0,0.0,1.164,7.23,0.222,71.145,0.0,1
135.8,1,2,3.92,1,-6.2,-21.07,0.193,0.0,2.415,6.68,0.2212,27.148,1.3378726559995266e-162,1
6.0,0,1,2.4,0,-17.0,-7.78,0.0,0.0,1.288,6.93,0.2226,408.319,0.0,1
36.6,0,1,16.0,6,34.7,-20.0,2.576,0.0,1.651,7.46,0.2411,20.265,1.3088878162999212e-91,1
119.5,1,2,15.3,4,16.7,-21.45,4.204,0.0,1.064,6.8,0.2304,26.346,2.8785252533372093e-153,1
102.0,1,1,16.25,3,-15.8,-38.14,4.37,0.0,1.042,6.74,0.2307,4.876,5.403375977128054e-07,0
69.2,1,1,19.33,1,-24.1,-28.33,1.24,0.664,1.22,7.13,0.2349,16.408,8.313646502128742e-61,1
67.3,1,1,8.16,1,-17.0,-23.03,1.043,0.0,1.039,7.11,0.2223,26.227,6.577770751738795e-152,1
23.1,0,1,22.96,7,-13.9,-18.51,6.219,0.0,1.686,7.23,0.231,27.801,2.1088384269741457e-170,1
58.1,0,1,18.33,11,-22.8,-30.52,7.675,0.0,1.85,6.99,0.233,1.457,0.07248947640206437,0
26.3,0,1,20.12,1,-15.1,-18.56,0.791,3.127,1.276,6.49,0.2503,34.797,1.3270855526945038e-265,1
141.4,1,2,18.02,3,-22.4,-23.7,5.194,0.0,1.265,7.44,0.231,17.776,5.4315725719389595e-71,1
152.8,1,2,8.96,3,-5.4,-25.05,4.006,2.171,1.902,7.63,0.2208,14.861,2.9494715590817243e-50,1
23.4,0,1,7.08,2,1.6,-15.93,2.107,0.0,1.162,6.37,0.2227,72.097,0.0,1
68.5,1,1,10.56,3,-0.4,-31.91,6.355,0.0,1.189,6.96,0.2347,10.967,2.7669440353044195e-28,1
50.5,0,1,2.43,0,23.9,-20.05,0.0,0.0,2.104,6.35,0.2231,18.633,8.700163147474886e-78,1
56.6,0,1,11.28,1,-13.5,-27.92,1.202,4.977,1.955,7.21,0.2308,2.85,0.002188993595378618,0
46.9,0,1,1.08,0,27.7,-17.79,0.0,0.0,1.019,6.95,0.2209,35.717,1.0673846749715481e-279,1
56.4,0,1,0.1,0,29.0,-21.1,0.0,0.0,1.541,6.75,0.2201,15.128,5.253500115745923e-52,1
135.8,1,2,23.29,6,32.4,-25.97,7.782,0.0,1.483,7.36,0.2536,14.549,2.955696926380531e-48,1
45.1,0,1,17.23,3,-18.2,-22.82,5.405,0.0,1.347,6.31,0.2317,9.969,1.0409998823052568e-23,1
135.5,1,2,14.05,14,-14.0,-30.2,11.676,1.907,2.033,7.51,0.2371,9.776,7.133402400884623e-23,1
46.9,0,1,8.53,3,10.5,-21.85,2.339,0.0,1.933,6.51,0.2312,11.175,2.692465562509813e-29,1
69.2,1,1,14.26,11,-20.8,-31.26,7.733,0.0,1.424,6.41,0.2249,12.585,1.2754507489781278e-36,1
34.7,0,1,22.29,3,-24.4,-19.16,2.809,0.0,1.302,7.19,0.2334,23.259,5.727568001155229e-120,1
22.8,0,1,16.31,3,-25.2,-18.41,4.56,0.0,1.505,6.05,0.2381,31.064,3.697038427148648e-212,1
56.9,0,1,15.06,9,9.4,-28.59,6.872,0.0,1.046,6.27,0.2253,2.456,0.007026140092635664,0
90.9,1,1,11.51,7,22.3,-36.47,6.184,0.0,1.355,6.75,0.2255,6.706,1.0016534996956594e-11,0
5.9,0,1,8.64,0,-13.2,-7.87,0.0,0.0,1.489,7.22,0.2248,309.219,0.0,1
34.6,0,1,17.46,8,30.7,-23.72,6.154,0.0,1.022,8.12,0.2455,10.421,9.984536447362785e-26,1
126.5,1,2,24.52,12,21.5,-26.31,10.982,0.0,1.443,7.73,0.2456,13.424,2.1747123789795628e-41,1
12.5,0,1,10.62,1,-25.0,-9.72,0.33,0.0,1.073,6.81,0.2288,227.572,0.0,1
76.8,1,1,9.81,5,-3.5,-30.99,3.638,0.0,1.101,7.11,0.2266,11.982,2.214098356884162e-33,1
169.8,1,2,10.7,16,-25.6,-30.57,10.171,0.0,2.17,6.83,0.2315,8.628,3.130027549877383e-18,1
21.1,0,1,10.64,1,29.5,-13.49,0.336,0.0,1.278,6.34,0.2343,107.166,0.0,1
135.8,1,2,24.77,8,18.3,-24.74,4.747,0.0,1.281,7.7,0.2286,17.146,3.367775136117732e-66,1
88.9,1,1,17.67,21,14.6,-50.99,20.511,0.0,1.193,7.59,0.2397,0.726,0.23383997992061367,0
12.3,0,1,8.98,0,14.4,-10.96,0.394,0.0,1.707,6.78,0.2233,170.423,0.0,1
148.1,1,2,9.29,6,-11.5,-25.17,5.313,0.0,1.467,6.47,0.2311,17.744,9.539633511306267e-71,1
67.2,1,1,10.77,5,30.7,-29.03,5.681,0.0,1.639,7.23,0.2319,13.359,5.238017627367396e-41,1
87.1,1,1,0.92,1,30.0,-29.74,0.654,0.0,1.827,6.29,0.221,16.919,1.6336640098085427e-64,1
52.5,0,1,13.2,1,18.1,-19.86,0.704,0.0,1.143,6.93,0.2253,18.347,1.7480624414907933e-75,1
23.1,0,1,20.28,5,0.5,-18.48,4.065,0.0,1.175,6.92,0.2502,33.004,3.5201096832611908e-239,1
36.9,0,1,16.51,2,-26.9,-18.08,2.43,0.0,1.172,6.78,0.2288,26.435,2.692591926621208e-154,1
134.9,1,2,4.96,1,-28.2,-21.71,1.653,2.476,1.226,7.0,0.2271,22.614,1.5904810784813415e-113,1
68.5,1,1,18.2,2,-21.0,-27.64,2.48,0.0,1.984,7.02,0.2253,17.583,1.649786823146509e-69,1
106.3,1,1,17.99,16,8.7,-47.71,14.094,0.0,1.382,7.38,0.2302,1.293,0.09808313352344283,0
74.0,1,1,6.56,1,21.9,-26.19,1.62,0.0,1.275,6.26,0.2202,22.131,8.002007540115974e-109,1
131.1,1,2,15.57,5,31.7,-23.26,4.417,0.0,1.266,6.72,0.2224,22.344,6.874474107816649e-111,1
21.1,0,1,15.27,2,-18.6,-16.29,2.722,0.867,1.308,7.28,0.2306,60.415,0.0,1
123.7,1,2,20.99,15,-12.1,-30.55,15.36,2.508,1.575,7.56,0.2462,8.42,1.885290326774127e-17,1
12.1,0,1,3.4,0,-26.5,-9.6,0.0,0.0,1.331,6.21,0.2239,250.072,0.0,1
158.6,1,2,4.87,1,34.3,-23.23,0.563,0.0,1.174,6.82,0.2242,19.821,9.748576806990663e-88,1
52.0,0,1,12.15,1,20.8,-21.15,1.486,0.0,1.031,7.08,0.2202,14.889,1.9498211005024743e-50,1
55.1,0,1,1.1,0,1.2,-19.63,0.0,0.0,1.349,6.59,0.2214,19.118,8.957719899035282e-82,1
12.5,0,1,10.39,1,7.4,-10.47,0.742,0.0,1.009,6.94,0.2251,171.817,0.0,1
65.1,1,1,19.71,12,6.5,-35.16,10.082,0.0,1.378,6.94,0.2363,6.841,3.928141848549056e-12,1
29.1,0,1,3.72,0,-13.5,-13.44,0.0,0.0,1.221,6.57,0.2249,101.303,0.0,1
36.0,0,1,11.5,3,-17.9,-21.43,1.675,3.694,1.597,7.88,0.2213,15.636,2.058223154142579e-55,1
120.6,1,2,24.74,15,-10.7,-27.84,14.495,0.0,1.461,8.05,0.232,11.47,9.344153136595957e-31,1
22.5,0,1,12.65,1,-13.9,-15.4,2.248,0.0,1.178,6.9,0.2384,65.989,0.0,1
96.0,1,1,12.46,4,6.2,-32.47,3.135,0.0,1.146,6.66,0.2218,9.837,3.908922231502014e-23,1
29.1,0,1,13.97,2,-10.0,-16.63,1.642,0.0,1.495,6.87,0.2278,51.39,0.0,1
57.0,0,1,4.65,0,17.4,-20.06,0.0,0.0,1.201,6.08,0.2263,13.92,2.39210917646891e-44,1
56.4,0,1,3.68,1,6.9,-22.0,0.628,0.0,2.325,6.36,0.2207,11.84,1.218949379365574e-32,1
7.1,0,1,16.93,0,4.6,-8.46,0.0,0.0,1.053,6.83,0.2374,306.121,0.0,1
34.7,0,1,9.89,2,31.8,-17.05,2.023,0.0,2.108,6.33,0.2302,30.843,3.455010618536849e-209,1
75.4,1,1,7.25,5,-9.0,-27.71,1.979,0.0,1.544,6.79,0.2228,19.11,1.0398605586431822e-81,1
33.8,0,1,0.78,1,11.3,-14.97,0.877,0.0,1.13,6.31,0.2202,67.2,0.0,1
33.5,0,1,21.15,2,-30.0,-20.68,3.832,0.0,1.148,7.53,0.2447,19.035,4.385672108828094e-81,1
120.6,1,2,0.81,1,17.9,-19.19,0.269,0.0,1.383,6.48,0.2203,35.168,3.053820094550527e-271,1
96.4,1,1,18.75,4,2.7,-35.72,4.463,0.0,1.029,7.91,0.2419,5.99,1.0485263931043953e-09,0
60.0,0,1,9.55,2,-16.5,-24.76,2.175,0.0,1.612,6.43,0.2333,5.687,6.480254224160396e-09,0
9.4,0,1,14.97,1,-29.9,-12.9,2.297,0.0,1.18,7.96,0.2217,130.62,0.0,1
158.9,1,2,6.19,8,16.0,-25.94,5.151,0.0,1.248,7.14,0.2226,15.783,2.046181645992247e-56,1
46.3,0,1,3.88,0,13.1,-18.91,0.0,0.0,1.302,6.87,0.2242,26.571,7.286149058530426e-156,1
22.2,0,1,13.33,0,13.3,-13.88,1.016,0.0,1.303,7.06,0.2313,93.039,0.0,1
104.5,1,1,17.39,16,-1.6,-47.91,12.032,0.0,1.687,7.83,0.2335,1.181,0.11874140607809563,0
52.3,0,1,4.89,6,11.6,-24.37,5.341,0.0,1.392,6.86,0.2234,6.157,3.7137132990381193e-10,0
14.9,0,1,10.91,1,7.1,-11.5,0.23,0.0,1.272,6.43,0.2357,158.225,0.0,1
56.4,0,1,11.12,3,-14.5,-25.17,3.524,0.0,1.027,6.28,0.2332,6.367,9.625756210164977e-11,0
113.2,1,2,5.4,0,3.7,-16.79,0.0,0.0,2.505,6.83,0.2245,37.568,3.54232649365283e-309,1
21.5,0,1,14.13,2,3.4,-16.23,1.224,0.0,2.628,7.3,0.2269,54.217,0.0,1
63.5,0,1,3.65,0,23.5,-23.21,0.0,0.0,2.311,6.86,0.2201,8.615,3.510582594850268e-18,1
123.7,1,2,12.74,8,-1.8,-22.32,6.904,0.0,1.21,7.17,0.233,22.71,1.7725224473116613e-114,1
39.4,0,1,2.84,0,-1.7,-16.22,0.597,0.0,1.234,6.9,0.2207,43.352,0.0,1
34.9,0,1,12.14,4,34.0,-19.82,4.048,0.0,1.044,6.99,0.2229,23.54,7.954801614452265e-123,1
29.1,0,1,7.79,1,28.1,-13.79,0.541,0.0,1.02,7.21,0.2212,90.935,0.0,1
135.2,1,2,11.31,5,-14.3,-22.57,3.261,0.0,1.433,6.51,0.2352,23.04,9.177997856249073e-118,1
33.8,0,1,10.84,0,29.2,-16.58,0.811,0.0,1.482,6.45,0.2294,48.64,0.0,1
75.5,1,1,22.7,4,-21.0,-31.29,4.944,0.0,1.284,8.17,0.2478,9.002,1.110627972037927e-19,1
104.5,1,1,12.25,1,25.5,-35.1,2.175,0.0,1.872,6.07,0.2203,7.693,7.201503442587673e-15,1
39.4,0,1,20.46,5,-18.1,-20.99,4.739,0.0,1.435,7.7,0.235,14.328,7.344376181392731e-47,1
34.5,0,1,5.64,4,-2.3,-17.49,2.642,0.0,1.453,6.59,0.2253,28.939,1.921439695244315e-184,1
27.5,0,1,8.8,0,34.0,-13.93,0.607,0.0,1.679,6.64,0.2321,78.995,0.0,1
159.0,1,2,1.88,0,-23.7,-23.59,0.599,0.0,1.706,6.3,0.2222,21.256,1.4408395267585232e-100,1
10.6,0,1,10.52,0,24.6,-10.28,0.0,0.0,1.304,6.93,0.2221,215.184,0.0,1
61.2,0,1,16.72,5,2.2,-31.03,6.793,0.0,1.389,7.31,0.2378,1.739,0.040977081643515816,0
56.0,0,1,20.95,6,-22.8,-23.32,2.949,0.0,1.06,6.57,0.2317,8.136,2.0413251228419018e-16,1
93.8,1,1,14.15,6,31.9,-38.12,6.09,0.0,2.19,6.4,0.2251,5.614,9.897899025904294e-09,0
22.2,0,1,16.0,3,5.7,-15.3,2.56,0.0,1.457,6.48,0.2404,61.619,0.0,1
90.5,1,1,4.43,4,27.2,-33.11,3.11,0.0,1.381,6.97,0.2237,9.543,6.962575215024663e-22,1
33.5,0,1,0.93,0,26.5,-16.48,0.0,0.0,2.095,6.91,0.2207,54.363,0.0,1
112.3,1,2,19.79,11,-29.0,-28.34,19.647,0.0,1.364,6.59,0.2455,11.039,1.2428284705038706e-28,1
22.5,0,1,4.18,0,-12.8,-13.47,0.0,0.0,1.562,7.27,0.2261,115.243,0.0,1
29.1,0,1,2.28,0,-8.1,-13.71,0.0,0.0,1.858,6.99,0.2223,80.774,0.0,1
70.1,1,1,23.44,4,4.8,-30.82,3.824,0.0,1.598,8.09,0.2497,9.754,8.845986684470057e-23,1
65.4,1,1,24.09,10,-25.3,-33.03,7.556,0.0,1.083,7.46,0.2358,10.416,1.0435462330915375e-25,1
112.4,1,2,15.41,3,-4.7,-20.5,2.704,0.0,1.175,7.05,0.241,26.928,5.12717275820265e-160,1
23.2,0,1,9.47,1,23.0,-13.9,1.074,0.0,1.603,6.38,0.2302,82.065,0.0,1
124.7,1,2,20.83,11,-18.7,-25.47,9.927,0.0,1.413,6.47,0.2488,16.999,4.192349370697488e-65,1
113.4,1,2,5.12,2,15.6,-16.46,0.673,0.0,1.116,6.75,0.2266,38.064,0.0,1
158.9,1,2,10.73,3,-0.1,-24.51,2.388,0.0,1.463,7.29,0.2257,17.931,3.386785322596675e-72,1
28.9,0,1,8.93,1,-25.4,-19.37,1.46,4.148,1.53,6.89,0.2323,21.341,2.3687038678484897e-101,1
56.4,0,1,22.82,12,-18.5,-35.79,8.168,4.937,1.181,6.4,0.239,0.472,0.31839879722506037,0
180.4,1,2,22.99,11,-20.8,-33.73,8.998,0.0,1.667,7.95,0.2478,5.828,2.8080532801052622e-09,0
80.8,1,1,16.27,10,10.3,-37.19,9.872,0.0,1.372,7.1,0.2373,5.829,2.7803732241838153e-09,0
113.2,1,2,2.77,0,-24.3,-17.45,0.0,0.0,1.513,6.36,0.2243,37.64,2.35257402270225e-310,1
85.7,1,1,12.05,8,23.5,-38.24,7.698,0.0,1.178,7.15,0.2327,5.537,1.540880708486068e-08,0
36.0,0,1,6.13,2,22.4,-17.32,1.499,0.0,1.442,6.37,0.2266,39.211,0.0,1
171.3,1,2,22.12,15,-24.8,-35.71,16.712,0.0,1.05,7.48,0.2536,3.968,3.617851745213591e-05,0
52.5,0,1,3.46,1,27.7,-21.23,1.311,0.0,1.064,6.53,0.2245,15.519,1.2961419476634048e-54,1
32.5,0,1,1.36,2,32.3,-15.61,0.818,0.0,1.611,7.08,0.2212,65.239,0.0,1
81.4,1,1,17.61,5,-27.2,-35.19,7.358,0.0,1.078,7.51,0.2404,6.834,4.1269357310501046e-12,1
115.3,1,2,11.33,3,31.8,-20.05,2.745,0.0,1.937,7.12,0.2243,25.527,4.916141487520545e-144,1
89.4,1,1,20.96,18,-11.8,-50.99,15.703,3.543,1.738,6.63,0.2375,0.91,0.18134444029329505,0
122.3,1,2,1.87,2,13.2,-20.65,3.121,0.0,1.842,6.14,0.2227,30.57,1.5198985928038194e-205,1
43.9,0,1,20.03,4,-18.6,-22.01,3.487,0.0,1.007,6.87,0.2255,11.927,4.2595152911661644e-33,1
10.3,0,1,0.93,0,23.1,-8.06,0.0,0.0,1.083,6.83,0.2213,315.827,0.0,1
116.9,1,2,0.7,0,24.7,-18.09,0.0,0.0,1.41,6.62,0.2208,35.313,1.8241563457191626e-273,1
26.3,0,1,11.53,3,33.6,-17.63,2.144,0.0,2.198,7.15,0.225,42.557,0.0,1
34.9,0,1,5.53,1,34.5,-16.47,0.678,0.0,1.435,6.87,0.2279,48.594,0.0,1
6.0,0,1,14.84,1,-25.1,-10.48,1.772,0.0,1.473,6.92,0.23,202.852,0.0,1
103.0,1,1,0.65,0,12.8,-32.91,0.0,0.0,1.77,6.05,0.2205,11.423,1.608020241801497e-30,1
57.0,0,1,0.88,0,-12.3,-20.52,0.0,0.0,1.574,6.33,0.2209,15.457,3.3984218686540716e-54,1
65.1,1,1,18.18,11,-21.8,-32.51,9.86,0.0,1.137,6.7,0.2258,10.436,8.457190471298047e-26,1
63.5,0,1,5.25,4,-20.3,-25.5,2.67,0.0,1.685,7.15,0.2254,4.473,3.8629933151782756e-06,0
78.5,1,1,16.41,3,30.9,-30.7,3.915,0.0,1.145,7.46,0.2328,11.911,5.156491470795503e-33,1
21.1,0,1,18.75,4,14.4,-16.21,2.737,0.0,1.688,6.7,0.2476,52.38,0.0,1
9.4,0,1,1.48,0,-26.7,-11.33,0.0,3.002,1.096,6.08,0.2223,164.675,0.0,1
15.0,0,1,19.24,2,34.0,-14.38,4.044,0.0,1.043,7.35,0.2327,90.007,0.0,1
15.0,0,1,6.71,0,22.5,-12.46,0.0,0.0,2.453,6.92,0.229,148.016,0.0,1
76.8,1,1,9.74,5,-9.9,-31.11,4.045,0.0,1.192,6.95,0.2337,11.634,1.3864053729453171e-31,1
36.0,0,1,2.17,0,0.6,-15.31,0.0,0.0,1.434,7.04,0.2219,55.038,0.0,1
56.4,0,1,20.97,4,17.2,-27.03,3.778,0.0,1.818,6.91,0.2502,3.979,3.460190295050296e-05,0
116.9,1,2,14.02,4,13.9,-21.2,3.569,0.0,2.234,7.23,0.2309,25.968,5.7611484223709815e-149,1
13.1,0,1,12.62,1,0.1,-11.47,0.423,0.0,1.763,7.4,0.2242,159.373,0.0,1
101.2,1,1,24.21,8,3.3,-39.39,6.681,0.0,1.417,7.77,0.2391,3.663,0.00012444148048143064,0
22.8,0,1,8.36,1,-27.2,-17.28,0.37,2.738,1.569,7.13,0.2267,46.778,0.0,1
120.6,1,2,22.27,9,2.5,-22.08,7.749,0.0,1.389,6.18,0.2371,24.968,6.806578370164301e-138,1
101.2,1,1,17.99,4,-7.9,-39.88,6.494,0.0,1.559,7.77,0.2249,3.782,7.781728861427512e-05,0
70.1,1,1,23.21,7,-11.5,-31.24,4.633,2.462,1.324,7.94,0.2273,9.821,4.591132164291054e-23,1
32.5,0,1,22.7,1,-12.5,-21.88,2.711,3.444,1.408,7.64,0.2337,13.42,2.2970185388583454e-41,1
10.6,0,1,24.78,1,12.2,-11.63,0.556,0.0,1.045,8.03,0.2481,134.071,0.0,1
45.4,0,1,3.29,0,-2.1,-18.14,0.695,0.0,1.213,6.25,0.2212,29.475,3.0327399779123976e-191,1
34.7,0,1,19.9,5,-2.3,-22.31,5.854,0.0,2.711,6.88,0.2225,11.528,4.759816981463619e-31,1
159.3,1,2,20.11,35,-19.7,-37.84,25.968,0.0,1.099,6.3,0.2285,3.921,4.4003438763711214e-05,0
103.0,1,1,16.11,6,32.5,-42.89,10.109,0.0,1.047,7.23,0.2296,2.479,0.006581095809642451,0
69.2,1,1,6.97,0,-15.4,-24.04,0.0,0.0,1.072,7.02,0.2209,25.414,8.768218554954624e-143,1
71.8,1,1,24.13,2,-3.6,-28.98,2.626,0.0,1.182,7.25,0.2349,14.22,3.4295881544051097e-46,1
57.0,0,1,5.11,0,-17.6,-21.35,0.0,0.0,1.151,6.67,0.2249,16.469,3.0820810328827523e-61,1
100.3,1,1,12.49,2,15.7,-34.9,2.256,0.0,1.34,6.99,0.2354,7.704,6.571398327010904e-15,1
42.6,0,1,13.04,3,-1.7,-21.66,2.73,0.0,1.611,7.79,0.2295,14.269,1.7049012947561701e-46,1
61.9,0,1,4.05,3,-3.1,-24.58,2.28,0.0,1.071,7.03,0.2245,7.089,6.77323089337696e-13,1
97.4,1,1,18.06,5,26.9,-37.02,3.778,0.0,1.303,7.73,0.2384,5.341,4.632009642593907e-08,0
91.0,1,1,2.22,4,19.4,-31.5,3.066,0.0,1.495,6.62,0.2218,12.114,4.4415138244977776e-34,1
137.8,1,2,17.33,18,3.8,-29.29,14.615,0.0,1.2,7.34,0.2346,10.805,1.626345392856662e-27,1
115.3,1,2,21.22,13,0.5,-23.72,12.181,0.0,1.268,7.46,0.2292,18.341,1.9508702855234568e-75,1
123.7,1,2,8.73,4,32.4,-20.07,3.088,0.0,1.029,6.11,0.2219,31.577,3.855532915250037e-219,1
58.1,0,1,17.74,9,32.2,-29.76,8.398,0.0,1.083,7.43,0.2341,1.867,0.030941154411292155,0
55.1,0,1,3.92,0,15.8,-20.66,1.124,0.0,1.075,6.65,0.2216,14.567,2.269705428166337e-48,1
159.0,1,2,21.15,5,19.4,-26.39,3.11,0.0,1.511,6.88,0.2317,15.41,7.017717493841124e-54,1
96.4,1,1,23.8,4,28.4,-40.33,5.929,0.0,1.18,8.08,0.2468,3.845,6.0271084168684385e-05,0
58.1,0,1,3.82,0,32.7,-22.65,0.509,0.0,1.262,6.92,0.2238,10.74,3.3077107449472425e-27,1
7.1,0,1,17.3,0,-24.7,-8.32,0.417,0.0,1.336,7.02,0.2243,281.346,0.0,1
60.4,0,1,12.65,6,34.8,-26.04,5.531,0.0,1.126,6.79,0.2225,4.34,7.127368196050415e-06,0
59.1,0,1,13.29,5,15.7,-27.14,4.651,0.0,1.163,6.95,0.2371,3.371,0.0003746020197750652,0
50.5,0,1,17.66,4,8.5,-21.4,1.32,0.0,2.207,6.92,0.2303,11.402,2.0331044545765146e-30,1
36.9,0,1,12.22,2,-3.1,-20.31,3.643,0.0,1.169,7.11,0.2234,23.558,5.142352474727425e-123,1
90.9,1,1,15.01,2,-8.1,-34.65,2.148,0.0,1.075,6.86,0.234,9.457,1.5838768298899386e-21,1
46.3,0,1,5.77,1,22.3,-19.3,1.619,0.0,1.234,6.95,0.2284,21.514,5.794670037348224e-103,1
12.1,0,1,9.46,1,12.5,-9.7,0.302,0.0,1.04,6.87,0.2286,225.583,0.0,1
102.0,1,1,21.63,14,-17.0,-46.91,11.09,1.254,1.129,7.46,0.2399,1.457,0.07255798452570927,0
44.0,0,1,2.75,0,9.6,-17.7,0.0,0.0,1.158,6.25,0.2237,35.248,1.8403507133624777e-272,1
9.4,0,1,14.94,0,-20.8,-10.69,0.0,0.0,1.328,6.89,0.2249,206.345,0.0,1
12.3,0,1,4.61,0,2.3,-10.63,0.0,0.0,1.883,6.34,0.2239,187.93,0.0,1
108.9,1,1,21.16,2,7.9,-39.58,2.657,0.0,1.264,6.87,0.2276,4.878,5.35012117028918e-07,0
180.4,1,2,14.48,14,11.3,-34.26,12.491,0.0,1.042,7.56,0.2348,5.428,2.856785658471986e-08,0
103.0,1,1,10.08,5,-20.6,-37.65,4.254,0.0,1.003,6.43,0.229,5.878,2.076731527136577e-09,0
147.0,1,2,6.25,6,-23.8,-22.95,5.329,0.0,1.006,6.54,0.2285,19.546,2.250881923969355e-85,1
36.9,0,1,10.92,0,-13.2,-16.69,1.618,0.0,1.044,6.99,0.2298,38.671,0.0,1
75.4,1,1,23.94,14,9.5,-41.31,14.272,0.0,1.373,7.3,0.2415,2.921,0.0017442684655461695,0
146.9,1,2,12.73,7,30.6,-24.05,5.607,0.0,1.416,6.65,0.2293,18.882,8.081933107126556e-80,1
42.0,0,1,11.74,2,20.6,-20.37,2.557,0.0,1.323,6.29,0.221,19.364,7.7389579739039655e-84,1
69.2,1,1,18.66,9,18.5,-32.76,8.271,0.0,1.34,8.3,0.2332,7.992,6.622259400910329e-16,1
5.9,0,1,9.48,0,-8.5,-7.39,0.0,0.0,1.173,6.72,0.2208,361.176,0.0,1
27.5,0,1,10.69,1,-22.7,-15.64,2.232,0.0,1.234,7.36,0.2303,62.413,0.0,1
56.0,0,1,8.42,1,28.0,-21.1,0.7,0.0,1.937,6.88,0.223,12.688,3.443671049013383e-37,1
90.5,1,1,3.77,3,2.6,-31.4,3.195,0.0,1.416,6.87,0.2201,10.928,4.252757050381327e-28,1
107.4,1,1,17.85,9,-23.5,-44.51,8.255,0.0,1.636,7.72,0.2409,1.821,0.03427989366320131,0
78.6,1,1,21.83,19,4.8,-42.06,14.179,0.0,1.268,8.16,0.2308,2.714,0.003319194191865914,0
91.3,1,1,22.64,17,13.9,-50.09,17.247,0.0,1.416,7.39,0.2421,0.792,0.21418201313622948,0
56.6,0,1,22.02,3,-9.2,-26.78,3.403,1.746,1.097,7.26,0.2429,4.458,4.139484072546467e-06,0
22.0,0,1,11.29,4,-29.4,-15.89,3.669,0.0,1.138,6.98,0.229,55.591,0.0,1
187.7,1,2,7.1,8,10.4,-30.63,7.109,0.0,2.315,7.15,0.22,8.227,9.590222126384693e-17,1
5.9,0,1,15.95,0,-27.4,-13.01,0.757,2.76,1.386,7.34,0.2397,125.66,0.0,1
58.1,0,1,23.87,10,-1.9,-33.23,9.967,0.0,1.661,6.88,0.2334,0.886,0.18771691670461477,0
42.6,0,1,18.18,1,23.6,-19.84,0.756,0.0,1.121,6.1,0.2269,22.42,1.2447307299192814e-111,1
104.5,1,1,12.37,1,34.9,-36.31,1.827,0.0,1.087,6.01,0.2338,7.734,5.20730918330804e-15,1
64.6,0,1,17.22,2,-5.9,-25.66,1.273,0.0,1.489,7.55,0.2405,5.093,1.7649765998086177e-07,0
136.4,1,2,19.31,3,-28.7,-23.72,3.135,0.0,1.935,6.44,0.2441,19.436,1.8994659744729612e-84,1
76.8,1,1,22.98,5,2.0,-34.16,6.339,0.0,1.121,7.61,0.2465,7.868,1.8085156154439288e-15,1
135.5,1,2,19.08,3,-12.0,-25.13,5.384,0.0,1.207,7.95,0.2256,15.797,1.624585644643048e-56,1
34.6,0,1,10.83,4,28.0,-18.46,2.004,0.0,1.351,6.62,0.2326,33.246,1.1725885118107295e-242,1
72.7,1,1,6.84,1,16.2,-25.68,0.517,0.0,1.344,6.78,0.2225,23.111,1.8138837739916395e-118,1
135.5,1,2,12.5,12,-3.7,-24.17,6.881,0.0,1.6,7.58,0.2258,16.88,3.161346442315479e-64,1
147.0,1,2,8.2,6,19.5,-25.43,5.921,0.0,1.5,7.03,0.2232,16.35,2.1710318181517848e-60,1
83.2,1,1,23.57,7,-7.8,-33.32,5.763,0.0,1.153,7.02,0.2279,8.485,1.0832270992996019e-17,1
22.8,0,1,12.7,3,3.9,-14.58,2.782,0.0,1.252,7.18,0.231,70.067,0.0,1
21.7,0,1,11.8,2,30.0,-13.44,1.083,0.0,1.581,6.6,0.2309,91.255,0.0,1
180.4,1,2,8.7,5,-17.0,-29.92,5.014,0.0,1.634,6.41,0.2301,10.677,6.553255944539885e-27,1
145.8,1,2,15.99,9,-9.7,-29.59,12.264,0.0,1.333,6.68,0.2249,11.902,5.760918278495186e-33,1
159.0,1,2,13.0,10,27.6,-27.88,6.009,0.0,1.017,6.61,0.2292,12.941,1.3197699243057302e-38,1
46.1,0,1,3.23,1,0.0,-18.63,0.471,0.0,1.118,6.38,0.2229,28.264,4.852279713990337e-176,1
113.2,1,2,21.73,18,-9.3,-27.27,15.058,0.0,1.56,7.95,0.2321,11.993,1.9436800383529718e-33,1
45.5,0,1,8.98,0,-27.6,-23.52,1.13,4.071,1.308,6.31,0.2235,8.024,5.111108116035008e-16,1
60.4,0,1,10.81,3,-2.8,-24.94,2.898,0.0,1.123,6.83,0.2213,6.193,2.9549104476023486e-10,0
45.0,0,1,5.14,0,2.5,-16.72,0.0,0.0,1.245,6.48,0.2221,39.246,0.0,1
33.5,0,1,13.83,2,-3.6,-16.29,1.287,0.0,1.157,6.48,0.2309,46.64,0.0,1
12.5,0,1,17.55,1,-12.0,-11.53,1.23,0.0,1.206,8.19,0.2247,160.105,0.0,1
32.8,0,1,22.03,5,-6.0,-21.84,5.568,0.0,1.217,7.01,0.2491,13.708,4.564266723463424e-43,1
147.0,1,2,1.29,0,11.8,-21.77,0.0,0.0,2.352,6.15,0.2214,26.118,1.1420690155328894e-150,1
36.9,0,1,24.33,7,27.9,-22.86,6.514,0.0,1.137,7.09,0.2237,10.18,1.2195000309312401e-24,1
134.9,1,2,17.6,22,12.2,-29.98,18.834,0.0,1.219,6.63,0.2253,10.301,3.4815600875261288e-25,1
44.0,0,1,7.11,4,12.0,-20.36,3.095,0.0,1.348,7.34,0.2205,22.062,3.666636761091404e-108,1
21.5,0,1,5.11,0,23.1,-12.27,0.587,0.0,1.385,6.44,0.2266,134.099,0.0,1
33.5,0,1,7.4,1,-19.3,-15.87,1.447,0.838,1.14,7.31,0.223,45.235,0.0,1
43.9,0,1,21.89,11,-10.4,-26.83,6.701,0.0,1.321,6.93,0.252,5.249,7.627815313706931e-08,0
141.4,1,2,7.28,8,-26.7,-25.76,8.773,0.0,1.954,6.37,0.2312,15.835,8.969562394213694e-57,1
85.7,1,1,11.57,13,-7.3,-37.26,9.06,0.0,1.245,6.55,0.2244,5.965,1.2259714598354264e-09,0
23.2,0,1,17.64,1,34.9,-15.29,0.553,0.0,2.342,7.31,0.2445,63.788,0.0,1
33.8,0,1,21.8,1,-8.6,-21.57,3.203,2.428,1.345,8.57,0.2317,16.28,6.876183716503215e-60,1
159.0,1,2,16.46,13,25.9,-28.2,9.2,0.0,1.209,6.7,0.2282,12.803,7.885864866005505e-38,1
61.9,0,1,18.83,7,-24.4,-29.19,5.871,0.0,1.197,7.16,0.2462,2.311,0.010405232715012992,0
71.4,1,1,4.33,4,-0.1,-27.38,3.812,0.0,1.128,6.79,0.2239,18.035,5.1452312567872e-73,1
101.2,1,1,21.94,22,-7.2,-55.12,19.062,3.294,1.193,7.64,0.2427,0.323,0.37338810881890283,0
125.2,1,2,6.89,11,-16.9,-25.05,7.582,1.369,1.964,6.59,0.2246,18.039,4.812320802962868e-73,1
112.4,1,2,3.21,4,-5.8,-18.74,2.553,0.0,1.341,6.91,0.2226,33.293,2.4213327477236893e-243,1
56.0,0,1,24.41,8,12.3,-28.93,6.022,0.0,1.317,7.27,0.2483,2.214,0.01341248095610901,0
23.4,0,1,5.04,2,1.9,-13.3,1.692,0.0,1.057,6.65,0.2213,100.09,0.0,1
68.5,1,1,3.42,0,24.9,-25.05,2.179,0.0,1.522,6.73,0.2251,22.565,4.737418396988866e-113,1
69.2,1,1,15.65,8,28.8,-38.97,10.095,0.0,3.77,7.94,0.2388,4.277,9.475239110568635e-06,0
29.1,0,1,7.97,2,1.3,-15.73,2.361,0.0,1.229,7.1,0.2232,54.875,0.0,1
20.4,0,1,3.33,0,33.8,-11.81,0.0,0.0,1.08,6.94,0.2235,138.307,0.0,1
68.3,1,1,15.03,10,-25.3,-30.79,6.566,0.0,2.078,6.78,0.2208,12.41,1.1563524381488507e-35,1
50.5,0,1,18.97,12,-12.0,-28.84,8.375,0.0,1.242,7.01,0.2416,2.438,0.007384996598706048,0
108.6,1,1,19.83,18,-2.9,-55.36,19.311,0.0,1.497,6.98,0.2438,0.349,0.3634412356858176,0
56.4,0,1,3.89,1,7.9,-21.72,0.811,0.0,2.05,6.55,0.2208,11.555,3.4934496519651845e-31,1
67.2,1,1,13.92,7,5.5,-31.2,5.436,0.0,1.743,7.21,0.2264,13.21,3.833653513699628e-40,1
60.4,0,1,20.34,3,6.9,-27.14,4.723,0.0,1.089,7.23,0.2398,3.381,0.0003616536937204523,0
58.1,0,1,4.03,1,28.3,-21.54,1.516,0.0,1.022,7.03,0.2243,12.582,1.3190219183935051e-36,1
124.7,1,2,5.19,7,-12.0,-22.7,5.763,0.0,1.556,6.66,0.2208,24.4,8.633735333493485e-132,1
60.4,0,1,0.06,0,23.1,-21.8,0.0,0.0,1.419,6.02,0.22,14.134,1.1666207434631679e-45,1
112.4,1,2,13.12,3,6.3,-21.8,5.977,0.0,1.45,6.6,0.2294,26.22,7.911821812535192e-152,1
169.8,1,2,4.87,4,1.9,-27.42,6.178,0.0,1.048,7.35,0.225,12.276,6.096474384294696e-35,1
135.2,1,2,18.11,13,-10.5,-30.01,14.576,4.706,1.189,6.83,0.2297,8.004,6.044815764467165e-16,1
159.0,1,2,24.06,23,-10.2,-35.14,22.968,1.658,1.072,7.58,0.2332,3.968,3.624900802404988e-05,0
16.5,0,1,5.22,1,-4.7,-10.92,0.43,0.0,1.432,6.73,0.2218,169.393,0.0,1
10.6,0,1,16.23,0,19.6,-11.09,0.0,0.0,2.179,7.19,0.2421,160.844,0.0,1
23.5,0,1,5.3,1,1.0,-13.49,0.617,0.0,1.049,6.74,0.2208,111.147,0.0,1
136.4,1,2,0.45,0,-20.0,-21.48,0.0,1.872,1.32,6.31,0.2207,28.608,2.6665581971835207e-180,1
125.2,1,2,18.96,9,19.4,-23.74,7.267,0.0,1.629,7.54,0.2241,19.554,1.9203226233531584e-85,1
137.8,1,2,10.85,11,13.1,-26.09,9.827,0.0,1.269,6.63,0.2205,15.068,1.3240782118281659e-51,1
19.5,0,1,23.67,6,31.7,-18.83,3.986,0.0,1.089,6.92,0.2447,36.044,8.675914859278105e-285,1
45.1,0,1,13.36,3,4.4,-22.29,3.476,0.0,1.858,6.44,0.2233,10.814,1.4747422471225858e-27,1
5.4,0,1,3.94,0,12.5,-7.69,0.0,0.0,1.628,7.03,0.2234,332.764,0.0,1
27.5,0,1,11.24,1,1.2,-16.04,1.803,0.0,1.434,6.92,0.2305,50.77,0.0,1
14.9,0,1,5.07,0,14.3,-10.42,0.0,0.0,1.122,6.99,0.2274,201.116,0.0,1
76.0,1,1,21.95,16,-1.7,-39.94,12.238,0.0,1.353,7.91,0.2342,3.513,0.00022123865172224378,0
96.0,1,1,17.27,4,-21.0,-39.33,4.117,2.785,1.866,7.28,0.2224,4.302,8.474062401562703e-06,0
45.4,0,1,8.53,0,34.1,-20.12,1.17,0.0,1.116,6.85,0.2259,20.799,2.186795086666859e-96,1
17.9,0,1,13.2,3,16.8,-14.78,2.759,0.0,1.032,7.18,0.2226,76.825,0.0,1
50.5,0,1,16.74,5,9.6,-23.92,3.771,0.0,1.07,6.77,0.233,8.265,6.986906694238758e-17,1
103.0,1,1,19.57,5,1.3,-39.93,6.548,0.0,1.317,6.99,0.2341,3.841,6.133384410194947e-05,0
148.1,1,2,2.0,5,16.2,-23.45,3.132,0.0,1.168,6.72,0.2214,20.87,5.008067440226548e-97,1
63.5,0,1,0.56,0,-21.8,-22.12,0.0,0.0,1.615,6.77,0.2211,10.422,9.800890523916329e-26,1
91.0,1,1,2.86,1,-8.8,-30.55,1.191,0.0,1.154,7.09,0.2218,13.591,2.2697757894611994e-42,1
7.1,0,1,9.87,1,-21.9,-8.11,0.743,0.0,1.035,7.24,0.2317,330.813,0.0,1
171.3,1,2,11.67,11,-21.8,-32.75,8.085,4.24,2.106,6.57,0.2341,6.312,1.3783402212992638e-10,0
5.4,0,1,3.41,0,-28.6,-7.54,0.0,0.0,1.589,6.29,0.2224,366.103,0.0,1
79.5,1,1,10.28,5,19.1,-30.34,4.217,0.0,1.085,7.34,0.2249,12.216,1.2744997521751116e-34,1
187.7,1,2,11.04,19,-15.2,-33.77,14.176,4.063,1.519,7.03,0.2206,5.757,4.291750004088488e-09,0
158.6,1,2,2.73,0,24.1,-22.87,0.323,0.0,1.099,6.24,0.2232,23.092,2.782464768133404e-118,1
125.2,1,2,22.92,31,28.8,-33.23,24.048,0.0,1.045,7.69,0.2453,5.71,5.642606420002515e-09,0
103.0,1,1,14.98,13,-19.0,-51.98,14.953,3.289,1.657,6.46,0.2238,0.816,0.20731654703859081,0
22.8,0,1,9.71,0,16.1,-11.78,0.0,0.0,1.165,6.28,0.2223,136.195,0.0,1
146.9,1,2,12.67,1,-0.1,-24.81,2.469,0.0,2.235,7.32,0.2346,16.58,4.879022208748728e-62,1
56.4,0,1,7.85,5,29.7,-27.0,5.431,0.0,1.868,6.56,0.2215,4.071,2.341946008000098e-05,0
103.0,1,1,21.36,8,1.5,-45.03,10.3,0.0,1.29,6.84,0.2455,2.135,0.016384740869395484,0
10.3,0,1,14.38,0,-5.4,-13.06,0.0,2.523,1.619,7.18,0.2249,111.521,0.0,1
96.4,1,1,12.37,5,-10.9,-36.93,4.25,1.902,1.085,7.35,0.2292,5.608,1.0249648324764703e-08,0
26.6,0,1,22.77,4,28.7,-16.24,2.081,0.0,1.012,6.47,0.2265,60.678,0.0,1
16.3,0,1,20.95,2,-15.3,-13.61,1.462,0.0,1.195,6.31,0.2283,85.978,0.0,1
10.3,0,1,20.32,0,23.8,-9.45,0.754,0.0,1.344,6.8,0.2376,240.308,0.0,1
106.3,1,1,5.64,0,-17.4,-34.92,0.694,0.0,1.991,6.74,0.2276,8.426,1.7958711157645907e-17,1
89.4,1,1,3.83,0,11.8,-28.86,0.825,0.0,1.001,6.37,0.2234,15.378,1.15171221223586e-53,1
27.5,0,1,17.25,6,-0.7,-18.49,5.291,0.0,1.5,7.43,0.2255,27.081,8.282093001306295e-162,1
21.5,0,1,11.72,4,-23.2,-17.29,3.091,0.0,2.018,7.36,0.2302,50.441,0.0,1
15.0,0,1,17.09,2,-21.8,-10.63,1.054,0.0,1.008,7.98,0.2249,183.572,0.0,1
22.8,0,1,19.02,5,-11.7,-18.62,5.821,0.0,1.143,6.79,0.235,38.233,0.0,1
56.0,0,1,7.38,3,19.8,-22.34,1.847,0.0,1.542,6.77,0.2225,9.774,7.279335878471085e-23,1
93.8,1,1,7.12,8,17.4,-38.67,7.268,0.0,1.751,6.78,0.2284,4.881,5.274490985932528e-07,0
116.9,1,2,12.27,2,-16.7,-19.77,3.432,0.0,1.446,7.48,0.236,27.231,1.4085244796037952e-163,1
131.8,1,2,6.84,3,1.0,-21.22,3.051,0.0,1.74,7.04,0.2264,24.983,4.6347549207227166e-138,1
22.0,0,1,16.68,1,-23.7,-17.11,1.314,1.235,2.037,7.7,0.2304,48.023,0.0,1
145.8,1,2,18.67,14,16.5,-27.84,11.182,0.0,1.396,7.28,0.2435,11.078,8.026792831547072e-29,1
29.1,0,1,11.8,0,21.6,-16.15,0.0,0.0,2.049,7.62,0.2264,59.127,0.0,1
45.0,0,1,18.09,2,28.1,-21.04,1.921,0.0,1.223,6.6,0.2296,16.574,5.356523555975231e-62,1
159.3,1,2,12.76,10,27.6,-27.39,8.28,0.0,1.245,7.37,0.2224,13.149,8.67529765076284e-40,1
34.7,0,1,17.82,6,-8.0,-21.12,5.37,0.0,1.652,6.98,0.2434,14.302,1.0579593650541232e-46,1
19.5,0,1,5.62,1,-13.5,-13.04,0.494,0.0,1.557,6.94,0.2214,125.419,0.0,1
88.9,1,1,18.47,9,28.3,-37.78,6.332,0.0,1.068,7.97,0.2462,4.209,1.2828000202124174e-05,0
101.9,1,1,17.88,6,-20.5,-39.9,4.435,0.0,1.71,8.18,0.24,3.737,9.319318592997653e-05,0
116.9,1,2,6.67,10,-26.1,-24.1,6.82,4.505,1.244,6.61,0.2289,20.368,1.5995346349305408e-92,1
58.1,0,1,13.9,4,-9.6,-25.72,5.008,0.0,1.354,7.8,0.2303,3.801,7.218336702790603e-05,0
46.3,0,1,21.38,13,19.4,-32.35,12.485,0.0,1.805,7.62,0.2281,1.211,0.11291403830100277,0
27.5,0,1,6.24,0,15.1,-13.21,1.035,0.0,1.292,6.9,0.2246,80.753,0.0,1
56.4,0,1,18.4,6,34.2,-28.83,7.113,0.0,1.852,6.2,0.2421,2.338,0.009705463512049447,0
90.5,1,1,23.85,2,-6.6,-40.51,3.276,4.138,1.433,6.92,0.237,3.816,6.770328496759858e-05,0
136.4,1,2,21.66,20,-12.1,-33.77,19.661,3.114,1.008,7.03,0.2292,6.164,3.554202321059795e-10,0
61.9,0,1,10.04,1,-5.4,-24.86,1.201,0.0,1.119,6.58,0.2285,6.17,3.4127108600668286e-10,0
42.6,0,1,15.18,7,20.8,-21.37,4.944,0.0,1.042,6.67,0.2207,13.863,5.277028012872978e-44,1
36.9,0,1,24.79,4,-16.1,-24.82,3.388,2.792,1.69,7.31,0.2479,7.279,1.6859869301355837e-13,1
50.7,0,1,14.21,5,31.6,-25.69,4.701,0.0,1.67,7.68,0.2342,5.987,1.0716474082262015e-09,0
23.2,0,1,2.88,1,3.3,-12.54,0.496,0.0,1.213,6.13,0.221,127.202,0.0,1
60.4,0,1,1.14,0,20.9,-20.8,0.0,0.0,1.595,6.84,0.2204,13.46,1.3439762777921523e-41,1
123.5,1,2,19.76,18,23.8,-30.38,18.138,0.0,1.609,7.54,0.2429,9.17,2.371815292229611e-20,1
76.8,1,1,10.59,2,1.1,-28.12,2.515,0.0,1.017,6.34,0.2247,18.481,1.472168846105508e-76,1
95.8,1,1,6.17,5,18.2,-33.88,3.655,0.0,1.296,7.15,0.2252,8.154,1.7585169488532714e-16,1
123.7,1,2,8.69,11,-6.3,-24.5,7.943,2.388,1.646,6.82,0.2274,18.661,5.117829549585721e-78,1
125.8,1,2,18.93,13,22.7,-26.08,11.302,0.0,1.703,7.37,0.2372,13.865,5.158931414959393e-44,1
10.6,0,1,11.63,0,23.6,-10.02,0.0,0.0,1.247,6.91,0.2207,210.681,0.0,1
38.4,0,1,21.71,5,6.8,-25.09,6.852,0.0,1.105,7.35,0.235,6.799,5.262699922679689e-12,1
46.3,0,1,18.37,1,-15.8,-21.45,2.223,0.0,1.197,6.5,0.2416,12.678,3.922602664624929e-37,1
123.7,1,2,24.35,7,33.1,-23.1,6.017,0.0,1.359,7.08,0.2474,20.657,4.252710963727374e-95,1
76.0,1,1,22.21,2,31.6,-29.06,2.426,0.0,1.414,6.62,0.2344,15.151,3.717168856639537e-52,1
142.3,1,2,6.36,4,10.3,-23.63,5.733,0.0,1.167,6.87,0.2211,19.347,1.082169431467379e-83,1
10.6,0,1,16.48,1,34.0,-9.81,0.616,0.0,1.373,7.32,0.2332,224.409,0.0,1
46.3,0,1,0.51,0,2.7,-18.4,0.0,0.0,2.117,6.4,0.2205,26.409,5.366181618041164e-154,1
22.2,0,1,24.78,0,-5.6,-15.26,0.0,0.0,1.696,6.47,0.2505,67.675,0.0,1
12.1,0,1,6.53,0,-0.1,-9.71,0.0,0.0,1.224,6.28,0.2275,223.996,0.0,1
112.3,1,2,16.62,14,-27.0,-25.83,12.5,3.874,1.116,7.59,0.2298,14.518,4.6389817667482826e-48,1
71.8,1,1,21.23,3,5.7,-29.44,1.834,0.0,1.696,7.8,0.2399,13.574,2.8527377440045256e-42,1
125.5,1,2,4.01,2,13.3,-20.22,3.117,0.0,1.1,6.77,0.2232,28.12,2.824285667062052e-174,1
113.4,1,2,21.2,23,-22.9,-30.33,24.126,0.0,1.994,6.81,0.2275,9.125,3.5803499871996916e-20,1
152.8,1,2,0.31,0,-13.4,-21.35,0.0,0.0,1.479,6.36,0.2204,24.781,7.15359261654116e-136,1
102.0,1,1,11.05,10,16.9,-42.58,7.858,0.0,2.279,6.35,0.2318,3.047,0.0011549754266048777,0
96.4,1,1,11.8,12,21.6,-40.35,9.497,0.0,1.063,7.23,0.2328,3.662,0.00012504324565143108,0
79.5,1,1,9.35,1,34.1,-28.13,1.394,0.0,1.82,6.92,0.2301,16.173,3.898488391846148e-59,1
30.6,0,1,14.66,3,-13.5,-17.21,2.664,0.0,1.001,6.31,0.2277,40.392,0.0,1
69.2,1,1,22.87,9,24.7,-36.15,10.284,0.0,1.939,8.0,0.2375,5.205,9.70720200467536e-08,0
159.3,1,2,8.17,11,-18.8,-27.94,6.41,2.967,1.441,6.58,0.2228,12.371,1.8808848906898047e-35,1
95.8,1,1,14.48,7,-21.5,-38.84,5.884,0.0,1.956,6.51,0.2354,5.076,1.9293662773238042e-07,0
112.4,1,2,21.94,1,17.4,-19.01,1.522,0.0,1.222,7.66,0.2317,29.132,7.088375668016033e-187,1
74.0,1,1,19.32,12,-1.0,-36.4,10.295,0.0,1.159,8.39,0.2294,5.202,9.879423794520343e-08,0
124.7,1,2,1.02,0,21.6,-18.11,0.0,0.0,1.048,6.12,0.2205,37.872,0.0,1
34.6,0,1,23.57,7,-11.6,-24.24,6.194,0.0,1.028,7.44,0.2219,9.263,9.922687754546828e-21,1
96.0,1,1,1.17,0,-16.1,-30.79,0.96,0.0,1.187,6.39,0.2211,13.182,5.570683834364464e-40,1
76.0,1,1,14.72,13,5.7,-36.11,8.545,0.0,1.439,6.91,0.2317,6.944,1.899424232555999e-12,1
8.1,0,1,14.38,1,-22.5,-8.63,1.202,0.0,1.087,6.99,0.222,247.819,0.0,1
125.5,1,2,19.66,19,-11.9,-28.94,15.384,1.428,2.177,7.28,0.2312,10.137,1.8881244249628244e-24,1
95.8,1,1,3.71,2,-19.2,-36.46,1.604,3.978,1.373,6.96,0.2259,6.425,6.610623710325494e-11,0
20.4,0,1,4.48,0,-9.2,-11.73,0.0,0.0,1.173,6.9,0.2233,164.457,0.0,1
119.5,1,2,18.8,7,19.8,-23.22,8.645,0.0,1.032,6.65,0.2313,20.491,1.305843327555822e-93,1
131.8,1,2,3.74,3,-22.2,-20.83,3.313,0.0,1.878,6.13,0.2237,27.471,1.9617051177971952e-166,1
6.0,0,1,11.74,0,9.8,-7.15,0.0,0.0,1.272,7.71,0.2264,332.2,0.0,1
102.0,1,1,18.29,24,8.0,-56.26,22.503,0.0,1.534,7.06,0.2233,0.334,0.3690755966820372,0
116.9,1,2,16.28,7,5.0,-22.23,4.698,0.0,1.1,7.56,0.2395,21.414,4.946324894066531e-102,1
123.5,1,2,5.27,5,1.5,-22.08,7.452,0.0,1.776,6.63,0.2263,22.055,4.308045068606299e-108,1
60.0,0,1,7.6,0,13.2,-23.25,1.968,0.0,1.265,7.11,0.2283,7.322,1.219161995787009e-13,1
76.0,1,1,24.22,8,25.4,-33.93,8.633,0.0,1.023,7.67,0.2299,7.548,2.208449223750711e-14,1
65.1,1,1,11.22,3,-19.5,-25.44,2.455,0.0,1.538,6.62,0.2299,23.25,7.18557145837451e-120,1
12.3,0,1,1.11,0,22.9,-9.43,0.0,0.0,1.063,6.14,0.2208,267.798,0.0,1
125.8,1,2,5.49,3,-26.0,-22.92,6.099,3.054,1.026,6.61,0.2261,21.142,1.6439872764885735e-99,1
81.1,1,1,8.56,0,1.3,-28.3,0.0,0.0,1.054,6.28,0.2292,18.578,2.418750649177913e-77,1
101.9,1,1,24.99,11,3.2,-40.09,7.135,0.0,1.392,7.6,0.2348,3.596,0.00016160938299601487,0
103.0,1,1,7.57,0,-17.2,-34.03,0.649,0.0,1.056,6.75,0.2292,9.219,1.497291512565136e-20,1
91.3,1,1,0.66,0,-24.2,-28.9,0.0,0.834,1.068,6.53,0.2211,16.375,1.4528118107816237e-60,1
56.9,0,1,12.82,4,-25.1,-23.77,2.184,0.0,1.479,7.39,0.2347,7.766,4.0591152916017896e-15,1
46.6,0,1,2.09,0,-27.6,-18.42,0.0,0.0,1.401,6.19,0.2228,31.637,5.766919770363811e-220,1
192.4,1,2,6.85,8,7.3,-31.09,7.046,0.0,2.11,6.6,0.2279,9.037,8.057792582672446e-20,1
21.1,0,1,24.81,2,-19.9,-14.6,1.178,0.0,1.288,7.02,0.2416,87.186,0.0,1
16.3,0,1,17.62,1,22.6,-12.46,0.555,0.0,1.355,6.68,0.2362,131.822,0.0,1
12.3,0,1,1.27,0,28.4,-9.17,0.0,0.0,1.417,6.65,0.2202,253.721,0.0,1
63.5,0,1,11.22,5,-11.0,-25.85,2.955,0.0,1.659,7.43,0.2291,4.591,2.208112049545794e-06,0
71.8,1,1,4.29,0,-19.3,-25.48,0.0,1.027,1.153,6.14,0.2262,23.124,1.3285107006654494e-118,1
125.8,1,2,3.07,3,-3.4,-19.04,2.343,0.0,1.003,6.88,0.2214,31.719,4.1936686325742564e-221,1
46.3,0,1,14.68,4,27.3,-23.62,3.933,0.0,1.345,7.22,0.2288,10.519,3.534004630062174e-26,1
52.0,0,1,12.64,1,-4.0,-23.05,2.604,0.0,1.177,7.57,0.2314,8.77,8.928581088354937e-19,1
108.6,1,1,18.57,8,-23.0,-42.04,6.54,0.0,1.362,6.53,0.2288,3.044,0.001166612513886143,0
88.9,1,1,22.31,21,34.0,-48.75,16.757,0.0,1.315,7.13,0.227,1.289,0.09867708291516292,0
124.7,1,2,6.17,5,2.5,-22.42,3.939,0.0,1.464,6.24,0.2284,25.145,8.109244111521034e-140,1
192.4,1,2,23.07,23,-7.7,-38.17,21.317,0.0,1.063,6.77,0.2223,3.417,0.0003171265159623613,0
17.6,0,1,12.95,1,28.1,-13.62,0.366,0.0,1.63,7.73,0.2247,120.32,0.0,1
95.8,1,1,6.47,3,30.3,-31.03,1.357,0.0,1.326,7.24,0.2262,11.976,2.3796775955818934e-33,1
50.5,0,1,21.14,6,2.3,-24.32,5.67,0.0,1.553,6.38,0.2467,5.529,1.6103939016653707e-08,0
8.1,0,1,0.89,0,-10.1,-8.0,0.0,0.0,1.436,6.1,0.2204,290.212,0.0,1
46.9,0,1,13.99,7,1.4,-23.33,4.61,0.0,1.501,7.1,0.2265,9.376,3.428285920956426e-21,1
123.5,1,2,18.04,11,-15.7,-25.56,10.211,0.0,1.447,6.86,0.2424,14.435,1.557588769231077e-47,1
10.6,0,1,7.0,0,1.1,-9.05,0.0,0.0,1.19,7.01,0.2217,298.035,0.0,1
23.5,0,1,21.59,5,-15.1,-15.31,2.647,0.0,1.843,8.03,0.2223,54.211,0.0,1
58.1,0,1,6.01,2,10.4,-24.55,2.606,0.0,1.387,7.17,0.2204,7.173,3.678518036443598e-13,1
69.2,1,1,21.0,25,19.4,-41.05,14.131,0.0,1.105,6.57,0.2482,3.588,0.00016666608662295877,0
108.6,1,1,1.96,0,33.0,-34.94,0.324,0.0,1.071,6.37,0.2224,9.02,9.415395588664166e-20,1
60.0,0,1,4.0,1,24.8,-21.34,0.417,0.0,1.319,6.77,0.2228,11.949,3.2757361022301396e-33,1
142.3,1,2,9.52,7,-24.4,-25.66,8.312,0.0,1.027,7.18,0.2334,14.512,5.1008547367796616e-48,1
61.9,0,1,21.35,5,-16.3,-28.41,1.882,4.32,1.234,6.54,0.2234,2.488,0.0064163735062932265,0
78.5,1,1,3.61,3,4.6,-27.07,1.788,0.0,1.206,6.36,0.2202,18.494,1.1562885772150489e-76,1
17.9,0,1,21.89,3,-13.3,-19.48,3.128,4.321,1.556,6.73,0.2363,21.051,1.1090080173242096e-98,1
58.1,0,1,5.74,2,-29.1,-22.33,1.855,0.0,1.327,7.38,0.2273,9.946,1.312237837414742e-23,1
38.4,0,1,11.31,5,19.1,-20.25,3.893,0.0,1.195,7.2,0.2212,16.99,4.839173024439133e-65,1
137.8,1,2,8.82,4,-6.7,-23.15,4.547,0.0,1.252,6.83,0.2247,20.934,1.3194453360306758e-97,1
131.8,1,2,2.95,1,-25.7,-19.95,0.616,0.0,1.499,7.01,0.2211,27.647,1.5020076955028003e-168,1
46.6,0,1,23.61,7,3.1,-23.48,3.076,0.0,1.134,7.17,0.2454,8.934,2.0583931541408648e-19,1
113.2,1,2,10.95,6,33.5,-21.88,6.95,0.0,2.104,6.77,0.2244,23.961,3.515062963042007e-127,1
45.0,0,1,17.26,0,14.1,-21.73,0.572,0.0,2.774,7.33,0.2341,14.874,2.425839439572472e-50,1
39.4,0,1,14.38,1,-19.7,-17.61,1.3,0.0,1.198,7.05,0.2206,30.766,3.6889023733553005e-208,1
81.1,1,1,12.54,12,3.4,-38.09,10.861,0.0,1.73,6.7,0.2281,4.934,4.0205431401483997e-07,0
23.4,0,1,15.41,4,28.6,-17.06,3.519,0.0,1.484,7.64,0.2219,44.41,0.0,1
29.1,0,1,22.46,2,-26.5,-21.98,2.309,2.912,1.007,7.07,0.2509,15.702,7.334957640135159e-56,1
169.2,1,2,17.48,14,11.5,-30.9,7.958,0.0,1.123,6.16,0.237,9.323,5.633390557813605e-21,1
21.7,0,1,13.31,1,16.9,-12.82,0.853,0.0,1.116,7.52,0.231,105.767,0.0,1
104.5,1,1,16.13,5,15.8,-37.27,3.663,0.0,1.698,7.12,0.228,5.425,2.8929166294045543e-08,0
63.5,0,1,15.16,0,-20.2,-26.18,0.428,4.152,1.416,7.28,0.221,4.218,1.2334643752949582e-05,0
111.7,1,2,10.83,4,29.0,-22.3,5.999,0.0,1.029,7.42,0.2263,23.981,2.1735939310425706e-127,1
103.0,1,1,15.62,12,-9.1,-40.53,8.6,0.0,1.066,7.73,0.225,2.81,0.00247550943730777,0
102.0,1,1,11.09,6,-26.6,-38.75,5.147,0.0,1.425,7.15,0.2288,5.053,2.1788082696329875e-07,0
36.0,0,1,18.94,4,-24.6,-20.9,2.704,2.247,1.46,7.42,0.2235,15.47,2.767799893597342e-54,1
46.3,0,1,24.22,10,-0.3,-27.48,7.175,0.0,1.262,6.94,0.2403,3.583,0.00016957117158556824,0
74.0,1,1,24.0,15,-27.4,-41.22,13.759,0.0,1.038,8.26,0.2503,2.775,0.0027634676552498673,0
56.0,0,1,20.52,8,20.7,-29.97,7.755,0.0,1.34,7.37,0.2328,1.844,0.03259970263010411,0
72.7,1,1,15.04,9,26.3,-34.67,9.61,0.0,1.043,6.6,0.2211,8.366,2.99139338687897e-17,1
34.7,0,1,18.73,2,-29.1,-17.52,1.854,0.0,1.328,7.44,0.2369,38.401,0.0,1
123.7,1,2,4.45,2,22.7,-20.33,0.885,0.0,1.233,6.87,0.2262,30.289,8.073728132433794e-202,1
27.5,0,1,11.98,1,33.8,-13.93,0.287,0.0,1.479,7.32,0.2369,75.197,0.0,1
103.0,1,1,6.43,8,-28.0,-42.7,7.807,3.578,1.133,7.3,0.2242,2.531,0.005690354517763989,0
81.4,1,1,0.09,0,17.1,-26.34,0.0,0.0,1.165,6.12,0.2201,23.16,5.743660227158818e-119,1
169.2,1,2,24.17,7,34.9,-31.01,8.187,0.0,1.432,8.25,0.2305,7.985,6.998616342728044e-16,1
76.0,1,1,21.6,5,21.8,-32.21,3.171,0.0,1.853,8.48,0.2494,9.932,1.5065514110725672e-23,1
71.8,1,1,12.84,5,2.8,-34.18,7.953,0.0,1.197,7.23,0.224,8.732,1.2542845066824771e-18,1
15.0,0,1,6.35,0,27.5,-10.04,0.575,0.0,1.035,6.42,0.2253,199.437,0.0,1
159.0,1,2,17.32,6,16.0,-27.21,5.535,0.0,1.02,7.21,0.2327,12.854,4.084032495566083e-38,1
56.4,0,1,10.87,3,-11.0,-24.67,2.732,2.287,1.117,6.33,0.2216,5.795,3.4214022737383764e-09,0
45.5,0,1,20.08,7,-15.4,-25.26,5.684,0.0,1.517,7.98,0.2355,6.324,1.2736170787908743e-10,0
52.0,0,1,24.99,5,3.3,-27.31,5.916,0.0,1.278,7.02,0.2411,3.678,0.00011771862718990646,0
148.3,1,2,8.73,2,-5.8,-23.9,2.256,1.665,1.414,6.97,0.2237,18.101,1.5512560174112548e-73,1
69.5,1,1,6.11,4,-8.6,-29.49,3.01,1.749,1.122,7.0,0.2218,15.816,1.2146398876601803e-56,1
86.6,1,1,6.68,3,-18.4,-30.71,3.22,0.0,1.282,6.69,0.2248,12.022,1.3596836453629932e-33,1
36.6,0,1,2.33,1,24.9,-18.08,1.683,0.0,1.569,6.42,0.2234,37.598,1.173500502233233e-309,1
59.1,0,1,9.85,2,15.8,-24.92,3.084,0.0,1.487,7.11,0.2342,5.198,1.0098046241383359e-07,0
60.4,0,1,0.44,0,-8.5,-22.59,0.455,0.0,1.259,6.59,0.2204,11.78,2.4742170455157384e-32,1
15.0,0,1,2.86,0,-14.6,-10.72,0.0,0.0,1.292,7.12,0.2237,220.85,0.0,1
81.4,1,1,6.79,5,-21.7,-32.22,4.376,1.827,1.065,6.79,0.2283,9.95,1.2611882078434171e-23,1
88.9,1,1,4.0,0,-22.7,-30.65,0.0,1.62,1.239,6.13,0.2261,13.191,4.971504746150826e-40,1
61.2,0,1,18.3,0,10.7,-23.19,0.573,0.0,1.29,6.3,0.2381,7.663,9.105033423586206e-15,1
56.0,0,1,2.64,1,-22.9,-22.82,1.391,0.0,1.51,6.56,0.2216,11.395,2.2180088123949895e-30,1
111.7,1,2,21.65,6,32.4,-22.62,6.425,0.0,1.032,7.52,0.2519,21.005,2.941634704071671e-98,1
64.6,0,1,5.53,2,-11.9,-24.07,1.759,0.0,1.038,6.52,0.2231,6.685,1.1519531584411186e-11,0
115.3,1,2,2.71,0,-28.3,-16.83,0.0,0.0,2.377,6.9,0.2211,36.675,9.177848176853316e-295,1
78.8,1,1,0.25,0,25.6,-25.96,0.0,0.0,1.191,6.02,0.2202,23.934,6.8048256177167425e-127,1
90.5,1,1,17.88,6,-6.1,-36.98,4.414,0.0,2.299,6.96,0.2459,5.806,3.19403974688411e-09,0
106.3,1,1,6.42,4,-7.7,-37.28,5.884,0.0,1.111,7.0,0.2264,5.283,6.370277043659899e-08,0
91.0,1,1,12.74,4,-22.3,-34.99,3.945,0.0,1.043,6.94,0.2322,8.197,1.2307098722097032e-16,1
28.5,0,1,2.79,0,12.9,-12.85,0.0,0.0,1.211,6.24,0.2214,105.64,0.0,1
136.4,1,2,24.63,19,-6.7,-32.85,16.96,0.0,1.133,7.2,0.2472,7.004,1.2455615184819247e-12,1
158.6,1,2,3.13,1,23.5,-23.45,0.402,0.0,1.531,6.65,0.2208,20.814,1.603892406626583e-96,1
28.9,0,1,10.3,1,11.0,-16.13,2.331,0.0,1.153,7.39,0.2215,49.642,0.0,1
22.2,0,1,21.29,7,27.2,-17.25,3.937,0.0,1.461,7.22,0.2479,36.196,3.465704628733283e-287,1
61.2,0,1,6.12,4,10.5,-24.71,3.415,0.0,1.224,6.55,0.2248,5.551,1.4231169383861191e-08,0
17.9,0,1,6.67,0,20.7,-12.02,0.533,0.0,1.164,7.01,0.2289,162.275,0.0,1
171.3,1,2,20.21,14,15.3,-32.62,11.874,0.0,1.174,6.21,0.2211,8.266,6.910909318176751e-17,1
10.6,0,1,6.83,1,0.1,-10.16,0.465,0.0,1.359,6.74,0.2272,214.421,0.0,1
52.5,0,1,0.07,0,14.8,-18.88,0.0,0.0,1.178,6.19,0.22,26.203,1.2324248442457395e-151,1
45.5,0,1,10.7,1,13.1,-18.6,0.93,0.0,2.163,7.5,0.2224,25.471,2.042196914730274e-143,1
113.2,1,2,0.31,0,-29.6,-16.89,0.0,0.0,1.191,6.48,0.2207,37.766,0.0,1
17.9,0,1,22.74,1,15.4,-12.22,0.992,0.0,1.315,6.91,0.2214,149.558,0.0,1
30.1,0,1,16.05,0,-13.0,-14.38,0.0,0.0,1.162,7.45,0.244,62.786,0.0,1
45.1,0,1,14.58,2,5.2,-19.67,1.168,0.0,1.689,6.63,0.2342,18.236,1.3330674926294373e-74,1
71.4,1,1,5.04,0,-22.8,-24.02,0.0,1.069,1.09,6.88,0.2273,23.533,9.357800126227401e-123,1
78.8,1,1,17.5,16,-28.5,-41.35,13.151,0.0,1.254,7.27,0.2244,3.41,0.00032533762307707066,0
22.0,0,1,16.93,0,-29.0,-13.32,0.829,0.0,1.411,6.69,0.2408,86.181,0.0,1
61.9,0,1,1.51,0,-19.7,-21.76,0.0,0.0,1.039,6.56,0.2206,13.172,6.397156430948414e-40,1
192.4,1,2,22.02,44,-28.7,-48.39,35.767,2.726,1.065,7.69,0.2251,0.709,0.23907598113756656,0
32.8,0,1,14.49,4,-21.4,-22.86,4.658,3.288,1.015,7.35,0.2394,10.238,6.715615723965969e-25,1
123.7,1,2,19.81,6,6.3,-23.88,7.072,0.0,1.119,7.05,0.2253,19.86,4.4946573168197685e-88,1
78.6,1,1,6.57,2,-4.0,-29.11,1.172,0.0,1.14,6.53,0.228,17.91,4.903669293925222e-72,1
148.3,1,2,3.05,2,33.7,-22.32,0.913,0.0,1.06,6.44,0.2242,23.513,1.50087628479569e-122,1
120.6,1,2,17.56,20,22.6,-27.99,17.415,0.0,1.137,7.14,0.221,11.054,1.0460414343694425e-28,1
181.8,1,2,19.85,25,-20.5,-40.68,19.822,1.684,1.48,7.58,0.2483,2.429,0.007560065095936538,0
177.2,1,2,9.65,4,-2.9,-29.98,6.761,0.0,1.68,6.44,0.228,9.478,1.294851015550155e-21,1
86.6,1,1,0.59,0,-2.0,-25.89,0.0,0.0,1.099,6.52,0.2206,19.972,4.779755827636815e-89,1
116.9,1,2,20.46,17,-6.5,-29.81,18.638,2.031,1.92,8.42,0.2459,7.559,2.028117208678289e-14,1
36.9,0,1,5.15,0,2.2,-15.66,0.631,0.0,1.026,6.05,0.2252,54.157,0.0,1
64.6,0,1,8.48,0,13.5,-24.98,2.197,0.0,1.063,6.33,0.2323,5.516,1.7329609899285134e-08,0
83.2,1,1,15.71,9,11.7,-36.49,6.734,0.0,1.704,7.7,0.2416,5.659,7.600353815937208e-09,0
56.0,0,1,2.5,0,-6.8,-20.09,0.574,0.0,1.023,7.03,0.2211,18.302,4.009987792430757e-75,1
147.0,1,2,1.8,1,15.8,-21.17,0.932,0.0,1.067,6.29,0.222,26.366,1.670794994028949e-153,1
79.8,1,1,0.64,1,-11.2,-26.62,0.836,0.0,1.64,6.57,0.2206,19.902,1.9630903512032477e-88,1
23.2,0,1,22.92,5,24.3,-17.33,4.835,0.0,1.315,7.51,0.224,33.808,7.465137907960669e-251,1
23.5,0,1,7.78,3,32.7,-15.04,1.812,0.0,1.118,6.21,0.2235,77.523,0.0,1
12.3,0,1,16.52,0,-10.8,-16.76,2.193,3.939,1.072,7.74,0.2215,47.971,0.0,1
45.5,0,1,24.73,1,21.0,-23.55,1.397,0.0,1.811,8.17,0.2395,11.026,1.4259592684207798e-28,1
116.9,1,2,16.74,13,22.9,-25.78,13.742,0.0,1.821,7.57,0.2201,15.472,2.6778050509561245e-54,1
64.6,0,1,13.13,7,1.9,-27.57,3.359,0.0,1.258,7.5,0.2234,3.406,0.0003291649723035183,0
135.2,1,2,13.02,13,-24.3,-24.76,6.783,0.0,1.164,7.8,0.2399,16.191,2.911026524946723e-59,1
101.2,1,1,9.42,6,21.1,-39.46,4.303,0.0,1.201,7.2,0.2333,4.444,4.407421382369009e-06,0
46.9,0,1,14.99,5,-3.5,-24.76,5.551,0.0,1.558,6.89,0.2336,6.522,3.467392267071063e-11,0
16.5,0,1,23.97,3,-16.5,-14.27,2.239,0.0,1.293,7.07,0.2557,67.254,0.0,1
30.6,0,1,19.7,7,10.7,-21.08,5.681,0.0,1.079,6.19,0.2337,17.439,2.1022792290986213e-68,1
137.8,1,2,10.61,14,-1.6,-25.43,9.944,0.0,1.023,6.79,0.2277,15.939,1.7118319796141636e-57,1
108.6,1,1,8.31,5,-24.3,-38.74,4.947,0.0,1.03,6.58,0.226,4.792,8.262956313184276e-07,0
97.4,1,1,22.09,10,33.9,-40.47,9.048,0.0,1.967,7.63,0.2212,3.103,0.0009581640862235662,0
187.7,1,2,3.39,2,-14.1,-28.78,4.64,0.0,1.388,6.87,0.222,10.849,1.0060362019158758e-27,1
113.2,1,2,21.24,15,3.2,-26.93,16.168,0.0,1.418,8.02,0.2368,11.598,2.109784867051466e-31,1
55.1,0,1,6.38,3,13.4,-22.17,2.031,0.0,1.023,6.49,0.2249,11.078,8.053505582788059e-29,1
90.9,1,1,17.89,7,-22.5,-40.15,7.277,2.91,1.022,8.12,0.2341,3.241,0.0005964514365452055,0
43.9,0,1,20.16,0,18.1,-19.17,0.741,0.0,1.025,7.84,0.2308,22.691,2.726035833535349e-114,1
103.0,1,1,11.92,7,12.1,-41.31,7.678,0.0,1.062,6.93,0.2328,3.333,0.0004303410255022001,0
69.2,1,1,4.81,2,2.1,-27.12,1.386,0.0,1.983,6.42,0.2269,20.122,2.3839848984202306e-90,1
86.6,1,1,21.12,5,4.3,-36.32,4.506,0.0,1.237,7.12,0.2454,6.294,1.542868422561205e-10,0
57.0,0,1,9.19,1,32.1,-23.26,1.174,0.0,1.786,6.39,0.2244,9.48,1.2757069402221012e-21,1
131.1,1,2,8.02,10,29.2,-23.4,6.298,0.0,2.202,6.85,0.2234,19.686,1.421396327291493e-86,1
171.3,1,2,12.75,17,-22.7,-36.27,17.599,0.0,1.329,6.83,0.2374,4.589,2.226373664734455e-06,0
51.0,0,1,10.88,0,-6.0,-21.72,1.753,0.0,1.388,7.79,0.2237,11.728,4.602938581195802e-32,1
75.4,1,1,17.08,10,3.6,-34.26,7.742,0.0,1.217,6.19,0.223,8.869,3.6976533808031485e-19,1
29.1,0,1,3.43,0,29.8,-15.52,0.473,0.0,1.954,6.4,0.2214,60.933,0.0,1
125.8,1,2,10.89,3,23.1,-20.45,2.761,0.0,1.383,6.7,0.2288,27.923,7.104525580374298e-172,1
134.9,1,2,22.29,21,-4.9,-30.25,17.669,0.0,1.36,6.97,0.2204,9.062,6.421813492766971e-20,1
52.5,0,1,0.9,0,27.6,-20.14,0.0,0.0,2.309,6.87,0.2203,17.937,3.011584912360999e-72,1
34.7,0,1,11.43,1,-5.4,-16.92,2.498,0.0,1.141,7.08,0.2245,38.092,0.0,1
39.5,0,1,16.51,2,-12.4,-21.65,3.943,0.0,1.092,6.73,0.2341,12.993,6.694240769450739e-39,1
33.4,0,1,22.19,3,9.6,-18.49,1.857,0.0,1.255,6.86,0.2443,31.961,1.8779988095769805e-224,1
89.4,1,1,14.84,9,-6.9,-43.12,8.703,4.858,1.04,7.24,0.242,2.589,0.004815516768469928,0
28.9,0,1,20.61,2,10.5,-14.19,0.999,0.0,1.233,6.76,0.2262,73.297,0.0,1
11.4,0,1,5.57,1,-3.4,-9.89,0.522,0.0,1.108,6.19,0.2259,229.198,0.0,1
49.7,0,1,8.82,2,21.7,-21.85,1.857,0.0,1.096,7.02,0.223,14.838,4.13068553573212e-50,1
152.8,1,2,23.55,30,32.0,-36.29,24.017,0.0,1.602,6.42,0.2411,4.45,4.289945102016203e-06,0
107.4,1,1,22.15,26,-12.4,-57.75,22.705,0.0,1.147,8.18,0.2287,0.184,0.42699182533407615,0
27.5,0,1,13.95,0,3.2,-16.2,0.58,0.0,1.148,6.92,0.2297,72.453,0.0,1
198.3,1,2,11.89,21,17.1,-39.1,19.674,0.0,1.102,7.91,0.2285,2.725,0.003213367122020466,0
78.5,1,1,11.28,6,-19.7,-30.79,4.541,0.0,1.392,7.24,0.2366,10.472,5.803951393317021e-26,1
56.0,0,1,1.47,0,21.7,-19.46,0.0,0.0,1.167,6.65,0.2206,17.922,3.9763177966420783e-72,1
63.5,0,1,22.31,7,7.9,-32.01,5.815,0.0,1.414,6.85,0.2476,1.123,0.13069922929603206,0
90.9,1,1,20.45,17,-20.3,-49.55,13.796,2.91,1.248,7.51,0.2428,0.898,0.18466012261469394,0
142.3,1,2,11.41,8,26.4,-25.66,7.874,0.0,1.021,6.98,0.2294,15.925,2.115253254244306e-57,1
108.9,1,1,6.99,7,-2.3,-40.35,5.513,0.0,1.147,6.71,0.2275,4.497,3.4424781195974373e-06,0
79.5,1,1,8.57,3,-18.5,-31.3,2.071,2.427,2.355,6.88,0.225,11.304,6.29255603720326e-30,1
125.8,1,2,3.08,1,-17.3,-20.54,1.136,2.355,1.272,6.34,0.2233,29.078,3.4016130313868193e-186,1
11.4,0,1,18.04,2,21.1,-11.48,1.309,0.0,1.616,6.85,0.224,154.509,0.0,1
33.5,0,1,13.92,5,30.8,-19.41,2.691,0.0,2.542,7.76,0.2365,24.136,5.276545063887357e-129,1
171.3,1,2,5.85,1,-5.4,-26.65,1.373,0.0,1.907,6.94,0.2231,13.833,8.106147187969422e-44,1
181.8,1,2,15.58,4,-24.9,-30.93,6.43,0.0,1.002,7.73,0.2435,7.551,2.16464784647934e-14,1
108.9,1,1,24.48,9,-23.4,-52.83,11.184,4.554,2.025,7.41,0.2364,0.508,0.3058062394230978,0
35.8,0,1,3.06,0,12.5,-15.11,0.0,0.0,1.344,6.31,0.2243,66.079,0.0,1
46.6,0,1,11.46,5,-5.9,-23.52,5.226,0.0,1.297,6.73,0.2246,9.443,1.8128654216954633e-21,1
70.1,1,1,12.35,6,-2.3,-29.21,4.537,0.0,1.539,7.16,0.2255,14.751,1.5257718787621514e-49,1
29.1,0,1,4.17,0,-8.1,-16.42,1.016,0.0,2.2,6.82,0.2252,53.005,0.0,1
23.4,0,1,13.29,5,0.3,-16.3,3.128,0.0,1.509,7.72,0.2376,52.706,0.0,1
124.7,1,2,15.15,11,11.8,-24.88,10.575,0.0,1.061,6.94,0.2311,17.676,3.208178315454476e-70,1
68.3,1,1,3.93,1,5.2,-25.58,2.366,0.0,1.028,6.97,0.2204,22.303,1.7305192904351284e-110,1
147.0,1,2,3.87,0,-19.3,-21.9,0.914,0.0,1.314,6.69,0.2224,25.265,3.8632988110728373e-141,1
79.5,1,1,21.41,13,1.9,-42.62,13.349,0.0,1.492,7.34,0.2459,2.572,0.005061034248640664,0
32.8,0,1,7.78,1,-0.1,-15.23,1.665,0.0,1.288,6.82,0.2256,55.353,0.0,1
104.5,1,1,15.76,11,5.5,-42.11,6.833,0.0,1.712,7.43,0.237,2.806,0.0025083589005050555,0
47.0,0,1,15.67,5,-22.8,-24.19,2.696,3.117,1.085,7.03,0.2294,8.301,5.183253075603307e-17,1
22.5,0,1,20.98,1,-20.0,-18.74,1.266,4.407,1.052,8.26,0.2214,34.675,9.262377409179584e-264,1
47.0,0,1,18.5,0,4.5,-22.11,3.228,0.0,1.224,8.14,0.2388,13.428,2.078971776588802e-41,1
48.3,0,1,21.01,2,-12.1,-24.46,1.693,0.0,2.679,7.99,0.2296,8.427,1.7768913068647356e-17,1
113.4,1,2,15.63,17,10.9,-24.8,14.116,0.0,1.041,6.83,0.2314,17.316,1.7784191912267534e-67,1
34.7,0,1,11.24,1,-5.8,-20.58,3.604,0.0,1.763,6.09,0.2355,19.614,5.863956390886266e-86,1
192.4,1,2,9.84,11,-15.7,-37.7,14.286,4.384,1.443,7.55,0.2236,3.476,0.0002542581784261862,0
20.4,0,1,9.48,1,12.7,-12.66,0.692,0.0,1.263,7.18,0.225,114.841,0.0,1
56.4,0,1,10.46,2,-4.4,-22.2,2.805,0.0,1.103,7.36,0.2225,8.999,1.142505605573618e-19,1
104.5,1,1,3.23,1,-19.8,-32.89,0.537,0.0,1.552,6.7,0.2206,10.185,1.1572025733997656e-24,1
78.6,1,1,10.6,3,22.6,-29.0,2.779,0.0,1.708,6.42,0.2266,15.832,9.317302096211218e-57,1
96.4,1,1,9.74,5,-1.9,-33.83,4.172,0.0,1.221,6.71,0.2215,8.473,1.1967100459335486e-17,1
45.4,0,1,0.86,0,29.5,-17.88,0.0,0.0,1.605,6.17,0.2204,35.558,3.135965017596992e-277,1
17.6,0,1,6.88,0,-17.4,-11.28,0.0,0.0,1.139,6.69,0.2291,173.046,0.0,1
32.5,0,1,18.8,5,27.0,-19.94,3.769,0.0,1.314,6.46,0.2212,25.783,6.821334960976763e-147,1
22.8,0,1,14.45,3,23.0,-15.69,2.631,0.0,1.499,6.62,0.2337,54.084,0.0,1
90.5,1,1,20.15,7,-23.2,-35.03,5.652,0.0,1.27,7.32,0.2322,6.618,1.8180035970314462e-11,0
13.1,0,1,13.57,1,4.6,-9.63,0.43,0.0,1.555,7.04,0.228,182.416,0.0,1
42.6,0,1,21.35,2,12.5,-19.37,1.971,0.0,1.004,7.75,0.236,24.137,5.170142378683076e-129,1
9.4,0,1,19.9,0,2.2,-10.37,0.0,0.0,1.361,7.67,0.2303,224.825,0.0,1
76.0,1,1,2.46,0,-4.6,-24.91,0.62,0.0,1.11,6.8,0.2204,24.426,4.517020898254882e-132,1
36.0,0,1,24.43,11,31.3,-24.25,7.585,0.0,1.705,7.56,0.2524,6.369,9.485058927147335e-11,0
141.4,1,2,0.37,0,15.6,-19.94,0.0,0.0,1.822,6.76,0.2201,29.985,7.73139358724242e-198,1
10.5,0,1,14.92,1,32.8,-12.01,1.159,0.0,1.638,7.81,0.2353,151.346,0.0,1
10.6,0,1,19.81,3,25.0,-16.84,4.828,0.0,2.361,7.3,0.2424,46.646,0.0,1
46.1,0,1,8.3,0,23.1,-17.77,0.0,0.0,1.065,6.44,0.2226,33.877,7.343231911447104e-252,1
152.8,1,2,14.96,13,17.2,-29.48,11.864,0.0,1.889,6.61,0.2236,11.093,6.80931263282237e-29,1
20.4,0,1,9.05,3,12.0,-13.78,2.543,0.0,1.041,6.87,0.2324,91.637,0.0,1
45.0,0,1,1.52,0,27.6,-17.38,0.0,0.0,1.505,6.71,0.2201,37.447,3.345418978043297e-307,1
56.9,0,1,0.21,0,9.9,-21.44,0.0,0.0,1.113,6.28,0.2201,18.133,8.824513868132737e-74,1
50.7,0,1,2.37,0,-25.1,-19.73,0.636,0.0,2.391,6.52,0.2207,17.599,1.2524972798588003e-69,1
23.2,0,1,2.46,0,7.9,-13.91,0.0,0.0,2.635,7.03,0.2216,95.84,0.0,1
12.0,0,1,15.27,0,-23.3,-9.66,0.494,0.0,1.244,8.01,0.2248,246.194,0.0,1
48.3,0,1,13.15,7,31.7,-24.4,4.267,0.0,1.425,7.37,0.2381,6.576,2.4129844006530877e-11,0
42.0,0,1,11.39,1,12.0,-17.76,2.077,0.0,1.213,6.54,0.2254,28.464,1.656728127303186e-178,1
75.4,1,1,17.3,2,6.1,-28.31,0.665,0.0,1.202,7.53,0.2407,16.47,3.0184971242364523e-61,1
6.0,0,1,0.42,0,-17.1,-7.52,0.0,0.0,2.013,6.82,0.2206,337.91,0.0,1
44.0,0,1,6.77,0,3.5,-19.04,0.92,0.0,1.996,6.88,0.2254,22.971,4.592511003587028e-117,1
126.5,1,2,19.43,13,-7.7,-25.76,11.863,0.0,1.96,6.81,0.2399,13.942,1.7626262979189513e-44,1
90.9,1,1,22.75,13,13.9,-42.49,9.642,0.0,1.677,7.68,0.2429,2.576,0.005004594921232123,0
126.5,1,2,10.96,3,9.3,-21.65,3.588,0.0,2.188,6.83,0.234,23.224,1.2935854486845467e-119,1
103.0,1,1,2.04,1,2.5,-33.15,1.193,0.0,1.051,6.17,0.221,11.146,3.731665619887269e-29,1
159.0,1,2,19.97,10,-13.6,-29.78,10.345,0.0,1.215,7.11,0.2349,9.41,2.48844054114192e-21,1
87.1,1,1,22.13,20,4.2,-46.92,16.7,0.0,1.177,7.15,0.2477,1.358,0.08729080121923583,0
17.6,0,1,10.34,0,0.0,-11.1,0.0,0.0,1.286,6.67,0.225,195.857,0.0,1
30.1,0,1,6.08,1,25.3,-15.11,0.598,0.0,1.305,6.38,0.2219,71.238,0.0,1
71.4,1,1,1.1,3,28.1,-24.44,1.343,0.0,1.403,6.84,0.2205,23.541,7.773899867809725e-123,1
113.4,1,2,14.78,16,19.4,-27.21,15.17,0.0,1.367,7.71,0.2273,13.172,6.374745987247413e-40,1
33.4,0,1,22.75,11,-9.2,-23.1,7.758,0.0,1.118,7.75,0.2256,10.045,4.8483191398358104e-24,1
81.1,1,1,16.95,7,-27.5,-33.31,6.299,0.0,1.261,6.69,0.2252,9.456,1.5945519472614048e-21,1
22.0,0,1,7.93,1,30.1,-12.14,0.918,0.0,1.001,6.88,0.2206,122.656,0.0,1
16.3,0,1,16.07,2,34.5,-12.87,1.274,0.0,1.322,6.64,0.2254,97.582,0.0,1
141.4,1,2,20.8,15,-21.7,-33.88,15.748,4.46,1.043,8.38,0.2487,4.631,1.8213348690454789e-06,0
79.5,1,1,11.9,4,14.6,-32.11,5.292,0.0,1.055,6.61,0.2309,11.061,9.659964480024654e-29,1
152.9,1,2,20.49,11,-2.4,-27.04,8.461,0.0,1.152,7.56,0.2302,11.756,3.2785565092286785e-32,1
24.4,0,1,9.8,2,-20.3,-14.89,1.551,0.0,1.188,6.84,0.2322,65.876,0.0,1
135.8,1,2,8.71,7,34.9,-23.85,7.457,0.0,1.212,6.53,0.2278,20.283,9.031613164367138e-92,1
48.3,0,1,14.57,3,30.7,-20.68,1.703,0.0,1.254,6.91,0.2241,15.634,2.148934347227692e-55,1
21.7,0,1,11.62,1,33.9,-13.35,0.652,0.0,1.133,6.49,0.2308,104.264,0.0,1
76.8,1,1,24.43,6,-20.6,-35.28,5.577,1.01,1.044,7.77,0.2547,6.489,4.3140792138254597e-11,0
67.3,1,1,12.91,4,2.0,-27.28,4.268,0.0,1.161,6.68,0.2215,18.027,6.034184255822084e-73,1
83.2,1,1,9.63,1,28.2,-30.19,2.04,0.0,1.076,6.85,0.2343,13.088,1.936195534594689e-39,1
125.5,1,2,9.87,6,13.9,-21.63,5.279,0.0,1.308,6.7,0.2263,24.311,7.505595853243947e-131,1
142.3,1,2,13.7,6,-1.8,-24.51,5.511,0.0,1.082,6.86,0.2301,18.276,6.446645797166736e-75,1
83.5,1,1,8.87,1,3.6,-27.89,0.634,0.0,1.552,6.34,0.2203,19.111,1.0220264737669567e-81,1
8.1,0,1,18.07,0,-27.5,-9.88,0.0,0.0,1.683,7.58,0.2277,233.53,0.0,1
101.9,1,1,9.52,4,9.7,-36.72,3.954,0.0,1.379,6.04,0.2254,6.767,6.573635479330263e-12,1
135.8,1,2,9.6,8,25.9,-26.03,8.991,0.0,2.38,6.81,0.2339,14.922,1.1932398222674138e-50,1
56.9,0,1,15.42,5,-29.8,-26.42,4.496,0.0,1.025,7.28,0.2377,3.459,0.0002709747032460399,0
10.3,0,1,1.52,0,-19.6,-10.61,0.0,1.763,1.832,6.14,0.2225,184.635,0.0,1
98.6,1,1,16.38,5,3.7,-39.59,4.234,0.0,2.698,7.13,0.238,4.512,3.2038227221599573e-06,0
124.7,1,2,12.62,7,6.5,-25.06,9.323,0.0,2.432,6.69,0.2361,16.872,3.607368365899319e-64,1
35.8,0,1,11.33,1,-7.7,-18.68,2.508,0.0,1.174,6.25,0.2207,29.062,5.488619645675755e-186,1
10.5,0,1,17.98,2,-28.2,-10.38,0.773,0.0,1.029,6.96,0.2439,177.996,0.0,1
88.9,1,1,18.96,5,18.3,-35.04,3.271,0.0,1.043,7.72,0.2431,7.273,1.759170842983875e-13,1
43.9,0,1,21.16,2,-14.2,-24.22,2.694,2.726,1.821,8.11,0.2391,7.246,2.1499608641540623e-13,1
45.1,0,1,9.37,2,11.9,-19.99,2.718,0.0,1.465,6.52,0.2299,19.671,1.9205222458009326e-86,1
32.8,0,1,8.18,2,6.3,-15.52,0.963,0.0,1.062,6.81,0.2295,55.45,0.0,1
147.0,1,2,17.86,19,-2.0,-30.08,16.897,0.0,1.289,7.2,0.2214,9.151,2.832496637231441e-20,1
12.1,0,1,14.55,1,8.4,-10.3,0.353,0.0,1.005,7.08,0.2254,243.243,0.0,1
96.0,1,1,15.8,4,15.2,-37.25,4.044,0.0,1.17,7.65,0.2422,4.853,6.09080160609253e-07,0
46.1,0,1,13.89,11,7.2,-26.36,8.03,0.0,1.018,7.6,0.2263,4.759,9.71409814357968e-07,0
11.2,0,1,19.32,2,6.2,-12.31,1.482,0.0,1.379,6.72,0.223,136.251,0.0,1
187.7,1,2,4.75,4,-1.7,-28.9,3.297,0.0,1.15,6.91,0.2249,11.57,2.9115870868838197e-31,1
96.0,1,1,13.89,1,-2.0,-34.34,2.497,0.0,1.572,7.41,0.228,8.239,8.659778745385909e-17,1
49.7,0,1,3.95,3,1.9,-19.72,1.689,0.0,1.451,6.8,0.2249,15.798,1.5939121501135796e-56,1
122.3,1,2,10.18,5,-0.6,-20.9,4.388,0.0,1.223,6.41,0.2289,26.394,7.986360325936708e-154,1
79.5,1,1,16.6,6,-1.5,-31.55,3.832,0.0,1.033,6.47,0.2447,10.784,2.04960366892622e-27,1
45.0,0,1,12.33,0,-16.3,-19.5,0.0,0.0,1.496,7.06,0.2336,22.209,1.3973288641698693e-109,1
148.1,1,2,9.49,14,17.1,-29.45,10.149,0.0,2.669,6.42,0.2292,11.408,1.9168839901031806e-30,1
78.8,1,1,22.12,9,-21.4,-34.13,5.452,0.0,1.143,8.09,0.2368,7.238,2.270201221310345e-13,1
101.9,1,1,19.32,1,29.1,-33.83,0.774,0.0,1.185,6.49,0.2219,9.347,4.505445032296632e-21,1
21.1,0,1,13.16,0,10.6,-12.58,0.0,0.0,1.517,6.87,0.2206,105.175,0.0,1
102.0,1,1,23.75,9,-26.8,-46.26,9.257,2.542,1.299,7.63,0.2472,1.607,0.05399602890212737,0
192.4,1,2,10.61,10,12.8,-33.65,9.808,0.0,1.081,7.05,0.2321,5.701,5.9584713103050765e-09,0
21.5,0,1,19.7,2,-6.5,-19.49,0.879,4.944,2.023,6.99,0.2263,21.326,3.2891514936545586e-101,1
124.7,1,2,4.2,1,30.4,-20.62,2.596,0.0,1.023,6.35,0.2235,30.522,6.635476003303714e-205,1
56.4,0,1,7.14,1,30.8,-22.58,1.203,0.0,1.223,6.64,0.2235,10.975,2.512079447261965e-28,1
103.0,1,1,8.45,0,25.0,-33.14,0.372,0.0,1.195,7.31,0.2293,8.535,6.990380763253374e-18,1
135.5,1,2,2.65,0,6.9,-19.86,0.0,0.0,1.256,6.8,0.2233,30.305,4.953032844722751e-202,1
32.8,0,1,12.55,3,29.7,-17.23,2.402,0.0,1.379,7.64,0.2283,32.588,3.0346264097361936e-233,1
46.3,0,1,4.81,0,12.2,-17.69,0.0,0.0,1.227,6.13,0.225,31.934,4.4748117672849805e-224,1
101.2,1,1,15.85,7,26.9,-39.01,5.525,0.0,1.232,7.34,0.2286,4.54,2.816293119924898e-06,0
137.8,1,2,4.75,3,-19.6,-20.46,1.311,0.0,1.148,6.68,0.2241,27.326,1.0390352075515116e-164,1
91.3,1,1,3.09,3,28.8,-30.23,1.581,0.0,1.09,6.36,0.2234,13.927,2.1618844281297915e-44,1
56.0,0,1,24.23,7,13.0,-30.1,6.884,0.0,1.74,7.4,0.2244,1.878,0.030214823527699216,0
88.9,1,1,16.46,2,-10.3,-31.67,1.908,0.0,2.133,8.15,0.2207,9.485,1.2084356219987474e-21,1
67.3,1,1,23.41,9,34.9,-30.36,6.601,0.0,1.075,7.36,0.2427,11.383,2.54091058900865e-30,1
60.4,0,1,12.25,0,14.6,-23.69,1.058,0.0,1.249,6.63,0.2345,7.974,7.690364075209692e-16,1
22.5,0,1,0.84,0,29.0,-12.28,0.0,0.0,1.298,6.54,0.2208,126.696,0.0,1
78.5,1,1,14.36,9,-29.6,-37.65,10.084,0.0,1.475,7.86,0.2245,5.327,4.9832307331042e-08,0
7.1,0,1,13.96,1,5.9,-9.21,0.833,0.0,1.523,6.62,0.2306,218.138,0.0,1
22.8,0,1,0.37,0,16.3,-13.04,0.0,0.0,1.469,6.79,0.2202,130.382,0.0,1
29.1,0,1,21.53,6,-29.1,-24.56,5.188,4.032,1.06,8.25,0.2511,6.294,1.5430878057162172e-10,0
97.4,1,1,15.5,3,19.6,-39.24,5.405,0.0,1.082,6.61,0.2361,4.568,2.4585598849004517e-06,0
29.1,0,1,18.62,2,12.3,-20.54,6.099,0.0,1.556,7.68,0.2345,18.108,1.3753633327240817e-73,1
164.9,1,2,12.35,9,-12.1,-31.91,8.285,3.223,1.412,6.37,0.2276,8.348,3.4672891864891686e-17,1
10.3,0,1,15.46,0,14.8,-11.77,0.656,0.0,2.123,7.14,0.2279,165.561,0.0,1
50.5,0,1,6.44,0,-21.5,-20.28,0.0,0.0,2.783,6.93,0.2217,18.18,3.741156425327381e-74,1
152.9,1,2,24.34,3,23.6,-28.28,4.207,0.0,1.724,7.11,0.2457,11.654,1.1000607832949637e-31,1
113.4,1,2,10.02,5,26.3,-21.75,6.798,0.0,1.799,7.7,0.2281,22.304,1.674709245862655e-110,1
91.3,1,1,4.06,0,1.6,-28.13,0.0,0.0,1.203,6.46,0.2205,17.391,4.859256529926987e-68,1
27.5,0,1,1.4,0,3.0,-12.77,0.0,0.0,1.036,6.43,0.2209,101.392,0.0,1
68.5,1,1,15.9,5,-3.9,-31.02,5.639,0.0,1.547,7.52,0.2384,11.602,2.0081183262385013e-31,1
80.8,1,1,24.58,6,-7.6,-34.43,5.864,0.0,1.524,7.34,0.2255,7.986,6.968202261242079e-16,1
113.2,1,2,22.39,10,26.7,-23.92,8.892,0.0,3.217,7.4,0.2461,18.412,5.2851421722055437e-76,1
146.9,1,2,17.55,9,-10.2,-27.37,7.844,0.0,1.083,6.47,0.2323,14.862,2.926582055371435e-50,1
10.5,0,1,24.76,1,-3.8,-9.52,0.767,0.0,1.156,8.23,0.2226,233.237,0.0,1
63.5,0,1,18.07,11,-10.5,-36.58,11.158,0.0,1.778,7.6,0.2457,0.381,0.3517369794225176,0
36.6,0,1,8.48,2,12.7,-18.44,1.692,0.0,1.149,7.03,0.2224,31.615,1.1362056339475756e-219,1
20.4,0,1,15.03,2,22.9,-15.76,2.634,0.0,1.277,7.2,0.2209,66.917,0.0,1
108.6,1,1,1.99,0,-19.3,-35.34,0.0,0.0,1.582,6.26,0.222,8.124,2.257143486262057e-16,1
100.3,1,1,5.54,1,-13.4,-31.75,1.06,0.0,1.191,6.93,0.2215,10.165,1.4212532544122073e-24,1
85.7,1,1,10.44,6,-23.2,-36.18,9.43,0.0,1.031,7.26,0.2212,5.906,1.7542911383005378e-09,0
49.7,0,1,5.05,1,-19.6,-22.03,0.687,2.634,1.263,6.71,0.2255,11.874,8.069872528353188e-33,1
148.3,1,2,23.84,14,-3.6,-29.32,14.288,0.0,1.135,7.08,0.2239,9.516,8.99379560198968e-22,1
180.4,1,2,24.89,24,20.4,-41.17,22.984,0.0,1.268,7.49,0.2561,2.347,0.009454793253641782,0
137.8,1,2,9.27,2,5.2,-23.0,1.682,0.0,1.642,6.44,0.2313,23.312,1.6657775467310723e-120,1
45.0,0,1,17.73,2,-26.5,-21.35,2.038,0.0,1.622,7.01,0.2437,14.59,1.6294246713109087e-48,1
142.3,1,2,10.19,5,10.6,-24.49,4.664,0.0,1.181,7.59,0.2302,17.421,2.8733419682897163e-68,1
34.9,0,1,3.49,0,21.7,-15.68,0.0,0.0,1.2,6.88,0.2229,68.201,0.0,1
58.1,0,1,8.42,0,-4.4,-21.63,0.251,0.0,1.293,6.01,0.2287,13.55,3.9497333806012144e-42,1
43.9,0,1,5.83,1,-14.1,-22.41,1.276,4.621,1.221,6.85,0.2254,10.339,2.355700301131353e-25,1
45.1,0,1,8.2,0,19.7,-19.93,0.685,0.0,1.586,7.09,0.2299,21.933,6.3462268091326e-107,1
49.7,0,1,5.38,4,-28.4,-23.73,2.696,1.473,1.519,6.78,0.2221,7.424,5.678624270905033e-14,1
104.5,1,1,2.81,1,23.0,-33.1,0.967,0.0,1.321,6.74,0.2206,10.178,1.2465531396605408e-24,1
15.0,0,1,5.44,0,22.3,-10.23,0.0,0.0,1.06,6.93,0.2255,231.668,0.0,1
56.0,0,1,22.64,14,27.7,-34.08,12.949,0.0,1.083,7.52,0.2268,0.785,0.2163318265960958,0
46.9,0,1,2.13,2,-24.2,-19.36,2.26,0.0,1.357,7.07,0.2236,19.158,4.149361073964801e-82,1
43.9,0,1,8.12,5,-23.0,-19.67,2.497,0.0,1.014,6.67,0.2223,24.617,4.161101699877277e-134,1
23.5,0,1,13.21,1,26.7,-14.43,0.646,0.0,3.356,6.8,0.2331,69.233,0.0,1
107.4,1,1,8.86,9,0.9,-42.94,8.414,0.0,1.323,6.24,0.2306,3.417,0.00031706829483603877,0
46.3,0,1,12.94,4,-4.5,-23.16,5.928,0.0,1.128,7.73,0.2256,8.255,7.585330032518096e-17,1
57.0,0,1,1.09,0,7.3,-21.04,1.016,0.0,1.786,6.87,0.2211,12.315,3.7826223436720244e-35,1
71.8,1,1,16.21,9,-26.2,-34.97,8.348,0.0,1.89,6.66,0.2438,7.714,6.107069118120615e-15,1
78.5,1,1,14.09,6,11.8,-35.61,7.774,0.0,1.161,7.0,0.2402,6.945,1.8968914076880606e-12,1
93.8,1,1,17.02,5,31.4,-34.23,4.463,0.0,1.393,6.61,0.2238,8.332,3.959562939709479e-17,1
50.7,0,1,14.18,3,13.9,-21.85,1.998,0.0,2.162,6.85,0.2224,11.311,5.79120668834893e-30,1
81.1,1,1,10.95,2,0.2,-30.46,2.673,0.0,1.251,6.95,0.225,14.399,2.6324221582132856e-47,1
27.5,0,1,8.75,0,32.5,-13.15,0.847,0.0,1.321,6.7,0.2208,81.017,0.0,1
107.4,1,1,5.66,2,14.8,-33.42,1.291,0.0,1.132,6.91,0.2212,8.435,1.6564500811891972e-17,1
61.2,0,1,12.5,8,-26.3,-29.28,6.324,0.0,1.255,7.42,0.2277,2.46,0.0069495824644104105,0
101.2,1,1,0.65,0,13.6,-31.77,0.0,0.0,2.658,6.34,0.22,12.029,1.2494384484571138e-33,1
61.9,0,1,8.21,0,-26.1,-22.29,0.292,0.0,1.103,6.39,0.2214,10.55,2.541909899522482e-26,1
98.6,1,1,16.95,4,-10.0,-38.69,4.386,0.0,1.057,7.55,0.2447,4.227,1.18621127494097e-05,0
10.5,0,1,2.72,0,10.0,-8.85,0.0,0.0,1.225,6.85,0.2229,294.663,0.0,1
71.4,1,1,1.57,0,-16.0,-24.31,0.0,0.0,1.155,6.88,0.2211,26.886,1.5830059255356758e-159,1
171.3,1,2,16.3,9,-27.5,-27.98,6.817,2.928,1.374,7.22,0.2235,10.149,1.6770103292886416e-24,1
169.8,1,2,9.94,12,10.2,-28.36,6.982,0.0,2.043,7.07,0.2271,10.999,1.9417777915426722e-28,1
46.9,0,1,20.05,11,-11.4,-34.82,10.813,3.119,1.606,6.64,0.2382,0.681,0.24801715079680992,0
108.6,1,1,23.43,8,4.6,-43.25,8.609,0.0,1.39,7.48,0.2296,2.138,0.01624395131066861,0
181.8,1,2,23.93,38,-13.0,-44.58,30.687,3.542,1.432,7.1,0.2406,1.303,0.09626067201909361,0
56.4,0,1,10.64,2,14.6,-22.82,2.011,0.0,1.089,7.1,0.2272,9.576,5.028696881042946e-22,1
123.7,1,2,6.61,12,28.2,-24.28,9.166,0.0,1.932,6.89,0.2263,19.123,8.123168933592778e-82,1
136.4,1,2,15.22,8,-24.4,-24.87,5.93,0.0,1.098,7.42,0.2301,16.455,3.849258905748493e-61,1
36.9,0,1,15.7,4,21.1,-19.22,2.776,0.0,1.545,6.77,0.2318,24.664,1.3144579400089903e-134,1
187.7,1,2,15.56,12,-19.9,-32.94,12.4,0.0,1.255,7.46,0.2232,6.365,9.779775223943935e-11,0
131.8,1,2,8.04,3,-8.6,-21.46,2.749,0.0,1.488,6.3,0.2228,27.868,3.2173556019393864e-171,1
22.5,0,1,1.59,1,-6.8,-13.16,0.582,0.0,1.179,6.33,0.2213,110.097,0.0,1
59.1,0,1,5.25,2,-16.6,-24.17,2.931,1.68,1.003,6.49,0.2245,6.009,9.35156597565416e-10,0
83.2,1,1,3.86,7,-25.1,-31.76,4.929,0.0,1.003,6.91,0.225,11.861,9.460756439493511e-33,1
58.1,0,1,3.1,2,20.0,-21.3,1.633,0.0,1.221,6.63,0.2208,11.947,3.3851739767578926e-33,1
22.0,0,1,23.16,5,21.6,-16.88,2.719,0.0,2.223,8.51,0.2442,50.815,0.0,1
16.5,0,1,0.35,0,34.8,-10.88,0.0,0.0,1.322,6.2,0.2202,212.777,0.0,1
34.5,0,1,15.05,5,30.7,-17.94,2.709,0.0,1.12,6.62,0.2207,33.309,1.4396155737722847e-243,1
135.8,1,2,23.69,26,-1.7,-35.72,23.162,0.0,1.761,8.22,0.2219,5.057,2.1346411169317983e-07,0
78.6,1,1,9.0,2,-21.3,-31.68,4.33,0.58,2.074,7.11,0.2275,11.446,1.2312277156592542e-30,1
69.2,1,1,13.18,10,-29.3,-31.52,7.197,0.0,1.291,7.43,0.2339,10.416,1.049095841474214e-25,1
75.4,1,1,17.39,2,4.5,-28.7,1.356,0.0,1.87,7.01,0.2425,16.519,1.3361248636603628e-61,1
131.8,1,2,7.93,1,25.9,-20.61,1.92,0.0,1.118,6.46,0.2228,26.703,2.1655723636745025e-157,1
125.5,1,2,11.94,1,-12.6,-20.3,1.479,0.0,1.092,7.06,0.2349,27.207,2.681270574694501e-163,1
124.7,1,2,20.43,13,-17.1,-27.1,12.89,0.0,1.428,6.69,0.2257,13.95,1.5712201021476303e-44,1
56.0,0,1,18.63,8,-1.5,-31.77,8.859,0.0,1.249,6.38,0.2382,1.405,0.0799603323411574,0
142.3,1,2,20.21,6,28.1,-25.27,3.57,0.0,1.461,7.38,0.2252,15.954,1.3348033289100363e-57,1
89.4,1,1,24.68,19,-0.6,-50.11,15.567,0.0,1.404,7.52,0.2432,0.984,0.16264283854497052,0
27.5,0,1,9.26,3,17.0,-15.83,2.357,0.0,1.729,6.93,0.2238,54.305,0.0,1
158.9,1,2,18.68,26,0.1,-36.33,20.628,0.0,1.085,7.86,0.2306,3.934,4.169537665239531e-05,0
44.0,0,1,15.07,10,-5.8,-35.31,11.002,4.645,1.095,7.96,0.2347,0.712,0.2382154084762852,0
10.6,0,1,16.67,1,-1.3,-9.59,0.401,0.0,1.253,7.15,0.2333,233.066,0.0,1
90.5,1,1,18.5,2,19.9,-33.41,3.304,0.0,1.069,6.64,0.2225,9.502,1.0279413586796775e-21,1
119.5,1,2,18.74,12,19.0,-26.13,12.297,0.0,1.278,6.79,0.2374,14.948,7.969782369610752e-51,1
34.7,0,1,22.14,7,-1.9,-22.55,4.525,0.0,1.483,8.14,0.2387,13.028,4.239291845252688e-39,1
23.5,0,1,8.73,0,-12.6,-12.95,0.0,0.0,2.131,6.35,0.23,108.397,0.0,1
123.5,1,2,16.34,5,-21.0,-21.78,4.465,0.0,1.555,6.63,0.2413,23.417,1.4427165373505272e-121,1
36.9,0,1,7.01,1,-29.9,-16.03,0.814,1.114,1.017,6.46,0.2227,40.82,0.0,1
69.2,1,1,14.86,11,-22.6,-33.34,7.706,0.0,1.054,7.69,0.2355,8.443,1.5416054894734387e-17,1
76.8,1,1,18.78,4,-19.3,-32.97,5.783,0.0,2.102,6.47,0.2303,9.771,7.517976935218498e-23,1
78.6,1,1,19.78,10,14.8,-36.35,10.46,0.0,1.05,7.2,0.227,6.204,2.749603527107466e-10,0
81.4,1,1,10.5,3,23.2,-32.3,4.832,0.0,1.043,7.46,0.2312,9.891,2.2760501929626304e-23,1
10.3,0,1,12.72,1,17.9,-10.88,1.065,0.0,1.709,6.13,0.2298,179.109,0.0,1
21.7,0,1,8.35,0,17.0,-11.55,0.0,0.0,1.421,6.91,0.2312,120.571,0.0,1
83.2,1,1,4.23,1,34.6,-28.44,1.355,0.0,1.404,7.03,0.2215,16.659,1.2970721790852598e-62,1
11.4,0,1,6.51,0,32.6,-9.12,0.0,0.0,1.522,6.66,0.2217,253.805,0.0,1
78.8,1,1,22.8,3,-12.5,-29.48,1.63,0.0,1.188,6.62,0.2375,14.337,6.4029999250179395e-47,1
181.8,1,2,7.72,10,-20.6,-31.17,9.815,0.0,1.097,7.03,0.2295,8.186,1.3446798484914947e-16,1
10.3,0,1,24.37,1,-20.0,-11.84,1.421,0.0,1.335,8.57,0.2393,136.162,0.0,1
192.4,1,2,6.04,11,28.2,-30.14,7.459,0.0,1.393,6.66,0.2239,9.073,5.81027914015214e-20,1
102.0,1,1,18.08,12,-23.3,-44.99,11.658,0.0,1.437,7.15,0.2379,1.824,0.034085965018228886,0
23.5,0,1,14.35,4,-7.9,-15.2,2.44,0.0,1.048,6.98,0.2316,60.683,0.0,1
10.3,0,1,17.42,0,4.5,-9.55,0.0,0.0,1.323,7.38,0.2367,244.725,0.0,1
111.7,1,2,16.1,1,9.9,-18.86,0.905,0.0,1.604,6.65,0.2383,31.987,8.254231238908141e-225,1
148.3,1,2,17.67,10,8.7,-31.64,12.456,0.0,1.875,7.78,0.246,7.133,4.907083545462762e-13,1
43.9,0,1,22.64,9,21.1,-24.1,6.699,0.0,1.008,8.46,0.2283,7.71,6.308404019734225e-15,1
113.2,1,2,14.09,11,7.2,-22.63,9.799,0.0,1.17,7.12,0.2327,20.168,9.42255722088949e-91,1
21.5,0,1,1.7,0,25.3,-12.07,0.0,0.0,1.199,6.25,0.2215,129.871,0.0,1
50.7,0,1,6.77,6,-24.5,-23.52,3.783,0.0,1.348,6.92,0.2228,8.868,3.727787737873483e-19,1
148.3,1,2,17.71,4,25.8,-26.4,4.958,0.0,1.125,6.61,0.2456,15.058,1.518371078035496e-51,1
137.8,1,2,12.35,6,8.4,-23.34,4.27,0.0,1.178,6.24,0.2346,22.14,6.520969949037377e-109,1
16.5,0,1,13.71,0,-15.5,-11.91,0.0,1.576,1.122,6.79,0.2249,140.189,0.0,1
71.8,1,1,14.91,2,33.6,-30.76,4.465,0.0,1.239,7.58,0.2419,11.466,9.770388909846943e-31,1
56.4,0,1,9.57,4,31.1,-23.47,2.72,0.0,1.895,6.98,0.2232,7.802,3.0580189255674092e-15,1
56.6,0,1,19.35,9,25.0,-29.93,7.547,0.0,1.381,7.21,0.2273,2.15,0.015758460922842322,0
135.2,1,2,18.09,8,29.3,-26.15,10.328,0.0,1.465,7.45,0.2204,14.359,4.6926948502166865e-47,1
34.6,0,1,17.86,3,-5.2,-18.64,2.439,1.715,1.095,7.17,0.2231,26.766,4.0133920336906114e-158,1
10.6,0,1,17.88,0,-15.2,-9.62,0.0,0.0,1.229,7.65,0.2224,220.372,0.0,1
103.0,1,1,22.26,11,-18.1,-50.19,9.58,2.001,1.379,7.43,0.2515,1.062,0.1440194131837233,0
34.6,0,1,14.88,2,26.8,-18.8,2.501,0.0,1.434,7.04,0.2391,25.036,1.2263545077611507e-138,1
87.1,1,1,24.18,12,23.7,-47.42,13.773,0.0,1.756,8.05,0.2447,1.371,0.08515447627204997,0
152.9,1,2,2.98,1,33.8,-24.01,1.61,0.0,3.014,6.74,0.2217,19.549,2.0963794483053466e-85,1
65.4,1,1,15.8,3,25.1,-27.43,2.624,0.0,1.551,7.82,0.2378,16.105,1.1693769195330207e-58,1
39.4,0,1,17.92,3,11.1,-18.93,2.373,0.0,1.292,7.66,0.233,23.4,2.113315030572811e-121,1
100.3,1,1,11.93,10,-20.8,-45.93,10.41,3.03,1.006,7.03,0.2376,1.648,0.04963521476976068,0
55.1,0,1,7.21,2,-19.3,-26.02,1.354,4.514,1.464,6.28,0.2207,4.762,9.600090296507862e-07,0
69.2,1,1,13.75,6,0.8,-29.74,4.716,0.0,1.229,7.37,0.2202,13.943,1.7341554061097834e-44,1
69.5,1,1,9.12,9,19.9,-30.73,5.899,0.0,1.116,6.27,0.2252,13.822,9.405738801490861e-44,1
187.7,1,2,22.73,28,-18.7,-45.67,26.339,4.361,1.334,7.32,0.2491,1.163,0.12239862834098775,0
30.6,0,1,8.92,4,29.5,-17.89,4.323,0.0,1.074,6.45,0.2291,31.698,8.190172774896908e-221,1
12.0,0,1,4.39,2,14.4,-10.43,1.206,0.0,1.104,6.5,0.2221,176.027,0.0,1
106.3,1,1,14.41,6,-9.7,-41.24,4.543,2.889,1.389,7.05,0.2223,3.821,6.636551482618759e-05,0
75.5,1,1,9.9,6,27.6,-29.59,4.724,0.0,1.162,7.01,0.2284,13.629,1.3453823074139189e-42,1
63.5,0,1,2.4,0,8.9,-22.26,0.0,0.0,1.278,6.5,0.222,11.164,3.05920978723953e-29,1
20.4,0,1,14.12,2,17.7,-11.22,1.148,0.0,1.126,7.35,0.2207,131.158,0.0,1
43.9,0,1,13.45,1,-4.9,-20.83,2.607,0.0,1.088,6.64,0.2368,16.132,7.637582636117161e-59,1
79.5,1,1,4.33,1,-4.4,-26.26,0.573,0.0,1.063,6.43,0.225,21.066,8.126441727083565e-99,1
30.6,0,1,14.94,0,-29.2,-16.71,0.0,2.142,1.174,7.76,0.2317,47.733,0.0,1
125.8,1,2,14.18,4,5.0,-21.49,4.951,0.0,1.511,7.79,0.2237,20.603,1.2887005305025778e-94,1
14.1,0,1,19.34,3,19.5,-15.21,3.002,0.0,2.193,6.38,0.2354,70.176,0.0,1
46.6,0,1,9.04,1,33.0,-21.33,2.856,0.0,1.297,6.64,0.2285,14.253,2.1459089855786292e-46,1
108.9,1,1,6.22,7,28.0,-38.39,5.141,0.0,1.354,7.25,0.2285,4.511,3.22851676176953e-06,0
147.0,1,2,23.78,17,-24.3,-33.27,18.217,1.174,1.257,6.93,0.2289,6.174,3.3225252899384683e-10,0
125.2,1,2,14.03,3,33.7,-21.43,3.95,0.0,1.066,6.48,0.2365,26.181,2.2110108793172515e-151,1
116.9,1,2,0.68,0,-20.3,-17.21,0.171,0.0,1.092,6.49,0.2209,38.062,0.0,1
6.0,0,1,20.52,1,-27.3,-12.08,1.301,0.0,1.824,7.92,0.2222,144.152,0.0,1
147.0,1,2,4.92,4,18.7,-23.58,2.762,0.0,1.317,6.93,0.2259,19.677,1.708449147203312e-86,1
122.3,1,2,19.65,14,28.9,-26.17,12.61,0.0,1.712,6.48,0.2371,16.552,7.778599124200495e-62,1
28.9,0,1,17.63,3,31.7,-15.63,1.226,0.0,1.217,6.21,0.2213,56.455,0.0,1
63.5,0,1,24.22,2,23.6,-27.08,1.462,0.0,2.512,7.29,0.2448,3.13,0.0008747702700995665,0
120.6,1,2,24.14,5,-16.7,-23.84,7.008,0.0,1.358,7.57,0.2405,17.129,4.505094163359016e-66,1
122.3,1,2,6.86,1,-20.0,-20.77,0.923,1.793,1.42,6.94,0.2245,30.499,1.3449334579895848e-204,1
43.9,0,1,19.16,6,-26.2,-22.02,3.423,0.0,1.483,7.03,0.2231,12.465,5.804765630827792e-36,1
27.5,0,1,7.92,3,7.8,-15.37,2.312,0.0,1.043,7.27,0.2306,62.807,0.0,1
28.9,0,1,15.73,1,1.7,-14.28,0.447,0.0,1.105,6.67,0.2419,71.183,0.0,1
14.1,0,1,14.94,1,-22.9,-10.45,0.735,0.0,1.421,7.43,0.2414,181.313,0.0,1
68.3,1,1,1.36,0,0.2,-23.03,0.513,0.0,1.283,6.7,0.2213,29.355,1.0306040183220433e-189,1
50.7,0,1,0.13,0,6.9,-19.4,0.0,0.0,1.085,6.83,0.22,24.046,4.63745588716109e-128,1
52.5,0,1,1.44,0,17.0,-18.48,0.0,0.0,1.609,6.12,0.2214,24.839,1.713749550256492e-136,1
69.2,1,1,3.2,0,-3.1,-25.39,0.579,0.0,1.567,6.95,0.2241,23.134,1.0490311212439084e-118,1
14.9,0,1,6.44,0,-9.3,-10.64,0.0,0.0,1.184,6.97,0.2298,202.623,0.0,1
33.8,0,1,22.67,3,13.3,-18.61,2.973,0.0,1.016,7.34,0.2391,25.925,1.7272491640838892e-148,1
27.5,0,1,12.97,0,14.5,-13.35,0.0,0.0,1.224,7.01,0.2269,88.028,0.0,1
43.9,0,1,19.92,2,-12.4,-24.48,2.379,2.376,1.155,6.63,0.2337,6.337,1.1742793359313277e-10,0
10.6,0,1,20.96,3,-28.7,-14.36,1.835,2.551,1.256,8.15,0.2386,72.484,0.0,1
102.0,1,1,18.37,8,31.5,-43.78,8.564,0.0,1.436,7.3,0.2428,2.333,0.009836308801015863,0
17.9,0,1,9.78,2,19.1,-12.07,0.883,0.0,1.298,6.58,0.2339,119.722,0.0,1
23.5,0,1,21.6,2,-16.9,-14.35,1.264,0.0,1.348,7.59,0.2276,83.474,0.0,1
23.5,0,1,18.55,6,6.8,-17.53,5.086,0.0,1.107,7.89,0.2269,39.777,0.0,1
22.5,0,1,18.58,2,8.7,-17.31,1.858,0.0,1.211,6.62,0.2433,54.076,0.0,1
136.4,1,2,22.54,15,-21.8,-27.5,9.753,2.817,1.022,7.46,0.236,12.808,7.396660766767871e-38,1
90.9,1,1,14.97,7,-17.5,-36.48,6.437,0.0,1.212,6.78,0.2265,6.878,3.038975813409561e-12,1
60.0,0,1,13.21,3,32.2,-23.43,1.985,0.0,1.569,7.03,0.2224,7.816,2.736291576832658e-15,1
28.9,0,1,22.25,1,3.0,-17.49,0.365,0.0,1.663,6.87,0.2261,45.254,0.0,1
78.8,1,1,11.36,1,-17.6,-30.81,0.513,4.468,1.041,7.01,0.226,11.772,2.724004875270614e-32,1
10.3,0,1,20.29,1,21.8,-10.35,0.643,0.0,1.019,6.71,0.2209,234.268,0.0,1
125.8,1,2,1.35,0,0.6,-18.78,0.0,0.0,1.698,6.28,0.222,33.923,1.5259835983356772e-252,1
5.4,0,1,0.03,0,11.5,-8.22,0.0,0.0,1.132,6.92,0.22,410.136,0.0,1
12.5,0,1,13.21,0,-10.7,-10.67,0.0,0.0,1.883,6.84,0.2365,165.051,0.0,1
135.5,1,2,1.84,1,-26.2,-21.6,0.344,0.0,3.058,6.21,0.2217,26.946,3.1467466211641834e-160,1
76.8,1,1,24.41,3,-19.3,-29.74,3.058,0.0,1.378,7.43,0.2555,11.463,1.0107101467783795e-30,1
125.8,1,2,0.14,0,33.2,-18.16,0.0,0.0,1.299,7.0,0.2201,33.814,6.15799375101163e-251,1
46.6,0,1,17.95,6,10.5,-23.93,3.866,0.0,1.514,7.01,0.2307,8.557,5.78427174056441e-18,1
47.0,0,1,6.08,3,24.0,-21.64,2.934,0.0,1.014,6.63,0.2266,16.028,4.0753974952824776e-58,1
103.0,1,1,24.19,14,-28.6,-48.37,12.447,1.69,1.194,7.32,0.241,1.189,0.11728536060377281,0
123.7,1,2,9.54,7,19.8,-21.02,4.78,0.0,1.071,7.4,0.2244,23.531,9.812814770431885e-123,1
98.6,1,1,0.68,1,1.5,-32.47,1.367,0.0,1.159,6.74,0.22,10.626,1.1243622420568914e-26,1
75.4,1,1,0.67,1,13.2,-26.03,0.448,0.0,1.299,6.5,0.2201,23.813,1.2166474874109055e-125,1
60.0,0,1,13.83,10,-6.7,-27.92,6.737,0.0,1.062,6.58,0.2255,2.634,0.004220419328391077,0
68.5,1,1,24.67,9,10.4,-36.14,10.458,0.0,1.157,6.68,0.224,7.645,1.0436485604306932e-14,1
69.5,1,1,24.49,16,-27.7,-38.63,12.018,0.0,1.269,6.9,0.2396,5.042,2.303680760795618e-07,0
63.5,0,1,8.43,2,-27.0,-23.57,1.512,0.0,1.249,7.05,0.2248,7.645,1.0429469516080731e-14,1
74.0,1,1,12.07,6,21.9,-31.01,4.434,0.0,1.212,6.99,0.2327,12.211,1.360512029313409e-34,1
158.9,1,2,2.51,7,-21.9,-25.12,5.55,0.0,1.692,6.22,0.2222,18.308,3.547264328038476e-75,1
88.9,1,1,13.05,9,-29.1,-37.45,6.278,2.723,1.038,6.74,0.2247,5.432,2.788383009604269e-08,0
97.4,1,1,14.99,8,29.3,-39.33,7.597,0.0,1.013,6.62,0.2299,4.449,4.311420759105231e-06,0
45.4,0,1,6.28,0,-12.7,-17.3,0.0,0.0,1.143,7.09,0.2271,36.164,1.1305859296295637e-286,1
55.1,0,1,15.3,6,7.9,-26.91,7.118,0.0,1.035,6.97,0.2319,3.829,6.425956336541059e-05,0
147.0,1,2,22.49,26,24.5,-37.94,24.299,0.0,2.236,7.44,0.2343,3.315,0.00045802200775384676,0
113.2,1,2,0.02,0,18.5,-16.23,0.0,0.0,1.167,6.24,0.22,41.812,0.0,1
169.8,1,2,5.72,5,-27.0,-26.2,4.162,0.0,1.59,6.56,0.2265,14.484,7.616667039469992e-48,1
192.4,1,2,5.25,11,6.5,-31.34,7.773,0.0,1.075,7.22,0.2256,7.832,2.398765202919498e-15,1
108.9,1,1,3.1,2,5.2,-35.88,1.26,0.0,1.149,6.84,0.2229,6.945,1.895756098070938e-12,1
12.0,0,1,4.15,0,-7.2,-8.94,0.0,0.0,1.036,6.98,0.2237,270.096,0.0,1
36.6,0,1,15.65,2,19.0,-18.01,1.17,0.0,1.599,8.1,0.2284,32.144,5.38822870431776e-227,1
45.1,0,1,2.57,1,32.7,-18.28,1.248,0.0,1.978,7.02,0.2229,24.195,1.2612816788659456e-129,1
93.8,1,1,18.46,6,-20.4,-44.29,7.182,3.5,1.081,7.07,0.2447,2.383,0.00858362962095802,0
12.0,0,1,22.18,1,-20.6,-10.94,1.042,0.0,1.15,7.91,0.2246,174.038,0.0,1
36.9,0,1,23.16,5,17.8,-20.94,2.418,0.0,1.31,7.08,0.252,17.106,6.708613063141742e-66,1
38.4,0,1,16.5,6,-0.5,-20.6,4.571,0.0,1.531,7.07,0.2258,14.721,2.3750094749883057e-49,1
56.0,0,1,4.93,0,21.7,-20.09,0.0,0.0,1.044,6.79,0.221,20.307,5.631617172136371e-92,1
34.5,0,1,2.13,1,-20.8,-14.75,0.295,0.0,1.0,6.97,0.2225,73.706,0.0,1
34.5,0,1,5.8,0,-27.4,-15.7,0.0,0.0,1.175,6.82,0.2244,56.597,0.0,1
12.1,0,1,24.05,2,15.4,-14.64,2.869,0.0,1.099,6.34,0.2553,83.341,0.0,1
17.9,0,1,24.06,3,34.7,-15.49,2.261,0.0,1.336,6.52,0.235,68.443,0.0,1
45.0,0,1,9.55,3,-23.8,-21.86,1.541,0.618,2.215,6.68,0.2298,12.797,8.549271178951221e-38,1
69.2,1,1,8.14,5,26.2,-28.96,4.801,0.0,1.767,6.86,0.2218,15.424,5.670689194745672e-54,1
43.9,0,1,12.75,5,-5.0,-22.9,4.557,0.0,1.637,6.7,0.2281,9.207,1.674941404507779e-20,1
69.5,1,1,7.29,1,-28.9,-27.83,2.103,0.0,2.063,6.4,0.228,18.939,2.7248155463329285e-80,1
158.6,1,2,24.49,21,3.2,-34.48,20.338,0.0,1.396,7.78,0.2244,4.597,2.1459612820995296e-06,0
60.4,0,1,5.53,2,-11.9,-22.42,1.121,0.0,1.764,6.9,0.225,8.848,4.470680432116651e-19,1
21.7,0,1,9.23,0,15.1,-11.85,0.0,0.0,1.33,6.49,0.2332,115.255,0.0,1
45.4,0,1,10.73,4,-11.3,-22.46,3.795,0.0,1.022,6.4,0.225,12.587,1.2454182218025084e-36,1
65.1,1,1,3.13,2,1.3,-22.33,1.192,0.0,1.181,7.09,0.2228,28.215,1.930576227212614e-175,1
26.3,0,1,9.57,0,-17.0,-15.81,0.0,3.277,1.181,6.45,0.2294,54.767,0.0,1
104.5,1,1,21.42,2,23.8,-37.91,2.705,0.0,1.311,6.57,0.2468,4.905,4.682430913800606e-07,0
15.0,0,1,3.51,0,30.2,-10.17,0.0,0.0,1.211,6.71,0.2208,225.344,0.0,1
76.8,1,1,14.6,9,-3.8,-35.52,7.333,0.0,1.438,7.19,0.2357,6.772,6.339868619941347e-12,1
100.3,1,1,10.17,4,-0.8,-39.65,6.772,0.0,1.2,7.19,0.2285,4.042,2.653778530961459e-05,0
61.9,0,1,4.26,2,33.9,-24.44,1.29,0.0,1.726,6.71,0.2235,7.894,1.4609552702946495e-15,1
125.2,1,2,0.31,0,-20.8,-18.76,0.0,0.0,1.773,6.8,0.2207,33.312,1.2850373876181285e-243,1
125.8,1,2,6.83,6,22.6,-22.45,6.035,0.0,1.177,6.94,0.2281,25.332,7.033832022933303e-142,1
75.4,1,1,1.55,1,6.9,-27.09,1.554,0.0,1.467,7.0,0.2217,19.856,4.9258481728738074e-88,1
50.5,0,1,9.42,5,27.2,-22.03,2.814,0.0,1.214,6.13,0.2208,14.227,3.117386583165816e-46,1
22.2,0,1,20.26,0,-11.0,-12.48,0.0,0.0,1.114,6.15,0.2348,113.795,0.0,1
86.6,1,1,17.99,11,-10.7,-38.64,9.348,0.0,1.118,6.6,0.2383,4.971,3.336582962892435e-07,0
13.1,0,1,23.68,0,-8.8,-11.89,0.727,0.0,1.186,7.42,0.2205,142.809,0.0,1
119.5,1,2,10.68,3,-28.9,-21.43,3.467,2.918,1.45,7.05,0.2254,25.052,8.322232085841777e-139,1
134.9,1,2,17.7,7,-19.0,-24.05,3.967,2.119,1.193,7.7,0.2234,17.129,4.479199521977304e-66,1
12.3,0,1,16.63,0,34.6,-9.49,0.0,0.0,1.033,6.97,0.2279,188.264,0.0,1
47.0,0,1,5.43,3,-13.8,-20.62,1.745,0.0,1.316,6.38,0.2265,17.109,6.352500594167561e-66,1
100.3,1,1,7.59,6,-28.7,-37.29,3.864,0.0,1.044,6.61,0.2295,6.202,2.7856511746791094e-10,0
147.0,1,2,13.25,15,-11.9,-28.13,11.031,0.0,1.056,6.22,0.2335,12.709,2.638870506956972e-37,1
28.5,0,1,19.92,3,-3.5,-20.11,3.067,0.0,3.127,8.05,0.2241,23.104,2.0933606609847496e-118,1
107.4,1,1,11.55,5,5.6,-38.02,2.454,0.0,1.487,6.53,0.2325,5.324,5.076734023029516e-08,0
65.4,1,1,5.69,4,-25.5,-26.5,2.825,0.0,2.525,6.78,0.2267,19.454,1.36018966900954e-84,1
14.9,0,1,24.84,2,21.4,-13.51,1.429,0.0,1.404,8.35,0.2216,97.75,0.0,1
148.1,1,2,2.89,2,23.7,-23.33,2.84,0.0,1.039,7.07,0.2224,23.01,1.838599302618499e-117,1
78.8,1,1,23.9,8,-16.1,-36.77,7.264,0.0,1.018,6.11,0.2383,6.521,3.4941468893509775e-11,0
14.1,0,1,20.23,1,21.9,-13.62,2.13,0.0,1.788,7.06,0.2397,81.88,0.0,1
198.3,1,2,20.97,13,-6.5,-40.78,14.417,0.0,1.592,7.97,0.2418,2.273,0.011523708381548106,0
112.4,1,2,19.87,8,-2.5,-22.78,8.394,0.0,1.082,7.22,0.222,22.433,9.381301264873444e-112,1
79.8,1,1,5.2,1,30.9,-25.62,0.6,0.0,1.454,6.28,0.2219,22.391,2.4017975473482156e-111,1
83.2,1,1,15.81,4,28.0,-34.17,4.129,0.0,2.035,7.8,0.2396,7.779,3.646178172858228e-15,1
63.5,0,1,18.92,4,-5.6,-28.85,4.732,0.0,1.467,7.52,0.2348,2.222,0.013131062357547773,0
104.5,1,1,18.64,13,1.7,-48.64,12.414,0.0,1.649,7.72,0.2428,1.024,0.1529888891460799,0
69.5,1,1,6.79,0,-11.4,-25.05,0.458,0.995,1.356,7.07,0.2228,23.473,3.8378041760392284e-122,1
68.5,1,1,4.53,0,3.5,-24.21,0.0,0.0,1.076,6.75,0.2264,26.658,7.16429714355076e-157,1
56.9,0,1,8.2,1,14.3,-21.73,1.038,0.0,1.308,7.11,0.2257,13.113,1.383274872896839e-39,1
44.0,0,1,12.0,1,-24.0,-22.55,2.179,2.417,1.205,7.04,0.2292,12.577,1.4086928920739166e-36,1
112.4,1,2,14.34,8,29.8,-21.13,6.542,0.0,1.244,7.15,0.2263,26.412,5.01375246135665e-154,1
42.0,0,1,20.92,9,16.7,-27.11,7.762,0.0,1.302,6.91,0.2449,4.224,1.2001448326066466e-05,0
35.8,0,1,19.23,3,-23.7,-20.19,2.006,0.0,1.067,7.25,0.2406,20.84,9.301931323717683e-97,1
142.3,1,2,16.9,8,26.5,-26.64,8.286,0.0,1.081,7.08,0.2419,12.968,9.320291141069892e-39,1
90.5,1,1,6.59,4,18.3,-35.59,5.734,0.0,2.086,6.77,0.2242,6.689,1.1261054127244959e-11,0
27.5,0,1,11.97,2,-9.6,-15.81,1.601,0.0,1.156,6.79,0.2349,51.992,0.0,1
76.0,1,1,8.39,6,3.9,-31.77,6.55,0.0,1.319,6.78,0.2255,11.003,1.8463351620292611e-28,1
43.9,0,1,5.87,1,25.9,-18.7,1.826,0.0,1.07,6.79,0.2227,26.901,1.0751299861322492e-159,1
131.8,1,2,0.26,0,32.9,-20.73,0.0,0.0,1.861,6.99,0.2204,27.77,4.988915998897424e-170,1
23.4,0,1,8.49,1,-11.7,-13.09,0.391,0.0,1.454,6.45,0.2237,99.087,0.0,1
79.8,1,1,6.4,1,12.3,-27.59,0.896,0.0,1.267,6.81,0.2219,19.003,7.988617030340821e-81,1
158.6,1,2,14.3,19,25.9,-29.98,13.438,0.0,1.089,6.93,0.2326,8.973,1.4369863872999285e-19,1
78.8,1,1,1.56,1,34.2,-25.42,0.393,0.0,1.287,6.16,0.2218,23.129,1.1946697979008207e-118,1
16.5,0,1,6.76,0,-25.4,-12.07,0.0,1.654,1.253,6.56,0.2219,127.527,0.0,1
12.1,0,1,1.12,0,2.7,-8.77,0.0,0.0,1.717,6.03,0.2213,238.981,0.0,1
67.3,1,1,16.04,7,26.8,-32.19,5.903,0.0,1.04,6.43,0.2433,12.842,4.780440749972895e-38,1
91.3,1,1,14.2,5,-29.8,-35.48,5.5,0.0,1.097,7.74,0.2315,6.185,3.1102840121328016e-10,0
23.5,0,1,8.44,3,-1.6,-16.05,2.954,0.0,1.136,6.91,0.2323,61.491,0.0,1
23.5,0,1,3.68,1,8.0,-13.75,0.649,0.0,2.048,6.03,0.2208,90.64,0.0,1
23.5,0,1,23.95,2,4.2,-15.63,2.426,0.0,1.176,6.91,0.2405,63.022,0.0,1
103.0,1,1,14.61,11,17.6,-47.1,13.18,0.0,1.298,6.91,0.2394,1.483,0.06908011333170362,0
34.6,0,1,16.98,2,-25.7,-20.56,3.114,0.911,2.027,7.61,0.2321,17.986,1.2557696593777568e-72,1
23.4,0,1,13.28,1,21.1,-12.57,0.385,0.0,1.099,6.88,0.2365,118.642,0.0,1
20.4,0,1,20.16,2,-11.6,-17.05,1.525,4.443,1.044,7.93,0.24,40.647,0.0,1
46.1,0,1,22.41,3,23.6,-23.87,4.413,0.0,1.822,6.45,0.2287,7.684,7.71431142366953e-15,1
21.5,0,1,9.57,0,-2.7,-11.87,0.0,0.0,1.035,7.08,0.233,125.399,0.0,1
85.7,1,1,17.25,9,-27.2,-38.12,8.625,0.0,1.003,7.53,0.2301,4.689,1.3719362338210572e-06,0
91.7,1,1,5.75,3,32.7,-29.72,1.317,0.0,1.708,6.93,0.2204,13.757,2.3130012617806185e-43,1
42.6,0,1,16.3,6,20.7,-23.83,4.968,0.0,1.178,6.89,0.2257,9.636,2.8244382153921593e-22,1
67.3,1,1,9.98,3,-7.4,-29.32,2.137,1.906,1.513,7.05,0.2321,16.556,7.258031005253995e-62,1
10.3,0,1,0.17,0,-12.4,-10.37,0.0,1.97,1.006,6.21,0.2204,202.825,0.0,1
45.1,0,1,23.89,4,8.3,-25.71,5.616,0.0,2.21,7.39,0.2439,5.012,2.696955888415733e-07,0
87.1,1,1,21.71,4,34.2,-33.29,5.128,0.0,1.213,7.31,0.2229,9.128,3.490590426382406e-20,1
34.5,0,1,7.27,1,-11.1,-15.73,0.197,0.0,1.173,6.94,0.2286,56.153,0.0,1
148.1,1,2,24.94,18,31.6,-32.01,16.096,0.0,1.119,7.59,0.2428,7.17,3.755951799252987e-13,1
83.5,1,1,7.93,0,-8.5,-29.41,1.4,0.0,1.863,7.3,0.2217,13.653,9.698415254879287e-43,1
126.5,1,2,11.47,4,15.8,-20.94,6.073,0.0,1.545,7.2,0.2276,22.82,1.463963519597192e-115,1
145.8,1,2,21.28,25,-5.2,-33.97,21.32,1.184,1.569,8.24,0.2302,4.722,1.1663764571087914e-06,0
103.0,1,1,7.61,3,-24.5,-41.31,2.203,4.988,1.67,7.38,0.2286,3.451,0.0002794443423872624,0
75.4,1,1,11.26,7,30.9,-31.1,5.001,0.0,1.052,7.03,0.2271,12.546,2.0837026718403537e-36,1
23.2,0,1,16.64,0,-19.3,-13.5,1.306,0.0,1.266,7.35,0.2374,90.054,0.0,1
49.7,0,1,3.26,0,31.4,-19.38,0.0,0.0,1.241,7.09,0.2245,20.018,1.9348891436154212e-89,1
100.3,1,1,10.56,6,-23.3,-40.93,5.284,4.155,1.732,7.2,0.2272,3.38,0.0003625793516266227,0
14.9,0,1,7.74,2,-12.6,-11.56,1.567,0.0,1.115,6.34,0.2304,118.994,0.0,1
8.1,0,1,16.92,2,29.9,-11.66,1.791,0.0,1.013,7.69,0.2289,177.78,0.0,1
91.7,1,1,3.4,1,12.8,-31.3,0.807,0.0,1.93,6.41,0.2216,13.266,1.8319160046894025e-40,1
56.9,0,1,5.82,1,-17.7,-25.44,0.459,4.833,1.46,6.45,0.2217,5.015,2.6489113453472435e-07,0
85.7,1,1,17.78,4,8.5,-32.19,2.628,0.0,1.246,6.83,0.2394,10.419,1.0134288365610053e-25,1
100.3,1,1,3.91,1,-18.3,-31.09,0.817,0.0,1.058,6.62,0.2247,12.308,4.0805316696895746e-35,1
42.6,0,1,10.55,4,26.8,-20.58,3.322,0.0,1.366,6.14,0.2221,15.368,1.342003034469793e-53,1
22.5,0,1,17.82,0,-26.8,-14.03,0.318,0.0,1.092,7.41,0.2453,87.492,0.0,1
33.5,0,1,19.14,1,4.4,-19.9,1.537,0.0,2.053,7.51,0.2308,24.611,4.840104055500883e-134,1
87.1,1,1,2.37,1,-25.9,-32.09,1.654,2.04,1.004,7.13,0.2228,10.498,4.3967074194073506e-26,1
21.7,0,1,21.3,5,15.2,-18.53,3.466,0.0,1.814,7.51,0.2475,35.584,1.255533126909764e-277,1
32.5,0,1,18.1,3,30.8,-17.24,1.63,0.0,1.312,6.23,0.2337,40.305,0.0,1
169.8,1,2,8.48,14,24.0,-30.11,9.034,0.0,1.273,7.08,0.2312,9.99,8.407247888700731e-24,1
16.3,0,1,19.1,3,-5.8,-14.69,3.067,0.0,1.316,7.17,0.2419,78.678,0.0,1
46.9,0,1,18.21,7,-14.6,-28.96,8.508,0.643,1.333,7.84,0.2305,2.94,0.00163846454259429,0
58.1,0,1,15.02,7,-22.1,-27.99,5.979,0.0,1.017,6.88,0.2305,2.832,0.002309579792385866,0
119.5,1,2,13.96,2,26.8,-22.46,3.829,0.0,1.149,6.46,0.2334,23.569,4.0460984436780993e-123,1
112.4,1,2,18.37,8,-24.7,-25.8,12.314,0.0,1.502,6.97,0.2447,16.399,9.762297078165185e-61,1
70.1,1,1,24.98,5,10.9,-30.13,4.478,0.0,1.128,7.55,0.257,12.474,5.1587089180950834e-36,1
91.7,1,1,14.46,5,-6.1,-34.9,4.686,0.0,1.011,7.58,0.2236,7.013,1.1670721885388355e-12,1
52.0,0,1,20.22,5,34.7,-26.65,5.798,0.0,1.723,7.06,0.2388,3.257,0.0005639666436284667,0
112.3,1,2,18.61,19,3.1,-26.09,14.737,0.0,1.01,6.41,0.2453,15.734,4.400338308757114e-56,1
32.5,0,1,21.4,2,5.7,-19.63,3.388,0.0,1.077,7.68,0.2288,22.936,1.0214255801193324e-116,1
12.5,0,1,23.86,1,29.7,-12.24,0.59,0.0,1.144,7.79,0.2379,147.79,0.0,1
63.5,0,1,4.83,2,33.0,-23.75,1.622,0.0,1.122,6.4,0.2251,7.662,9.188095118787813e-15,1
125.5,1,2,4.14,3,7.9,-19.79,1.617,0.0,1.332,6.62,0.2229,31.179,1.025761324349504e-213,1
52.3,0,1,14.66,2,21.8,-21.43,1.077,0.0,1.356,7.06,0.2238,13.324,8.379360890609388e-41,1
124.7,1,2,11.23,3,11.3,-20.64,2.85,0.0,1.042,6.7,0.2232,27.664,9.571102596529461e-169,1
100.3,1,1,14.27,3,-2.2,-35.56,2.265,0.0,1.181,7.71,0.2328,6.419,6.872562760692496e-11,0
23.4,0,1,19.95,2,-26.3,-18.58,2.929,0.0,1.343,7.81,0.2501,37.901,0.0,1
10.3,0,1,23.29,0,16.7,-10.64,0.0,0.0,1.077,8.13,0.2239,172.817,0.0,1
52.5,0,1,10.44,0,15.5,-19.9,0.0,0.0,1.045,7.37,0.2277,19.77,2.6804173162900643e-87,1
88.9,1,1,17.95,7,-22.4,-36.34,6.291,0.0,1.104,7.8,0.2228,5.987,1.0682638957788268e-09,0
36.6,0,1,4.92,3,-15.0,-19.78,3.186,0.0,1.391,6.89,0.2259,23.255,6.368591639341439e-120,1
16.3,0,1,13.36,0,17.6,-12.52,0.0,0.0,3.271,6.78,0.2362,107.928,0.0,1
23.2,0,1,0.55,0,-20.3,-13.0,0.736,0.0,1.681,6.76,0.221,123.342,0.0,1
56.9,0,1,12.59,4,14.9,-28.91,7.075,0.0,1.874,7.48,0.2325,2.195,0.014065372038982879,0
20.4,0,1,13.63,0,16.7,-14.15,1.462,0.0,1.463,6.91,0.2368,74.907,0.0,1
5.9,0,1,18.39,0,-7.0,-9.77,0.0,2.459,1.283,7.86,0.24,192.305,0.0,1
67.3,1,1,16.24,4,-13.2,-28.06,3.125,0.0,1.178,7.31,0.2351,18.81,3.1134970150198467e-79,1
101.2,1,1,8.96,1,-5.8,-34.71,0.633,2.265,1.151,6.78,0.2297,7.961,8.544867031834974e-16,1
57.0,0,1,0.14,0,-6.7,-24.53,0.0,2.886,1.572,6.68,0.2202,8.379,2.6740489256114196e-17,1
22.8,0,1,2.89,0,9.5,-11.72,0.0,0.0,1.395,6.1,0.2215,133.897,0.0,1
96.0,1,1,24.33,7,18.4,-41.25,5.095,0.0,1.99,7.49,0.2441,3.066,0.0010862836985702585,0
126.5,1,2,23.06,30,26.0,-34.76,25.823,0.0,2.109,7.95,0.2476,4.372,6.146459995328171e-06,0
45.0,0,1,8.13,2,-28.1,-22.68,1.139,3.359,1.987,6.72,0.2231,10.887,6.637009466397223e-28,1
42.6,0,1,6.47,0,17.2,-17.08,0.0,0.0,1.236,6.75,0.2232,41.414,0.0,1
115.3,1,2,10.91,6,-9.6,-22.9,9.056,0.0,1.152,6.88,0.2275,21.175,8.161844388782541e-100,1
87.1,1,1,17.25,8,24.5,-38.09,7.862,0.0,1.123,7.04,0.2436,4.803,7.825988848132548e-07,0
47.0,0,1,8.92,1,-25.1,-19.46,1.218,0.0,1.185,6.67,0.2254,22.896,2.5251560093396234e-116,1
12.5,0,1,1.68,0,5.8,-10.33,0.0,0.0,1.847,6.71,0.2204,226.074,0.0,1
38.4,0,1,10.07,3,5.7,-17.92,1.841,0.0,1.008,7.25,0.2332,37.447,3.3296802610210145e-307,1
68.5,1,1,6.51,1,-8.8,-25.15,1.457,0.0,1.99,6.84,0.2241,22.419,1.2896159452822499e-111,1
148.1,1,2,8.12,9,33.1,-27.92,9.991,0.0,1.188,6.5,0.2305,12.993,6.72860695466566e-39,1
65.4,1,1,4.07,0,-23.0,-28.28,0.0,4.831,1.527,6.12,0.221,18.925,3.580250885292779e-80,1
45.1,0,1,16.47,5,-21.1,-23.45,2.255,0.0,2.168,7.29,0.2438,10.203,9.652203839859819e-25,1
21.7,0,1,13.17,1,11.9,-13.2,0.946,0.0,1.801,6.69,0.2389,94.194,0.0,1
113.4,1,2,6.77,8,3.4,-21.65,7.72,0.0,1.455,6.72,0.2229,24.473,1.4227502964825188e-132,1
33.8,0,1,13.85,2,-12.8,-16.6,1.107,0.0,1.612,7.29,0.221,48.381,0.0,1
72.7,1,1,12.32,2,-10.2,-26.37,1.97,0.0,1.019,7.08,0.2276,19.971,4.924504085831941e-89,1
63.5,0,1,19.9,2,-19.8,-27.99,3.785,0.0,1.722,7.76,0.2273,2.609,0.004537818567477605,0
63.5,0,1,23.9,10,26.4,-33.03,8.977,0.0,1.11,7.61,0.2477,0.841,0.20020674902459867,0
38.4,0,1,3.27,2,7.0,-18.37,1.885,0.0,1.601,6.83,0.2202,32.173,2.123954710589712e-227,1
70.1,1,1,22.1,7,-14.1,-33.45,6.53,0.0,1.201,8.26,0.2241,8.043,4.373268147640647e-16,1
17.6,0,1,17.62,1,-4.4,-12.26,0.916,0.0,1.067,7.08,0.2375,142.781,0.0,1
148.3,1,2,17.31,9,28.9,-28.89,8.448,0.0,1.488,7.2,0.2412,11.301,6.508613284685734e-30,1
26.3,0,1,9.36,1,27.6,-15.22,1.901,0.0,1.132,7.67,0.2205,62.533,0.0,1
21.1,0,1,8.6,1,-25.5,-12.94,0.84,0.0,1.189,7.24,0.2238,130.581,0.0,1
93.8,1,1,0.14,0,12.5,-29.24,0.0,0.0,1.026,6.74,0.2201,14.722,2.3254145831988653e-49,1
125.5,1,2,24.56,11,-20.1,-28.22,13.584,0.0,1.413,8.64,0.2307,9.407,2.558763862269545e-21,1
45.0,0,1,15.16,4,-16.3,-22.41,3.591,0.0,1.156,6.76,0.2351,10.706,4.787440166732273e-27,1
28.9,0,1,10.06,1,26.2,-14.84,0.928,0.0,1.533,6.57,0.2293,68.095,0.0,1
83.2,1,1,13.59,1,28.2,-28.73,1.566,0.0,1.005,7.02,0.2303,14.919,1.244636405516621e-50,1
30.6,0,1,1.01,1,-24.6,-13.7,0.236,0.0,1.282,6.99,0.2217,79.495,0.0,1
101.2,1,1,4.34,2,26.8,-31.76,1.693,0.0,1.485,7.31,0.2205,9.747,9.504107605703178e-23,1
91.3,1,1,15.58,6,17.4,-34.02,5.165,0.0,1.097,6.96,0.2225,8.797,7.016140878276144e-19,1
42.6,0,1,12.86,3,20.4,-18.86,0.992,0.0,1.599,7.18,0.2225,26.444,2.1151260257724625e-154,1
90.5,1,1,19.68,12,21.5,-39.72,9.424,0.0,1.056,7.04,0.2488,3.849,5.9202840759684576e-05,0
81.1,1,1,16.47,6,3.0,-33.2,6.854,0.0,1.206,6.45,0.2268,9.099,4.5742948331067193e-20,1
56.6,0,1,15.04,2,31.5,-24.79,3.56,0.0,1.392,7.33,0.2289,6.029,8.268065589506673e-10,0
46.3,0,1,20.38,7,-17.0,-24.98,6.064,0.0,1.209,8.21,0.2286,5.012,2.693134072681249e-07,0
76.8,1,1,1.71,0,2.8,-24.97,0.0,0.0,1.096,6.71,0.2219,22.745,8.095222107851191e-115,1
36.9,0,1,17.27,6,-9.3,-21.88,4.893,0.0,1.177,7.65,0.2271,14.71,2.7862617089493935e-49,1
5.9,0,1,17.89,0,23.5,-7.14,0.0,0.0,1.154,7.13,0.2352,386.081,0.0,1
33.8,0,1,6.88,0,-24.6,-15.14,0.457,0.0,1.054,6.41,0.2216,57.828,0.0,1
24.4,0,1,4.89,0,-1.8,-14.79,0.0,0.0,2.147,6.67,0.226,88.243,0.0,1
39.5,0,1,5.35,1,20.3,-17.43,0.397,0.0,1.192,7.22,0.2277,40.435,0.0,1
135.2,1,2,4.95,6,-9.7,-23.94,3.643,2.603,1.191,6.41,0.2228,22.058,3.9778892652750956e-108,1
67.2,1,1,13.09,7,-14.4,-30.68,5.493,0.0,2.021,7.17,0.2222,12.319,3.590585437717725e-35,1
134.9,1,2,3.39,4,-12.9,-21.34,2.54,0.0,1.639,6.93,0.222,24.455,2.2495270833409982e-132,1
100.3,1,1,16.48,5,16.4,-34.75,3.506,0.0,1.075,6.67,0.224,8.439,1.593527941021627e-17,1
108.6,1,1,2.63,1,-11.4,-33.6,0.609,0.0,1.054,6.7,0.2237,8.487,1.0578635751720824e-17,1
22.5,0,1,0.67,0,-3.8,-11.0,0.0,0.0,1.445,6.03,0.221,140.464,0.0,1
16.3,0,1,7.98,0,5.5,-10.8,0.0,0.0,1.013,6.74,0.2235,200.859,0.0,1
38.4,0,1,4.8,0,31.1,-17.53,0.0,0.0,1.526,6.62,0.2255,39.458,0.0,1
29.1,0,1,24.72,3,21.6,-17.1,1.703,0.0,1.325,8.7,0.2483,40.857,0.0,1
12.5,0,1,7.57,1,-18.0,-12.49,0.589,2.345,1.153,6.44,0.2292,128.495,0.0,1
152.9,1,2,5.55,4,27.4,-25.08,3.299,0.0,1.313,7.18,0.2208,18.677,3.825629981726773e-78,1
27.5,0,1,4.92,1,24.9,-14.52,0.424,0.0,1.76,6.35,0.2263,80.725,0.0,1
91.3,1,1,9.35,3,18.4,-33.84,1.872,0.0,1.007,6.94,0.2262,9.983,9.026176543551494e-24,1
50.5,0,1,15.15,2,3.6,-21.15,1.607,0.0,1.395,7.1,0.2387,12.978,8.102232444640591e-39,1
19.5,0,1,19.55,2,-25.5,-18.9,2.397,3.773,1.208,7.03,0.2303,31.579,3.5720685515394546e-219,1
131.8,1,2,9.11,3,16.2,-21.87,3.421,0.0,1.196,6.81,0.2325,23.59,2.4663731590795643e-123,1
177.2,1,2,15.65,6,3.7,-28.8,5.588,0.0,1.562,8.0,0.2252,9.899,2.0943603563793214e-23,1
96.0,1,1,12.05,3,-9.9,-35.4,2.333,0.0,2.346,6.92,0.2235,7.785,3.4853111372118978e-15,1
44.0,0,1,21.16,2,-29.4,-20.36,1.716,0.0,2.284,8.1,0.221,18.487,1.3122708322844969e-76,1
80.8,1,1,14.23,7,-15.0,-33.14,5.616,0.0,1.321,6.39,0.2264,9.989,8.51619414212795e-24,1
69.5,1,1,7.25,3,9.4,-27.3,2.021,0.0,2.886,6.94,0.2246,17.378,6.096625892294247e-68,1
45.0,0,1,17.59,5,-22.7,-24.49,4.939,0.0,1.159,7.16,0.2407,6.857,3.5110595562939114e-12,1
46.3,0,1,20.5,2,12.6,-22.55,2.62,0.0,1.89,7.68,0.222,11.979,2.275402625956888e-33,1
59.1,0,1,11.64,5,23.3,-27.34,5.23,0.0,2.408,6.97,0.2239,3.298,0.00048719791012322524,0
23.5,0,1,24.68,2,-9.3,-18.04,1.381,3.043,1.093,7.45,0.2424,36.342,1.7566461428110873e-289,1
22.0,0,1,21.98,1,-24.7,-14.29,0.645,0.0,2.058,6.6,0.2458,70.688,0.0,1
169.8,1,2,4.92,7,-20.9,-26.3,4.89,0.0,1.251,6.42,0.2255,15.365,1.396869907021562e-53,1
135.2,1,2,19.67,3,-6.7,-24.29,4.858,0.0,1.64,7.6,0.2428,16.701,6.464664449693678e-63,1
146.9,1,2,15.02,12,22.9,-28.66,9.078,0.0,1.728,7.48,0.2375,11.387,2.4285257600383012e-30,1
22.2,0,1,13.37,0,11.2,-12.53,0.464,0.0,1.539,6.7,0.2233,102.216,0.0,1
102.0,1,1,12.85,5,26.4,-39.93,7.641,0.0,1.388,6.34,0.2255,4.603,2.0805373089866117e-06,0
124.7,1,2,21.34,17,34.6,-29.45,14.554,0.0,1.04,7.57,0.2487,9.1,4.505684904616289e-20,1
141.4,1,2,15.27,22,-16.8,-33.52,19.457,0.0,2.022,6.66,0.237,7.491,3.428973285371569e-14,1
56.0,0,1,13.44,2,15.2,-23.48,1.538,0.0,1.073,6.54,0.2394,8.481,1.1209453981415226e-17,1
8.1,0,1,1.22,0,0.3,-9.82,0.88,0.0,1.026,6.23,0.2218,252.369,0.0,1
28.9,0,1,11.21,3,2.1,-15.84,1.637,0.0,1.116,6.56,0.2201,56.512,0.0,1
56.4,0,1,22.7,9,-8.8,-30.13,7.153,0.0,1.254,7.86,0.2404,1.575,0.05761207751309981,0
10.6,0,1,17.79,2,-7.7,-12.31,1.126,0.0,2.002,7.17,0.2415,141.851,0.0,1
17.9,0,1,1.27,0,14.0,-10.46,0.0,0.0,1.479,6.12,0.2212,183.975,0.0,1
56.9,0,1,22.1,10,10.4,-30.88,8.771,0.0,1.159,6.99,0.2223,1.354,0.08787020552214353,0
5.9,0,1,20.67,0,-9.3,-10.55,0.0,0.0,1.312,7.63,0.2413,223.49,0.0,1
71.8,1,1,13.67,5,-22.3,-31.96,4.129,2.881,1.512,6.64,0.2301,12.004,1.6965699200706435e-33,1
34.7,0,1,0.56,0,7.6,-14.29,0.0,0.0,1.01,6.65,0.2205,74.817,0.0,1
34.9,0,1,14.06,2,18.1,-16.9,1.889,0.0,1.107,6.45,0.2368,42.743,0.0,1
198.3,1,2,1.36,1,6.3,-28.43,0.206,0.0,1.852,6.57,0.2203,12.542,2.2110441904991194e-36,1
8.1,0,1,8.01,0,-29.8,-8.47,0.0,0.0,1.071,7.04,0.2249,312.097,0.0,1
98.6,1,1,15.72,3,-11.6,-34.37,2.483,0.0,1.042,6.9,0.2214,8.644,2.7112077252139e-18,1
56.6,0,1,22.82,12,20.6,-34.79,10.938,0.0,1.869,7.09,0.2396,0.617,0.26847877558808997,0
23.2,0,1,8.94,0,18.3,-12.93,0.676,0.0,1.411,7.23,0.2212,128.364,0.0,1
103.0,1,1,21.5,12,-29.3,-49.11,9.631,3.484,1.003,6.28,0.2287,1.374,0.08478575597642257,0
103.0,1,1,22.96,8,0.6,-40.96,6.831,0.0,1.388,8.58,0.2459,2.593,0.004760982294910619,0
56.0,0,1,0.53,0,-1.6,-21.83,0.0,0.0,1.238,6.86,0.2201,13.83,8.435597181994988e-44,1
60.0,0,1,5.99,2,12.4,-20.37,0.6,0.0,1.061,6.74,0.2231,13.723,3.711022520343151e-43,1
169.8,1,2,17.75,22,-21.9,-38.01,21.795,0.0,3.025,7.19,0.2404,3.524,0.0002123943962468425,0
146.9,1,2,18.92,12,10.4,-28.3,10.196,0.0,1.969,7.39,0.2419,10.584,1.7663210651401476e-26,1
50.7,0,1,9.81,2,31.5,-21.68,1.661,0.0,1.224,7.15,0.231,15.342,1.9903076227496356e-53,1
116.9,1,2,16.42,4,-5.8,-19.46,3.226,0.0,1.132,7.08,0.2348,32.009,4.0775688181223183e-225,1
26.3,0,1,15.3,0,-8.1,-14.77,0.61,0.0,1.514,7.33,0.2362,72.285,0.0,1
91.0,1,1,18.49,12,-28.2,-41.19,10.555,0.0,1.267,6.48,0.239,3.661,0.0001257558051585039,0
57.0,0,1,17.97,4,-26.3,-25.5,3.812,0.0,1.419,7.3,0.2352,4.336,7.24179390397524e-06,0
164.9,1,2,2.15,4,30.6,-26.66,3.518,0.0,2.212,6.98,0.2212,14.157,8.50941538797651e-46,1
112.4,1,2,3.96,3,33.4,-18.72,3.264,0.0,1.169,6.07,0.2207,36.663,1.4037965019193503e-294,1
5.4,0,1,3.32,0,-29.6,-10.78,0.0,2.487,1.301,6.57,0.2247,205.003,0.0,1
108.9,1,1,23.31,6,28.5,-46.14,9.4,0.0,1.005,6.87,0.2374,2.058,0.019781368444858102,0
23.5,0,1,22.84,0,-18.7,-14.72,1.587,0.0,1.239,7.45,0.2472,81.549,0.0,1
13.1,0,1,19.94,1,6.5,-12.1,1.624,0.0,1.127,7.26,0.234,154.065,0.0,1
75.5,1,1,2.92,2,14.1,-28.29,1.876,0.0,2.069,6.31,0.2228,18.581,2.3077952632049753e-77,1
16.3,0,1,14.36,2,-6.7,-13.19,0.908,0.0,1.017,7.29,0.2413,134.981,0.0,1
123.7,1,2,4.68,2,4.4,-19.64,2.176,0.0,1.374,6.98,0.2207,30.545,3.2586393102183025e-205,1
90.9,1,1,9.21,1,10.8,-30.96,1.695,0.0,1.012,6.82,0.224,12.435,8.408361412903131e-36,1
103.0,1,1,6.68,5,-17.4,-40.61,4.192,3.501,1.036,7.07,0.2229,3.641,0.00013569467277595754,0
101.2,1,1,20.72,6,34.6,-40.89,4.917,0.0,1.693,7.39,0.2478,3.158,0.0007951010668606293,0
34.5,0,1,3.61,2,-16.7,-18.03,0.792,2.955,1.255,6.92,0.221,28.468,1.4760076910728562e-178,1
65.1,1,1,16.15,8,-29.3,-32.08,6.896,0.6,1.051,8.05,0.2409,9.699,1.5257141793678315e-22,1
36.0,0,1,24.6,6,31.4,-23.09,5.235,0.0,2.279,6.47,0.2239,10.366,1.7641104723288874e-25,1
148.3,1,2,17.18,11,-2.1,-28.13,9.261,0.0,1.109,8.04,0.2453,10.092,3.011007206674711e-24,1
123.5,1,2,1.98,1,-4.1,-18.0,0.306,0.0,2.009,6.09,0.2205,35.369,2.549849248891425e-274,1
80.8,1,1,22.7,3,-12.1,-35.14,3.313,0.819,2.789,6.75,0.2215,8.308,4.865215657978801e-17,1
56.0,0,1,16.08,3,-28.3,-26.83,4.777,0.0,1.1,6.78,0.2426,4.129,1.8243119788646628e-05,0
171.3,1,2,11.41,8,-12.8,-28.93,5.198,0.0,1.104,7.16,0.2361,10.892,6.259028710321892e-28,1
106.3,1,1,16.49,10,-4.4,-41.77,8.149,0.0,1.782,6.33,0.2314,3.43,0.0003017058649359787,0
17.6,0,1,21.98,1,3.8,-11.97,0.512,0.0,1.075,6.94,0.2404,155.521,0.0,1
22.5,0,1,11.93,0,-0.3,-11.78,0.0,0.0,1.141,6.83,0.2235,154.988,0.0,1
34.6,0,1,13.28,1,27.1,-16.95,1.532,0.0,1.58,7.28,0.239,37.396,2.272959623853791e-306,1
198.3,1,2,11.31,9,29.2,-33.01,9.427,0.0,1.708,7.21,0.2342,5.883,2.0118343251109462e-09,0
112.4,1,2,1.81,0,-9.4,-16.45,0.0,0.0,1.18,6.91,0.2226,38.43,0.0,1
125.8,1,2,19.68,6,32.4,-23.0,3.405,0.0,1.053,7.53,0.2449,21.176,7.882367542462657e-100,1
83.5,1,1,3.16,0,26.2,-26.65,0.0,0.0,1.181,7.05,0.2226,19.668,2.024246081003441e-86,1
78.6,1,1,9.86,0,30.3,-27.1,0.639,0.0,1.176,7.1,0.2249,19.063,2.542245854658464e-81,1
23.5,0,1,9.67,1,15.9,-14.54,0.787,0.0,2.288,7.21,0.2344,74.857,0.0,1
152.9,1,2,7.0,1,-17.1,-22.93,1.208,0.0,1.44,6.84,0.2245,21.04,1.4107309200793276e-98,1
26.6,0,1,10.06,1,-17.3,-16.52,0.5,3.496,1.34,6.87,0.235,37.586,1.82828328414846e-309,1
116.9,1,2,15.45,16,29.1,-27.37,14.473,0.0,1.257,7.45,0.2254,13.552,3.8522251076910454e-42,1
95.8,1,1,7.78,7,3.0,-39.3,7.454,0.0,1.558,7.37,0.227,4.527,2.997534586156338e-06,0
10.6,0,1,4.31,0,27.9,-10.42,0.0,0.0,1.759,7.14,0.2236,205.639,0.0,1
192.4,1,2,21.73,25,16.8,-44.22,28.865,0.0,1.225,7.09,0.2287,1.476,0.06992288335778264,0
10.3,0,1,24.27,3,-16.2,-12.17,1.568,0.0,1.009,6.88,0.2298,147.869,0.0,1
46.9,0,1,11.46,2,-5.0,-22.02,2.581,0.0,1.542,6.85,0.2335,10.78,2.1428035688752224e-27,1
90.5,1,1,8.18,2,32.9,-30.32,1.475,0.0,1.031,6.79,0.2241,14.452,1.2160658917425908e-47,1
10.5,0,1,1.19,0,-28.7,-9.13,0.0,0.0,1.513,6.66,0.2218,242.171,0.0,1
89.4,1,1,0.92,0,16.4,-28.92,0.0,0.0,1.349,6.87,0.2207,15.544,8.803316312357297e-55,1
135.8,1,2,9.82,6,33.6,-22.36,6.863,0.0,1.093,6.38,0.2228,22.208,1.4217798506839772e-109,1
56.4,0,1,23.26,11,-23.2,-33.55,11.683,0.0,1.058,7.66,0.2303,0.89,0.1866509901764054,0
34.5,0,1,18.27,11,-12.3,-22.84,6.748,0.0,1.52,7.78,0.2291,11.771,2.748314170992485e-32,1
81.4,1,1,8.73,3,5.6,-30.05,2.847,0.0,1.422,7.06,0.2235,13.347,6.171449572783201e-41,1
147.0,1,2,24.2,12,24.8,-29.05,11.877,0.0,1.164,7.71,0.2237,10.03,5.616523912801061e-24,1
148.3,1,2,10.72,8,2.9,-27.55,8.571,0.0,2.523,6.61,0.2201,13.97,1.1806161024132462e-44,1
67.2,1,1,6.92,2,-26.1,-24.75,1.655,0.0,1.448,7.15,0.2288,23.182,3.4686948301905795e-119,1
111.7,1,2,10.66,4,-21.7,-20.35,7.178,0.0,1.284,6.99,0.2247,25.394,1.4690616323151734e-142,1
145.8,1,2,5.29,6,-5.6,-25.53,4.121,0.0,1.24,6.44,0.2272,18.694,2.7785238245350897e-78,1
76.0,1,1,22.14,10,-9.0,-38.1,10.901,0.0,1.098,7.86,0.2211,4.724,1.153507213208859e-06,0
171.3,1,2,9.03,7,-15.7,-30.2,7.137,2.152,1.033,7.18,0.2309,9.833,4.0610510460172523e-23,1
81.4,1,1,16.45,9,24.6,-34.92,8.449,0.0,1.177,7.46,0.2274,6.411,7.228466397945422e-11,0
113.2,1,2,9.73,10,-28.3,-22.57,6.232,0.8,1.967,6.43,0.2304,24.832,2.009794961804591e-136,1
85.7,1,1,22.54,7,23.9,-36.83,5.862,0.0,1.041,7.25,0.2435,5.787,3.5790942781644853e-09,0
45.0,0,1,16.06,3,29.9,-21.13,2.712,0.0,1.157,7.65,0.2252,17.297,2.458156578627625e-67,1
75.5,1,1,12.21,7,11.0,-32.11,5.722,0.0,1.197,7.04,0.2237,10.716,4.273013907125274e-27,1
101.9,1,1,3.3,3,10.6,-33.13,1.848,0.0,1.065,6.39,0.2242,10.389,1.3868785669037494e-25,1
198.3,1,2,22.55,6,-20.3,-32.76,5.55,3.558,1.233,7.96,0.2281,5.879,2.065866490491017e-09,0
146.9,1,2,13.67,16,6.9,-29.22,12.758,0.0,1.062,6.74,0.2225,11.337,4.2934594534342115e-30,1
90.9,1,1,7.13,3,-5.6,-32.81,2.654,0.0,1.686,6.72,0.2275,10.767,2.4628524923830374e-27,1
91.7,1,1,21.95,9,-15.1,-43.26,9.482,3.156,1.211,8.19,0.2275,2.218,0.013264134766305094,0
15.0,0,1,1.36,0,7.9,-10.68,0.0,0.0,1.066,6.32,0.2215,215.958,0.0,1
50.5,0,1,7.85,3,-29.9,-22.31,2.951,0.0,1.122,6.73,0.226,10.838,1.1376844109118133e-27,1
148.1,1,2,13.42,19,-12.0,-30.29,15.403,0.597,1.523,6.99,0.2275,8.586,4.5178640999149355e-18,1
119.5,1,2,8.5,7,12.6,-21.2,8.239,0.0,1.009,7.07,0.2208,24.284,1.4366999580918536e-130,1
43.9,0,1,11.92,2,-0.4,-19.1,1.424,0.0,1.0,7.52,0.2253,24.791,5.597197472076099e-136,1
35.8,0,1,6.61,2,-20.5,-18.91,2.144,0.86,1.629,6.7,0.223,30.375,5.83313873645837e-203,1
141.4,1,2,3.25,6,-29.9,-26.49,6.117,3.741,1.36,7.17,0.2242,14.665,5.424522644936434e-49,1
85.7,1,1,0.92,0,-12.4,-29.94,0.0,3.803,1.265,6.09,0.2209,13.714,4.170944068467315e-43,1
43.9,0,1,3.94,3,5.7,-17.46,1.385,0.0,1.371,6.77,0.2254,27.124,2.5493280290897784e-162,1
65.1,1,1,23.82,4,4.7,-27.39,3.815,0.0,1.334,6.48,0.2229,18.916,4.244047971507121e-80,1
65.4,1,1,14.39,3,-21.5,-27.35,2.975,0.0,1.084,7.33,0.2314,18.493,1.1707966648382057e-76,1
83.5,1,1,12.22,8,9.9,-37.62,9.096,0.0,1.138,7.12,0.2244,5.452,2.4955620327588202e-08,0
26.3,0,1,9.61,3,34.9,-15.46,2.246,0.0,1.364,7.29,0.2267,58.712,0.0,1
113.4,1,2,17.71,16,8.0,-23.88,13.438,0.0,1.109,6.65,0.2253,20.218,3.4035896449547536e-91,1
72.7,1,1,3.53,2,4.3,-26.94,0.806,0.0,1.469,6.76,0.2216,20.821,1.3902401571236452e-96,1
126.5,1,2,6.9,4,10.5,-20.81,2.766,0.0,1.115,6.45,0.2271,26.848,4.4318086088233205e-159,1
50.7,0,1,16.4,2,27.2,-23.36,1.534,0.0,1.868,6.6,0.2402,10.93,4.156542432987857e-28,1
47.0,0,1,11.98,5,31.5,-23.26,4.119,0.0,1.157,6.73,0.23,9.177,2.209171636092149e-20,1
43.9,0,1,19.25,6,-27.3,-22.14,4.134,0.0,1.3,6.91,0.2298,10.688,5.807614882020957e-27,1
33.5,0,1,22.43,3,-16.7,-22.56,4.906,0.0,2.42,7.22,0.2326,13.267,1.7902136795138886e-40,1
56.6,0,1,20.58,14,-22.5,-30.24,8.609,0.0,1.011,7.79,0.2364,1.973,0.024257549822718192,0
57.0,0,1,4.61,1,20.2,-21.94,1.148,0.0,1.008,6.26,0.2238,11.681,7.995454043722547e-32,1
180.4,1,2,2.29,4,-27.0,-26.89,3.296,0.0,1.401,6.61,0.2233,14.089,2.233003193543592e-45,1
135.8,1,2,4.24,4,28.7,-23.39,4.0,0.0,1.491,6.63,0.2261,22.112,1.2045524507415312e-108,1
169.8,1,2,19.59,31,-28.7,-38.07,27.691,0.0,1.048,6.18,0.2265,3.367,0.0003795163375747262,0
142.3,1,2,22.85,17,9.2,-33.3,18.478,0.0,1.335,7.04,0.2517,6.252,2.0225543732200852e-10,0
169.8,1,2,23.14,40,-12.1,-46.38,34.904,3.525,1.039,7.39,0.2403,1.037,0.14985448472376878,0
101.9,1,1,7.46,6,0.6,-36.37,4.668,0.0,1.227,6.41,0.224,6.663,1.3413390553190802e-11,0
81.4,1,1,21.01,0,-1.3,-27.81,1.466,0.0,1.031,7.3,0.226,16.089,1.5359099484781523e-58,1
136.4,1,2,13.41,8,18.7,-24.7,6.87,0.0,1.398,7.41,0.2332,16.79,1.4495545921050193e-63,1
90.9,1,1,20.57,13,2.3,-42.47,10.659,0.0,1.072,7.56,0.2409,2.625,0.00433735516098199,0
42.6,0,1,13.71,7,-2.6,-23.63,6.177,0.0,1.044,7.58,0.2386,6.835,4.104918331061193e-12,1
17.9,0,1,3.65,1,17.5,-11.03,0.183,0.0,1.508,6.29,0.2218,171.91,0.0,1
58.1,0,1,1.98,1,30.2,-20.94,0.551,0.0,1.421,7.01,0.2216,13.404,2.8667059567255533e-41,1
91.3,1,1,23.93,20,21.6,-46.7,15.394,0.0,1.123,7.5,0.243,1.318,0.0938051511425606,0
12.0,0,1,10.65,3,17.9,-13.45,2.304,0.0,1.193,6.92,0.2324,125.073,0.0,1
56.4,0,1,8.76,4,1.7,-24.54,2.991,0.0,1.192,7.04,0.2312,6.414,7.086794562544939e-11,0
181.8,1,2,8.91,3,28.5,-27.72,3.935,0.0,1.302,6.78,0.2298,12.275,6.155621150059936e-35,1
36.9,0,1,9.47,5,1.6,-21.31,4.648,0.0,1.325,6.9,0.2243,15.484,2.2242244611503975e-54,1
34.6,0,1,23.62,6,30.5,-20.94,5.353,0.0,1.112,6.85,0.2378,18.398,6.86002596384169e-76,1
76.8,1,1,1.57,3,22.2,-28.15,1.829,0.0,2.285,6.74,0.2212,17.262,4.5255612104979545e-67,1
187.7,1,2,2.98,2,-20.2,-27.49,2.406,0.0,1.259,6.76,0.2248,13.822,9.430989241214718e-44,1
22.5,0,1,19.74,0,-26.9,-14.91,0.0,2.418,1.102,6.48,0.2364,66.907,0.0,1
10.3,0,1,13.74,0,18.2,-9.61,0.0,0.0,1.106,6.75,0.2208,263.551,0.0,1
11.2,0,1,3.21,0,14.6,-10.52,0.0,0.0,2.741,6.1,0.2236,192.586,0.0,1
10.3,0,1,0.86,0,9.1,-8.16,0.0,0.0,1.168,6.06,0.2205,328.603,0.0,1
16.5,0,1,5.61,0,33.5,-11.07,0.289,0.0,1.412,7.26,0.2243,170.946,0.0,1
45.0,0,1,6.52,0,5.5,-20.02,1.488,0.0,1.029,6.68,0.2272,22.235,7.918532237880712e-110,1
12.3,0,1,0.36,0,-7.4,-9.94,0.0,0.0,1.187,6.81,0.2207,244.359,0.0,1
108.6,1,1,5.4,0,6.7,-34.08,1.076,0.0,2.042,6.79,0.2265,8.594,4.1990257431771335e-18,1
72.7,1,1,18.46,15,-28.2,-35.69,10.231,0.0,1.914,6.83,0.2276,6.506,3.871484127650675e-11,0
88.9,1,1,21.39,2,7.7,-34.94,4.338,0.0,1.278,7.22,0.2269,7.548,2.2110481791286973e-14,1
63.5,0,1,22.46,3,28.7,-26.89,2.5,0.0,1.335,7.72,0.2529,3.875,5.337758052507766e-05,0
39.5,0,1,9.75,6,-29.7,-19.47,3.701,0.0,1.03,6.99,0.2237,23.039,9.574637015098647e-118,1
38.4,0,1,7.99,0,24.9,-15.93,0.0,0.0,1.767,6.89,0.2217,49.034,0.0,1
137.8,1,2,25.0,25,22.1,-35.06,19.57,0.0,1.114,6.45,0.2535,5.538,1.5257272963283054e-08,0
104.5,1,1,19.23,17,-23.1,-50.3,14.251,1.155,1.508,7.51,0.2333,0.819,0.2064543893274749,0
21.1,0,1,13.43,1,25.0,-15.41,2.073,0.0,1.802,7.43,0.221,60.944,0.0,1
131.1,1,2,6.37,0,19.6,-19.45,0.349,0.0,1.266,6.82,0.2257,29.221,5.171566948755718e-188,1
34.5,0,1,8.03,2,1.9,-17.24,2.189,0.0,1.077,6.49,0.2244,36.01,2.9442930193660885e-284,1
102.0,1,1,12.88,8,-14.1,-39.95,6.774,0.0,1.064,6.85,0.2287,4.356,6.637610809931574e-06,0
56.4,0,1,13.55,3,-11.3,-23.6,2.039,0.0,1.361,7.31,0.2324,7.449,4.6888671453900836e-14,1
14.1,0,1,0.34,0,9.8,-10.24,0.0,0.0,1.279,6.91,0.2205,233.368,0.0,1
43.9,0,1,23.99,4,-14.0,-26.48,3.561,4.078,1.543,6.64,0.2242,4.574,2.3897425416266416e-06,0
59.1,0,1,14.39,1,-8.9,-21.3,0.568,0.0,1.736,7.39,0.2253,11.887,6.951248193943254e-33,1
65.4,1,1,14.73,5,30.5,-27.8,3.484,0.0,2.036,6.5,0.2385,17.388,5.069279278831593e-68,1
67.2,1,1,5.29,2,17.4,-23.62,0.896,0.0,1.022,7.04,0.2211,27.049,1.9511583925225174e-161,1
69.2,1,1,19.12,4,17.8,-30.48,5.765,0.0,1.025,7.03,0.2479,12.132,3.5806372318402267e-34,1
116.9,1,2,18.43,9,32.1,-23.76,8.467,0.0,1.054,7.55,0.2291,18.225,1.6360915092631784e-74,1
6.0,0,1,2.38,0,-29.6,-9.27,0.0,2.419,1.128,6.25,0.2228,219.972,0.0,1
81.1,1,1,14.87,3,-14.1,-33.08,4.986,0.0,1.871,8.11,0.2247,8.643,2.7279948071307365e-18,1
43.9,0,1,16.45,7,12.8,-23.61,5.344,0.0,1.222,7.46,0.2278,8.645,2.696367395782432e-18,1
112.3,1,2,20.89,25,-1.5,-29.44,18.77,0.0,1.049,7.04,0.2374,10.708,4.647156229358223e-27,1
108.6,1,1,5.15,3,-22.7,-37.75,3.29,1.369,1.262,6.49,0.2279,5.367,3.9977769998046645e-08,0
159.3,1,2,21.94,15,20.8,-30.94,13.73,0.0,1.346,8.2,0.2325,6.692,1.0980938608831377e-11,0
33.8,0,1,11.54,0,-26.9,-16.36,0.34,0.0,1.253,6.87,0.2362,50.56,0.0,1
134.9,1,2,2.41,0,5.4,-19.84,0.0,0.0,1.044,6.81,0.2208,31.837,9.996009430431491e-223,1
148.1,1,2,2.64,4,6.6,-22.84,3.603,0.0,1.447,6.42,0.2201,22.322,1.140120395585017e-110,1
51.0,0,1,4.95,0,11.3,-19.31,0.0,0.0,1.552,6.47,0.2262,22.852,7.024500501912394e-116,1
22.8,0,1,7.07,0,-9.5,-13.54,0.0,0.0,1.414,6.9,0.2276,112.609,0.0,1
81.4,1,1,12.41,10,-28.5,-36.9,7.321,1.46,2.281,6.96,0.2227,5.884,1.999687463451171e-09,0
159.0,1,2,18.72,12,27.8,-27.62,8.793,0.0,1.114,7.13,0.2206,12.522,2.8159388974682036e-36,1
125.2,1,2,4.67,5,30.4,-20.65,3.604,0.0,1.82,7.03,0.2257,24.776,8.16468331678552e-136,1
135.2,1,2,24.82,6,1.3,-24.86,6.163,0.0,1.394,6.86,0.2264,17.564,2.3089090053691963e-69,1
71.4,1,1,4.04,3,-28.7,-25.67,2.384,0.0,1.125,6.79,0.2235,21.625,5.1762964171311874e-104,1
43.9,0,1,14.98,5,7.8,-24.11,4.16,0.0,1.875,8.03,0.2392,9.409,2.5058981510790098e-21,1
177.2,1,2,23.22,26,-9.5,-41.81,29.653,0.0,1.157,6.78,0.24,2.171,0.014950937190332893,0
83.2,1,1,20.81,11,-18.1,-39.44,8.121,0.0,2.43,6.85,0.2485,4.481,3.7068856695577945e-06,0
49.7,0,1,16.2,7,-19.0,-25.33,4.726,0.0,1.446,6.93,0.2213,6.277,1.7216983507605215e-10,0
142.3,1,2,17.89,11,-18.3,-27.68,9.967,0.0,2.013,6.65,0.2317,13.187,5.179748476134172e-40,1
88.9,1,1,3.36,2,-8.5,-31.04,1.878,0.0,1.642,7.1,0.2212,11.063,9.447629354822599e-29,1
36.9,0,1,0.24,0,-11.8,-14.72,0.0,0.0,1.215,6.91,0.2204,63.813,0.0,1
131.1,1,2,10.85,8,24.4,-24.19,6.64,0.0,1.613,6.47,0.2324,19.04,3.9949015803541003e-81,1
27.5,0,1,2.24,0,2.2,-13.03,0.0,0.0,1.0,6.91,0.223,110.946,0.0,1
103.0,1,1,8.94,3,-2.2,-34.98,3.803,0.0,1.218,6.87,0.222,6.785,5.809223844147904e-12,1
36.6,0,1,5.59,0,-20.5,-15.7,0.0,0.0,1.263,6.71,0.2233,56.449,0.0,1
145.8,1,2,22.91,8,26.9,-25.87,6.312,0.0,1.086,7.84,0.2352,14.31,9.456834168553345e-47,1
21.7,0,1,22.0,1,-26.4,-15.65,2.527,0.0,1.682,8.14,0.2287,61.573,0.0,1
10.6,0,1,20.47,3,-14.4,-12.42,1.207,0.0,1.364,6.18,0.2264,123.653,0.0,1
21.1,0,1,17.85,1,10.4,-15.26,1.11,0.0,1.855,7.53,0.242,74.598,0.0,1
68.3,1,1,3.85,1,15.7,-25.69,0.6,0.0,2.124,6.67,0.225,23.878,2.6222233129733207e-126,1
74.0,1,1,1.21,0,22.1,-25.08,0.0,0.0,1.202,6.88,0.2201,24.158,3.0977364774011415e-129,1
61.9,0,1,16.35,10,-3.3,-31.94,8.976,0.0,1.323,6.86,0.2427,0.966,0.16712327415251882,0
78.5,1,1,16.06,8,-7.5,-35.25,6.711,0.0,1.139,7.24,0.2392,7.295,1.4980015542056488e-13,1
47.0,0,1,9.24,2,-11.2,-20.04,1.852,0.0,1.33,6.15,0.2242,18.288,5.118699155895198e-75,1
90.5,1,1,11.82,5,6.9,-31.21,2.052,0.0,1.249,7.5,0.2313,11.406,1.951274643051e-30,1
158.6,1,2,12.23,14,-7.3,-30.58,12.148,0.0,1.413,7.56,0.2286,8.658,2.395394387679056e-18,1
30.6,0,1,6.0,1,-8.7,-17.49,0.979,2.316,1.43,6.25,0.222,34.624,5.543111004753195e-263,1
56.0,0,1,7.85,4,-28.9,-22.54,3.585,0.0,1.012,7.58,0.2219,7.668,8.738607794280079e-15,1
198.3,1,2,10.46,12,31.6,-36.43,10.624,0.0,1.356,7.03,0.2293,5.112,1.597746462871066e-07,0
79.5,1,1,15.08,1,-26.1,-30.55,1.875,2.267,1.572,6.95,0.2213,12.571,1.5316100131654086e-36,1
14.1,0,1,23.9,2,-12.4,-17.87,3.906,4.384,1.09,7.45,0.249,30.238,3.7014399788642666e-201,1
96.0,1,1,13.46,13,29.9,-44.97,14.436,0.0,2.038,6.6,0.2333,1.905,0.028375254159434243,0
30.6,0,1,18.28,1,17.8,-18.28,2.969,0.0,1.455,7.45,0.2378,27.278,3.835211486792019e-164,1
16.3,0,1,20.18,4,7.6,-14.54,2.343,0.0,1.633,6.55,0.2364,69.346,0.0,1
88.9,1,1,2.84,3,13.0,-29.69,2.172,0.0,1.174,6.4,0.2226,15.171,2.758187327513769e-52,1
136.4,1,2,16.33,14,-23.7,-30.75,12.023,1.869,1.003,6.96,0.2429,8.906,2.633469758213466e-19,1
135.8,1,2,12.05,10,22.6,-24.94,9.078,0.0,1.114,7.04,0.2301,17.077,1.0976783118199485e-65,1
68.3,1,1,14.31,1,-13.7,-26.35,1.975,0.0,1.075,6.52,0.2262,21.241,1.9894304124810163e-100,1
88.9,1,1,0.96,0,32.2,-28.82,0.0,0.0,1.704,6.88,0.221,14.874,2.426085273829701e-50,1
45.1,0,1,22.66,8,-15.0,-27.84,8.093,0.0,1.05,7.91,0.2317,2.983,0.0014269241726676141,0
65.4,1,1,23.82,15,10.6,-37.32,12.192,0.0,1.705,6.99,0.2509,4.895,4.916475789936891e-07,0
24.4,0,1,0.09,0,5.4,-13.0,0.0,0.0,1.368,6.78,0.2201,119.77,0.0,1
60.4,0,1,5.32,2,-20.7,-22.0,1.021,0.0,1.627,6.22,0.2225,11.118,5.104014467329965e-29,1
108.9,1,1,4.5,1,-6.4,-36.77,0.457,2.395,1.976,6.54,0.2207,6.209,2.6617400688234345e-10,0
67.2,1,1,19.53,6,20.8,-28.99,5.318,0.0,1.164,7.4,0.2298,13.266,1.8238780710929195e-40,1
68.3,1,1,14.95,7,-16.2,-30.21,6.667,0.0,1.013,6.38,0.2319,14.234,2.834992927204628e-46,1
56.0,0,1,4.43,0,32.6,-19.86,0.0,0.0,1.468,6.7,0.2205,17.653,4.858460808277386e-70,1
10.5,0,1,20.35,0,-10.8,-12.08,0.0,0.0,2.816,6.77,0.25,147.41,0.0,1
123.7,1,2,8.84,6,10.7,-22.76,6.165,0.0,1.041,6.22,0.228,23.366,4.790969520524094e-121,1
50.7,0,1,11.52,1,10.2,-20.75,1.266,0.0,1.397,7.35,0.2332,16.021,4.563945483623933e-58,1
22.8,0,1,9.68,1,0.6,-14.88,0.626,0.0,2.295,6.34,0.2211,77.25,0.0,1
134.9,1,2,13.03,11,12.6,-26.38,12.074,0.0,1.003,7.57,0.2279,13.696,5.386346675903299e-43,1
49.7,0,1,12.0,2,18.3,-20.87,1.567,0.0,1.207,7.73,0.227,15.36,1.5293838803632557e-53,1
169.8,1,2,6.86,9,10.2,-28.07,6.226,0.0,1.099,6.46,0.2269,12.981,7.830245030396745e-39,1
169.2,1,2,10.61,2,6.4,-24.01,2.043,0.0,1.149,6.12,0.2275,20.507,9.284934170480775e-94,1
91.3,1,1,22.71,10,9.4,-41.52,11.328,0.0,1.265,7.15,0.2285,3.264,0.0005499971677245647,0
56.4,0,1,12.57,4,-3.9,-25.44,3.603,0.0,1.41,6.94,0.2342,4.586,2.262989013967812e-06,0
70.1,1,1,22.91,9,-25.4,-32.62,6.931,0.0,1.007,7.51,0.2444,9.387,3.0921788582037698e-21,1
181.8,1,2,13.75,3,-19.6,-29.49,2.685,4.158,1.752,7.2,0.2288,9.928,1.5778416689094742e-23,1
103.0,1,1,19.22,2,9.4,-37.06,2.159,0.0,1.082,6.45,0.2453,6.674,1.2438281964064539e-11,0
147.0,1,2,7.34,9,30.3,-23.61,4.767,0.0,1.351,6.7,0.2215,19.244,7.89840723765059e-83,1
21.7,0,1,19.76,1,-28.3,-14.13,2.796,0.0,1.211,6.68,0.2358,65.883,0.0,1
124.7,1,2,6.61,11,5.4,-21.84,6.815,0.0,1.126,7.14,0.2284,21.794,1.3309381099091358e-105,1
122.3,1,2,0.49,0,-13.6,-19.63,0.0,0.0,1.531,6.52,0.2208,33.366,2.1124024898209005e-244,1
55.1,0,1,4.02,1,6.5,-21.52,0.609,0.0,1.544,7.05,0.2232,14.623,1.0057590613957419e-48,1
11.4,0,1,0.54,0,18.7,-8.43,0.0,0.0,1.054,6.33,0.2201,284.7,0.0,1
147.0,1,2,23.68,28,17.8,-35.48,27.314,0.0,1.005,6.93,0.2212,4.917,4.404554074104589e-07,0
171.3,1,2,25.0,9,17.1,-33.17,9.074,0.0,1.59,6.33,0.2451,7.366,8.776888632886829e-14,1
6.0,0,1,19.06,0,20.6,-7.97,0.0,0.0,1.141,6.4,0.2325,339.803,0.0,1
87.1,1,1,2.7,0,-25.3,-27.89,0.666,0.0,1.436,6.98,0.2222,15.664,1.3281170028353774e-55,1
134.9,1,2,22.47,18,3.1,-30.62,16.714,0.0,1.155,7.71,0.2332,8.352,3.345178854250808e-17,1
46.1,0,1,18.59,1,-13.0,-20.09,2.083,0.0,1.16,7.42,0.2251,19.681,1.5817867388268242e-86,1
36.0,0,1,8.31,0,29.9,-17.63,1.345,0.0,1.602,6.83,0.227,41.507,0.0,1
44.0,0,1,12.56,3,20.9,-20.81,3.84,0.0,1.173,7.23,0.2272,17.527,4.4449094723591763e-69,1
71.8,1,1,16.54,7,-23.0,-34.08,7.692,1.037,1.004,7.83,0.2223,7.642,1.0725306397059453e-14,1
6.0,0,1,0.6,0,-14.2,-8.19,0.0,0.739,1.451,6.07,0.2211,325.134,0.0,1
42.6,0,1,12.54,2,-0.4,-18.81,1.663,0.0,1.076,6.81,0.2294,27.667,8.724219358015635e-169,1
10.5,0,1,18.31,0,32.6,-10.78,0.362,0.0,1.137,7.33,0.2269,182.251,0.0,1
43.9,0,1,4.71,0,-22.9,-19.27,0.711,0.0,2.026,6.49,0.2254,26.009,1.949344623820257e-149,1
34.9,0,1,11.09,1,6.9,-19.39,2.236,0.0,2.924,7.15,0.2341,23.433,9.745709735752823e-122,1
116.9,1,2,13.31,10,-7.8,-20.34,5.861,0.0,1.027,7.11,0.2261,27.111,3.621610596262165e-162,1
46.3,0,1,18.39,7,12.0,-27.5,8.324,0.0,2.045,7.98,0.2456,2.848,0.0022025889361588953,0
60.0,0,1,24.11,13,12.2,-34.32,10.925,0.0,1.391,7.91,0.2414,0.722,0.2352928489199551,0
108.6,1,1,21.21,20,-14.4,-51.0,17.183,0.0,1.062,6.77,0.2286,0.73,0.23257176055057327,0
107.4,1,1,15.54,7,21.1,-43.06,8.521,0.0,1.4,7.66,0.2364,2.446,0.007229449020204192,0
61.2,0,1,14.59,0,-24.1,-24.62,1.175,0.0,1.599,6.45,0.234,7.083,7.054442437457468e-13,1
35.8,0,1,15.08,8,23.2,-20.74,5.144,0.0,1.161,7.45,0.2409,16.105,1.1689051156324288e-58,1
58.1,0,1,13.63,2,-16.2,-23.25,1.285,0.0,1.336,7.46,0.2384,8.842,4.687137443848812e-19,1
33.5,0,1,1.48,2,8.3,-17.01,1.531,0.0,1.087,6.95,0.2213,45.589,0.0,1
43.9,0,1,17.46,4,-7.4,-23.74,5.128,0.0,1.604,6.57,0.2367,8.967,1.5234314246544353e-19,1
22.8,0,1,17.91,4,9.6,-14.37,3.012,0.0,1.167,7.76,0.2257,71.425,0.0,1
75.5,1,1,12.81,3,-12.6,-28.94,1.402,0.0,1.748,6.76,0.2346,15.141,4.332478277585384e-52,1
23.1,0,1,21.76,4,7.0,-14.58,1.934,0.0,1.277,7.93,0.2468,80.976,0.0,1
55.1,0,1,16.81,3,-29.5,-25.68,3.658,0.0,1.909,6.81,0.2456,4.536,2.863449397164917e-06,0
106.3,1,1,9.07,7,-5.7,-37.53,4.353,0.57,1.185,7.19,0.2231,5.132,1.4335811652648471e-07,0
5.9,0,1,0.49,0,23.7,-6.37,0.0,0.0,1.074,6.03,0.2204,435.251,0.0,1
32.5,0,1,1.48,0,0.1,-13.96,0.0,0.0,1.27,6.26,0.2222,73.617,0.0,1
101.9,1,1,8.79,5,2.5,-37.12,4.157,0.0,1.665,6.93,0.2295,5.308,5.541971083156195e-08,0
50.7,0,1,11.55,1,10.4,-19.21,0.405,0.0,1.194,7.57,0.2258,24.835,1.885510333866319e-136,1
100.3,1,1,4.17,2,-1.8,-34.34,1.648,0.0,1.98,6.42,0.2203,8.399,2.2454713425297972e-17,1
136.4,1,2,4.73,8,26.4,-23.55,5.193,0.0,1.193,7.01,0.2269,18.716,1.8378350236685986e-78,1
112.4,1,2,5.76,6,-3.8,-19.9,4.982,0.0,1.199,6.87,0.2256,29.364,7.876820756824295e-190,1
79.5,1,1,19.51,6,31.3,-35.68,8.079,0.0,1.492,6.99,0.244,6.64,1.5642544440387826e-11,0
45.4,0,1,19.28,5,27.0,-21.21,2.456,0.0,1.343,7.1,0.2223,14.566,2.3087216814206183e-48,1
180.4,1,2,9.57,3,-2.6,-26.38,1.391,0.0,1.174,6.5,0.2283,15.707,6.762946975764734e-56,1
22.0,0,1,4.31,2,-6.2,-14.3,2.741,0.0,1.058,6.48,0.2261,76.87,0.0,1
34.6,0,1,2.77,2,14.0,-16.38,1.286,0.0,1.427,6.82,0.2226,45.894,0.0,1
42.0,0,1,2.18,0,19.1,-16.23,0.0,0.0,1.182,6.93,0.2212,46.266,0.0,1
52.5,0,1,9.78,6,-17.9,-28.15,5.125,3.201,1.127,6.71,0.2247,2.739,0.003079991909513903,0
158.6,1,2,1.14,0,-14.3,-22.28,0.0,0.0,1.111,6.04,0.2205,24.331,4.587296996898838e-131,1
36.0,0,1,8.34,3,-20.5,-18.32,1.825,0.0,1.573,7.19,0.2205,31.872,3.3147223136489255e-223,1
23.2,0,1,24.04,3,19.4,-14.73,2.073,0.0,1.068,7.36,0.2324,74.363,0.0,1
112.4,1,2,12.69,3,16.4,-21.14,2.185,0.0,1.068,7.14,0.2308,28.224,1.4736675576255695e-175,1
135.5,1,2,20.57,14,-17.7,-31.45,14.267,1.225,1.14,7.23,0.2481,7.905,1.3396668187575156e-15,1
69.2,1,1,3.23,2,4.9,-26.38,1.314,0.0,1.216,6.88,0.2248,21.929,6.807106123302757e-107,1
123.5,1,2,6.7,0,19.7,-20.58,1.711,0.0,1.832,6.89,0.221,29.373,6.096933687588683e-190,1
38.4,0,1,23.66,11,31.6,-25.43,7.239,0.0,1.294,8.42,0.2302,7.956,8.886321826510006e-16,1
39.4,0,1,9.59,0,-18.4,-16.11,0.0,0.0,1.37,6.74,0.2208,43.403,0.0,1
10.3,0,1,16.21,3,-10.2,-13.18,2.505,0.0,1.051,6.64,0.2286,108.034,0.0,1
56.4,0,1,24.4,13,-7.4,-32.07,9.028,0.0,1.217,8.1,0.2441,1.171,0.1207600782008671,0
42.0,0,1,13.77,2,10.6,-19.82,2.887,0.0,1.523,6.52,0.2286,17.625,7.92425552199085e-70,1
90.9,1,1,7.63,6,-21.1,-33.19,3.55,0.0,1.418,6.56,0.2297,9.516,8.976037506813698e-22,1
28.9,0,1,13.3,0,-17.4,-14.26,0.0,0.0,1.177,6.68,0.2217,64.43,0.0,1
45.1,0,1,1.37,0,20.7,-18.85,0.0,0.0,1.588,6.97,0.2213,28.897,6.543789981693384e-184,1
79.5,1,1,2.81,1,5.2,-27.95,0.549,0.0,2.895,6.42,0.2242,18.535,5.35918781486312e-77,1
78.8,1,1,0.18,0,-19.6,-29.55,0.0,4.073,1.751,6.42,0.2204,14.126,1.306703939834054e-45,1
63.5,0,1,22.11,1,-4.8,-25.03,1.267,0.0,1.119,7.52,0.2521,5.399,3.354415929196321e-08,0
103.0,1,1,16.78,8,-21.3,-40.51,6.658,0.0,1.455,7.51,0.2398,3.401,0.00033566821283305214,0
72.7,1,1,7.46,2,-6.4,-27.8,0.922,1.853,1.237,7.42,0.2237,16.777,1.7939036706115123e-63,1
24.4,0,1,5.53,1,-4.0,-14.27,0.753,0.0,1.166,6.94,0.2236,91.628,0.0,1
29.1,0,1,17.08,4,-22.7,-15.98,2.334,0.0,1.533,7.72,0.2232,47.655,0.0,1
22.8,0,1,22.99,1,-26.1,-14.7,1.781,0.0,1.481,7.08,0.2441,73.896,0.0,1
36.0,0,1,7.48,0,27.3,-14.6,0.0,0.0,1.205,6.26,0.2263,58.869,0.0,1
9.4,0,1,8.04,0,27.7,-9.92,0.0,0.0,2.223,7.1,0.2222,214.37,0.0,1
71.8,1,1,21.36,11,-29.8,-39.43,8.507,4.07,1.369,8.64,0.2374,3.324,0.00044299757894328344,0
50.5,0,1,22.33,9,11.7,-25.64,4.427,0.0,1.406,7.75,0.252,6.276,1.7318304446183656e-10,0
30.1,0,1,22.85,3,-23.9,-17.92,2.836,0.0,1.157,6.83,0.2537,32.964,1.3434453387033643e-238,1
11.4,0,1,7.33,0,22.7,-8.44,0.0,0.0,1.035,6.42,0.2287,288.896,0.0,1
79.8,1,1,3.01,1,27.2,-26.12,1.762,0.0,1.023,6.91,0.2206,19.533,2.8896422381364746e-85,1
113.4,1,2,11.0,5,10.1,-18.82,4.174,0.0,1.029,6.51,0.226,31.497,4.757674659727976e-218,1
14.9,0,1,7.39,0,9.9,-11.24,0.0,0.0,1.829,7.1,0.2268,157.615,0.0,1
152.8,1,2,22.1,18,-5.9,-33.56,18.292,0.77,1.099,7.61,0.2259,5.988,1.0596502080595398e-09,0
36.0,0,1,0.92,2,-13.8,-19.89,0.85,3.769,1.338,6.22,0.2215,22.303,1.7121794259642398e-110,1
12.5,0,1,15.85,0,2.5,-10.1,0.0,0.0,1.129,6.82,0.2364,200.894,0.0,1
48.3,0,1,22.65,2,-21.3,-24.19,1.464,3.03,1.236,7.49,0.2297,8.235,8.960980531145312e-17,1
52.5,0,1,24.42,3,13.7,-26.29,3.811,0.0,1.222,6.84,0.2521,4.241,1.1104995703760918e-05,0
36.0,0,1,16.25,3,0.6,-22.27,4.45,0.0,1.53,7.5,0.2368,13.669,7.801360194447378e-43,1
16.3,0,1,23.75,1,-18.5,-11.17,0.45,0.0,1.027,7.73,0.2496,158.492,0.0,1
98.6,1,1,1.89,0,8.2,-30.12,0.696,0.0,1.282,6.58,0.2218,14.137,1.1213598662815934e-45,1
76.8,1,1,8.98,3,21.7,-29.27,3.115,0.0,1.298,6.32,0.2329,16.09,1.5050528596560235e-58,1
78.5,1,1,0.22,0,8.3,-26.83,0.0,0.0,1.02,6.02,0.2203,22.792,2.762569207666139e-115,1
119.5,1,2,24.53,25,4.4,-31.18,20.589,0.0,2.36,8.51,0.2548,6.498,4.069956877556688e-11,0
177.2,1,2,22.57,25,25.1,-39.19,21.054,0.0,2.061,7.24,0.2514,2.94,0.001639053224809499,0
36.9,0,1,0.7,0,-29.3,-15.68,0.0,0.0,1.707,6.42,0.2212,56.972,0.0,1
39.4,0,1,0.45,0,10.1,-16.32,0.0,0.0,1.289,6.13,0.2206,46.928,0.0,1
17.6,0,1,9.17,2,-3.4,-12.63,1.443,0.0,1.368,6.45,0.2251,139.617,0.0,1
56.4,0,1,6.46,3,-17.4,-22.35,1.456,0.0,2.336,7.12,0.2213,10.65,8.711807622513168e-27,1
65.4,1,1,21.17,7,33.7,-30.83,7.485,0.0,1.353,7.17,0.2355,11.08,7.870482683261279e-29,1
38.4,0,1,4.01,0,-3.8,-17.38,0.431,0.0,1.011,7.04,0.2208,42.168,0.0,1
69.5,1,1,19.77,9,-8.2,-29.69,4.993,1.294,1.042,6.41,0.2263,13.995,8.30370442143628e-45,1
159.0,1,2,13.86,16,-19.0,-34.06,15.612,2.871,1.093,7.38,0.2326,5.415,3.058763235410747e-08,0
113.2,1,2,9.43,5,34.9,-20.56,5.189,0.0,1.47,6.79,0.2236,29.185,1.4911299822994846e-187,1
26.3,0,1,3.64,0,25.6,-12.76,0.0,0.0,1.664,6.8,0.2201,100.147,0.0,1
103.0,1,1,24.94,19,-25.5,-51.88,18.232,0.0,1.351,8.87,0.2315,0.49,0.31193243068502463,0
39.4,0,1,15.45,1,6.8,-19.91,2.216,0.0,1.518,7.88,0.2329,20.764,4.551080898563442e-96,1
147.0,1,2,10.98,5,-20.4,-24.23,4.318,0.0,2.58,7.53,0.2285,16.888,2.7707138510267167e-64,1
152.9,1,2,9.28,12,16.5,-26.99,8.758,0.0,1.526,7.28,0.2244,13.993,8.573463788659748e-45,1
48.3,0,1,22.64,6,1.5,-23.9,4.976,0.0,1.074,7.32,0.2444,7.988,6.873242501270042e-16,1
69.2,1,1,20.53,7,-22.8,-32.22,4.719,2.973,1.822,7.22,0.2284,9.204,1.7201004866822916e-20,1
198.3,1,2,20.28,37,6.2,-47.67,37.573,0.0,1.142,7.54,0.2418,0.748,0.22720708688394708,0
68.5,1,1,15.4,11,29.2,-31.69,7.089,0.0,1.81,7.16,0.2247,11.054,1.0500910312788442e-28,1
148.3,1,2,22.2,13,-7.8,-29.48,10.773,0.0,1.03,7.05,0.2226,11.019,1.5502007341469923e-28,1
141.4,1,2,7.48,4,-26.7,-24.08,2.848,0.0,2.063,6.84,0.2246,20.523,6.678992343379323e-94,1
86.6,1,1,17.59,12,31.4,-41.37,9.761,0.0,2.79,7.18,0.2427,3.454,0.0002759064188980359,0
39.4,0,1,10.11,2,-20.8,-18.6,1.945,0.0,1.223,7.06,0.2316,30.578,1.1937276070965147e-205,1
71.4,1,1,15.0,7,0.9,-31.2,6.948,0.0,1.197,7.13,0.2358,11.044,1.173777476791739e-28,1
76.0,1,1,24.95,3,5.4,-31.79,3.973,0.0,1.491,8.52,0.2229,8.853,4.255932047339955e-19,1
68.3,1,1,24.61,12,-14.6,-36.34,10.911,0.0,1.576,7.45,0.2269,5.445,2.5946415007441078e-08,0
96.4,1,1,12.82,6,-18.5,-37.53,6.758,0.0,1.471,6.74,0.233,5.463,2.342445650913698e-08,0
131.1,1,2,14.35,9,-22.6,-24.76,6.345,1.501,1.561,7.34,0.2352,15.305,3.517187276041565e-53,1
51.0,0,1,22.43,6,-25.5,-26.57,7.046,0.0,1.439,8.49,0.2343,4.298,8.606602231663213e-06,0
51.0,0,1,24.64,1,3.0,-21.45,0.44,0.0,1.531,7.18,0.2539,12.979,8.08299878096278e-39,1
69.2,1,1,19.47,4,24.7,-31.46,4.291,0.0,2.536,7.1,0.2484,10.758,2.720208259898747e-27,1
148.1,1,2,1.63,0,-21.8,-24.45,0.518,4.924,1.413,6.23,0.2208,19.705,9.690020534492946e-87,1
55.1,0,1,8.07,1,15.5,-21.76,2.077,0.0,1.047,6.88,0.2227,10.8,1.7294630222087205e-27,1
81.4,1,1,22.41,3,-3.2,-33.54,2.586,0.0,1.499,6.7,0.2529,8.601,3.966385092179968e-18,1
39.4,0,1,19.21,3,-27.7,-22.15,2.115,1.832,1.388,7.86,0.2437,11.758,3.200048832412243e-32,1
52.5,0,1,18.56,3,4.8,-21.8,1.433,0.0,1.6,7.61,0.2265,12.715,2.450385167299405e-37,1
181.8,1,2,16.7,7,-13.6,-32.26,7.421,1.648,1.292,6.92,0.2428,7.248,2.1200321959101024e-13,1
74.0,1,1,10.38,2,9.3,-26.88,1.824,0.0,1.076,6.73,0.2299,21.217,3.3373615542499987e-100,1
22.8,0,1,10.08,2,-7.3,-13.58,2.272,0.0,1.135,6.34,0.2285,88.372,0.0,1
91.0,1,1,20.22,7,13.3,-38.02,5.327,0.0,1.178,6.19,0.2426,5.966,1.2167067995650728e-09,0
17.9,0,1,7.34,1,29.7,-12.34,1.113,0.0,1.118,6.88,0.2225,113.205,0.0,1
116.9,1,2,17.12,3,-14.1,-23.71,2.305,3.3,1.207,6.61,0.2308,23.326,1.2011803925012128e-120,1
63.5,0,1,18.16,1,31.1,-23.46,1.01,0.0,1.602,7.29,0.2316,8.297,5.329154708754937e-17,1
39.5,0,1,21.11,6,-16.7,-19.61,3.163,0.0,1.448,7.37,0.2329,22.462,4.893311492880897e-112,1
46.9,0,1,8.0,0,-25.4,-17.28,0.0,0.0,1.032,7.22,0.2216,31.592,2.3760582913756676e-219,1
76.8,1,1,18.55,7,-17.5,-35.88,7.921,0.0,1.489,7.41,0.2319,6.027,8.359341977603506e-10,0
22.8,0,1,2.66,1,23.0,-12.74,0.714,0.0,1.89,6.41,0.2206,108.178,0.0,1
52.5,0,1,3.45,1,14.0,-19.63,1.021,0.0,1.05,6.84,0.2232,19.657,2.4990570222055958e-86,1
46.6,0,1,10.43,0,33.1,-18.66,0.661,0.0,1.456,7.1,0.2342,27.243,1.0172401486280735e-163,1
30.1,0,1,1.38,1,16.1,-13.29,0.578,0.0,1.174,6.68,0.2215,80.665,0.0,1
23.2,0,1,23.69,1,-3.2,-15.55,1.136,0.0,1.348,7.58,0.2358,57.176,0.0,1
10.6,0,1,22.55,1,28.0,-12.05,1.665,0.0,1.203,7.29,0.236,156.452,0.0,1
108.6,1,1,1.22,0,32.3,-34.79,1.511,0.0,1.492,6.65,0.2211,8.118,2.37203133324188e-16,1
93.8,1,1,20.96,5,21.5,-37.12,3.032,0.0,1.093,7.26,0.2498,5.532,1.583509611637224e-08,0
16.3,0,1,12.72,1,6.2,-11.85,0.525,0.0,1.537,6.77,0.2382,146.447,0.0,1
108.9,1,1,17.55,10,23.7,-43.32,8.481,0.0,1.075,7.1,0.2386,2.666,0.003836713638651299,0
23.4,0,1,22.17,4,-18.4,-16.05,2.362,0.0,1.643,8.23,0.235,47.028,0.0,1
131.1,1,2,14.42,11,28.5,-24.74,8.712,0.0,1.376,6.59,0.2248,18.828,2.2464191205200177e-79,1
180.4,1,2,2.91,2,35.0,-26.29,2.412,0.0,1.261,6.93,0.2207,14.719,2.4439576806628917e-49,1
67.2,1,1,0.06,0,13.2,-23.13,0.0,0.0,1.237,6.3,0.22,31.038,8.236856442014364e-212,1
125.5,1,2,12.42,5,-17.3,-22.95,6.496,0.0,1.539,6.92,0.2272,20.619,9.274813171270438e-95,1
20.4,0,1,23.73,1,-20.6,-20.34,2.06,4.877,1.302,8.41,0.2226,25.696,6.444650824693108e-146,1
125.8,1,2,14.32,10,32.4,-22.81,6.011,0.0,1.086,6.76,0.2349,23.452,6.310964951933423e-122,1
58.1,0,1,9.32,5,26.6,-26.2,4.736,0.0,1.447,6.58,0.2221,4.413,5.0881853988790165e-06,0
115.3,1,2,0.77,0,18.7,-17.56,0.673,0.0,1.273,6.87,0.2209,35.765,1.9329776547172633e-280,1
135.5,1,2,22.87,25,31.7,-32.08,24.057,0.0,1.949,6.95,0.2304,6.945,1.8982767202311955e-12,1
46.1,0,1,8.18,0,2.7,-20.22,1.757,0.0,1.064,7.06,0.2305,19.036,4.296535708664968e-81,1
65.4,1,1,17.62,8,27.7,-31.73,7.15,0.0,1.027,7.95,0.2204,10.887,6.675583533464284e-28,1
45.0,0,1,17.36,6,-19.4,-25.04,5.154,0.0,1.366,8.1,0.2231,7.141,4.620472612713622e-13,1
21.1,0,1,6.35,1,-18.1,-13.21,0.739,0.0,1.253,6.24,0.2278,102.583,0.0,1
17.6,0,1,1.59,0,3.3,-10.77,0.0,0.0,1.248,6.36,0.2215,192.28,0.0,1
5.4,0,1,9.63,0,-8.4,-9.56,0.0,1.128,1.523,6.94,0.2222,238.17,0.0,1
16.3,0,1,7.93,0,-1.9,-10.49,0.905,0.0,1.041,7.57,0.2307,182.413,0.0,1
119.5,1,2,17.51,16,21.9,-25.97,13.845,0.0,1.84,7.65,0.2377,13.215,3.6153495051206673e-40,1
32.8,0,1,20.49,2,-26.5,-17.15,1.412,0.0,1.791,6.81,0.236,31.781,6.00023357579534e-222,1
22.5,0,1,5.56,0,16.9,-14.17,0.443,0.0,2.725,6.86,0.2261,84.285,0.0,1
12.0,0,1,13.21,0,-24.3,-13.82,0.0,2.927,1.635,7.32,0.233,99.692,0.0,1
43.9,0,1,1.02,0,25.1,-17.25,0.0,0.0,1.363,6.67,0.22,35.627,2.7057225075896486e-278,1
46.9,0,1,5.36,2,-16.9,-25.31,1.667,2.396,3.569,6.67,0.2275,6.28,1.688142229880615e-10,0
131.1,1,2,19.04,9,17.8,-26.38,8.935,0.0,1.176,7.1,0.2438,14.815,5.831257383319254e-50,1
136.4,1,2,19.83,9,8.5,-27.31,10.797,0.0,1.062,7.03,0.2372,13.381,3.898788192440164e-41,1
177.2,1,2,19.41,8,-4.9,-28.88,7.124,0.0,1.171,7.49,0.2354,9.612,3.568610501811299e-22,1
91.0,1,1,3.56,3,-12.6,-35.22,3.097,2.373,1.482,6.96,0.2245,7.102,6.154166677601851e-13,1
142.3,1,2,13.78,13,-26.3,-26.41,7.827,0.0,2.177,7.88,0.2235,14.441,1.4336097446582473e-47,1
10.3,0,1,10.57,0,-7.0,-11.67,0.823,0.0,2.273,7.3,0.2351,153.031,0.0,1
90.5,1,1,24.79,6,-17.0,-39.32,6.418,0.0,1.416,8.7,0.2551,3.279,0.0005210404449440386,0
125.8,1,2,16.35,17,-21.2,-29.83,19.738,0.0,1.788,7.95,0.231,8.302,5.1144484681324073e-17,1
135.5,1,2,23.38,6,18.0,-24.03,6.564,0.0,1.066,7.2,0.2409,17.749,8.743991177211747e-71,1
68.3,1,1,3.63,1,-16.2,-28.14,1.039,3.719,1.158,6.81,0.2239,16.745,3.067113012490414e-63,1
78.6,1,1,11.27,13,-15.5,-42.46,10.027,3.916,2.07,6.96,0.2336,2.835,0.0022903949745844347,0
124.7,1,2,19.29,21,-7.9,-31.61,20.379,0.0,1.523,7.38,0.2441,7.273,1.7582905040970005e-13,1
33.5,0,1,9.2,5,0.1,-18.49,3.298,0.0,1.223,7.02,0.2297,27.631,2.3771405019935927e-168,1
158.9,1,2,15.81,15,3.4,-31.26,12.866,0.0,1.305,6.53,0.2394,8.573,5.049066575990109e-18,1
33.5,0,1,12.79,0,13.2,-14.55,0.508,0.0,1.378,7.2,0.2253,66.311,0.0,1
19.5,0,1,24.8,3,8.3,-16.86,2.728,0.0,1.202,6.72,0.2383,50.925,0.0,1
58.1,0,1,4.35,3,1.3,-23.08,2.29,0.0,1.648,6.49,0.2258,9.168,2.4021332459403646e-20,1
58.1,0,1,23.38,11,-4.4,-32.4,8.596,0.0,1.353,7.72,0.2443,0.927,0.17701535421804954,0
12.3,0,1,10.04,2,-12.7,-12.48,1.7,0.0,1.324,6.67,0.2318,142.227,0.0,1
6.0,0,1,11.7,0,16.1,-9.22,0.0,0.0,2.177,7.36,0.228,256.236,0.0,1
64.6,0,1,13.22,1,-9.4,-24.5,2.384,0.0,1.343,7.91,0.2306,4.665,1.5427320673948618e-06,0
33.5,0,1,6.63,3,25.2,-17.22,3.348,0.0,1.08,6.49,0.2214,34.929,1.33324938957451e-267,1
22.5,0,1,24.09,4,8.1,-16.12,4.231,0.0,1.221,7.68,0.2437,46.922,0.0,1
30.1,0,1,22.79,5,11.2,-19.58,4.026,0.0,1.016,7.17,0.2404,25.388,1.6924401563657844e-142,1
43.9,0,1,24.32,3,3.1,-21.04,2.433,0.0,1.111,8.03,0.2557,15.588,4.422473959710883e-55,1
56.6,0,1,24.92,2,30.4,-23.77,2.071,0.0,1.373,6.67,0.2387,7.557,2.0636202364258438e-14,1
22.8,0,1,16.75,1,-2.6,-13.09,0.469,0.0,1.168,7.27,0.232,107.995,0.0,1
76.8,1,1,11.29,6,-2.2,-34.11,6.649,0.0,1.239,7.05,0.2289,8.413,1.991201995504021e-17,1
52.3,0,1,21.27,4,28.0,-25.61,4.317,0.0,1.004,7.63,0.2478,5.372,3.8853734239711555e-08,0
22.2,0,1,0.6,0,9.3,-13.0,0.0,0.0,1.493,6.08,0.2205,119.151,0.0,1
102.0,1,1,20.86,20,-0.8,-49.21,15.702,0.0,1.376,7.2,0.2347,1.114,0.1325951263371259,0
124.7,1,2,12.43,13,-13.0,-25.33,12.218,0.0,1.163,6.2,0.2256,16.669,1.1040047107131291e-62,1
131.1,1,2,16.83,9,-14.1,-26.55,8.171,0.0,1.26,7.99,0.2455,12.788,9.525513335094928e-38,1
27.5,0,1,9.35,0,22.1,-13.76,0.806,0.0,1.09,7.42,0.2297,75.432,0.0,1
29.1,0,1,9.22,2,-11.8,-15.12,1.636,0.0,1.1,7.01,0.2218,68.978,0.0,1
98.6,1,1,0.79,1,-29.6,-35.7,0.418,4.5,1.151,6.6,0.2207,7.364,8.906176604930333e-14,1
87.1,1,1,10.59,12,-28.7,-38.24,8.941,2.928,1.134,6.75,0.2294,4.746,1.0356383726060582e-06,0
23.4,0,1,10.21,0,33.6,-13.78,0.0,0.0,1.322,6.91,0.2301,98.574,0.0,1
146.9,1,2,5.62,11,6.4,-25.86,8.066,0.0,1.274,6.7,0.2227,16.65,1.5040655780427928e-62,1
16.3,0,1,6.18,3,1.8,-12.79,1.54,0.0,1.029,6.48,0.2201,125.144,0.0,1
26.3,0,1,14.6,4,29.7,-20.75,4.546,0.0,2.486,7.27,0.2338,19.398,4.0042418149874984e-84,1
78.8,1,1,7.94,0,-7.1,-28.8,1.99,0.0,1.507,6.33,0.2218,16.549,8.126437111944199e-62,1
123.7,1,2,20.76,9,21.7,-24.42,8.376,0.0,1.223,7.98,0.2367,18.135,8.370308631117831e-74,1
78.8,1,1,2.78,1,16.9,-26.18,1.239,0.0,1.003,6.24,0.2238,20.689,2.154244344242209e-95,1
56.6,0,1,14.44,8,1.0,-28.57,6.936,0.0,1.874,6.5,0.2306,2.493,0.006325142265628107,0
32.8,0,1,4.0,2,20.4,-16.11,1.313,0.0,1.608,7.0,0.221,51.683,0.0,1
28.9,0,1,13.21,0,32.8,-13.99,0.432,0.0,1.006,7.05,0.2305,76.861,0.0,1
80.8,1,1,13.81,6,-17.0,-34.55,6.41,0.0,1.213,7.54,0.2224,8.232,9.220251660812184e-17,1
30.6,0,1,16.06,2,-28.9,-16.28,0.931,0.0,1.108,6.23,0.2399,49.642,0.0,1
152.9,1,2,10.69,7,23.4,-27.34,8.135,0.0,1.405,6.73,0.2284,13.388,3.535412290362123e-41,1
33.8,0,1,12.74,2,-3.8,-17.18,1.097,0.0,1.044,6.5,0.2274,39.476,0.0,1
52.0,0,1,4.52,2,5.4,-20.13,0.981,0.0,1.426,6.43,0.2237,15.301,3.7416913461526513e-53,1
68.5,1,1,11.58,4,-15.5,-28.12,3.447,0.64,1.313,6.75,0.2237,17.488,8.90238082382914e-69,1
98.6,1,1,9.33,2,24.7,-31.97,1.963,0.0,1.132,6.56,0.2242,11.306,6.1042135195865065e-30,1
16.5,0,1,16.65,4,16.9,-15.31,2.733,0.0,1.99,7.64,0.2286,65.218,0.0,1
145.8,1,2,10.87,12,32.0,-27.66,12.242,0.0,1.031,6.28,0.2303,13.574,2.8679007651719218e-42,1
56.9,0,1,19.48,6,0.9,-29.23,5.6,0.0,1.3,6.53,0.2373,2.63,0.004275022682313111,0
27.5,0,1,10.65,4,33.5,-16.08,2.902,0.0,1.054,6.93,0.2219,52.452,0.0,1
49.7,0,1,5.89,3,3.2,-21.23,2.898,0.0,1.403,7.09,0.2278,12.805,7.71841305456047e-38,1
22.2,0,1,6.84,0,10.4,-13.71,0.0,0.0,1.473,7.2,0.2226,119.815,0.0,1
65.4,1,1,1.13,0,13.8,-22.56,0.273,0.0,1.003,6.54,0.2215,32.649,4.0960591334094524e-234,1
10.3,0,1,13.5,0,1.8,-9.03,0.0,0.0,1.347,7.01,0.227,264.53,0.0,1
23.1,0,1,20.77,4,6.6,-19.93,4.355,0.0,4.524,6.85,0.236,19.146,5.245504801349506e-82,1
30.1,0,1,19.23,0,-15.5,-18.38,0.0,0.699,2.489,7.8,0.234,32.116,1.3357233884060675e-226,1
142.3,1,2,10.94,9,-6.4,-26.16,8.058,0.0,1.236,6.46,0.231,16.252,1.0794373696007127e-59,1
126.5,1,2,4.9,5,15.6,-21.86,3.655,0.0,1.033,6.64,0.2219,27.603,5.118038342188206e-168,1
91.0,1,1,21.59,16,-27.5,-46.23,13.402,0.0,1.065,8.06,0.2418,1.584,0.056554187676757746,0
46.3,0,1,1.42,0,15.5,-17.53,0.0,0.0,1.002,6.07,0.2209,35.058,1.4752891078673184e-269,1
48.3,0,1,9.98,1,-10.3,-19.99,1.821,0.0,1.285,7.01,0.2312,14.321,8.067330965757877e-47,1
19.5,0,1,21.42,7,-12.3,-16.26,5.167,0.0,1.817,7.29,0.2381,43.582,0.0,1
108.6,1,1,9.83,8,15.1,-39.73,5.813,0.0,1.525,6.55,0.2316,4.156,1.6204581351665368e-05,0
91.3,1,1,2.95,2,-16.0,-34.98,1.973,2.714,1.937,6.42,0.2242,8.033,4.764559799537363e-16,1
93.8,1,1,6.65,1,32.5,-30.35,0.493,0.0,1.285,6.18,0.2242,15.051,1.7103686803877002e-51,1
30.1,0,1,15.0,3,34.4,-16.32,2.118,0.0,1.52,7.08,0.2244,46.168,0.0,1
65.4,1,1,3.8,2,-0.2,-24.56,1.495,0.0,1.893,6.86,0.2204,25.17,4.225528109372551e-140,1
21.5,0,1,16.37,1,-3.9,-14.0,0.558,0.0,1.103,7.75,0.2286,104.579,0.0,1
49.7,0,1,10.95,4,-24.9,-28.77,5.485,3.587,1.168,6.15,0.23,2.555,0.005306273729175648,0
6.0,0,1,8.36,0,20.6,-7.65,0.0,0.0,1.032,7.0,0.2288,368.701,0.0,1
68.3,1,1,6.02,2,-19.4,-24.52,1.582,0.0,1.071,6.51,0.2262,23.933,6.905630802640251e-127,1
36.9,0,1,20.58,6,30.6,-22.98,5.696,0.0,1.077,8.04,0.2256,10.49,4.78050034927378e-26,1
106.3,1,1,9.92,9,34.4,-40.8,8.665,0.0,1.029,7.01,0.2273,3.544,0.000197098947297705,0
22.0,0,1,18.46,2,-22.0,-14.09,2.299,0.0,1.154,7.33,0.2418,76.857,0.0,1
12.3,0,1,11.01,2,14.4,-10.22,0.731,0.0,1.181,7.38,0.233,191.87,0.0,1
123.5,1,2,2.3,4,0.3,-19.38,2.548,0.0,1.029,7.03,0.2221,29.758,6.816783475394881e-195,1
147.0,1,2,11.01,6,5.2,-25.84,7.855,0.0,1.251,7.66,0.2222,14.374,3.784980069502324e-47,1
187.7,1,2,12.69,8,-18.3,-32.96,10.086,2.036,1.114,6.63,0.2288,7.094,6.517731181531617e-13,1
10.5,0,1,11.45,1,17.0,-11.44,0.496,0.0,1.814,7.12,0.22,180.669,0.0,1
26.6,0,1,20.41,1,-19.2,-15.83,0.437,2.515,1.01,7.84,0.2413,43.188,0.0,1
45.4,0,1,22.77,11,27.5,-28.1,9.563,0.0,1.013,7.03,0.233,3.009,0.00131044852365048,0
35.8,0,1,19.67,5,-0.5,-24.33,6.713,0.0,2.524,6.39,0.2258,7.618,1.2840088142578785e-14,1
107.4,1,1,14.57,5,11.3,-42.95,8.948,0.0,1.781,6.23,0.225,2.96,0.001539392735048581,0
80.8,1,1,13.54,4,29.9,-32.31,3.405,0.0,1.311,7.47,0.2201,11.017,1.590944629078355e-28,1
52.3,0,1,16.12,2,18.0,-23.34,2.433,0.0,1.139,6.77,0.2403,8.204,1.166116990261597e-16,1
123.7,1,2,7.2,8,5.2,-21.71,7.136,0.0,1.143,6.59,0.22,23.617,1.2866919765580738e-123,1
11.2,0,1,20.3,3,-3.8,-12.81,2.14,0.0,2.38,7.24,0.2309,115.572,0.0,1
124.7,1,2,21.42,22,0.0,-28.24,15.427,0.0,2.001,7.77,0.2404,10.585,1.7575869909461015e-26,1
169.2,1,2,6.68,8,-7.8,-27.81,4.45,0.0,1.306,6.48,0.2283,12.557,1.8164768374049295e-36,1
45.1,0,1,22.57,3,31.5,-22.46,3.678,0.0,1.111,7.9,0.2524,12.124,3.922925026797993e-34,1
56.4,0,1,21.22,1,-13.6,-24.15,2.391,0.0,1.793,7.97,0.2292,6.602,2.0224310765742738e-11,0
17.9,0,1,10.61,1,-3.4,-12.53,0.313,0.0,1.889,7.35,0.2201,139.778,0.0,1
16.5,0,1,22.73,0,20.6,-12.24,0.0,0.0,1.361,8.42,0.2452,146.952,0.0,1
32.8,0,1,3.01,1,-6.3,-20.75,0.827,4.665,1.754,7.04,0.2224,18.105,1.458126389820612e-73,1
12.5,0,1,0.7,0,27.6,-9.51,0.0,0.0,1.429,6.14,0.2204,246.596,0.0,1
11.4,0,1,8.7,0,-14.2,-11.94,0.446,0.0,2.81,7.04,0.2295,153.321,0.0,1
152.8,1,2,14.14,13,-28.0,-29.61,9.741,0.0,1.035,7.52,0.2416,9.682,1.7996998754233015e-22,1
83.2,1,1,8.79,7,10.9,-30.06,3.476,0.0,1.028,7.05,0.223,14.131,1.2178493653395425e-45,1
152.8,1,2,23.55,10,3.0,-28.81,9.766,0.0,1.074,7.3,0.2422,10.422,9.879699917736779e-26,1
21.7,0,1,6.37,1,30.6,-12.73,0.514,0.0,1.084,6.5,0.2257,113.854,0.0,1
89.4,1,1,7.03,5,-2.5,-33.15,3.36,0.0,1.322,6.54,0.2265,9.666,2.0936476985456457e-22,1
46.1,0,1,15.87,2,-21.2,-23.38,3.573,0.0,1.636,6.96,0.233,10.825,1.3052502794397144e-27,1
78.6,1,1,0.1,0,-8.6,-25.06,0.0,0.0,1.014,6.08,0.2203,23.996,1.5194421368878457e-127,1
26.3,0,1,18.19,2,-4.4,-16.14,1.423,0.0,1.017,7.75,0.227,50.31,0.0,1
17.9,0,1,9.44,1,7.9,-13.28,1.619,0.0,1.531,6.93,0.2324,100.919,0.0,1
96.0,1,1,24.44,5,-12.2,-38.18,3.429,0.0,3.351,7.86,0.2444,4.068,2.3737450514383733e-05,0
21.5,0,1,17.29,1,5.8,-13.46,1.071,0.0,1.117,7.13,0.2435,108.021,0.0,1
69.5,1,1,1.31,1,29.0,-24.76,0.196,0.0,1.374,6.82,0.2216,25.545,3.101336764743734e-144,1
93.8,1,1,2.32,0,-2.5,-30.95,0.941,0.0,1.045,6.29,0.2223,13.29,1.3199590627485356e-40,1
46.1,0,1,2.2,1,12.4,-19.13,0.807,0.0,2.041,6.93,0.2202,21.573,1.6173344815663423e-103,1
52.0,0,1,23.82,5,-15.1,-31.07,5.992,1.678,2.183,8.44,0.2419,1.553,0.060169479147614224,0
91.7,1,1,17.1,3,22.1,-32.5,2.536,0.0,1.67,7.39,0.2257,9.056,6.764738416659505e-20,1
60.4,0,1,10.69,4,-12.5,-26.85,3.411,0.0,1.4,7.07,0.2257,4.458,4.132602254652129e-06,0
49.7,0,1,5.01,6,7.7,-23.14,3.636,0.0,1.669,7.01,0.223,9.308,6.5108613789142904e-21,1
7.1,0,1,21.84,1,-10.5,-10.41,0.432,0.0,1.127,7.52,0.2488,196.207,0.0,1
71.4,1,1,5.04,1,-25.6,-25.5,0.405,0.0,1.363,6.47,0.2276,25.161,5.318285220642525e-140,1
101.9,1,1,17.67,23,-9.2,-52.33,17.453,0.755,1.11,6.65,0.2406,0.687,0.2460923425692771,0
83.5,1,1,19.08,5,-16.2,-31.53,2.942,0.0,1.152,6.59,0.2247,12.581,1.336762606537896e-36,1
16.3,0,1,7.37,0,28.0,-10.8,0.49,0.0,1.25,6.99,0.2244,176.657,0.0,1
57.0,0,1,12.62,3,-12.7,-21.9,1.761,0.0,1.026,7.18,0.2204,10.518,3.5557949452940125e-26,1
30.6,0,1,5.57,0,33.3,-15.42,0.433,0.0,1.339,6.11,0.2272,65.148,0.0,1
23.4,0,1,9.47,1,2.0,-12.62,0.644,0.0,1.024,6.41,0.222,121.096,0.0,1
56.6,0,1,24.13,10,-15.6,-33.76,9.442,0.0,3.56,8.64,0.2438,0.694,0.24398178766926543,0
23.5,0,1,17.33,4,-4.6,-19.27,4.808,0.0,1.839,7.38,0.2339,23.136,1.016393652456438e-118,1
136.4,1,2,21.17,8,-18.1,-25.42,7.103,0.0,2.278,7.51,0.2284,14.615,1.1323079915289674e-48,1
10.6,0,1,13.51,3,24.2,-10.82,1.329,0.0,1.274,6.34,0.2318,188.393,0.0,1
23.5,0,1,5.98,1,-22.2,-14.61,1.099,0.0,1.505,6.66,0.2232,93.872,0.0,1
16.3,0,1,17.82,4,26.8,-13.22,1.963,0.0,1.457,7.38,0.2284,107.78,0.0,1
135.2,1,2,12.51,8,-27.0,-23.18,6.22,0.0,1.079,6.67,0.223,21.029,1.766136506884404e-98,1
86.6,1,1,4.42,1,-10.5,-28.83,0.623,0.0,1.355,6.87,0.2238,16.463,3.4026755215252806e-61,1
78.6,1,1,10.31,10,-20.9,-32.69,6.729,0.0,1.42,6.97,0.2343,9.125,3.582320833821516e-20,1
152.9,1,2,15.87,10,14.5,-28.25,10.201,0.0,1.077,8.18,0.2282,10.586,1.7213844807627253e-26,1
34.6,0,1,18.38,4,3.3,-22.07,5.511,0.0,1.346,6.6,0.2359,12.916,1.8279116795729515e-38,1
16.5,0,1,6.08,0,31.1,-9.92,0.0,0.0,1.243,6.27,0.2234,204.2,0.0,1
17.6,0,1,21.9,0,-6.2,-15.43,0.0,2.655,1.581,7.11,0.2294,76.457,0.0,1
59.1,0,1,9.49,5,-27.4,-24.45,3.537,0.0,1.106,7.2,0.2275,6.168,3.460742331762905e-10,0
90.9,1,1,6.78,4,19.5,-31.23,3.533,0.0,1.014,7.29,0.2226,10.233,7.021585962594167e-25,1
19.5,0,1,4.88,0,7.7,-10.95,0.0,0.0,1.216,6.48,0.2251,184.916,0.0,1
32.5,0,1,20.1,2,23.8,-18.39,3.511,0.0,1.122,8.36,0.2475,29.283,8.590423305104236e-189,1
12.0,0,1,8.85,0,-2.3,-8.96,0.8,0.0,1.369,6.94,0.2256,201.948,0.0,1
145.8,1,2,12.08,8,18.0,-26.05,6.139,0.0,2.389,7.05,0.2322,15.325,2.5981937235644855e-53,1
158.6,1,2,5.57,5,-18.9,-23.85,4.09,0.0,1.153,6.68,0.2224,17.91,4.969843912387191e-72,1
39.4,0,1,17.15,4,35.0,-21.11,3.352,0.0,1.402,6.89,0.2333,17.848,1.501563267784257e-71,1
38.4,0,1,19.53,5,-18.7,-24.68,3.864,2.383,1.507,7.71,0.2378,6.937,1.9994967919969127e-12,1
83.5,1,1,8.49,1,23.9,-30.73,1.934,0.0,1.458,6.35,0.2307,12.182,1.9383509678970443e-34,1
19.5,0,1,23.63,5,-16.2,-17.19,4.457,0.0,1.03,7.0,0.2448,39.378,0.0,1
12.3,0,1,0.77,0,20.9,-9.83,0.0,0.0,1.353,6.51,0.2203,252.666,0.0,1
26.6,0,1,3.32,0,26.0,-12.76,0.0,0.0,1.016,6.59,0.2239,115.523,0.0,1
33.8,0,1,14.72,0,27.0,-15.87,0.417,0.0,1.531,7.82,0.2387,47.583,0.0,1
35.8,0,1,17.54,3,0.9,-18.15,2.806,0.0,1.003,7.46,0.2344,28.619,1.934232594760764e-180,1
33.5,0,1,6.27,3,-2.1,-16.98,1.525,0.0,1.188,6.99,0.2254,39.994,0.0,1
35.8,0,1,13.85,1,24.2,-15.35,0.334,0.0,1.002,6.37,0.2341,55.066,0.0,1
198.3,1,2,7.96,3,7.7,-28.34,2.056,0.0,1.079,7.02,0.2256,9.987,8.725497033795401e-24,1
103.0,1,1,13.85,7,10.4,-42.74,6.009,0.0,2.243,7.43,0.232,3.112,0.0009285268632286847,0
9.4,0,1,16.48,2,-14.7,-15.87,2.026,4.615,1.838,7.0,0.2374,52.414,0.0,1
78.8,1,1,24.32,16,-1.0,-42.49,14.736,0.0,1.983,6.83,0.2299,2.985,0.0014166700370469578,0
59.1,0,1,11.39,2,-6.0,-23.34,3.334,0.0,1.085,6.77,0.2215,7.222,2.5691589927684597e-13,1
85.7,1,1,16.21,4,13.2,-29.33,2.189,0.0,1.006,7.65,0.2276,13.249,2.2916643416658505e-40,1
14.1,0,1,14.45,3,-17.2,-12.73,1.976,0.0,1.037,7.14,0.229,149.113,0.0,1
78.8,1,1,7.94,7,-3.6,-35.27,7.99,0.0,1.117,7.15,0.2307,7.355,9.568056025173389e-14,1
11.2,0,1,6.33,0,25.2,-11.1,1.702,0.0,1.009,7.27,0.2286,160.158,0.0,1
108.6,1,1,24.7,21,5.5,-54.13,18.634,0.0,1.425,8.08,0.2429,0.342,0.36610973693292953,0
36.6,0,1,5.17,0,28.2,-14.53,0.0,0.0,1.099,6.44,0.2207,62.348,0.0,1
21.7,0,1,19.76,1,-14.9,-14.28,1.602,0.0,1.394,7.57,0.2244,76.247,0.0,1
39.5,0,1,3.66,2,-1.4,-17.77,0.464,0.0,2.118,6.21,0.22,37.161,1.433917575799595e-302,1
126.5,1,2,20.11,5,2.5,-22.34,4.207,0.0,1.237,6.84,0.2335,24.648,1.9181393421100958e-134,1
78.8,1,1,4.64,0,-4.0,-29.0,1.336,0.0,3.866,6.52,0.2248,15.14,4.396767723485969e-52,1
46.6,0,1,24.18,5,14.5,-29.56,8.373,0.0,1.569,6.74,0.2541,2.35,0.009382301024650017,0
28.9,0,1,17.15,3,-20.3,-16.17,2.493,0.0,1.327,7.44,0.2262,48.39,0.0,1
60.4,0,1,2.25,0,3.8,-22.15,0.0,0.0,1.477,6.62,0.2205,12.442,7.765269264678009e-36,1
91.7,1,1,17.33,7,-21.0,-39.47,7.804,1.265,1.236,6.79,0.2274,4.543,2.771925725880146e-06,0
71.4,1,1,15.09,6,10.9,-29.46,4.521,0.0,1.124,7.28,0.2323,13.237,2.689092607470405e-40,1
91.7,1,1,8.44,1,24.0,-29.96,0.677,0.0,1.709,6.52,0.2205,13.721,3.8225368953418824e-43,1
33.5,0,1,6.52,1,-28.7,-15.36,1.039,0.0,1.513,6.29,0.2287,56.757,0.0,1
61.9,0,1,17.97,5,-0.3,-29.05,4.991,0.0,1.485,6.64,0.2366,1.945,0.025892761576368366,0
68.3,1,1,18.53,7,2.0,-30.45,4.115,0.0,1.633,6.23,0.2413,13.496,8.234377239300766e-42,1
11.2,0,1,8.18,0,16.8,-10.45,0.0,0.0,1.692,7.29,0.2317,202.389,0.0,1
14.9,0,1,21.91,4,-25.1,-16.22,3.488,1.361,1.856,8.34,0.2444,51.384,0.0,1
52.0,0,1,6.72,3,-3.6,-22.1,3.381,0.0,1.498,6.99,0.2282,9.283,8.251571104881702e-21,1
57.0,0,1,1.75,1,21.1,-22.71,1.1,0.0,2.243,6.72,0.2217,10.926,4.345389003654659e-28,1
102.0,1,1,15.0,14,4.6,-41.35,9.946,0.0,1.034,7.27,0.2262,3.065,0.0010900290576603062,0
45.0,0,1,2.68,0,18.7,-17.06,0.638,0.0,1.049,6.99,0.2208,33.144,3.494870615664053e-241,1
45.0,0,1,6.92,0,-6.3,-20.28,1.157,0.0,3.115,6.45,0.2303,14.985,4.630152379825443e-51,1
76.0,1,1,12.68,6,29.8,-33.54,7.622,0.0,1.037,7.28,0.2278,9.031,8.518342303945681e-20,1
71.4,1,1,7.16,2,-25.0,-28.72,2.507,0.0,2.352,7.02,0.2259,16.457,3.757203436444372e-61,1
23.5,0,1,5.37,0,-24.1,-13.59,0.249,1.768,1.069,6.58,0.2221,90.293,0.0,1
21.7,0,1,17.58,1,4.4,-16.99,3.077,0.0,1.143,6.73,0.2231,46.726,0.0,1
24.4,0,1,13.67,1,0.6,-14.0,0.723,0.0,1.189,7.54,0.2292,91.5,0.0,1
76.8,1,1,20.99,17,11.5,-44.18,15.29,0.0,1.315,8.28,0.24,1.893,0.029181249130141754,0
46.3,0,1,14.53,2,-15.1,-20.72,1.72,0.0,1.212,7.33,0.2393,16.876,3.403050979023939e-64,1
192.4,1,2,12.09,5,-15.3,-29.35,3.984,0.0,1.645,6.93,0.2263,9.829,4.212908670960694e-23,1
86.6,1,1,6.53,9,18.7,-33.83,5.666,0.0,2.263,6.63,0.2239,9.28,8.442626878330916e-21,1
169.2,1,2,19.8,14,-11.0,-34.64,15.982,0.0,1.107,7.64,0.2461,4.632,1.8102313320730562e-06,0
17.6,0,1,4.92,0,17.3,-10.8,0.0,0.0,1.05,6.79,0.2252,177.686,0.0,1
96.4,1,1,6.06,3,11.6,-34.26,3.158,0.0,1.646,6.18,0.2226,9.145,2.9785269003185987e-20,1
86.6,1,1,21.04,7,-24.6,-34.35,4.165,0.0,1.268,6.58,0.2494,9.141,3.0820530270404247e-20,1
32.5,0,1,18.53,0,16.2,-15.32,1.34,0.0,1.036,6.64,0.2213,52.538,0.0,1
24.4,0,1,15.32,3,27.2,-17.9,4.017,0.0,1.025,7.02,0.2348,37.857,0.0,1
6.0,0,1,0.97,0,23.1,-6.78,0.0,0.0,1.058,6.07,0.2214,425.131,0.0,1
23.5,0,1,3.18,0,-29.4,-12.48,0.614,0.0,1.264,6.54,0.2209,123.632,0.0,1
97.4,1,1,12.5,1,5.1,-34.73,4.223,0.0,1.155,6.62,0.2304,7.849,2.0895948878307414e-15,1
192.4,1,2,18.66,12,29.4,-34.25,11.537,0.0,1.386,7.39,0.2303,5.499,1.9100970911614452e-08,0
89.4,1,1,11.6,6,8.9,-33.8,4.124,0.0,1.314,7.08,0.2272,8.8,6.813466455108044e-19,1
88.9,1,1,0.43,0,-11.1,-28.89,0.0,0.0,1.49,6.61,0.2204,15.895,3.407399170789871e-57,1
135.2,1,2,4.61,6,-17.4,-23.6,5.719,0.0,1.321,6.8,0.2266,21.94,5.364914762830191e-107,1
70.1,1,1,14.72,11,14.5,-31.83,7.563,0.0,1.275,7.78,0.2235,9.82,4.606538600077954e-23,1
46.1,0,1,17.36,2,20.1,-20.0,1.742,0.0,1.033,7.17,0.2221,19.241,8.467097613900065e-83,1
23.5,0,1,0.84,0,29.3,-12.07,0.0,0.0,1.484,6.19,0.2201,113.138,0.0,1
11.2,0,1,1.08,0,28.9,-9.18,0.0,0.0,1.369,6.62,0.2201,325.132,0.0,1
75.5,1,1,6.53,6,-7.9,-34.86,5.743,3.228,1.01,6.72,0.2257,8.723,1.3514432841606569e-18,1
72.7,1,1,2.09,2,9.3,-26.86,0.809,0.0,1.133,6.53,0.2208,22.314,1.3518325676425443e-110,1
56.4,0,1,13.55,2,-23.4,-29.31,2.684,4.741,1.597,6.96,0.2388,1.961,0.024957812810427128,0
34.7,0,1,3.09,2,-23.9,-17.65,0.936,0.0,1.178,7.06,0.2241,45.555,0.0,1
79.8,1,1,16.21,1,-25.4,-32.47,2.744,0.0,1.182,7.01,0.2353,10.897,5.988244047486198e-28,1
16.3,0,1,19.43,5,30.3,-13.48,3.386,0.0,1.562,6.44,0.2279,81.689,0.0,1
16.5,0,1,24.26,3,-20.1,-13.2,1.231,0.0,1.016,6.74,0.2554,109.297,0.0,1
23.2,0,1,23.71,1,1.4,-14.01,0.863,0.0,1.034,7.04,0.2259,73.461,0.0,1
93.8,1,1,6.83,4,-1.9,-33.41,4.166,0.0,1.236,6.96,0.2296,8.844,4.636446191829189e-19,1
115.3,1,2,0.74,1,-8.9,-16.91,0.522,0.0,1.02,6.55,0.2205,38.143,0.0,1
131.1,1,2,8.24,0,5.0,-20.55,0.0,0.0,1.479,6.72,0.2287,27.969,1.9239049730918177e-172,1
116.9,1,2,17.71,5,-29.8,-24.3,4.649,3.577,1.638,6.43,0.2393,19.708,9.133593714493966e-87,1
164.9,1,2,1.5,0,-5.3,-25.12,0.661,0.802,1.445,6.86,0.2213,16.664,1.2033845700978972e-62,1
125.8,1,2,8.99,4,1.2,-20.86,2.856,0.0,1.522,6.69,0.2245,28.509,4.4737546575743515e-179,1
16.3,0,1,7.45,0,22.2,-11.96,0.0,0.0,1.672,7.26,0.2229,163.541,0.0,1
145.8,1,2,5.48,0,15.6,-21.79,1.522,0.0,1.367,6.58,0.2236,23.891,1.890044862007428e-126,1
111.7,1,2,17.65,9,25.2,-21.12,5.025,0.0,1.462,6.51,0.2441,26.926,5.484730088116085e-160,1
24.4,0,1,16.48,5,-5.5,-19.6,4.245,1.862,1.633,7.08,0.2279,23.186,3.12044780610056e-119,1
111.7,1,2,13.39,6,-20.8,-20.64,6.612,0.0,1.211,7.52,0.2327,23.856,4.4226096044859936e-126,1
17.6,0,1,22.77,0,-3.9,-10.41,0.0,0.0,1.856,7.39,0.2228,187.352,0.0,1
21.7,0,1,2.58,0,32.6,-11.91,0.0,0.0,1.324,7.13,0.2207,144.531,0.0,1
23.4,0,1,3.74,0,-16.1,-12.86,0.0,0.0,1.234,6.61,0.2204,129.453,0.0,1
159.3,1,2,9.59,4,-18.6,-28.93,6.047,2.905,2.297,7.05,0.2335,11.477,8.646437199999812e-31,1
78.6,1,1,16.4,6,31.4,-35.4,6.682,0.0,1.402,7.33,0.2352,7.431,5.3721061733737794e-14,1
69.5,1,1,14.6,11,31.7,-34.03,9.89,0.0,1.139,6.71,0.2363,8.083,3.160475847244538e-16,1
126.5,1,2,1.85,1,-20.3,-20.28,1.986,0.0,1.209,6.13,0.2224,31.423,4.906440478169327e-217,1
28.9,0,1,23.96,7,20.0,-20.12,4.837,0.0,1.371,7.24,0.2207,19.169,3.328300011944625e-82,1
35.8,0,1,7.63,1,-2.1,-15.28,0.182,0.0,1.538,6.99,0.2254,56.318,0.0,1
22.2,0,1,8.97,0,2.0,-11.94,0.0,0.0,2.072,7.11,0.2321,107.099,0.0,1
36.0,0,1,15.59,3,2.4,-20.23,2.746,0.0,1.04,6.87,0.2372,21.379,1.0586075766410604e-101,1
76.0,1,1,23.63,14,32.9,-38.08,12.237,0.0,1.029,6.94,0.245,4.898,4.851669411874965e-07,0
108.6,1,1,16.57,12,-18.0,-46.96,12.331,0.0,1.114,7.57,0.2358,1.262,0.10355359352092858,0
56.4,0,1,23.87,5,20.2,-28.56,6.167,0.0,1.173,7.23,0.2305,2.868,0.0020665797320042127,0
76.0,1,1,4.69,0,-29.6,-26.04,0.344,0.0,1.164,6.87,0.2231,22.257,4.7858952673234236e-110,1
120.6,1,2,15.47,16,10.9,-25.34,11.923,0.0,1.816,6.71,0.22,16.72,4.721455431214913e-63,1
45.4,0,1,20.72,3,12.4,-24.56,3.204,0.0,1.274,8.34,0.241,9.429,2.0734786304425722e-21,1
78.8,1,1,12.73,3,19.0,-30.21,2.32,0.0,1.232,6.62,0.225,14.573,2.0903357039689095e-48,1
159.0,1,2,9.05,8,30.2,-28.12,7.901,0.0,1.821,6.92,0.2249,13.142,9.40667580895296e-40,1
46.3,0,1,24.62,6,19.0,-23.73,4.429,0.0,1.724,7.9,0.2231,8.133,2.0920036495264333e-16,1
192.4,1,2,3.52,1,17.6,-27.76,2.812,0.0,1.587,6.28,0.2246,12.286,5.360164949719372e-35,1
88.9,1,1,10.27,9,-13.5,-36.12,7.582,0.0,1.49,7.43,0.2229,6.266,1.857046767235188e-10,0
80.8,1,1,21.83,18,34.5,-41.3,13.173,0.0,1.458,7.47,0.2346,3.313,0.0004611583638373737,0
107.4,1,1,22.51,12,0.4,-47.44,11.815,0.0,1.385,6.56,0.2322,1.36,0.08685618473716944,0
14.9,0,1,24.51,2,-2.9,-12.34,2.572,0.0,1.032,7.41,0.2275,125.542,0.0,1
120.6,1,2,22.12,11,2.6,-27.43,13.774,0.0,1.277,7.94,0.2481,10.929,4.178529852062198e-28,1
39.5,0,1,1.27,0,-4.4,-16.75,0.0,0.0,1.198,6.15,0.2206,47.479,0.0,1
46.9,0,1,23.24,7,8.6,-30.88,9.658,0.0,1.305,6.42,0.231,1.818,0.0345406714581022,0
48.3,0,1,10.7,0,-7.3,-19.03,0.401,0.0,1.006,7.27,0.2334,21.521,4.933486777005082e-103,1
112.4,1,2,16.29,6,-14.4,-19.76,3.32,0.0,2.175,7.81,0.2305,25.956,7.84804394216085e-149,1
78.5,1,1,9.86,6,30.3,-33.07,5.792,0.0,1.324,6.72,0.2284,10.833,1.1948572836054738e-27,1
61.2,0,1,20.34,8,30.3,-33.51,8.899,0.0,1.519,7.03,0.2435,0.801,0.21166998361695544,0
85.7,1,1,14.4,8,2.3,-39.73,9.638,0.0,1.263,6.83,0.2276,4.462,4.050573854504011e-06,0
134.9,1,2,21.14,12,32.5,-28.05,12.679,0.0,1.235,7.63,0.2344,11.048,1.1157281682818023e-28,1
187.7,1,2,4.84,0,-3.0,-26.46,0.0,0.0,1.134,6.66,0.2224,14.878,2.3049033791489863e-50,1
108.6,1,1,4.62,0,-4.8,-34.4,2.174,0.0,1.129,6.72,0.2207,8.119,2.3531486417060997e-16,1
103.0,1,1,11.01,1,29.6,-37.22,2.566,0.0,1.574,7.17,0.2313,5.913,1.6779083504904163e-09,0
187.7,1,2,0.12,0,11.1,-25.27,0.0,0.0,1.095,6.95,0.2201,17.222,9.100586841518331e-67,1
56.4,0,1,17.32,10,19.6,-27.63,7.406,0.0,1.051,6.92,0.2214,2.762,0.0028735737541927095,0
169.8,1,2,7.4,14,-3.2,-30.94,9.391,0.0,1.239,7.31,0.2307,8.2,1.2046603982073504e-16,1
91.0,1,1,13.93,8,-3.5,-35.29,5.064,0.0,1.353,6.97,0.2294,7.232,2.3744297401510466e-13,1
142.3,1,2,1.75,1,-24.6,-20.5,0.288,0.0,1.149,6.11,0.2205,30.233,4.310061693229415e-201,1
10.3,0,1,4.27,0,32.8,-8.56,0.0,0.0,1.049,6.22,0.2223,293.419,0.0,1
52.3,0,1,15.57,2,-15.2,-24.13,3.106,0.0,1.167,7.76,0.2375,6.983,1.4398369170977143e-12,1
95.8,1,1,7.64,1,2.1,-32.11,1.14,0.0,1.243,6.71,0.2231,11.044,1.1684394934841981e-28,1
67.3,1,1,5.37,1,-22.6,-23.26,0.425,0.0,1.464,6.85,0.2207,27.821,1.2064921757815525e-170,1
86.6,1,1,5.72,2,12.1,-29.98,2.542,0.0,1.045,6.7,0.2285,14.463,1.0428000628008805e-47,1
7.1,0,1,5.37,0,-4.6,-7.67,0.0,0.0,1.371,7.38,0.2251,320.492,0.0,1
158.6,1,2,15.57,6,19.9,-26.17,4.204,0.0,1.903,6.85,0.2316,16.007,5.7169105493291326e-58,1
65.1,1,1,4.19,0,4.3,-27.32,2.678,0.0,2.52,6.7,0.2249,19.642,3.409964346458906e-86,1
16.3,0,1,9.07,1,-21.6,-11.33,0.557,0.0,1.14,6.34,0.2245,172.425,0.0,1
57.0,0,1,17.2,3,-29.3,-25.17,2.439,0.0,1.122,7.36,0.237,5.767,4.0437723987464995e-09,0
12.3,0,1,12.84,0,-16.2,-11.1,0.444,0.0,1.737,6.8,0.221,173.078,0.0,1
81.4,1,1,14.93,1,17.1,-28.76,0.946,0.0,1.094,6.59,0.2265,16.196,2.6775525000348896e-59,1
34.9,0,1,6.27,2,23.9,-17.06,0.811,0.0,1.465,6.73,0.2204,42.949,0.0,1
50.5,0,1,23.32,9,-7.8,-27.1,6.241,0.0,1.735,7.28,0.2277,4.612,1.9913172916660945e-06,0
135.5,1,2,10.35,6,4.8,-25.39,6.736,0.0,1.261,6.8,0.233,17.363,7.91748094409314e-68,1
69.2,1,1,7.17,3,-14.4,-27.67,3.454,0.0,1.105,7.25,0.2243,17.458,1.5060641818792148e-68,1
49.7,0,1,22.61,1,27.2,-21.81,1.874,0.0,1.326,7.23,0.2229,13.264,1.8841121992671187e-40,1
71.8,1,1,16.38,6,32.7,-30.42,2.853,0.0,1.125,7.13,0.244,13.16,7.434057203292429e-40,1
22.2,0,1,15.35,0,18.9,-13.46,1.05,0.0,1.146,7.05,0.2302,89.789,0.0,1
16.3,0,1,22.17,3,-24.2,-14.66,2.121,0.0,1.664,6.87,0.2266,79.588,0.0,1
10.3,0,1,1.46,0,-1.6,-7.89,0.0,0.0,1.118,6.37,0.2208,316.893,0.0,1
12.1,0,1,20.94,1,34.4,-10.07,0.789,0.0,1.078,6.84,0.2213,204.772,0.0,1
17.9,0,1,16.95,0,-15.1,-12.61,0.564,0.854,1.033,6.3,0.2308,117.874,0.0,1
10.5,0,1,9.0,0,13.6,-8.69,0.0,0.0,1.382,6.64,0.2249,276.469,0.0,1
112.3,1,2,6.41,1,31.0,-18.64,2.173,0.0,1.302,6.46,0.2288,35.824,2.330066422139712e-281,1
26.6,0,1,2.62,0,20.3,-13.9,0.0,0.0,1.118,6.77,0.2225,100.761,0.0,1
96.0,1,1,23.53,11,9.6,-41.95,9.546,0.0,1.144,8.45,0.2422,2.607,0.004561721427950226,0
46.6,0,1,3.55,0,2.9,-19.19,0.0,0.0,1.272,6.23,0.225,27.496,9.668585199749524e-167,1
134.9,1,2,6.49,9,30.4,-21.99,6.398,0.0,1.854,7.13,0.2214,20.48,1.6222772367792412e-93,1
11.2,0,1,17.28,0,-4.3,-8.64,0.0,0.0,1.128,7.79,0.2338,289.919,0.0,1
145.8,1,2,17.75,9,28.6,-29.22,10.463,0.0,1.229,7.92,0.2372,9.675,1.9214127667614925e-22,1
104.5,1,1,4.02,1,-2.0,-33.46,0.915,0.0,1.062,6.87,0.2229,8.963,1.5756802353817017e-19,1
64.6,0,1,20.35,1,19.2,-26.1,2.543,0.0,1.367,7.6,0.2259,4.449,4.304055462387219e-06,0
124.7,1,2,12.76,1,29.5,-18.75,1.302,0.0,1.122,7.09,0.2251,30.558,2.2037359164912875e-205,1
95.8,1,1,21.21,4,5.8,-36.74,3.97,0.0,1.599,6.96,0.2205,5.904,1.7740469416251695e-09,0
75.4,1,1,2.18,0,-9.9,-25.7,0.798,0.0,1.333,6.45,0.221,23.233,1.0651454714547959e-119,1
27.5,0,1,1.07,0,-26.7,-13.79,0.0,0.0,1.543,6.87,0.2214,92.026,0.0,1
97.4,1,1,15.92,6,22.6,-38.59,4.679,0.0,1.491,6.73,0.2401,5.103,1.6721991344721623e-07,0
116.9,1,2,3.75,1,10.4,-18.72,0.629,0.0,1.043,6.2,0.2239,33.46,9.29165517555329e-246,1
74.0,1,1,13.12,6,-12.9,-31.23,5.823,0.0,1.003,7.39,0.2389,10.61,1.3366592521403063e-26,1
29.1,0,1,0.35,0,27.0,-13.08,0.0,0.0,1.113,6.54,0.2205,101.219,0.0,1
45.5,0,1,19.5,5,29.8,-24.54,5.407,0.0,1.925,7.78,0.228,6.53,3.282445228096149e-11,0
79.5,1,1,22.49,10,27.7,-42.3,12.73,0.0,1.301,7.56,0.242,2.816,0.0024279739478150052,0
123.5,1,2,20.97,14,9.1,-27.08,13.521,0.0,1.182,7.85,0.2433,11.877,7.794000035587545e-33,1
61.9,0,1,23.96,12,33.5,-34.61,11.602,0.0,1.529,8.05,0.2218,0.81,0.20884426359234143,0
23.5,0,1,22.58,6,26.9,-18.7,3.474,0.0,1.439,6.56,0.2372,29.591,9.665042876680572e-193,1
88.9,1,1,11.1,8,-23.2,-43.4,8.293,4.844,1.563,6.89,0.2333,2.868,0.002067422206129388,0
75.4,1,1,9.96,4,33.8,-28.66,3.454,0.0,1.54,6.84,0.227,14.157,8.512403428822677e-46,1
136.4,1,2,22.4,14,5.7,-29.69,11.207,0.0,1.413,8.56,0.234,8.7,1.6547644502454517e-18,1
36.0,0,1,23.17,4,29.8,-21.83,3.126,0.0,1.582,6.77,0.2391,15.085,1.0144935524767388e-51,1
81.4,1,1,24.32,16,19.4,-42.05,13.029,0.0,1.329,7.2,0.2239,2.781,0.00271041798253977,0
75.4,1,1,19.21,16,12.1,-35.78,10.692,0.0,1.02,6.56,0.2221,6.787,5.719381348107482e-12,1
47.0,0,1,5.05,0,-8.8,-19.46,0.499,0.0,1.055,6.27,0.2203,26.672,5.034933403302092e-157,1
34.5,0,1,23.62,5,-28.2,-24.6,3.318,4.595,1.067,8.05,0.2352,8.418,1.9147598039939675e-17,1
96.4,1,1,23.68,18,-12.0,-49.73,14.775,1.557,1.755,7.4,0.2366,0.901,0.18366925592391292,0
7.1,0,1,16.65,0,14.6,-8.02,0.532,0.0,1.545,6.99,0.2436,288.814,0.0,1
152.8,1,2,21.43,19,26.1,-36.54,25.355,0.0,1.038,7.73,0.2493,3.221,0.0006396868565945592,0
45.0,0,1,14.03,5,-29.8,-25.02,6.359,0.0,1.131,6.7,0.2286,6.533,3.2316837300066534e-11,0
27.5,0,1,23.6,4,-16.5,-19.61,5.041,0.0,1.079,7.07,0.2547,23.801,1.646679412859779e-125,1
24.4,0,1,2.35,0,13.7,-12.41,0.0,0.0,1.376,6.88,0.2206,117.835,0.0,1
70.1,1,1,21.6,13,-11.6,-36.89,14.151,0.0,1.105,7.41,0.2279,5.11,1.6150222823439746e-07,0
78.5,1,1,1.39,1,-20.8,-25.05,1.124,0.0,1.065,6.26,0.2215,23.379,3.46390971025624e-121,1
12.5,0,1,8.48,0,-24.7,-9.68,0.0,0.0,1.048,7.18,0.2252,224.57,0.0,1
60.4,0,1,3.38,0,11.5,-21.77,0.0,0.0,1.576,6.66,0.2227,11.536,4.323440028142759e-31,1
159.0,1,2,11.98,4,8.7,-26.47,4.68,0.0,1.007,6.65,0.2201,14.487,7.327685424143749e-48,1
10.3,0,1,5.81,0,25.8,-9.09,0.0,0.0,1.081,6.52,0.2259,270.122,0.0,1
69.5,1,1,23.8,5,-9.5,-30.93,5.348,0.0,1.257,7.68,0.23,11.863,9.232118586754338e-33,1
90.5,1,1,13.98,8,-21.1,-36.97,6.431,1.021,1.11,7.84,0.2269,5.651,7.990270296218459e-09,0
91.0,1,1,22.44,14,21.9,-47.51,15.042,0.0,1.744,8.15,0.2507,1.13,0.1292514888616133,0
6.0,0,1,6.95,0,34.2,-9.39,0.0,0.0,1.661,7.14,0.2292,284.685,0.0,1
21.5,0,1,0.65,0,-6.6,-15.07,0.0,3.066,2.004,6.6,0.2205,61.272,0.0,1
52.0,0,1,19.39,6,26.2,-25.4,5.593,0.0,1.255,8.12,0.231,4.781,8.721473207879393e-07,0
43.9,0,1,17.56,3,19.6,-24.34,4.051,0.0,1.229,6.98,0.2408,8.34,3.7078798634569414e-17,1
74.0,1,1,13.64,4,29.3,-32.52,6.767,0.0,1.038,7.33,0.2349,9.373,3.523460168133462e-21,1
146.9,1,2,20.38,15,-2.4,-28.59,11.743,0.0,1.672,8.3,0.2243,9.426,2.1241432824413213e-21,1
126.5,1,2,21.0,12,-23.4,-27.37,13.877,0.0,1.386,8.56,0.2331,11.068,8.924094394499746e-29,1
52.3,0,1,14.7,10,-22.3,-28.8,7.998,0.0,1.189,6.85,0.2314,2.278,0.011366954337179422,0
26.3,0,1,24.15,2,19.6,-16.3,1.927,0.0,1.046,8.77,0.2371,58.639,0.0,1
22.2,0,1,17.99,3,26.1,-15.89,3.377,0.0,1.358,7.24,0.2228,58.14,0.0,1
101.9,1,1,16.92,14,-0.3,-51.5,16.604,0.0,1.018,8.08,0.236,0.627,0.2652776385839187,0
15.0,0,1,9.04,0,-26.1,-11.45,0.396,0.0,1.195,6.67,0.2292,161.271,0.0,1
112.3,1,2,0.06,1,-25.7,-17.28,0.537,0.0,1.075,6.22,0.2206,38.701,0.0,1
60.0,0,1,6.02,2,8.9,-24.03,1.41,0.0,1.71,6.75,0.2255,7.647,1.0302262990921799e-14,1
69.2,1,1,19.1,10,29.7,-32.66,8.482,0.0,1.4,6.99,0.2213,9.728,1.1449088206241805e-22,1
68.3,1,1,17.75,0,-4.0,-25.48,1.41,0.0,1.068,6.95,0.2266,19.967,5.3129700771053236e-89,1
74.0,1,1,8.28,1,12.3,-27.29,1.746,0.0,1.779,6.67,0.2266,19.148,5.007048484439849e-82,1
34.5,0,1,15.64,2,5.2,-17.31,1.638,0.0,1.07,7.7,0.2297,41.38,0.0,1
159.0,1,2,4.88,8,27.8,-26.55,5.45,0.0,1.188,6.38,0.2245,15.359,1.5385546218529648e-53,1
83.2,1,1,6.59,6,24.1,-31.47,3.717,0.0,1.008,7.23,0.2207,11.219,1.6420457712544527e-29,1
71.4,1,1,23.69,2,-17.0,-28.57,2.965,0.0,1.175,7.93,0.2313,14.322,8.012519319979621e-47,1
35.8,0,1,10.33,0,14.0,-16.05,0.846,0.0,1.133,6.31,0.2234,53.72,0.0,1
43.9,0,1,6.12,0,25.1,-18.16,0.0,0.0,1.296,7.29,0.2254,34.016,6.443477698787511e-254,1
126.5,1,2,12.18,11,30.5,-23.97,9.573,0.0,1.096,7.24,0.2223,17.48,1.0159507973173833e-68,1
46.3,0,1,9.68,2,8.3,-20.88,1.282,0.0,1.806,7.24,0.2249,16.8,1.2132330490719572e-63,1
34.5,0,1,18.24,3,-18.6,-19.06,2.767,0.575,1.024,7.77,0.2436,24.493,8.80719641698426e-133,1
80.8,1,1,24.05,10,6.3,-37.39,8.193,0.0,1.246,7.58,0.2455,5.143,1.3549596022191305e-07,0
61.9,0,1,14.79,5,13.3,-28.11,4.422,0.0,1.077,7.71,0.2299,3.174,0.0007522161264073479,0
104.5,1,1,14.78,6,-12.3,-40.1,5.916,0.53,1.03,7.02,0.2314,3.671,0.00012071617629885399,0
177.2,1,2,9.12,4,33.2,-26.58,2.466,0.0,1.339,7.43,0.2202,13.227,3.0661145156509636e-40,1
131.1,1,2,14.12,9,-15.1,-28.11,11.244,2.907,1.029,6.63,0.2375,13.501,7.702791508495116e-42,1
46.3,0,1,7.98,2,29.2,-21.38,2.549,0.0,1.367,6.38,0.2238,15.519,1.2911404242107356e-54,1
10.5,0,1,0.03,0,-2.4,-9.33,0.0,0.0,1.6,6.94,0.2201,243.228,0.0,1
10.3,0,1,21.65,1,-30.0,-11.72,0.71,0.0,1.743,6.96,0.231,144.981,0.0,1
36.0,0,1,10.74,0,5.3,-15.56,0.547,0.0,1.416,6.27,0.2232,53.314,0.0,1
135.2,1,2,12.3,5,10.8,-23.26,4.118,0.0,1.158,7.11,0.2351,20.564,2.8724940532019955e-94,1
23.5,0,1,2.09,1,26.5,-12.12,0.109,0.0,1.569,6.24,0.2202,137.211,0.0,1
35.8,0,1,20.93,4,5.1,-19.51,2.806,0.0,1.424,6.62,0.2349,26.18,2.22816459203665e-151,1
90.9,1,1,4.26,2,-23.9,-31.44,1.427,0.0,1.243,6.97,0.2247,11.914,4.996735787298005e-33,1
38.4,0,1,10.27,1,30.2,-18.28,1.809,0.0,1.345,6.86,0.2208,31.36,3.608145228538679e-216,1
119.5,1,2,21.01,17,6.7,-24.52,10.912,0.0,1.072,8.16,0.2365,15.18,2.386975154170132e-52,1
69.2,1,1,11.44,4,-12.4,-27.79,3.719,0.0,1.365,6.98,0.2272,17.787,4.417192104554445e-71,1
12.3,0,1,23.28,0,28.4,-10.65,0.0,0.0,2.007,8.29,0.2453,209.343,0.0,1
32.8,0,1,5.23,2,-22.1,-16.55,2.592,0.0,1.194,7.12,0.2274,43.091,0.0,1
98.6,1,1,17.88,17,-23.7,-47.06,12.552,4.35,1.588,7.16,0.2214,1.289,0.09866083868729636,0
57.0,0,1,24.45,2,4.8,-27.83,4.937,0.0,1.533,8.38,0.2298,4.207,1.2931361058647116e-05,0
158.6,1,2,13.74,8,10.6,-27.42,8.135,0.0,1.096,6.31,0.2334,13.407,2.75448371267522e-41,1
59.1,0,1,17.3,5,3.2,-28.31,4.335,0.0,1.085,6.87,0.2448,2.879,0.0019924782819275904,0
23.5,0,1,9.83,0,30.4,-12.55,0.0,0.0,1.128,6.69,0.234,116.05,0.0,1
169.8,1,2,18.78,4,-12.9,-30.52,4.257,0.0,1.406,7.94,0.2483,8.074,3.403822798445583e-16,1
43.9,0,1,22.72,4,34.4,-23.0,2.701,0.0,1.328,7.93,0.249,9.967,1.0644412322265698e-23,1
11.4,0,1,17.58,0,-28.7,-12.24,1.709,0.665,1.093,7.68,0.2237,135.92,0.0,1
5.4,0,1,23.4,3,-22.3,-11.7,2.118,0.0,1.359,6.3,0.2489,142.787,0.0,1
96.0,1,1,14.72,1,-17.9,-36.74,1.067,4.356,1.083,6.77,0.224,6.474,4.783116428987744e-11,0
36.0,0,1,14.43,3,-24.8,-17.85,2.03,0.0,1.257,6.5,0.2315,35.724,8.305928390284568e-280,1
111.7,1,2,7.62,1,-1.5,-18.26,1.316,0.0,1.317,7.41,0.2266,33.659,1.153598009824627e-248,1
71.4,1,1,17.74,7,26.2,-36.13,7.205,0.0,2.794,7.59,0.2367,6.689,1.1209493392964825e-11,0
177.2,1,2,22.05,9,23.3,-31.68,8.854,0.0,1.126,8.27,0.2241,6.563,2.631862906475813e-11,0
131.8,1,2,16.16,7,18.4,-26.34,12.698,0.0,1.173,6.27,0.2385,14.623,1.0040479873763544e-48,1
83.5,1,1,5.83,1,-29.5,-30.24,4.036,0.0,1.003,6.81,0.2212,12.915,1.856316957405279e-38,1
56.4,0,1,13.6,1,26.3,-22.69,0.58,0.0,1.435,7.41,0.2395,10.93,4.147322541776199e-28,1
78.8,1,1,18.9,2,-4.2,-29.13,3.111,0.0,1.102,6.89,0.2347,15.057,1.557511568399218e-51,1
59.1,0,1,23.48,16,17.6,-34.78,10.096,0.0,1.96,7.0,0.2315,0.8,0.2119139582617927,0
102.0,1,1,3.91,4,17.2,-34.97,2.982,0.0,1.077,6.85,0.2212,8.155,1.74834318357908e-16,1
14.1,0,1,3.19,0,-18.5,-13.14,0.0,2.122,1.2,7.0,0.2248,130.693,0.0,1
52.0,0,1,10.32,2,3.5,-22.06,2.011,0.0,1.029,6.42,0.2311,13.814,1.0490516553655083e-43,1
125.8,1,2,3.14,4,30.2,-19.78,2.444,0.0,1.024,7.05,0.2226,29.921,5.320486694133525e-197,1
152.9,1,2,24.51,29,-12.9,-41.37,30.377,2.229,1.234,6.68,0.2468,2.28,0.011289192726930696,0
134.9,1,2,10.61,15,16.5,-28.32,15.138,0.0,1.67,7.61,0.2338,10.162,1.4582069250558236e-24,1
102.0,1,1,13.34,9,32.3,-41.68,8.271,0.0,1.862,7.03,0.2294,3.577,0.00017409187798447616,0
115.3,1,2,5.68,2,-6.6,-22.51,2.311,1.813,1.261,7.06,0.2283,26.989,9.850736614920851e-161,1
96.4,1,1,11.23,1,-4.8,-32.49,1.044,0.0,1.323,7.62,0.224,9.637,2.797958999316845e-22,1
30.1,0,1,24.62,3,-0.6,-21.77,3.795,0.0,1.704,7.98,0.2489,14.954,7.296828646416717e-51,1
34.5,0,1,12.22,1,22.6,-17.74,0.586,0.0,1.554,6.98,0.2316,42.68,0.0,1
34.9,0,1,0.22,0,-1.4,-15.89,0.0,0.0,1.589,6.82,0.2204,62.297,0.0,1
63.5,0,1,6.06,1,1.6,-23.12,0.21,0.0,1.777,6.56,0.2278,7.883,1.597964606180227e-15,1
46.1,0,1,24.46,7,-15.5,-33.65,7.428,4.769,1.444,7.19,0.2566,0.854,0.1965730386898356,0
36.9,0,1,24.73,7,34.2,-24.92,8.171,0.0,1.207,6.94,0.2457,6.311,1.3865587564536737e-10,0
14.9,0,1,5.26,0,28.0,-10.59,0.0,0.0,1.535,6.85,0.2245,193.224,0.0,1
75.5,1,1,15.38,3,9.0,-29.62,3.673,0.0,1.202,7.06,0.2303,14.586,1.7349460719859965e-48,1
12.1,0,1,1.92,1,32.4,-10.27,0.684,0.0,1.902,6.14,0.2212,191.502,0.0,1
124.7,1,2,14.44,10,14.7,-24.43,10.708,0.0,1.123,7.8,0.2355,16.653,1.4370622417264754e-62,1
135.8,1,2,3.15,3,32.3,-20.76,3.384,0.0,1.044,7.13,0.2207,23.816,1.1392156095536176e-125,1
21.7,0,1,20.47,3,-19.5,-17.59,2.95,1.592,1.849,7.77,0.2287,36.836,2.4607240675776175e-297,1
181.8,1,2,23.49,21,-15.3,-37.13,15.412,3.327,1.092,7.0,0.2357,3.848,5.9438296860641086e-05,0
169.8,1,2,4.32,3,27.5,-25.68,2.567,0.0,1.461,6.71,0.2255,14.905,1.5353919285821841e-50,1
101.2,1,1,11.57,5,-2.7,-36.84,4.587,0.0,1.16,6.95,0.2204,6.02,8.709581237159946e-10,0
79.5,1,1,2.55,0,-5.9,-25.24,0.0,0.0,1.051,6.61,0.2208,25.308,1.311311829879971e-141,1
147.0,1,2,8.48,8,19.0,-24.11,5.225,0.0,1.018,7.28,0.2309,18.112,1.2906721474964025e-73,1
76.8,1,1,1.63,1,11.0,-27.63,1.89,0.0,1.073,6.52,0.2212,18.911,4.589437506438446e-80,1
75.4,1,1,6.61,0,-7.6,-28.77,2.015,0.0,1.011,6.95,0.2242,18.048,4.054392926938147e-73,1
124.7,1,2,24.76,11,-4.1,-24.81,11.337,0.0,1.621,7.26,0.2215,14.552,2.850182252303783e-48,1
23.4,0,1,1.12,0,-3.5,-12.69,0.0,0.0,1.308,6.16,0.221,128.555,0.0,1
43.9,0,1,21.47,4,-21.8,-21.79,3.587,0.0,1.124,7.19,0.242,11.395,2.2163974943435535e-30,1
169.8,1,2,1.94,3,-15.1,-25.26,2.582,0.929,1.281,6.81,0.2207,15.321,2.7629226596473378e-53,1
88.9,1,1,13.22,9,4.9,-36.31,6.224,0.0,1.279,6.25,0.2331,6.862,3.403671465046527e-12,1
187.7,1,2,11.3,21,20.8,-34.46,14.413,0.0,1.362,7.07,0.2362,5.174,1.1470841316173506e-07,0
177.2,1,2,23.29,33,-2.8,-41.04,25.724,0.0,1.279,6.93,0.2392,2.491,0.006363683172686883,0
26.3,0,1,4.98,0,-5.1,-17.81,0.606,3.885,1.934,6.91,0.2218,30.368,7.363620524137251e-203,1
83.2,1,1,4.49,4,12.3,-31.11,3.276,0.0,1.248,6.45,0.2252,13.597,2.0877645201527293e-42,1
45.5,0,1,18.72,13,-19.8,-27.86,8.884,0.0,1.077,7.04,0.2246,3.088,0.0010059264187972775,0
14.9,0,1,18.14,0,-5.3,-11.71,0.0,0.883,1.017,7.5,0.2255,144.531,0.0,1
42.6,0,1,17.48,0,-16.5,-20.87,1.267,0.0,1.409,7.77,0.2398,22.065,3.464528586692293e-108,1
68.5,1,1,0.65,0,12.4,-23.26,0.0,0.0,1.072,6.05,0.2209,32.784,4.913869423003667e-236,1
70.1,1,1,6.5,3,-22.7,-27.22,2.753,0.0,1.172,7.04,0.2235,19.69,1.3137332583698491e-86,1
26.3,0,1,21.0,0,-0.9,-14.69,0.565,0.0,1.37,7.49,0.2374,87.386,0.0,1
7.1,0,1,15.02,0,8.8,-8.0,0.0,0.0,1.083,6.81,0.2327,374.87,0.0,1
115.3,1,2,15.05,7,24.2,-22.02,6.667,0.0,1.12,6.8,0.2367,23.437,8.953277405295108e-122,1
85.7,1,1,7.4,1,17.1,-29.02,2.512,0.0,1.052,6.89,0.2219,14.737,1.8592123515775273e-49,1
57.0,0,1,6.5,2,31.3,-23.63,1.3,0.0,2.386,6.54,0.2208,8.215,1.0625175204488831e-16,1
136.4,1,2,23.66,4,14.2,-22.15,2.445,0.0,1.048,6.71,0.246,21.662,2.355198528381613e-104,1
6.0,0,1,18.19,1,-7.3,-10.67,0.861,0.0,1.169,7.52,0.246,205.65,0.0,1
21.7,0,1,3.17,1,-14.9,-11.83,0.433,0.0,1.163,6.87,0.2248,136.97,0.0,1
135.5,1,2,23.44,2,-26.3,-27.15,7.315,1.654,1.871,6.79,0.2495,12.85,4.2803212082919643e-38,1
126.5,1,2,14.56,2,-12.0,-20.93,1.042,0.0,1.213,6.36,0.2404,28.629,1.4766568126303761e-180,1
32.9,0,1,8.33,1,-21.1,-14.74,1.259,0.0,1.141,6.9,0.2234,59.234,0.0,1
56.9,0,1,9.93,2,-6.0,-27.43,2.472,4.67,1.177,6.36,0.2205,3.101,0.0009650609185232656,0
9.4,0,1,18.14,3,15.7,-11.28,1.8,0.0,1.003,7.02,0.2249,179.892,0.0,1
120.6,1,2,9.41,5,15.0,-21.5,7.223,0.0,1.019,7.41,0.2286,21.726,5.789224619904838e-105,1
5.9,0,1,14.47,1,-9.3,-10.6,0.337,2.18,1.035,7.37,0.2316,217.315,0.0,1
88.9,1,1,17.76,2,3.1,-34.49,2.779,0.0,1.386,7.01,0.2457,7.95,9.346231420083813e-16,1
97.4,1,1,4.88,3,-15.9,-33.05,2.616,0.0,1.235,6.3,0.2211,10.036,5.2988464242991694e-24,1
14.9,0,1,23.61,0,2.7,-10.07,0.0,0.0,1.288,8.05,0.2276,211.158,0.0,1
56.0,0,1,8.9,1,3.2,-21.41,0.856,0.0,2.205,6.38,0.2202,11.679,8.11392064542728e-32,1
23.5,0,1,10.48,3,-10.4,-14.45,2.39,0.0,1.344,6.45,0.2241,59.639,0.0,1
13.1,0,1,17.46,0,-13.1,-9.47,0.0,0.0,1.202,8.05,0.2308,218.362,0.0,1
141.4,1,2,15.22,13,33.7,-26.77,9.229,0.0,1.403,7.39,0.2284,13.934,1.979025178119555e-44,1
19.5,0,1,11.0,0,4.9,-11.74,0.513,0.0,1.064,7.16,0.2208,128.51,0.0,1
11.4,0,1,16.24,0,6.5,-10.82,0.0,0.0,1.488,7.77,0.2341,172.106,0.0,1
60.0,0,1,22.57,3,-29.5,-30.21,1.656,3.243,1.983,7.61,0.23,1.979,0.02391967376544863,0
57.0,0,1,20.01,10,-18.2,-33.31,7.826,3.669,1.292,6.92,0.2221,0.762,0.22310606371247288,0
169.2,1,2,20.61,10,-6.8,-29.13,7.644,0.0,1.494,7.25,0.2325,10.557,2.3485510768801908e-26,1
59.1,0,1,6.46,3,32.8,-23.64,2.893,0.0,1.128,7.02,0.229,6.636,1.6076485146039362e-11,0
45.5,0,1,10.49,5,-18.6,-25.0,5.92,0.0,1.049,7.19,0.2348,6.594,2.1403489238683437e-11,0
30.1,0,1,13.85,3,-10.3,-20.7,2.068,4.54,1.353,6.62,0.2245,14.123,1.3790109134812223e-45,1
96.0,1,1,1.1,0,34.4,-29.07,0.0,0.0,1.404,6.36,0.2203,16.643,1.7007327662620233e-62,1
79.5,1,1,19.24,8,1.3,-35.52,6.879,0.0,1.187,6.17,0.239,7.769,3.9632480414268074e-15,1
123.5,1,2,8.09,10,-9.3,-26.22,12.281,0.0,1.339,7.2,0.231,15.651,1.6451293912016048e-55,1
123.5,1,2,7.06,2,11.2,-19.51,1.19,0.0,1.057,7.33,0.2257,29.706,3.195294326840618e-194,1
107.4,1,1,6.48,3,2.3,-35.32,1.739,0.0,1.72,6.42,0.2257,7.48,3.728115629566909e-14,1
36.9,0,1,7.08,3,32.2,-18.55,1.772,0.0,1.143,6.54,0.2264,33.725,1.2518012198660686e-249,1
17.6,0,1,8.45,0,-24.6,-12.16,0.0,0.881,1.325,6.92,0.2288,139.105,0.0,1
57.0,0,1,15.12,1,21.4,-23.04,0.666,0.0,1.14,7.42,0.2406,7.484,3.599378740041351e-14,1
102.0,1,1,14.59,14,-11.9,-42.47,10.145,0.0,1.137,6.41,0.2344,3.294,0.0004940346645746054,0
32.9,0,1,6.39,0,22.4,-14.51,0.557,0.0,1.126,6.28,0.2212,68.68,0.0,1
30.6,0,1,5.16,1,25.1,-16.36,0.688,0.0,1.043,7.13,0.2271,67.037,0.0,1
12.0,0,1,20.66,0,25.2,-9.23,0.0,0.0,1.064,7.51,0.2327,241.196,0.0,1
34.9,0,1,2.32,3,26.3,-15.58,1.369,0.0,1.144,6.61,0.22,50.78,0.0,1
65.1,1,1,12.82,4,16.7,-27.66,3.101,0.0,1.981,6.93,0.2316,19.303,2.555347649877398e-83,1
80.8,1,1,13.01,3,-20.7,-32.11,3.747,0.0,1.2,7.11,0.2375,9.301,6.96021693076006e-21,1
24.4,0,1,14.35,4,-26.6,-18.73,3.805,0.0,1.681,6.64,0.2343,34.697,4.43211231109637e-264,1
19.5,0,1,22.14,0,-7.9,-13.61,0.0,0.0,1.347,8.1,0.2209,115.607,0.0,1
152.9,1,2,15.6,3,2.2,-28.08,9.393,0.0,1.694,6.78,0.2323,10.873,7.755392727918202e-28,1
46.9,0,1,24.34,6,-10.3,-28.46,4.002,4.899,1.387,6.32,0.2481,2.904,0.0018398376637054955,0
78.5,1,1,21.78,3,18.2,-31.15,3.504,0.0,2.05,7.13,0.2342,10.336,2.430634625758189e-25,1
17.9,0,1,5.37,0,17.0,-10.05,0.0,0.0,1.33,7.23,0.2218,180.204,0.0,1
79.8,1,1,6.03,1,33.2,-28.01,0.72,0.0,1.198,6.58,0.2286,18.046,4.224706099780522e-73,1
16.5,0,1,8.62,1,-4.0,-12.54,1.17,0.0,1.081,6.5,0.2208,127.239,0.0,1
56.6,0,1,9.79,1,21.1,-22.68,0.874,0.0,1.371,6.8,0.2207,11.903,5.731676515743045e-33,1
56.0,0,1,13.82,5,18.2,-25.91,4.355,0.0,1.31,6.67,0.2332,5.096,1.73707967919344e-07,0
142.3,1,2,5.81,1,34.3,-23.47,2.176,0.0,1.49,6.12,0.2227,23.794,1.9246055070222872e-125,1
88.9,1,1,5.56,2,20.3,-31.33,2.302,0.0,1.291,7.03,0.2276,11.176,2.680252004962534e-29,1
78.8,1,1,9.53,5,-11.6,-36.83,4.767,4.97,1.582,6.84,0.2318,6.325,1.2669517706170655e-10,0
100.3,1,1,16.8,5,-29.0,-36.59,2.627,1.845,1.434,7.56,0.2327,5.486,2.059583863023872e-08,0
34.5,0,1,17.2,2,32.9,-15.85,1.23,0.0,1.171,8.21,0.2322,47.752,0.0,1
171.3,1,2,24.4,14,16.5,-34.38,13.33,0.0,1.031,7.05,0.2498,5.594,1.1113754403997794e-08,0
81.4,1,1,5.06,0,22.8,-26.64,0.932,0.0,1.031,6.76,0.2258,19.329,1.5260332257990848e-83,1
87.1,1,1,9.82,1,21.6,-31.59,2.558,0.0,1.333,6.68,0.2293,12.015,1.486854895571985e-33,1
126.5,1,2,24.12,7,17.8,-23.75,6.518,0.0,1.025,7.06,0.2447,18.189,3.146703352756244e-74,1
27.5,0,1,17.25,1,18.8,-15.62,1.414,0.0,1.21,7.37,0.2432,53.632,0.0,1
152.8,1,2,14.81,12,30.4,-28.8,11.498,0.0,1.508,6.69,0.222,12.494,4.038776635341637e-36,1
147.0,1,2,13.49,6,29.4,-25.09,3.952,0.0,1.602,6.83,0.2241,17.004,3.834328370442262e-65,1
17.9,0,1,1.89,0,-5.4,-14.1,0.0,3.386,1.144,6.59,0.221,93.052,0.0,1
113.2,1,2,22.33,3,-28.0,-23.03,2.664,2.677,1.285,6.79,0.2329,22.971,4.497628094979123e-117,1
97.4,1,1,15.64,8,-27.5,-43.26,6.453,4.293,1.738,7.15,0.2235,2.473,0.006690166784851458,0
56.0,0,1,14.29,2,-1.0,-23.87,3.0,0.0,1.044,6.38,0.234,8.175,1.4740131458540446e-16,1
68.3,1,1,13.49,1,24.3,-25.65,2.372,0.0,1.003,6.95,0.2284,21.146,1.5111915079907721e-99,1
158.6,1,2,9.8,16,25.1,-31.2,12.271,0.0,1.472,7.44,0.2236,8.596,4.115455657869911e-18,1
80.8,1,1,6.37,6,-3.7,-30.55,2.63,0.0,2.005,7.1,0.2283,12.075,7.126559260250012e-34,1
24.4,0,1,18.88,1,-10.4,-18.75,1.23,4.262,1.253,7.51,0.2354,29.154,3.6994079572568385e-187,1
34.5,0,1,12.74,0,2.9,-17.43,0.0,0.0,2.26,7.46,0.2261,38.352,0.0,1
136.4,1,2,0.85,1,24.1,-19.9,0.365,0.0,1.273,6.4,0.2211,29.372,6.282465345290854e-190,1
126.5,1,2,9.98,6,11.4,-22.49,5.111,0.0,1.059,6.59,0.2271,23.412,1.6307276660048203e-121,1
45.4,0,1,23.22,6,-20.9,-25.1,4.769,0.0,1.017,7.71,0.235,7.297,1.4721015944189033e-13,1
67.3,1,1,9.35,3,-6.5,-33.4,3.315,4.363,1.14,6.56,0.2302,10.409,1.1312945776226013e-25,1
100.3,1,1,10.33,5,6.1,-36.01,4.463,0.0,1.068,6.68,0.2345,6.911,2.4032391102867644e-12,1
136.4,1,2,15.6,16,5.0,-31.55,18.336,0.0,1.162,7.72,0.2368,7.698,6.935537957630745e-15,1
23.5,0,1,20.04,3,24.0,-17.81,3.579,0.0,2.232,6.33,0.2475,35.804,4.8539899807690543e-281,1
10.6,0,1,16.71,1,30.6,-10.19,0.645,0.0,1.183,7.23,0.2449,236.956,0.0,1
108.9,1,1,21.25,14,-23.5,-50.24,11.589,1.111,1.442,6.77,0.2472,0.974,0.16507142977573663,0
91.0,1,1,2.85,3,-15.4,-31.96,1.975,0.0,1.263,6.08,0.2233,12.388,1.5198575558598707e-35,1
12.3,0,1,23.11,1,-4.5,-10.74,0.78,0.0,1.043,7.31,0.237,190.501,0.0,1
15.0,0,1,22.6,1,-10.7,-15.59,2.874,0.0,1.991,8.33,0.2332,73.626,0.0,1
169.8,1,2,12.98,4,-3.5,-28.49,4.883,0.0,1.154,6.52,0.2335,12.481,4.710114524269141e-36,1
80.8,1,1,15.62,3,-27.4,-35.17,1.928,3.791,1.062,6.74,0.2315,7.56,2.0201274315179428e-14,1
52.3,0,1,5.32,3,-25.7,-22.35,2.013,1.156,1.487,6.56,0.2246,9.406,2.581869055663672e-21,1
23.2,0,1,11.2,3,24.5,-14.79,2.349,0.0,1.009,7.15,0.2334,64.039,0.0,1
171.3,1,2,5.07,4,-23.3,-27.48,3.086,0.0,1.188,7.12,0.2266,13.373,4.3373813499008656e-41,1
46.6,0,1,0.55,0,23.6,-19.35,0.799,0.0,1.185,7.01,0.2202,27.66,1.0701913910633927e-168,1
23.4,0,1,24.52,1,-10.1,-15.5,1.21,0.745,1.492,7.03,0.2426,55.399,0.0,1
78.5,1,1,6.48,5,-9.9,-29.22,4.629,0.0,1.038,7.03,0.2296,13.091,1.85519956494504e-39,1
106.3,1,1,14.83,4,-23.5,-36.21,1.725,0.0,1.145,7.9,0.2403,6.157,3.7124418823014994e-10,0
60.4,0,1,7.51,5,-29.1,-26.66,2.437,2.543,1.091,6.75,0.221,3.682,0.00011592831880046628,0
103.0,1,1,9.27,5,-6.9,-42.11,5.288,3.761,1.146,6.95,0.2319,3.091,0.0009968515328976,0
5.9,0,1,9.94,0,24.3,-8.25,0.0,0.0,1.165,6.48,0.2331,317.28,0.0,1
63.5,0,1,8.38,2,29.8,-25.47,2.535,0.0,1.019,6.86,0.2234,5.654,7.841742472443245e-09,0
134.9,1,2,15.93,12,-26.0,-28.95,12.585,0.0,1.215,7.01,0.2437,11.276,8.646331520662518e-30,1
101.2,1,1,24.02,15,-28.0,-47.62,15.027,0.0,1.11,6.7,0.236,1.3,0.09677867256356587,0
21.5,0,1,10.72,1,-19.7,-13.64,1.215,0.0,1.212,6.16,0.2324,91.577,0.0,1
12.1,0,1,24.33,0,19.8,-10.88,0.0,0.0,1.141,6.93,0.2215,173.801,0.0,1
147.0,1,2,16.69,9,-16.7,-27.02,9.975,0.0,1.59,7.33,0.2244,11.97,2.5428684888484336e-33,1
33.5,0,1,15.18,0,-15.0,-15.53,0.568,0.0,1.61,6.98,0.2296,50.999,0.0,1
125.2,1,2,5.93,5,27.8,-21.35,5.781,0.0,2.163,7.09,0.2209,23.894,1.7818515998624113e-126,1
171.3,1,2,1.57,2,26.9,-25.96,1.398,0.0,1.416,6.09,0.2214,16.993,4.6201264348650925e-65,1
21.1,0,1,21.3,4,13.6,-13.88,2.253,0.0,1.028,7.22,0.2283,81.363,0.0,1
152.8,1,2,14.35,6,-19.3,-25.69,6.682,0.0,1.448,6.82,0.2265,15.382,1.0768984098594518e-53,1
12.0,0,1,10.36,0,-5.2,-10.08,0.0,0.0,1.39,6.83,0.2305,246.949,0.0,1
152.8,1,2,20.3,22,-14.6,-33.47,17.062,0.0,1.624,7.89,0.2355,5.786,3.6116364284185235e-09,0
42.6,0,1,7.76,1,13.7,-17.09,0.765,0.0,1.043,7.45,0.2225,33.007,3.2148917890981676e-239,1
137.8,1,2,19.59,8,20.7,-25.01,5.947,0.0,1.354,7.27,0.2262,17.264,4.396162458658025e-67,1
90.5,1,1,8.2,9,-20.8,-41.2,9.596,1.039,1.563,6.67,0.2245,3.834,6.304826289429222e-05,0
90.5,1,1,23.02,16,28.4,-41.81,11.354,0.0,1.196,8.5,0.231,2.305,0.010575682442550163,0
87.1,1,1,6.7,1,0.1,-29.53,1.208,0.0,1.513,6.77,0.2293,14.029,5.20281413203369e-45,1
78.5,1,1,3.44,3,21.7,-27.39,2.691,0.0,1.035,6.89,0.2239,18.978,1.2964784442937613e-80,1
30.1,0,1,17.45,7,-26.6,-19.09,4.992,0.0,1.383,7.29,0.2276,21.391,8.025444657086729e-102,1
48.3,0,1,4.07,0,-6.6,-18.86,0.0,0.0,1.074,6.31,0.2259,26.224,7.055753938310858e-152,1
15.0,0,1,23.73,0,-29.0,-15.46,1.394,1.361,1.317,8.01,0.2532,77.964,0.0,1
23.5,0,1,16.39,2,16.7,-14.92,1.688,0.0,1.26,8.0,0.241,62.815,0.0,1
30.6,0,1,5.77,0,-24.8,-13.96,0.0,0.0,1.029,6.58,0.2268,75.602,0.0,1
68.3,1,1,5.22,5,-8.0,-26.4,3.264,0.0,1.09,6.57,0.2262,20.186,6.53159074690225e-91,1
103.0,1,1,23.1,10,20.8,-41.65,7.66,0.0,1.532,8.11,0.2364,2.512,0.006003979549112826,0
10.6,0,1,15.2,0,18.7,-12.11,2.372,0.0,1.413,7.39,0.2267,138.102,0.0,1
17.6,0,1,22.34,7,11.6,-17.15,4.026,0.0,1.131,6.9,0.2376,43.969,0.0,1
17.6,0,1,2.76,0,15.1,-10.95,0.0,0.0,1.056,6.07,0.2231,182.818,0.0,1
21.7,0,1,23.13,6,12.3,-15.82,3.206,0.0,1.027,7.91,0.2332,53.642,0.0,1
17.9,0,1,13.0,2,11.7,-12.69,1.782,0.0,1.113,7.2,0.2264,101.961,0.0,1
32.8,0,1,16.71,6,-7.3,-22.98,3.407,3.208,2.074,6.2,0.2239,11.663,9.893488958034535e-32,1
93.8,1,1,9.32,5,-28.2,-35.71,3.799,1.971,1.017,6.25,0.2313,7.689,7.429625254189837e-15,1
50.7,0,1,1.48,0,-1.3,-17.99,0.0,0.0,1.049,6.14,0.2215,31.159,1.9296761498601936e-213,1
50.7,0,1,23.95,2,-27.0,-23.38,1.101,0.0,1.532,6.96,0.2401,8.74,1.1666482669194548e-18,1
61.9,0,1,24.86,3,0.5,-27.81,2.701,0.0,1.606,7.96,0.2315,3.609,0.0001535449991079787,0
34.7,0,1,9.11,0,0.2,-16.63,1.808,0.0,1.091,6.74,0.2276,38.064,0.0,1
98.6,1,1,23.6,11,-18.4,-39.55,8.069,0.0,1.107,7.31,0.2223,4.04,2.671456519723659e-05,0
52.3,0,1,4.19,1,21.0,-20.99,1.495,0.0,1.363,6.35,0.221,14.672,4.847537583953279e-49,1
67.3,1,1,3.87,0,15.8,-22.42,0.0,0.0,1.141,6.37,0.2217,31.78,6.079985332622738e-222,1
192.4,1,2,1.83,0,6.4,-26.87,0.0,0.0,1.522,6.16,0.2203,16.29,5.796713817374035e-60,1
106.3,1,1,9.78,7,30.2,-43.16,9.323,0.0,1.298,6.65,0.2204,3.131,0.0008705934684314367,0
90.9,1,1,1.31,0,-11.3,-28.64,0.0,0.0,1.623,6.74,0.2207,16.121,9.147004255543932e-59,1
135.8,1,2,9.87,3,-13.0,-24.56,4.493,0.0,1.313,6.93,0.2333,17.43,2.4564140248846704e-68,1
34.5,0,1,3.46,0,-18.1,-19.18,1.574,3.611,1.066,6.68,0.2204,22.316,1.3048310844362366e-110,1
135.2,1,2,18.26,5,5.4,-26.13,6.646,0.0,1.27,7.99,0.2419,13.809,1.1249990850487551e-43,1
43.9,0,1,20.83,2,-16.7,-18.99,1.3,0.0,1.02,7.59,0.2381,21.129,2.1337182864124127e-99,1
115.3,1,2,17.2,30,26.5,-30.88,25.128,0.0,1.178,7.15,0.2213,7.726,5.530826264415285e-15,1
12.3,0,1,5.01,1,-10.2,-9.32,0.621,0.0,1.084,6.45,0.2234,217.048,0.0,1
158.6,1,2,19.17,24,1.9,-36.03,21.715,0.0,1.217,6.74,0.2382,4.971,3.3269021441449216e-07,0
24.4,0,1,6.24,1,4.4,-12.43,0.567,0.0,1.122,6.9,0.2208,126.677,0.0,1
131.1,1,2,18.99,9,-10.0,-25.48,8.172,0.0,1.794,6.83,0.2233,18.272,6.954727891560463e-75,1
113.4,1,2,14.18,7,18.0,-20.34,8.222,0.0,1.386,7.37,0.2223,24.428,4.3197138339126756e-132,1
10.3,0,1,9.17,0,15.0,-8.6,0.0,0.0,1.046,6.23,0.2304,283.926,0.0,1
96.0,1,1,2.09,3,19.5,-31.35,1.305,0.0,1.171,6.74,0.2203,11.522,5.124194261191071e-31,1
20.4,0,1,20.69,0,9.4,-12.36,0.757,0.0,1.209,7.14,0.2394,120.23,0.0,1
76.0,1,1,23.49,15,-0.1,-43.79,14.982,0.0,2.899,7.49,0.2306,2.343,0.009555113848286395,0
55.1,0,1,16.65,1,-0.8,-22.32,0.863,0.0,1.817,6.48,0.2349,10.925,4.385913279662643e-28,1
32.9,0,1,24.11,7,16.6,-21.13,5.387,0.0,1.378,8.06,0.2209,16.215,1.9755399552430044e-59,1
15.0,0,1,23.35,0,-5.5,-15.48,0.0,4.83,1.084,6.64,0.2385,59.641,0.0,1
23.1,0,1,4.87,0,-1.6,-12.58,0.0,0.0,1.825,6.84,0.226,123.675,0.0,1
83.2,1,1,18.28,7,-19.4,-35.22,5.924,0.0,1.134,7.68,0.2417,6.896,2.6784126794030465e-12,1
29.1,0,1,8.73,2,14.2,-15.61,1.752,0.0,1.415,6.92,0.227,54.517,0.0,1
148.3,1,2,12.19,9,-25.0,-27.14,10.017,0.0,1.254,6.35,0.2244,14.572,2.1315881911841563e-48,1
113.4,1,2,3.92,1,34.4,-17.64,1.245,0.0,1.248,6.34,0.2245,37.356,1.0026115926776556e-305,1
56.4,0,1,24.37,3,-20.7,-27.95,4.211,0.747,1.525,7.92,0.2403,3.891,4.991955631307025e-05,0
100.3,1,1,18.15,14,-5.1,-49.43,11.449,4.906,1.142,7.96,0.228,0.857,0.19561681528310876,0
124.7,1,2,6.67,7,-14.5,-22.05,7.23,0.0,1.476,6.68,0.2296,21.616,6.284459621371878e-104,1
52.5,0,1,9.29,3,-11.1,-22.59,3.087,0.0,1.019,7.49,0.2276,9.028,8.770828266826988e-20,1
152.9,1,2,10.56,16,-9.0,-28.35,13.368,0.0,1.64,6.84,0.2345,9.75,9.240303886372868e-23,1
131.8,1,2,18.69,19,16.7,-31.11,19.309,0.0,1.312,7.54,0.2321,7.804,3.0012197081110457e-15,1
17.9,0,1,23.14,6,-18.5,-15.61,2.967,0.0,1.826,6.58,0.2361,51.664,0.0,1
98.6,1,1,8.04,8,-12.8,-39.85,9.214,0.0,1.305,7.39,0.2246,3.409,0.00032547789425781983,0
192.4,1,2,11.81,6,-23.4,-31.0,7.419,0.0,1.241,6.18,0.2272,9.019,9.470181232913428e-20,1
43.9,0,1,14.83,1,-8.5,-22.45,1.488,3.234,1.18,7.5,0.2278,11.004,1.82711464938715e-28,1
39.4,0,1,9.83,2,31.2,-19.75,1.281,0.0,1.848,6.89,0.2312,26.636,1.3101685398747947e-156,1
10.5,0,1,12.6,0,-5.3,-11.39,0.372,0.0,2.185,6.38,0.2254,173.046,0.0,1
123.7,1,2,2.64,1,20.5,-17.55,1.401,0.0,1.843,6.42,0.2209,33.96,4.3354030369455236e-253,1
79.5,1,1,4.19,0,0.0,-27.77,0.202,0.0,1.539,6.93,0.2255,18.151,6.309045461040711e-74,1
83.2,1,1,10.03,5,-0.8,-32.02,2.798,0.0,2.39,6.96,0.2347,10.348,2.1363172726025884e-25,1
35.8,0,1,22.87,4,23.6,-21.1,3.342,0.0,1.917,8.5,0.2377,15.972,1.0029553159331673e-57,1
169.8,1,2,8.73,9,-28.3,-28.77,9.296,0.0,1.17,6.63,0.2227,11.811,1.7168057105170145e-32,1
187.7,1,2,6.24,8,26.2,-31.94,10.033,0.0,1.575,7.36,0.2209,7.052,8.831811001274547e-13,1
100.3,1,1,18.57,2,1.5,-36.49,2.385,0.0,1.485,6.73,0.2371,6.544,2.994407410578335e-11,0
65.4,1,1,23.73,2,-7.2,-30.44,2.921,2.875,1.265,8.09,0.2479,10.58,1.8364179519404907e-26,1
115.3,1,2,11.48,10,28.9,-22.99,7.788,0.0,1.372,6.29,0.2323,24.188,1.4940180003678387e-129,1
38.4,0,1,0.22,0,-7.9,-16.04,0.0,0.0,2.062,6.94,0.2204,50.625,0.0,1
12.3,0,1,17.2,2,33.6,-12.13,1.853,0.0,1.11,7.07,0.2307,123.741,0.0,1
28.9,0,1,10.38,2,30.9,-16.6,2.274,0.0,1.279,7.34,0.2346,50.896,0.0,1
68.3,1,1,16.84,4,-12.6,-29.7,2.826,0.0,1.709,7.07,0.2375,15.698,7.790858709182499e-56,1
13.1,0,1,6.94,0,-7.9,-11.19,0.0,1.13,1.265,6.71,0.2279,170.841,0.0,1
85.7,1,1,0.06,0,22.8,-28.18,0.181,0.0,1.228,6.28,0.2201,17.628,7.575693696736141e-70,1
36.0,0,1,8.61,4,-17.3,-22.9,3.448,4.162,1.397,6.31,0.2214,9.745,9.726287923224847e-23,1
27.5,0,1,17.62,3,17.6,-19.83,4.828,0.0,1.403,7.1,0.2432,27.175,6.443688231633448e-163,1
171.3,1,2,9.83,0,-21.6,-25.59,0.527,0.0,1.404,7.07,0.2243,15.261,6.964513434937205e-53,1
81.1,1,1,5.48,0,-16.6,-27.09,1.212,0.0,1.134,6.99,0.2211,18.671,4.2610881532269828e-78,1
12.1,0,1,11.6,0,2.5,-9.55,0.0,0.0,1.124,6.52,0.2358,203.888,0.0,1
56.6,0,1,18.81,5,18.5,-25.55,3.84,0.0,1.455,6.49,0.2278,4.377,6.0049546954771165e-06,0
137.8,1,2,2.99,1,18.1,-22.25,2.137,0.0,1.408,6.53,0.2244,25.934,1.3839648369992869e-148,1
12.1,0,1,17.29,2,9.6,-10.76,1.782,0.0,1.12,7.66,0.2423,178.238,0.0,1
91.3,1,1,16.68,10,-12.3,-37.14,6.75,0.0,1.767,7.07,0.2368,5.071,1.98198536941429e-07,0
56.9,0,1,9.27,0,-3.0,-21.3,0.0,0.0,1.024,6.67,0.2324,15.971,1.0239730178801828e-57,1
39.5,0,1,24.26,10,-14.0,-27.91,10.072,0.0,1.001,8.59,0.2499,3.677,0.00011780539086023737,0
26.6,0,1,22.37,3,-12.0,-18.36,4.163,0.0,1.433,8.1,0.2423,36.215,1.7497803393588956e-287,1
100.3,1,1,7.9,7,-9.0,-37.22,5.05,0.0,1.416,6.54,0.2271,5.939,1.4345839628131793e-09,0
6.0,0,1,0.78,0,8.9,-5.64,0.0,0.0,1.098,6.47,0.2209,436.315,0.0,1
80.8,1,1,7.71,9,-16.5,-34.3,7.611,0.0,1.035,6.85,0.2225,7.939,1.0231215704866265e-15,1
100.3,1,1,5.12,5,-27.2,-41.44,5.192,2.615,1.009,6.84,0.2256,3.781,7.795755232113468e-05,0
46.9,0,1,13.68,0,15.0,-18.99,0.423,0.0,1.68,6.33,0.2212,24.866,8.733047811568314e-137,1
12.5,0,1,22.97,3,-28.6,-13.3,1.81,0.0,1.43,6.81,0.2507,96.697,0.0,1
100.3,1,1,21.76,12,33.1,-41.4,7.303,0.0,1.481,6.74,0.243,3.338,0.0004217210355398093,0
148.1,1,2,7.65,4,-7.2,-24.62,2.349,0.0,1.386,7.28,0.2216,17.663,4.0303924263217294e-70,1
89.4,1,1,10.71,7,-29.6,-41.42,6.372,4.743,1.248,6.78,0.2361,3.862,5.62882447321541e-05,0
180.4,1,2,0.91,2,27.5,-27.49,2.024,0.0,1.063,6.63,0.2213,13.604,1.8833111984402534e-42,1
142.3,1,2,13.6,5,9.0,-23.04,4.249,0.0,1.027,7.47,0.2315,19.105,1.1552790887908317e-81,1
5.4,0,1,1.58,0,23.1,-7.24,0.0,0.0,1.087,6.59,0.22,374.335,0.0,1
27.5,0,1,23.47,6,-1.7,-19.89,4.45,0.0,1.43,7.15,0.2505,22.315,1.3101300342022958e-110,1
10.3,0,1,21.67,1,-7.0,-15.35,1.326,4.102,1.354,7.81,0.2494,67.87,0.0,1
96.4,1,1,5.35,0,12.6,-29.05,0.0,0.0,1.16,6.13,0.2211,15.179,2.4223501740969174e-52,1
142.3,1,2,17.48,29,-3.6,-35.38,23.92,0.0,1.832,6.99,0.2327,5.001,2.8485583793670474e-07,0
50.7,0,1,14.2,7,6.2,-25.08,4.632,0.0,1.025,6.54,0.2398,5.799,3.337714204740883e-09,0
76.8,1,1,20.03,16,-11.9,-43.26,15.138,0.0,1.366,6.96,0.2456,2.54,0.005549370568301725,0
34.6,0,1,11.89,0,-8.4,-17.9,1.126,0.0,1.416,6.46,0.2372,32.877,2.3226410296073547e-237,1
97.4,1,1,4.79,1,-24.7,-37.17,0.768,3.682,1.905,6.74,0.2256,6.625,1.7373652261435514e-11,0
58.1,0,1,16.0,5,20.8,-25.15,4.041,0.0,1.155,7.08,0.2261,4.941,3.8780458471397807e-07,0
131.8,1,2,2.01,2,-7.3,-22.16,3.763,0.0,1.283,6.54,0.2223,22.827,1.2475776389984702e-115,1
46.9,0,1,14.61,4,33.4,-22.32,3.833,0.0,1.337,7.31,0.2295,13.417,2.389039424844171e-41,1
158.9,1,2,5.32,11,-13.1,-27.53,7.812,0.0,1.422,6.72,0.2259,13.557,3.605868934566743e-42,1
95.8,1,1,17.12,8,0.9,-39.91,5.694,0.0,1.572,7.71,0.2322,4.218,1.2297620059676726e-05,0
49.7,0,1,20.7,2,-10.1,-23.61,0.757,0.0,2.373,7.99,0.2467,8.711,1.5093302772676992e-18,1
116.9,1,2,2.74,0,15.1,-17.95,0.771,0.0,1.582,6.58,0.2225,38.118,0.0,1
70.1,1,1,10.01,0,22.5,-23.88,0.302,0.0,1.396,6.62,0.2257,26.592,4.2454182932810015e-156,1
9.4,0,1,18.34,0,1.7,-10.28,0.0,0.0,1.223,6.33,0.2274,211.422,0.0,1
85.7,1,1,4.09,5,-6.1,-35.15,3.706,3.147,1.017,6.28,0.2246,8.593,4.220194373634833e-18,1
68.5,1,1,14.16,8,18.4,-34.01,9.437,0.0,1.017,6.67,0.2386,7.987,6.901810967946322e-16,1
10.5,0,1,16.8,1,-17.6,-11.2,0.395,0.0,2.032,7.14,0.2441,165.842,0.0,1
108.6,1,1,8.87,9,9.0,-42.12,6.354,0.0,1.686,7.53,0.232,2.943,0.0016267329781480377,0
78.6,1,1,20.8,4,17.7,-26.72,2.478,0.0,1.112,7.34,0.2208,18.817,2.7514225381524356e-79,1
57.0,0,1,12.77,6,-12.5,-27.28,3.974,2.494,1.441,6.77,0.2319,2.844,0.0022250800901364486,0
81.1,1,1,15.67,3,12.6,-31.23,2.402,0.0,1.043,7.25,0.2369,12.8,8.21611522128576e-38,1
78.8,1,1,3.52,1,17.8,-26.83,0.14,0.0,1.574,6.9,0.2212,19.759,3.3487795487621785e-87,1
61.2,0,1,0.58,0,-22.4,-24.73,0.0,2.718,1.212,6.63,0.2207,7.128,5.089585344889919e-13,1
96.4,1,1,1.27,0,-8.9,-35.4,0.695,4.607,1.594,6.93,0.2216,7.333,1.1285373379300914e-13,1
142.3,1,2,22.6,14,-3.6,-33.2,17.988,0.0,1.386,7.0,0.2517,5.904,1.7764831236428462e-09,0
27.5,0,1,22.07,2,20.4,-18.88,2.962,0.0,1.069,7.22,0.2265,33.698,3.1077167404955405e-249,1
34.9,0,1,20.19,8,6.9,-22.09,5.095,0.0,1.661,8.06,0.2426,11.759,3.180993442515667e-32,1
98.6,1,1,4.99,7,-0.8,-37.43,6.53,0.0,1.365,6.13,0.2232,6.155,3.7597929736722857e-10,0
11.2,0,1,13.14,0,-9.3,-7.68,0.0,0.0,1.082,6.54,0.2263,319.191,0.0,1
14.9,0,1,19.9,0,-29.7,-11.26,0.497,0.0,1.843,7.73,0.2294,152.222,0.0,1
122.3,1,2,16.87,1,-28.7,-24.25,2.728,3.601,1.203,7.26,0.2414,19.191,2.202519330112552e-82,1
22.5,0,1,2.89,0,-14.4,-12.24,0.448,0.0,1.062,6.66,0.2205,125.066,0.0,1
187.7,1,2,22.39,29,-22.4,-41.82,24.573,0.0,1.133,7.25,0.2456,2.08,0.018741134626272204,0
55.1,0,1,4.02,3,-22.2,-22.79,1.892,0.0,1.654,6.59,0.222,9.471,1.3837462052798103e-21,1
29.1,0,1,4.29,1,9.2,-14.69,0.349,0.0,2.023,6.33,0.222,76.443,0.0,1
20.4,0,1,22.53,1,9.4,-11.5,0.273,0.0,1.003,7.62,0.2441,138.908,0.0,1
101.9,1,1,12.12,2,-27.1,-34.08,1.432,0.0,1.004,6.35,0.2294,9.183,2.0886052865863023e-20,1
75.5,1,1,9.32,1,8.6,-26.56,1.79,0.0,1.159,6.54,0.2208,20.529,5.944353265728097e-94,1
142.3,1,2,13.84,13,-20.5,-29.83,13.67,0.0,1.066,7.27,0.2368,9.24,1.234037575360117e-20,1
34.5,0,1,24.53,2,-5.5,-18.62,2.131,0.0,1.248,7.45,0.2368,29.876,1.9914663889676536e-196,1
120.6,1,2,2.99,1,34.3,-18.97,2.611,0.0,1.311,6.6,0.2218,33.278,3.9747244652516076e-243,1
33.8,0,1,18.92,6,3.9,-22.01,7.381,0.0,1.711,7.1,0.2357,10.463,6.372665409916762e-26,1
146.9,1,2,8.36,5,-27.8,-24.22,3.636,0.0,1.083,7.1,0.229,18.603,1.5267258656010572e-77,1
56.6,0,1,2.93,0,-7.4,-21.34,0.771,0.0,1.091,6.27,0.2243,13.516,6.288527146611189e-42,1
12.0,0,1,10.55,2,13.6,-10.26,1.372,0.0,1.009,7.19,0.221,183.206,0.0,1
115.3,1,2,13.72,10,-15.4,-24.53,9.427,2.473,1.339,6.84,0.2342,16.433,5.5430132066279374e-61,1
83.5,1,1,5.15,3,32.7,-29.76,2.23,0.0,2.5,6.73,0.2212,13.492,8.710772175257385e-42,1
141.4,1,2,10.13,4,-2.4,-23.69,5.179,0.0,1.376,6.72,0.2201,20.652,4.700991039233132e-95,1
91.0,1,1,15.89,8,-28.6,-37.51,5.8,0.0,1.473,7.14,0.2403,5.511,1.7844816831305315e-08,0
22.2,0,1,14.41,2,5.1,-14.13,1.364,0.0,1.046,7.89,0.2406,84.68,0.0,1
22.2,0,1,18.08,1,14.0,-15.49,1.303,0.0,1.782,7.64,0.2283,60.55,0.0,1
45.1,0,1,20.91,2,-0.4,-22.02,3.955,0.0,1.242,7.09,0.2344,11.091,6.936695402922868e-29,1
70.1,1,1,10.23,1,30.3,-25.51,1.011,0.0,1.044,6.66,0.229,22.615,1.5439813594488213e-113,1
90.9,1,1,10.57,4,28.6,-32.9,2.28,0.0,1.511,7.07,0.2296,9.282,8.285255530775582e-21,1
23.5,0,1,12.42,0,-21.0,-12.79,1.298,0.0,1.158,7.43,0.2359,92.047,0.0,1
5.4,0,1,14.16,1,-24.8,-8.52,0.418,0.0,1.101,6.14,0.2278,312.291,0.0,1
21.5,0,1,2.71,1,-9.7,-12.19,0.258,0.0,1.247,6.3,0.2227,124.904,0.0,1
23.4,0,1,7.82,3,9.5,-13.47,1.283,0.0,1.14,6.55,0.221,99.865,0.0,1
36.0,0,1,4.3,0,9.1,-16.46,0.0,0.0,1.552,6.32,0.2253,53.645,0.0,1
131.8,1,2,9.65,11,-12.3,-24.65,6.341,0.0,1.676,7.23,0.2298,17.615,9.40473783113319e-70,1
90.5,1,1,24.33,2,31.8,-36.57,2.323,0.0,3.347,6.84,0.2419,6.749,7.455000258794738e-12,1
15.0,0,1,14.57,2,-10.0,-14.82,2.131,1.048,1.971,6.79,0.2215,69.591,0.0,1
38.4,0,1,10.73,3,22.3,-20.31,2.208,0.0,2.279,7.2,0.2208,19.705,9.825438396224737e-87,1
108.9,1,1,14.15,4,24.1,-38.67,4.037,0.0,1.434,7.41,0.2218,4.364,6.390638827839659e-06,0
137.8,1,2,16.73,25,-23.6,-34.37,24.601,0.0,1.897,7.15,0.2263,5.171,1.161151802186187e-07,0
49.7,0,1,10.87,0,-14.9,-20.67,1.609,0.0,1.152,7.03,0.2273,19.293,3.0857663388186044e-83,1
28.9,0,1,11.19,4,-16.0,-17.57,3.283,0.0,1.195,6.41,0.2277,36.816,5.042248939253089e-297,1
12.3,0,1,17.54,3,29.8,-12.46,3.16,0.0,1.221,6.66,0.2241,116.57,0.0,1
135.8,1,2,1.52,0,-7.2,-20.92,0.0,0.0,1.451,6.96,0.2212,26.102,1.7187671901719295e-150,1
28.9,0,1,13.5,2,24.4,-17.97,3.461,0.0,1.071,6.79,0.2305,33.318,1.0511906893634725e-243,1
45.0,0,1,13.68,1,1.1,-19.13,0.784,0.0,1.049,6.68,0.2221,26.5,4.82272074106632e-155,1
21.5,0,1,18.92,6,-0.3,-16.59,2.674,0.0,1.031,7.86,0.2235,57.116,0.0,1
21.1,0,1,24.57,4,28.7,-16.22,1.644,0.0,1.69,8.16,0.2474,49.78,0.0,1
86.6,1,1,19.89,11,-1.3,-40.45,9.729,0.0,1.359,7.79,0.2498,3.045,0.00116428959510484,0
63.5,0,1,12.59,11,18.4,-29.42,7.385,0.0,1.061,6.48,0.2235,2.093,0.01816757385778734,0
34.6,0,1,4.24,1,-2.4,-15.31,0.683,0.0,1.013,6.26,0.223,65.602,0.0,1
135.2,1,2,14.71,19,-23.4,-28.98,16.197,0.0,2.125,6.96,0.2246,12.053,9.358928823692083e-34,1
29.1,0,1,20.86,3,-26.5,-16.16,2.23,0.0,2.224,7.26,0.2224,41.457,0.0,1
76.8,1,1,23.31,11,-16.5,-40.19,13.707,0.0,1.462,6.89,0.2266,4.053,2.5236284323721404e-05,0
164.9,1,2,20.63,12,16.9,-29.4,11.713,0.0,1.059,6.97,0.2311,9.728,1.140981197498161e-22,1
164.9,1,2,4.72,4,-5.7,-28.41,5.383,0.0,3.214,7.31,0.224,12.429,9.090020761120996e-36,1
27.5,0,1,17.81,4,-0.5,-18.89,3.35,0.0,2.896,7.78,0.234,26.815,1.0814273105264968e-158,1
69.5,1,1,22.0,10,-23.4,-40.17,10.16,3.271,1.894,7.25,0.2353,4.183,1.4399516736892656e-05,0
88.9,1,1,17.03,12,10.5,-40.24,11.01,0.0,1.05,6.19,0.2292,4.254,1.0476574346697295e-05,0
152.9,1,2,17.14,18,22.2,-30.38,14.164,0.0,1.205,7.03,0.2298,8.757,1.0032713425472968e-18,1
12.0,0,1,12.5,1,10.6,-10.63,0.305,0.0,1.294,7.39,0.22,199.629,0.0,1
80.8,1,1,15.92,5,34.0,-33.7,4.31,0.0,1.577,7.0,0.2253,8.942,1.9065864616389882e-19,1
198.3,1,2,7.36,14,-28.9,-34.78,11.307,0.0,1.348,6.46,0.2225,5.977,1.1374208536915903e-09,0
74.0,1,1,2.22,1,-29.0,-29.97,1.46,3.627,1.855,6.1,0.2225,14.09,2.1932400810527202e-45,1
113.4,1,2,20.69,4,2.5,-22.01,5.936,0.0,1.351,8.17,0.2339,20.189,6.10190718597169e-91,1
108.6,1,1,23.58,18,-12.7,-48.96,14.803,0.0,1.224,7.1,0.228,1.035,0.1502891124399,0
22.5,0,1,21.42,1,14.6,-13.42,0.655,0.0,1.223,6.88,0.2242,94.077,0.0,1
10.5,0,1,8.35,1,21.6,-8.08,0.335,0.0,1.196,6.9,0.2285,270.094,0.0,1
33.8,0,1,2.34,0,-23.3,-19.52,0.0,4.221,1.025,6.93,0.2236,26.748,6.5424623605513986e-158,1
34.7,0,1,7.0,3,29.6,-18.84,2.437,0.0,1.862,6.15,0.2227,31.083,2.042363417220271e-212,1
5.4,0,1,21.07,0,-28.1,-9.18,0.0,0.0,1.16,8.27,0.24,286.337,0.0,1
74.0,1,1,16.4,3,14.7,-26.02,2.106,0.0,1.379,7.16,0.224,19.127,7.579353519976681e-82,1
56.4,0,1,24.17,2,-5.0,-26.21,3.017,0.0,1.193,7.06,0.2289,4.836,6.622566986351908e-07,0
87.1,1,1,8.57,2,13.4,-31.29,2.365,0.0,2.258,6.75,0.2224,11.543,4.005794745204632e-31,1
23.2,0,1,13.79,0,-23.7,-12.3,0.0,0.0,1.139,7.3,0.2317,132.642,0.0,1
96.0,1,1,19.75,6,30.9,-40.0,10.166,0.0,1.041,6.37,0.2213,4.012,3.0099193315021957e-05,0
32.8,0,1,5.85,1,30.9,-16.16,1.604,0.0,1.563,7.31,0.2241,45.57,0.0,1
96.4,1,1,24.1,15,3.8,-51.66,16.562,0.0,1.896,6.99,0.2526,0.768,0.22119343187714585,0
60.4,0,1,14.81,1,3.1,-22.99,0.822,0.0,1.098,7.18,0.2231,12.078,6.938110652831738e-34,1
131.8,1,2,0.2,0,11.3,-18.74,0.0,0.0,1.198,6.32,0.2202,33.169,1.500051040336924e-241,1
78.5,1,1,0.63,0,7.7,-26.32,0.0,0.0,1.645,6.27,0.22,23.061,5.642542934785376e-118,1
50.7,0,1,22.06,9,5.3,-28.7,7.782,0.0,1.716,6.36,0.2382,2.534,0.005641065778342275,0
135.8,1,2,16.13,20,8.3,-29.35,17.799,0.0,1.153,6.99,0.2392,10.069,3.7695769313481524e-24,1
101.2,1,1,19.08,4,25.8,-35.67,2.956,0.0,1.346,7.53,0.2256,6.154,3.780878203118002e-10,0
87.1,1,1,19.6,8,9.7,-37.82,8.797,0.0,1.614,7.6,0.2313,4.64,1.7418129591210873e-06,0
56.0,0,1,10.51,3,-17.3,-24.74,2.843,0.0,1.846,6.43,0.2269,6.276,1.7410473896040237e-10,0
63.5,0,1,19.97,1,29.4,-25.58,0.816,0.0,1.544,6.82,0.2458,4.811,7.507580359524042e-07,0
16.3,0,1,23.44,4,-16.0,-16.25,4.801,0.0,1.53,7.05,0.2218,44.716,0.0,1
14.1,0,1,4.3,0,-19.3,-10.25,0.0,0.0,1.251,6.65,0.2224,193.693,0.0,1
45.4,0,1,19.1,10,34.8,-28.46,8.45,0.0,2.007,6.17,0.2228,2.932,0.0016813429870059498,0
67.2,1,1,7.69,2,-16.1,-25.55,1.236,0.0,2.699,7.13,0.2279,21.056,1.012994831860871e-98,1
45.0,0,1,8.04,1,-23.5,-20.44,2.326,0.0,1.021,7.49,0.2267,20.442,3.536601013489849e-93,1
72.7,1,1,10.32,3,6.5,-32.18,5.637,0.0,1.498,6.28,0.2283,11.892,6.547776051639401e-33,1
34.6,0,1,21.59,1,23.8,-18.79,2.026,0.0,1.257,7.37,0.2257,28.769,2.640408675968425e-182,1
65.1,1,1,0.55,0,-26.1,-22.21,0.0,0.0,1.26,6.64,0.2208,31.22,2.850439395382432e-214,1
103.0,1,1,10.85,0,1.9,-34.07,0.64,0.0,1.345,7.06,0.2342,8.738,1.1816857085807336e-18,1
131.1,1,2,17.0,8,-25.5,-24.64,6.994,0.0,1.376,6.85,0.2363,18.106,1.41650836000913e-73,1
81.1,1,1,2.76,2,-2.1,-28.95,1.451,0.0,1.267,6.73,0.2236,16.916,1.7156943680965678e-64,1
135.5,1,2,19.81,20,-7.6,-31.85,17.353,0.0,1.33,7.28,0.2389,7.411,6.266749643466397e-14,1
88.9,1,1,23.55,9,-21.1,-38.97,8.095,0.0,1.107,6.34,0.2407,5.654,7.829161918971623e-09,0
122.3,1,2,2.27,0,30.5,-17.74,0.0,0.0,1.093,6.36,0.2231,36.805,7.711295658302225e-297,1
45.0,0,1,3.82,0,11.3,-17.69,0.292,0.0,1.084,6.36,0.2229,31.926,5.846324989293098e-224,1
159.0,1,2,24.35,8,24.8,-30.47,9.703,0.0,1.115,7.52,0.2462,8.891,3.0159578636551215e-19,1
75.5,1,1,4.95,0,28.9,-27.81,1.519,0.0,1.604,6.58,0.2209,19.393,4.393310544281128e-84,1
76.0,1,1,1.97,0,30.5,-25.12,0.0,0.0,1.34,7.04,0.2205,22.152,5.011966304572792e-109,1
43.9,0,1,23.8,10,18.6,-27.14,8.736,0.0,1.003,8.29,0.2362,3.69,0.00011227316397697145,0
71.8,1,1,22.32,3,-10.0,-30.75,3.027,0.0,1.992,7.86,0.2317,12.067,7.926948576847104e-34,1
30.6,0,1,16.39,3,23.9,-15.98,2.067,0.0,1.324,8.02,0.2257,45.739,0.0,1
90.9,1,1,13.79,2,3.8,-31.44,2.167,0.0,1.305,7.11,0.2268,11.622,1.597040569384376e-31,1
123.7,1,2,22.98,17,-12.3,-28.17,15.529,0.0,1.062,6.97,0.2438,10.547,2.6131574522517647e-26,1
39.5,0,1,16.39,1,-4.9,-18.77,1.276,0.0,1.078,7.12,0.2359,26.724,1.2402435971671376e-157,1
9.4,0,1,16.46,0,-10.4,-7.46,0.0,0.0,1.111,7.23,0.2231,325.144,0.0,1
116.9,1,2,21.09,20,0.3,-29.31,16.205,0.0,1.119,7.62,0.2512,9.596,4.140291971691927e-22,1
11.4,0,1,16.33,1,20.8,-11.42,0.729,0.0,1.34,6.62,0.2371,171.477,0.0,1
34.5,0,1,12.59,0,1.5,-15.23,0.0,0.0,1.731,7.84,0.2242,44.167,0.0,1
85.7,1,1,9.74,0,-12.6,-29.19,1.643,0.703,1.105,6.56,0.2215,15.122,5.834217386422922e-52,1
148.1,1,2,12.58,14,-24.3,-31.38,11.872,3.986,1.234,6.08,0.2373,9.003,1.0985312814930422e-19,1
55.1,0,1,13.06,1,25.6,-24.86,0.656,0.0,2.629,6.81,0.2271,7.599,1.4921699459247955e-14,1
9.4,0,1,9.02,0,-2.9,-10.01,0.0,0.0,1.146,6.55,0.2232,247.058,0.0,1
80.8,1,1,11.2,1,-1.3,-27.78,1.596,0.0,1.141,6.96,0.2248,17.349,9.987648247740629e-68,1
34.5,0,1,20.05,6,19.6,-20.75,5.214,0.0,1.117,7.2,0.2281,19.01,7.002299384927809e-81,1
104.5,1,1,10.41,8,25.2,-44.72,9.702,0.0,1.133,6.77,0.2321,2.269,0.011633761173550403,0
44.0,0,1,0.64,0,3.2,-17.99,0.0,0.0,1.114,7.0,0.2206,37.716,0.0,1
56.0,0,1,7.08,0,11.1,-20.35,0.614,0.0,1.062,6.93,0.2237,15.161,3.2071572845079955e-52,1
68.3,1,1,5.79,4,-14.5,-25.7,1.812,0.0,1.101,6.35,0.2232,23.94,5.87423450910175e-127,1
91.7,1,1,19.84,17,30.8,-48.6,15.472,0.0,1.24,8.06,0.2485,0.929,0.1764170820042547,0
69.2,1,1,11.23,3,6.9,-25.24,1.895,0.0,1.263,6.35,0.2309,23.181,3.5769493057413677e-119,1
113.4,1,2,7.01,6,16.8,-23.05,8.813,0.0,2.092,7.15,0.2276,21.836,5.316895937348251e-106,1
96.4,1,1,20.27,13,-22.6,-41.38,10.432,0.0,1.397,6.82,0.2295,3.155,0.0008023642442259661,0
36.0,0,1,0.48,0,11.4,-15.92,0.0,0.0,1.305,6.48,0.2207,55.557,0.0,1
131.8,1,2,4.36,2,-6.0,-24.04,3.424,3.176,1.589,6.2,0.225,21.805,1.0334545507980517e-105,1
28.9,0,1,20.67,0,-0.7,-15.59,0.0,0.0,1.51,7.88,0.2275,66.676,0.0,1
95.8,1,1,13.77,7,14.3,-40.9,8.157,0.0,1.267,7.26,0.239,3.639,0.00013681749011189127,0
107.4,1,1,19.34,9,21.8,-44.82,11.409,0.0,1.971,7.49,0.2313,1.848,0.03226515985318775,0
67.2,1,1,20.95,3,-7.3,-24.59,1.825,0.0,1.386,7.79,0.2223,21.19,5.943693113257574e-100,1
135.8,1,2,23.55,14,26.8,-28.16,12.054,0.0,1.341,7.98,0.2333,10.081,3.353296372408336e-24,1
21.5,0,1,1.59,0,-15.8,-12.95,0.0,1.03,1.834,7.0,0.2222,95.959,0.0,1
32.5,0,1,19.98,5,6.6,-21.49,4.601,0.0,2.461,7.57,0.233,15.676,1.0998167168247291e-55,1
59.1,0,1,17.72,11,-20.2,-31.07,9.498,0.0,1.087,7.6,0.2342,1.495,0.06750064415392866,0
34.9,0,1,5.18,1,-11.2,-15.52,0.524,0.0,1.094,7.02,0.224,48.941,0.0,1
27.5,0,1,23.29,1,28.2,-17.52,1.313,0.0,2.379,6.85,0.2534,35.16,4.0184828258293506e-271,1
43.9,0,1,10.11,0,-29.2,-17.13,0.0,0.0,1.095,6.4,0.2212,40.339,0.0,1
20.4,0,1,22.19,4,29.5,-17.12,4.385,0.0,1.067,6.79,0.2291,40.496,0.0,1
6.0,0,1,15.13,0,-8.7,-11.35,1.032,3.598,1.147,7.19,0.2378,138.11,0.0,1
69.2,1,1,13.17,2,15.2,-25.69,1.494,0.0,1.472,6.95,0.2212,21.484,1.090236417299818e-102,1
22.8,0,1,3.99,2,-24.0,-17.33,0.647,4.73,1.157,6.55,0.2225,40.761,0.0,1
96.0,1,1,22.86,12,11.7,-45.39,11.132,0.0,1.293,7.15,0.2498,1.965,0.024691859699568827,0
61.2,0,1,13.92,1,29.1,-22.63,0.197,0.0,1.003,7.4,0.2221,10.161,1.4776481681769173e-24,1
36.9,0,1,0.15,0,6.1,-15.58,0.0,0.0,1.301,6.96,0.22,58.434,0.0,1
136.4,1,2,0.46,0,-6.5,-19.67,0.0,0.0,1.961,6.47,0.2204,30.329,2.3975052826821463e-202,1
32.9,0,1,19.44,1,21.6,-18.33,1.891,0.0,1.982,7.85,0.241,32.17,2.329677926357357e-227,1
83.5,1,1,4.05,1,16.3,-28.63,0.569,0.0,1.538,6.85,0.2222,17.101,7.353035992718805e-66,1
35.8,0,1,14.97,4,-22.3,-19.52,3.719,0.0,1.335,7.05,0.239,22.141,6.360318716328623e-109,1
45.5,0,1,17.03,2,13.3,-19.43,0.575,0.0,1.009,8.24,0.2201,24.58,1.0373979465537007e-133,1
44.0,0,1,6.98,0,13.2,-17.63,0.0,0.0,1.413,6.92,0.2207,32.096,2.502711485977925e-226,1
30.6,0,1,14.23,1,18.9,-16.95,1.19,0.0,1.682,7.44,0.238,44.909,0.0,1
52.3,0,1,6.01,1,-9.4,-20.93,0.546,0.0,1.409,6.68,0.2236,16.419,6.957708279523938e-61,1
136.4,1,2,23.66,24,-3.9,-32.42,21.867,0.0,1.013,7.13,0.2379,6.864,3.349962546316935e-12,1
159.0,1,2,21.5,2,32.4,-30.3,5.43,0.0,1.538,6.37,0.2492,10.216,8.428271688045524e-25,1
11.2,0,1,7.2,0,7.3,-9.75,0.474,0.0,1.009,7.4,0.2214,230.35,0.0,1
30.1,0,1,13.22,1,3.1,-16.36,1.335,0.0,1.205,6.68,0.2325,53.576,0.0,1
78.8,1,1,12.52,3,34.1,-31.01,3.534,0.0,1.014,6.36,0.234,13.135,1.0336393286469918e-39,1
106.3,1,1,24.0,16,-15.1,-50.7,15.961,0.0,1.052,7.2,0.2369,0.776,0.21890682529183875,0
159.3,1,2,9.85,2,-4.1,-26.82,4.486,0.0,1.277,7.12,0.2238,14.177,6.365501107572771e-46,1
11.2,0,1,14.06,1,19.4,-10.37,0.533,0.0,1.554,7.12,0.2204,215.335,0.0,1
158.6,1,2,23.22,28,16.4,-39.49,27.001,0.0,1.782,6.78,0.2399,2.978,0.0014496019611753735,0
7.1,0,1,4.07,2,32.8,-8.55,0.637,0.0,1.067,7.22,0.2211,344.242,0.0,1
108.9,1,1,13.76,16,12.5,-44.58,9.802,0.0,1.602,7.85,0.225,1.897,0.028911325530092433,0
46.6,0,1,2.64,0,-9.6,-17.12,0.0,0.0,1.183,6.77,0.2215,35.687,3.090509560030267e-279,1
81.4,1,1,15.44,11,-4.2,-40.7,12.103,0.0,1.208,7.0,0.2336,3.982,3.423408431173935e-05,0
125.5,1,2,9.14,3,-24.2,-23.21,2.553,0.0,2.423,6.67,0.2326,22.376,3.35648132966173e-111,1
14.1,0,1,24.19,0,30.0,-11.19,0.0,0.0,1.757,6.56,0.247,173.714,0.0,1
158.6,1,2,10.39,6,-21.6,-25.95,5.495,0.0,1.024,7.1,0.2291,14.532,3.790968269290612e-48,1
38.4,0,1,3.4,0,5.5,-17.47,0.0,0.0,2.585,6.25,0.2205,36.765,3.300959490919992e-296,1
68.3,1,1,20.85,10,-3.9,-35.44,9.635,0.0,1.963,6.64,0.2258,7.694,7.14610865157729e-15,1
83.2,1,1,20.52,4,-21.3,-30.44,2.992,0.0,1.101,6.83,0.2287,12.241,9.377695935399481e-35,1
192.4,1,2,17.37,18,-11.0,-37.85,18.131,0.0,1.645,6.8,0.2357,3.447,0.0002831069792389324,0
187.7,1,2,18.72,9,11.2,-31.75,9.463,0.0,1.169,7.57,0.2391,7.085,6.947936673934362e-13,1
56.6,0,1,6.62,3,-28.0,-22.8,2.99,0.0,1.476,7.24,0.2234,7.639,1.0951776692982826e-14,1
56.4,0,1,16.05,10,32.8,-31.88,9.341,0.0,1.259,6.15,0.2335,1.239,0.1077129260924643,0
152.9,1,2,0.95,0,29.1,-22.7,0.0,0.0,1.096,6.59,0.2211,23.584,2.8096160251833365e-123,1
136.4,1,2,4.92,2,-24.5,-22.82,1.689,0.0,1.481,7.31,0.2247,21.706,8.960553286504425e-105,1
12.0,0,1,23.31,2,26.4,-11.78,1.415,0.0,1.239,8.13,0.2539,113.392,0.0,1
192.4,1,2,18.48,23,-8.6,-40.43,24.173,0.0,1.034,6.88,0.2257,2.31,0.010447720830529353,0
158.9,1,2,5.77,4,-25.6,-27.53,5.904,3.003,1.027,6.63,0.2263,12.879,2.9408020912332314e-38,1
71.8,1,1,2.78,2,-10.1,-24.79,0.972,0.0,2.24,7.08,0.2204,23.153,6.714826936339657e-119,1
83.2,1,1,23.72,25,22.6,-51.91,22.789,0.0,1.231,6.78,0.2224,0.698,0.24247681992539916,0
55.1,0,1,2.8,1,13.3,-20.4,0.431,0.0,1.257,6.38,0.22,17.937,3.042530064552681e-72,1
14.1,0,1,6.43,0,-14.5,-12.93,0.0,1.449,1.213,6.9,0.2233,150.75,0.0,1
104.5,1,1,4.57,0,16.7,-31.6,0.0,0.0,1.245,6.68,0.2202,11.879,7.616768516802769e-33,1
30.1,0,1,0.19,0,16.0,-12.9,0.0,0.0,1.489,6.73,0.2202,88.842,0.0,1
180.4,1,2,7.85,7,18.3,-30.57,8.426,0.0,1.422,6.42,0.2259,9.725,1.176189819234612e-22,1
90.5,1,1,24.35,12,5.1,-41.32,10.1,0.0,1.391,7.5,0.246,2.817,0.002425990112505865,0
89.4,1,1,8.55,5,23.2,-31.92,3.473,0.0,1.079,6.82,0.2289,11.379,2.6723701835107573e-30,1
12.5,0,1,12.61,1,11.7,-11.68,1.384,0.0,1.162,7.47,0.2369,139.017,0.0,1
113.4,1,2,18.65,17,-21.8,-24.93,14.254,2.013,1.154,7.07,0.2233,16.884,2.9595697518256342e-64,1
32.8,0,1,13.78,2,22.7,-18.58,4.501,0.0,1.201,6.76,0.2209,27.681,5.833722774238495e-169,1
68.5,1,1,18.59,16,-9.0,-38.28,10.968,1.513,1.321,7.23,0.2401,4.523,3.049251469747087e-06,0
27.5,0,1,16.54,8,15.8,-20.29,5.931,0.0,1.178,6.51,0.2404,18.37,1.1488523521144363e-75,1
14.9,0,1,15.21,0,13.9,-10.68,0.345,0.0,1.012,7.16,0.2203,195.325,0.0,1
49.7,0,1,16.24,3,-8.2,-27.09,6.223,0.0,1.293,7.53,0.2333,4.3,8.537363776901094e-06,0
27.5,0,1,19.98,5,-19.5,-16.1,2.929,0.0,1.102,7.41,0.2323,57.176,0.0,1
65.1,1,1,17.75,10,15.2,-31.58,7.876,0.0,1.517,7.81,0.2443,9.779,6.959042193647178e-23,1
123.7,1,2,19.79,4,25.2,-22.25,5.144,0.0,1.259,6.93,0.2407,21.3,5.6523554214939755e-101,1
36.9,0,1,3.64,1,24.5,-16.64,0.637,0.0,1.229,6.2,0.2254,45.15,0.0,1
52.0,0,1,16.94,2,10.7,-22.12,3.304,0.0,1.209,7.56,0.2289,10.287,4.032858197375208e-25,1
147.0,1,2,18.43,18,-15.2,-30.21,16.188,1.473,1.321,7.7,0.2242,7.964,8.306409035288273e-16,1
148.3,1,2,7.5,6,-9.4,-27.16,7.281,0.0,3.23,6.61,0.2286,13.521,5.876429527997859e-42,1
79.5,1,1,21.86,9,19.1,-36.27,9.53,0.0,1.148,7.16,0.2446,5.485,2.0704116444925978e-08,0
152.9,1,2,7.62,3,-3.3,-24.35,3.973,0.0,1.746,6.73,0.2249,17.499,7.259016926884877e-69,1
158.6,1,2,6.1,6,17.6,-25.75,5.351,0.0,1.533,6.95,0.2217,15.372,1.2635213335328582e-53,1
134.9,1,2,21.68,12,-9.9,-32.2,16.675,4.719,1.145,6.99,0.2227,7.846,2.1511107310038786e-15,1
28.9,0,1,6.18,1,-29.6,-14.23,0.565,0.0,1.075,6.67,0.2265,70.664,0.0,1
96.4,1,1,10.39,10,9.2,-37.11,6.227,0.0,1.543,6.14,0.2231,6.613,1.8849534065611773e-11,0
159.3,1,2,9.2,4,9.1,-25.56,4.706,0.0,1.684,7.49,0.221,15.802,1.4990833385105047e-56,1
134.9,1,2,22.45,30,10.8,-34.29,26.809,0.0,1.021,7.74,0.2415,4.8,7.925179343571703e-07,0
125.8,1,2,11.38,14,-12.6,-26.28,10.08,0.0,1.302,7.36,0.2309,15.623,2.5251169184892305e-55,1
51.0,0,1,17.36,0,22.7,-21.14,0.786,0.0,1.853,7.15,0.2338,13.453,1.4787593126307997e-41,1
131.8,1,2,19.85,23,1.7,-33.66,23.446,0.0,1.286,7.67,0.2425,5.299,5.8256552549244465e-08,0
36.0,0,1,15.7,3,19.6,-18.71,3.204,0.0,1.265,6.73,0.2284,24.135,5.3637485585553344e-129,1
36.6,0,1,23.59,1,9.7,-16.69,0.778,0.0,1.213,7.38,0.2383,44.933,0.0,1
23.1,0,1,20.06,5,-3.0,-16.73,4.638,0.0,1.04,6.88,0.2488,41.777,0.0,1
119.5,1,2,10.01,11,14.2,-22.32,10.184,0.0,1.012,6.84,0.224,22.407,1.6944890244887623e-111,1
10.3,0,1,23.77,0,7.4,-11.67,0.542,0.0,1.048,7.44,0.2245,167.809,0.0,1
8.1,0,1,13.11,1,3.2,-10.74,0.484,0.0,2.109,6.88,0.2275,194.777,0.0,1
47.0,0,1,0.56,0,12.2,-18.22,0.0,0.0,1.429,6.82,0.2204,30.685,4.557229862508386e-207,1
70.1,1,1,6.5,2,-24.4,-26.64,3.097,0.0,1.147,6.92,0.2283,19.613,6.033958857787273e-86,1
32.8,0,1,15.54,0,29.2,-16.94,1.171,0.0,1.071,8.03,0.2314,49.3,0.0,1
169.2,1,2,3.92,3,-8.2,-27.19,3.34,0.0,1.945,6.46,0.224,14.066,3.0589087200287794e-45,1
32.8,0,1,14.6,4,-15.4,-18.14,3.473,0.0,1.094,7.3,0.2334,29.7,3.855008020018628e-194,1
67.3,1,1,9.04,3,20.2,-27.25,2.902,0.0,2.068,6.86,0.2261,18.941,2.598660731066901e-80,1
46.1,0,1,13.36,1,-15.0,-19.83,0.99,0.0,1.304,7.37,0.2363,17.179,1.8936936148937213e-66,1
68.5,1,1,0.05,0,34.7,-22.9,0.0,0.0,1.205,6.82,0.22,29.11,1.3472305851708456e-186,1
43.9,0,1,21.21,7,-2.7,-27.3,7.033,0.0,1.238,7.53,0.244,4.094,2.1184499164147817e-05,0
72.7,1,1,9.05,1,-10.7,-27.77,2.747,0.0,1.018,6.41,0.2287,18.035,5.220699087043106e-73,1
45.0,0,1,3.5,0,-26.0,-18.65,0.453,0.0,1.247,7.09,0.2255,30.162,3.7779121996507696e-200,1
23.1,0,1,10.95,1,-27.3,-17.27,0.478,4.756,1.018,6.56,0.2253,37.299,8.385677640971818e-305,1
56.4,0,1,12.15,5,-23.8,-24.07,2.523,0.0,1.771,6.77,0.2236,7.524,2.662796112334124e-14,1
23.4,0,1,15.94,6,-29.7,-18.39,6.639,0.0,1.093,7.47,0.2275,27.657,1.1413549397315702e-168,1
46.3,0,1,13.11,6,-8.7,-24.98,4.07,0.0,2.151,7.01,0.2249,8.859,4.0333784502459784e-19,1
56.0,0,1,1.09,0,-9.8,-20.79,0.0,0.0,1.295,6.54,0.2216,16.355,2.014533946336833e-60,1
29.1,0,1,21.79,4,-2.0,-21.35,4.506,0.0,2.588,7.69,0.241,18.53,5.9028426753294926e-77,1
17.6,0,1,11.41,1,-14.9,-12.94,2.086,0.0,1.568,7.09,0.229,95.409,0.0,1
131.8,1,2,1.92,1,-25.9,-21.51,1.698,0.0,1.668,6.85,0.2227,26.438,2.515871463430049e-154,1
38.4,0,1,19.32,6,-25.4,-25.26,4.574,4.307,1.059,6.87,0.2223,5.795,3.4249869629425927e-09,0
135.8,1,2,16.5,13,-18.2,-26.56,12.785,1.19,1.182,6.66,0.2297,14.865,2.7893843179735176e-50,1
113.2,1,2,16.24,9,-9.4,-22.73,7.365,0.0,1.931,7.85,0.2286,19.101,1.2314712583922567e-81,1
33.8,0,1,10.67,1,-20.4,-20.68,0.95,3.274,2.549,7.23,0.2352,17.586,1.563705283348473e-69,1
120.6,1,2,10.26,4,-6.3,-23.15,4.442,3.628,2.381,7.16,0.2251,19.741,4.752804669899855e-87,1
32.5,0,1,13.41,2,29.9,-18.67,1.057,0.0,2.533,6.79,0.226,32.86,4.073328703095991e-237,1
87.1,1,1,1.26,0,-13.0,-30.91,0.538,1.817,1.115,6.17,0.222,14.01,6.817219468247987e-45,1
135.2,1,2,7.47,11,-19.1,-24.35,9.406,0.0,1.996,6.98,0.2297,16.695,7.086055302826483e-63,1
120.6,1,2,24.7,6,13.2,-24.53,7.346,0.0,1.12,7.15,0.2474,19.346,1.1019174508777147e-83,1
52.5,0,1,16.55,3,1.9,-23.98,3.922,0.0,1.041,6.97,0.2214,7.025,1.072153037684515e-12,1
91.3,1,1,10.47,8,-26.9,-37.15,6.805,0.0,1.3,7.18,0.2244,5.948,1.360917587703919e-09,0
119.5,1,2,5.56,5,21.2,-20.66,3.199,0.0,1.515,6.61,0.2216,29.404,2.434616596938682e-190,1
28.5,0,1,18.63,5,16.5,-18.11,3.48,0.0,1.267,7.36,0.2437,37.819,0.0,1
108.6,1,1,6.51,3,33.5,-39.61,3.677,0.0,2.646,6.17,0.2291,4.669,1.5152169851918483e-06,0
103.0,1,1,4.06,6,31.0,-36.53,4.182,0.0,1.124,6.23,0.2241,7.189,3.2746536291017396e-13,1
125.2,1,2,3.86,0,8.0,-19.6,0.0,0.0,1.4,7.11,0.225,28.934,2.2026312847543817e-184,1
108.9,1,1,18.23,10,14.6,-45.81,10.379,0.0,1.256,6.91,0.2331,1.912,0.027965446692836324,0
87.1,1,1,16.07,4,-3.4,-31.4,3.72,0.0,1.302,6.13,0.2233,12.759,1.3959636058339902e-37,1
158.9,1,2,1.75,1,27.8,-23.72,0.849,0.0,1.152,6.24,0.2219,22.717,1.5265281849646526e-114,1
43.9,0,1,2.88,0,5.9,-16.97,0.0,0.0,1.039,6.73,0.2238,40.032,0.0,1
32.5,0,1,15.85,8,-8.8,-22.98,8.529,0.0,1.004,7.26,0.2407,9.967,1.0628654619334525e-23,1
116.9,1,2,14.28,5,-29.4,-22.43,5.833,2.037,1.525,7.48,0.225,22.271,3.5105968935320575e-110,1
113.4,1,2,17.15,5,8.1,-20.82,2.371,0.0,1.277,7.24,0.2447,24.947,1.1638726316947183e-137,1
10.3,0,1,4.45,0,4.2,-9.2,0.0,0.0,1.601,6.98,0.2229,253.223,0.0,1
192.4,1,2,18.16,9,22.8,-34.65,9.397,0.0,1.793,6.81,0.2335,5.655,7.81205339861973e-09,0
5.9,0,1,23.4,1,-17.8,-12.23,1.82,0.998,1.266,6.79,0.2377,121.874,0.0,1
80.8,1,1,15.03,3,23.0,-29.38,2.992,0.0,1.431,7.35,0.2251,12.849,4.3670815660256196e-38,1
119.5,1,2,4.9,0,-29.0,-17.26,1.24,0.0,1.052,6.43,0.2242,36.505,4.584233867211141e-292,1
14.9,0,1,16.99,1,8.2,-10.96,0.537,0.0,1.269,7.31,0.2348,155.399,0.0,1
23.5,0,1,8.58,1,-4.2,-12.94,0.956,0.0,1.292,7.15,0.2321,105.275,0.0,1
20.4,0,1,1.23,0,-8.5,-13.12,0.0,0.0,2.53,6.51,0.2219,116.975,0.0,1
78.5,1,1,7.56,4,-1.8,-30.38,3.387,0.0,1.062,6.84,0.2226,14.527,4.059978344653831e-48,1
115.3,1,2,22.64,21,-15.5,-30.47,19.689,4.505,1.044,7.27,0.225,8.778,8.288614069680947e-19,1
36.6,0,1,10.28,0,-18.1,-18.4,0.894,2.003,1.207,7.11,0.2236,33.034,1.3122852571495383e-239,1
14.1,0,1,21.62,1,22.3,-13.04,0.986,0.0,1.853,7.61,0.23,122.181,0.0,1
65.4,1,1,12.72,2,-15.2,-23.94,1.623,0.0,1.493,6.99,0.2306,25.13,1.1829552261451054e-139,1
91.7,1,1,12.92,7,17.9,-36.02,7.07,0.0,1.041,7.15,0.2288,5.537,1.5361146726623112e-08,0
89.4,1,1,0.13,0,16.2,-28.44,0.0,0.0,1.239,6.75,0.22,15.756,3.114698091957274e-56,1
57.0,0,1,15.93,5,-27.8,-30.41,7.943,0.0,1.537,7.67,0.2217,2.028,0.021294973465995848,0
21.5,0,1,2.7,1,27.3,-11.64,0.271,0.0,1.167,6.22,0.223,120.565,0.0,1
88.9,1,1,11.97,3,21.3,-36.8,5.113,0.0,1.18,6.52,0.2348,7.176,3.5910125521866933e-13,1
85.7,1,1,6.51,3,21.7,-31.81,3.802,0.0,1.076,6.62,0.2277,11.364,3.1481952130264566e-30,1
135.5,1,2,9.81,4,22.6,-22.6,3.433,0.0,1.023,6.56,0.2201,25.257,4.761063198296279e-141,1
180.4,1,2,13.43,3,7.9,-29.23,4.699,0.0,1.968,7.12,0.2293,9.985,8.85828741996333e-24,1
108.6,1,1,0.36,0,34.6,-34.33,0.0,0.0,1.843,6.33,0.2205,8.852,4.2973630413756895e-19,1
86.6,1,1,7.11,3,-18.4,-33.24,3.337,0.0,1.036,6.98,0.231,9.676,1.9020985283391847e-22,1
6.0,0,1,24.74,0,-25.3,-10.47,1.254,0.0,1.062,8.07,0.2569,194.361,0.0,1
6.0,0,1,1.43,0,15.8,-7.43,0.0,0.0,1.255,6.4,0.2219,356.755,0.0,1
123.5,1,2,7.98,12,-10.9,-25.0,10.281,0.0,1.306,6.82,0.2279,18.758,8.32377370684216e-79,1
21.5,0,1,8.04,0,9.5,-13.85,0.472,0.0,1.451,6.78,0.2305,110.684,0.0,1
55.1,0,1,9.48,1,-4.5,-21.52,0.563,0.0,1.158,7.31,0.233,14.502,5.893498285645e-48,1
32.9,0,1,17.12,3,-8.3,-18.89,2.37,0.728,1.123,6.9,0.235,26.62,1.9962812700569647e-156,1
81.1,1,1,6.19,3,28.1,-27.88,1.834,0.0,1.507,7.22,0.2212,15.856,6.432433669496629e-57,1
5.9,0,1,11.51,0,-20.8,-7.48,0.0,0.0,1.636,6.09,0.2234,325.953,0.0,1
15.0,0,1,16.12,2,-17.7,-11.72,1.057,0.0,1.008,6.62,0.2369,131.161,0.0,1
56.6,0,1,8.06,6,13.4,-24.0,3.582,0.0,1.241,7.41,0.2277,7.135,4.842928392444416e-13,1
152.9,1,2,23.72,25,20.9,-39.42,28.018,0.0,1.351,6.89,0.2349,3.073,0.0010596692156385715,0
113.4,1,2,24.49,5,24.1,-20.29,4.359,0.0,1.203,7.29,0.2241,26.734,9.394313780306899e-158,1
34.7,0,1,2.99,0,-15.0,-15.26,0.0,0.0,1.032,6.16,0.2213,71.671,0.0,1
91.0,1,1,8.6,6,27.3,-33.13,4.731,0.0,1.51,6.81,0.2329,8.057,3.917662395831977e-16,1
102.0,1,1,5.2,0,9.6,-32.68,0.0,0.0,1.447,6.19,0.2201,11.76,3.125788455044862e-32,1
34.7,0,1,4.67,0,23.5,-16.31,0.847,0.0,1.067,6.36,0.2258,50.451,0.0,1
46.6,0,1,12.27,4,-25.5,-21.95,3.181,0.0,1.185,7.19,0.2318,13.851,6.246738576657928e-44,1
125.5,1,2,14.1,19,-6.8,-25.41,13.546,0.0,1.259,8.01,0.221,14.095,2.0288143384574053e-45,1
123.5,1,2,10.64,8,4.1,-20.29,5.751,0.0,1.298,7.5,0.2268,23.011,1.7938207285900935e-117,1
113.2,1,2,6.81,5,7.5,-20.91,7.44,0.0,1.417,6.78,0.2283,26.645,1.010914606768581e-156,1
79.5,1,1,6.97,2,-23.6,-30.56,3.378,0.605,1.885,7.52,0.2269,12.069,7.669157269067824e-34,1
39.4,0,1,24.8,3,5.0,-22.5,3.403,0.0,1.374,6.91,0.2544,11.69,7.163830040211053e-32,1
33.5,0,1,23.09,1,13.3,-16.77,2.449,0.0,1.048,8.13,0.2533,39.311,0.0,1
26.6,0,1,1.9,1,-6.5,-13.42,0.594,0.0,1.723,6.41,0.2225,83.163,0.0,1
36.9,0,1,16.41,4,2.5,-19.38,3.814,0.0,1.005,7.65,0.2379,19.626,4.6477515442746555e-86,1
50.5,0,1,11.42,1,-11.0,-23.55,0.857,2.46,1.759,7.4,0.2221,8.488,1.0492075598768658e-17,1
181.8,1,2,17.22,10,26.6,-33.37,8.447,0.0,1.118,6.59,0.2398,6.997,1.3052481731008215e-12,1
146.9,1,2,14.92,5,8.9,-26.05,5.692,0.0,1.033,6.41,0.2343,17.0,4.09105025989401e-65,1
72.7,1,1,22.23,8,5.8,-36.43,9.732,0.0,1.32,6.59,0.2326,7.091,6.638465104611994e-13,1
106.3,1,1,1.67,0,31.4,-35.65,0.402,0.0,2.209,7.04,0.222,8.114,2.4462366941266766e-16,1
198.3,1,2,8.74,8,13.2,-33.47,5.577,0.0,1.445,6.57,0.2258,7.064,8.078730349294789e-13,1
50.5,0,1,24.64,11,-11.8,-29.82,8.927,0.0,1.326,7.22,0.2462,1.99,0.023268910712178553,0
10.6,0,1,4.56,0,11.7,-11.13,0.535,0.0,1.684,6.59,0.2248,201.303,0.0,1
47.0,0,1,3.18,0,32.5,-19.23,0.0,0.0,2.06,6.36,0.2236,23.673,3.3967464688090133e-124,1
152.8,1,2,18.22,29,-28.5,-35.65,24.083,0.0,1.454,7.53,0.2301,4.601,2.1021338745708418e-06,0
26.3,0,1,19.44,3,10.7,-17.19,2.297,0.0,1.003,6.94,0.2254,41.454,0.0,1
78.5,1,1,16.81,4,-19.8,-31.78,2.871,0.0,1.571,6.86,0.2387,11.416,1.7306987693041374e-30,1
85.7,1,1,19.4,13,23.1,-41.6,10.117,0.0,1.645,7.9,0.2316,3.178,0.0007404180904057071,0
104.5,1,1,17.34,5,11.6,-39.76,4.19,0.0,1.768,7.23,0.2453,3.825,6.54238832733202e-05,0
59.1,0,1,3.39,2,30.9,-22.23,0.721,0.0,1.068,6.35,0.2251,12.065,8.069477974534074e-34,1
71.8,1,1,15.21,8,13.5,-34.21,7.782,0.0,1.109,6.91,0.2416,9.084,5.2503586201349295e-20,1
68.3,1,1,19.42,1,-28.9,-27.69,1.055,0.0,1.078,7.63,0.2343,17.118,5.416353150970983e-66,1
17.6,0,1,21.64,1,3.2,-12.73,1.465,0.0,1.179,7.78,0.2507,103.262,0.0,1
11.2,0,1,6.16,0,28.7,-9.33,0.0,0.0,1.249,6.69,0.2203,258.913,0.0,1
135.2,1,2,3.19,1,-14.9,-21.05,1.849,0.0,1.832,6.54,0.2234,27.328,9.727168050371825e-165,1
22.8,0,1,19.53,3,-24.6,-17.07,2.156,0.0,1.032,7.1,0.2491,48.649,0.0,1
27.5,0,1,6.41,2,16.8,-14.33,0.92,0.0,1.141,6.59,0.2201,76.663,0.0,1
39.4,0,1,0.8,0,2.7,-15.27,0.0,0.0,1.011,6.74,0.2209,55.33,0.0,1
148.3,1,2,20.63,18,-26.9,-32.02,17.007,0.0,1.154,8.46,0.2389,6.018,8.807196083050455e-10,0
100.3,1,1,12.65,7,-11.8,-40.26,7.843,1.533,1.184,6.47,0.2215,4.125,1.850686751142117e-05,0
126.5,1,2,8.17,4,-8.8,-20.45,2.572,0.0,1.209,6.22,0.2228,29.46,4.748507986248712e-191,1
24.4,0,1,0.29,0,13.4,-11.57,0.0,0.0,1.374,6.46,0.2201,144.118,0.0,1
112.4,1,2,0.88,1,0.7,-16.82,0.546,0.0,1.311,7.04,0.221,35.917,8.276554379347125e-283,1
90.9,1,1,19.82,9,1.7,-43.24,11.79,0.0,1.623,6.97,0.2433,2.311,0.010417614723902718,0
32.9,0,1,12.24,4,22.4,-18.16,3.283,0.0,1.338,6.87,0.2379,25.588,1.0386654850234449e-144,1
83.5,1,1,3.74,1,-11.9,-26.92,0.441,0.0,1.403,6.53,0.2246,18.697,2.641739081720234e-78,1
113.4,1,2,8.96,12,13.7,-21.23,8.388,0.0,1.03,7.48,0.2305,21.734,4.85365331301889e-105,1
38.4,0,1,4.13,0,-6.1,-16.49,0.0,0.0,1.185,6.37,0.2228,50.845,0.0,1
57.0,0,1,2.82,0,-2.8,-20.9,0.523,0.0,1.31,6.43,0.2207,13.148,8.689863066475661e-40,1
125.8,1,2,6.91,2,6.1,-20.57,1.928,0.0,2.006,6.74,0.2244,29.597,8.145860622268998e-193,1
95.8,1,1,13.74,2,15.2,-32.2,2.966,0.0,1.078,7.6,0.2222,10.177,1.2551019511929207e-24,1
131.8,1,2,5.25,2,31.4,-20.01,2.025,0.0,1.38,6.34,0.2267,30.631,2.3478031131714785e-206,1
13.1,0,1,8.59,0,-12.5,-9.18,0.0,0.0,1.052,7.41,0.226,257.792,0.0,1
39.5,0,1,11.95,0,-23.3,-17.48,0.0,1.37,1.486,7.64,0.2347,30.763,4.129944275048834e-208,1
141.4,1,2,10.5,12,-2.1,-27.17,8.668,0.0,1.025,7.29,0.2351,13.952,1.5201899551422198e-44,1
135.2,1,2,3.22,2,5.5,-20.35,2.589,0.0,1.26,6.07,0.2217,28.471,1.3383313737022446e-178,1
51.0,0,1,0.97,0,-15.2,-22.46,0.0,4.137,1.159,6.53,0.2206,10.61,1.3435135014026923e-26,1
123.5,1,2,0.89,1,27.9,-19.04,0.725,0.0,1.093,6.36,0.2203,36.213,1.887880882594139e-287,1
46.9,0,1,8.75,1,21.9,-20.98,1.637,0.0,1.174,6.3,0.2298,17.57,2.0975484183200476e-69,1
11.4,0,1,17.97,3,2.1,-13.08,1.572,0.0,1.97,7.22,0.2265,127.554,0.0,1
5.9,0,1,3.28,0,-0.7,-7.77,0.0,0.0,1.17,6.54,0.2217,367.012,0.0,1
42.0,0,1,19.67,6,-27.4,-24.05,4.962,0.0,1.363,8.09,0.2386,7.488,3.5022130730881024e-14,1
80.8,1,1,17.89,4,4.9,-34.05,7.65,0.0,1.237,7.66,0.232,6.891,2.765181958930265e-12,1
86.6,1,1,0.1,0,8.7,-27.4,0.0,0.0,1.124,6.47,0.22,19.89,2.4745558654861775e-88,1
33.8,0,1,0.67,0,28.0,-14.42,0.0,0.0,1.028,6.2,0.2205,70.442,0.0,1
159.0,1,2,4.88,2,2.6,-25.28,2.191,0.0,2.054,6.54,0.2233,17.859,1.228612047768994e-71,1
137.8,1,2,1.4,0,-19.8,-22.99,0.0,3.588,1.093,6.95,0.2218,23.284,3.203064924392817e-120,1
108.9,1,1,13.28,8,-18.3,-42.44,6.434,0.0,1.767,8.03,0.2284,2.545,0.005464035427623504,0
159.3,1,2,0.99,0,-19.6,-23.71,0.253,1.894,1.384,6.77,0.2216,19.257,6.216710602824564e-83,1
27.5,0,1,20.07,4,31.0,-15.28,1.738,0.0,1.921,6.36,0.2271,67.557,0.0,1
45.1,0,1,12.32,5,21.6,-21.77,2.356,0.0,1.019,6.52,0.2293,14.959,6.843233744766367e-51,1
43.9,0,1,18.2,6,23.6,-22.6,4.74,0.0,1.154,6.29,0.2419,10.226,7.615977297679316e-25,1
17.9,0,1,18.77,3,24.6,-16.92,5.027,0.0,1.382,6.4,0.2276,37.69,0.0,1
21.1,0,1,12.67,1,-23.8,-13.36,0.959,0.0,1.015,6.92,0.225,103.872,0.0,1
12.0,0,1,23.13,2,15.6,-11.11,0.905,0.0,1.091,6.66,0.2399,170.099,0.0,1
34.9,0,1,24.76,1,15.8,-18.73,1.222,0.0,1.276,7.02,0.24,27.058,1.5505303680307887e-161,1
55.1,0,1,8.98,1,-15.4,-21.44,1.774,0.0,1.122,6.87,0.2331,10.894,6.179700208076773e-28,1
135.8,1,2,3.15,1,1.9,-21.55,1.47,0.0,1.433,7.12,0.2238,24.693,6.315413055956617e-135,1
27.5,0,1,9.08,0,13.1,-13.35,0.0,0.0,2.117,6.58,0.2242,81.445,0.0,1
86.6,1,1,5.58,1,28.3,-27.19,0.428,0.0,1.473,6.39,0.2212,19.651,2.850821897316268e-86,1
70.1,1,1,13.28,1,-22.8,-27.54,3.982,0.0,1.52,7.13,0.2255,15.734,4.439845940796786e-56,1
100.3,1,1,9.46,0,28.0,-33.39,1.489,0.0,1.987,6.71,0.2257,8.374,2.7857322120156423e-17,1
16.3,0,1,12.01,0,30.0,-11.23,0.0,0.0,1.651,7.09,0.2216,141.027,0.0,1
112.4,1,2,19.08,11,30.0,-22.84,9.585,0.0,1.102,7.99,0.2276,18.324,2.655143227527181e-75,1
46.1,0,1,6.85,0,-29.7,-22.71,0.0,4.791,1.104,6.93,0.2288,11.095,6.601656875417642e-29,1
48.3,0,1,13.44,1,-15.6,-22.06,1.769,2.652,1.013,7.24,0.232,10.02,6.202791244692633e-24,1
55.1,0,1,8.38,4,14.9,-22.73,3.308,0.0,1.089,6.99,0.2205,7.928,1.1158898909925378e-15,1
79.8,1,1,19.62,10,-9.1,-38.87,7.278,4.883,1.5,7.19,0.2204,4.737,1.0823497446857996e-06,0
23.5,0,1,15.99,1,-26.0,-14.88,0.57,0.0,1.647,7.96,0.2297,73.298,0.0,1
80.8,1,1,0.21,0,19.6,-27.64,0.0,0.0,1.34,6.76,0.22,19.528,3.1580588048446783e-85,1
68.5,1,1,16.5,1,-28.1,-25.15,2.055,0.0,1.205,7.28,0.2282,21.525,4.543815451020742e-103,1
27.5,0,1,4.25,0,-1.0,-14.32,0.0,0.0,1.058,6.28,0.2215,97.938,0.0,1
14.9,0,1,18.11,1,31.6,-12.21,0.829,0.0,1.506,6.86,0.2331,122.612,0.0,1
124.7,1,2,14.18,7,-1.4,-25.96,12.349,0.0,1.354,7.05,0.2319,15.079,1.1206648621394415e-51,1
12.0,0,1,10.04,0,29.3,-9.73,0.486,0.0,1.069,6.67,0.2303,205.272,0.0,1
36.9,0,1,17.35,4,-3.4,-21.46,4.489,0.0,1.013,7.1,0.2311,17.577,1.8528775326943796e-69,1
29.1,0,1,21.41,1,-7.5,-17.77,2.549,0.0,1.056,8.53,0.2394,35.584,1.229854033243584e-277,1
46.6,0,1,19.47,14,-23.0,-30.86,11.012,0.701,1.444,6.17,0.2385,1.627,0.051899700228635576,0
13.1,0,1,13.63,0,-6.7,-11.73,0.0,0.0,1.471,7.29,0.2269,158.378,0.0,1
45.1,0,1,18.07,4,-8.1,-22.44,4.209,0.0,1.091,7.47,0.2281,10.993,2.0670157159991324e-28,1
36.0,0,1,10.35,4,25.0,-19.79,3.758,0.0,1.361,6.25,0.2304,20.986,4.3718649932308767e-98,1
21.5,0,1,19.73,3,29.8,-14.2,3.15,0.0,1.016,7.68,0.2267,70.656,0.0,1
171.3,1,2,20.73,15,-28.6,-33.73,14.437,0.0,1.816,7.66,0.2225,5.471,2.237654639621663e-08,0
89.4,1,1,3.43,2,-23.6,-32.5,1.843,2.874,1.297,7.24,0.2207,9.14,3.1104430877306154e-20,1
103.0,1,1,5.95,5,11.8,-38.77,6.355,0.0,1.762,6.49,0.223,4.595,2.1666081041662106e-06,0
27.5,0,1,6.75,1,1.5,-15.28,0.824,0.0,1.158,6.66,0.2299,69.193,0.0,1
91.7,1,1,4.15,0,-10.7,-29.39,0.0,0.0,1.083,6.45,0.2233,15.642,1.871809428360251e-55,1
169.2,1,2,9.81,11,-13.1,-31.56,13.901,0.0,1.012,6.79,0.2249,8.099,2.7801817302445885e-16,1
125.2,1,2,4.83,1,-15.4,-19.74,1.276,0.0,1.097,6.28,0.2251,31.234,1.8564507751872428e-214,1
169.8,1,2,14.89,11,4.2,-31.36,10.602,0.0,1.083,7.27,0.2232,8.318,4.4837530366697166e-17,1
22.2,0,1,2.54,0,-28.9,-11.15,0.0,0.0,1.01,6.56,0.2239,154.171,0.0,1
22.0,0,1,6.75,0,18.0,-11.05,0.0,0.0,1.242,6.15,0.2301,143.389,0.0,1
27.5,0,1,16.64,3,-10.5,-18.46,3.557,0.0,1.238,7.88,0.2358,30.23,4.713650606495752e-201,1
113.4,1,2,9.96,4,-2.3,-19.95,2.073,0.0,1.864,7.54,0.2218,29.155,3.599266652242721e-187,1
107.4,1,1,10.54,4,4.3,-37.5,2.36,0.0,1.033,7.68,0.2346,5.202,9.841047649448747e-08,0
108.9,1,1,19.95,5,-16.3,-38.44,3.22,0.0,1.56,6.19,0.2236,5.385,3.629121037332719e-08,0
34.5,0,1,24.61,3,27.4,-18.96,2.562,0.0,1.049,7.98,0.2249,25.056,7.572490041343552e-139,1
52.3,0,1,14.13,4,14.3,-23.92,3.104,0.0,1.003,7.04,0.2352,8.585,4.5568052368887216e-18,1
125.5,1,2,1.98,2,26.6,-19.05,1.236,0.0,1.367,6.69,0.2221,30.688,4.151084549983372e-207,1
146.9,1,2,2.57,0,0.9,-21.68,0.662,0.0,2.058,6.17,0.2209,25.215,1.3572602896796965e-140,1
119.5,1,2,24.21,27,-1.9,-32.62,24.988,0.0,1.239,6.78,0.2449,7.008,1.208437219008192e-12,1
55.1,0,1,16.98,4,-14.6,-29.76,4.155,4.219,1.217,7.58,0.2439,1.934,0.026569521562699896,0
78.8,1,1,18.81,14,5.4,-38.57,10.219,0.0,1.009,6.73,0.2435,5.299,5.827351991383878e-08,0
152.8,1,2,16.89,11,8.6,-28.58,9.242,0.0,1.824,6.91,0.2267,11.661,1.0086823205235128e-31,1
12.3,0,1,4.49,0,-2.7,-9.39,0.0,0.0,1.141,6.62,0.2224,230.068,0.0,1
69.2,1,1,11.21,2,-20.6,-28.32,3.288,0.0,1.428,6.73,0.2368,16.162,4.676921669386842e-59,1
46.9,0,1,19.95,1,-12.2,-21.16,1.37,0.0,1.777,7.25,0.2341,16.837,6.493694954754622e-64,1
29.1,0,1,21.66,1,-29.1,-17.35,1.597,0.0,1.07,6.8,0.2485,38.05,0.0,1
32.5,0,1,5.93,1,-9.3,-18.54,0.477,2.029,1.555,7.11,0.2205,34.398,1.3538155795687658e-259,1
122.3,1,2,14.9,6,7.7,-21.67,6.309,0.0,1.203,7.35,0.2207,22.223,1.0390341110957367e-109,1
95.8,1,1,3.93,0,32.1,-29.94,0.0,0.0,1.021,6.21,0.221,14.634,8.565738994542824e-49,1
22.8,0,1,23.96,6,-18.4,-17.99,3.507,0.0,1.501,6.71,0.2302,34.087,5.6571800742190785e-255,1
51.0,0,1,6.31,2,-26.4,-21.64,1.675,0.0,1.492,6.95,0.2289,12.182,1.930771312982918e-34,1
29.1,0,1,18.17,2,-10.7,-18.28,3.537,0.0,1.071,6.96,0.2241,31.858,5.044771420479981e-223,1
113.2,1,2,5.78,3,-19.8,-18.71,2.977,0.0,1.307,6.73,0.2275,32.259,1.3224427784756335e-228,1
169.8,1,2,15.4,6,15.2,-26.49,3.12,0.0,1.252,7.47,0.236,12.63,7.182967929380306e-37,1
56.9,0,1,16.48,4,-29.6,-29.05,5.355,2.476,1.029,7.5,0.2322,2.274,0.011474126264562698,0
23.2,0,1,8.21,4,33.8,-14.37,2.177,0.0,1.127,7.39,0.2265,77.608,0.0,1
88.9,1,1,20.47,1,25.6,-31.69,0.967,0.0,1.262,7.0,0.2378,11.22,1.6189515721273394e-29,1
46.3,0,1,22.13,8,1.9,-25.95,7.545,0.0,1.219,7.28,0.2301,5.056,2.140302703141844e-07,0
169.8,1,2,21.38,28,29.9,-39.88,23.663,0.0,1.051,6.64,0.2456,2.727,0.003199513154115625,0
148.1,1,2,8.27,8,10.8,-25.11,6.305,0.0,1.173,7.19,0.2221,15.889,3.79438358181337e-57,1
63.5,0,1,18.61,6,34.6,-27.95,5.416,0.0,1.207,6.82,0.2246,2.714,0.003321901095744228,0
56.0,0,1,13.99,5,-11.9,-25.37,3.318,0.0,1.335,6.89,0.2332,5.949,1.3485664501544197e-09,0
12.1,0,1,14.82,1,34.8,-11.11,0.899,0.0,1.328,7.56,0.2271,151.396,0.0,1
8.1,0,1,11.94,0,-18.3,-8.87,0.0,0.0,1.65,7.0,0.2206,285.44,0.0,1
145.8,1,2,15.01,8,-7.0,-27.28,6.599,2.14,1.553,6.96,0.2346,13.237,2.6745737059326365e-40,1
33.4,0,1,3.39,1,30.8,-16.1,0.773,0.0,1.408,7.21,0.2241,52.588,0.0,1
122.3,1,2,10.22,10,-5.9,-23.66,9.897,0.0,1.148,7.69,0.2303,17.699,2.1501849669299272e-70,1
52.5,0,1,4.44,1,-16.4,-24.05,0.435,3.885,1.122,7.29,0.2235,8.803,6.68097018821678e-19,1
30.1,0,1,7.0,1,-26.1,-14.85,0.44,0.0,1.117,6.66,0.2278,74.049,0.0,1
42.0,0,1,3.2,0,-20.3,-19.08,0.0,1.286,1.549,6.09,0.2225,28.458,1.963168907961141e-178,1
56.9,0,1,5.31,3,-6.9,-22.97,1.57,0.759,1.182,7.06,0.2253,9.081,5.3916395676485123e-20,1
56.9,0,1,19.55,1,-2.6,-22.47,1.225,0.0,1.676,7.15,0.2323,9.587,4.547642184868437e-22,1
46.9,0,1,13.75,6,5.3,-25.59,6.265,0.0,1.638,6.55,0.2351,5.026,2.505073667328437e-07,0
22.8,0,1,0.59,0,22.9,-12.26,0.0,0.0,1.266,6.55,0.2208,138.116,0.0,1
135.2,1,2,19.71,15,-29.1,-30.08,10.744,2.479,2.332,7.33,0.2426,9.567,5.485640801276492e-22,1
34.7,0,1,22.74,4,24.7,-19.13,3.016,0.0,1.83,8.45,0.2403,22.833,1.0789146431371298e-115,1
87.1,1,1,22.01,7,7.5,-36.84,6.311,0.0,1.711,7.87,0.2248,5.492,1.989009648507812e-08,0
95.8,1,1,20.58,4,19.2,-33.51,3.51,0.0,1.496,7.07,0.2228,8.544,6.48617679789429e-18,1
32.5,0,1,24.81,4,19.2,-20.45,4.732,0.0,1.073,7.7,0.2206,18.441,3.098977551309495e-76,1
103.0,1,1,14.66,4,28.7,-37.81,3.016,0.0,1.728,7.14,0.2308,5.124,1.4958594079342886e-07,0
32.5,0,1,24.06,2,-23.9,-19.77,2.904,0.0,1.444,7.92,0.2303,23.327,1.1680574998910761e-120,1
56.4,0,1,23.72,11,7.1,-29.64,9.525,0.0,1.022,8.05,0.226,1.782,0.03736895534121789,0
152.9,1,2,7.83,7,29.1,-26.1,6.445,0.0,1.083,6.11,0.223,15.834,9.111036987074077e-57,1
36.9,0,1,21.59,4,16.7,-20.05,2.616,0.0,1.633,7.81,0.2512,19.1,1.2700728116935256e-81,1
36.0,0,1,19.81,2,-23.7,-16.3,1.597,0.0,1.235,7.69,0.2271,43.368,0.0,1
126.5,1,2,19.39,21,9.9,-29.88,18.621,0.0,1.855,8.24,0.2354,7.609,1.3798244371318332e-14,1
56.0,0,1,22.41,9,22.0,-31.66,8.426,0.0,1.225,7.69,0.253,1.287,0.09899355802899762,0
78.8,1,1,9.6,4,-12.1,-30.05,2.869,0.0,1.802,6.86,0.2222,14.74,1.783140642018351e-49,1
33.4,0,1,10.0,2,11.1,-16.38,1.124,0.0,1.306,7.1,0.2236,49.581,0.0,1
102.0,1,1,16.0,8,24.6,-41.62,7.751,0.0,1.46,6.56,0.2342,3.171,0.0007604197271054349,0
181.8,1,2,18.45,32,4.1,-44.85,31.985,0.0,1.334,6.89,0.2401,1.401,0.08055763454249731,0
64.6,0,1,21.99,13,-17.4,-36.61,10.844,0.0,1.451,8.26,0.2485,0.42,0.3371407977631478,0
13.1,0,1,21.9,2,5.7,-14.6,3.643,0.0,1.891,6.78,0.2417,85.848,0.0,1
135.8,1,2,18.03,9,8.2,-27.65,11.933,0.0,1.126,6.93,0.2207,13.106,1.5192539035451082e-39,1
102.0,1,1,23.92,19,-3.8,-50.31,17.427,0.0,1.317,8.54,0.2278,0.771,0.22038232349684306,0
108.9,1,1,4.47,1,14.2,-34.67,1.435,0.0,1.009,6.72,0.2237,7.584,1.6699018049727186e-14,1
125.8,1,2,23.76,5,-1.8,-24.97,6.614,0.0,1.44,6.99,0.2245,17.942,2.7857567827557455e-72,1
61.9,0,1,1.6,0,27.0,-23.16,1.285,0.0,2.283,6.09,0.2203,7.526,2.6204340858624743e-14,1
46.1,0,1,13.89,7,21.5,-23.4,4.346,0.0,1.442,6.44,0.2369,8.971,1.465096924117711e-19,1
52.3,0,1,2.25,0,22.3,-20.0,0.0,0.0,1.135,6.73,0.2225,19.462,1.150329727897744e-84,1
69.5,1,1,14.2,0,4.2,-24.03,0.0,0.0,1.145,6.42,0.2243,26.333,4.0189551097918966e-153,1
106.3,1,1,9.75,5,-17.2,-37.75,4.369,0.0,1.056,6.82,0.2276,5.547,1.4562671128448628e-08,0
86.6,1,1,2.04,1,17.1,-28.86,0.527,0.0,1.3,6.5,0.223,17.265,4.3117078682264923e-67,1
24.4,0,1,16.2,4,-25.5,-17.6,3.194,0.0,1.579,6.75,0.2349,34.294,4.790362137189114e-258,1
74.0,1,1,18.28,5,3.6,-31.87,3.604,0.0,1.438,7.45,0.2398,11.196,2.1398204438989836e-29,1
21.5,0,1,4.35,0,-26.6,-12.52,0.396,0.0,1.195,6.38,0.2248,115.03,0.0,1
10.3,0,1,17.36,0,4.3,-10.77,0.485,0.0,1.176,7.64,0.2309,210.998,0.0,1
16.5,0,1,4.48,0,14.6,-10.6,0.0,0.0,1.128,6.39,0.2255,179.209,0.0,1
123.5,1,2,3.43,2,-2.8,-19.57,1.818,0.0,1.774,6.92,0.2205,29.224,4.7850849258015927e-188,1
125.2,1,2,3.68,0,-2.9,-17.58,0.0,0.0,1.02,6.63,0.2234,34.666,1.2797622645920964e-263,1
60.4,0,1,14.98,4,-22.0,-23.52,2.845,0.0,1.164,7.47,0.2297,7.476,3.8217086815700895e-14,1
46.6,0,1,19.47,2,-10.4,-23.36,1.941,1.888,1.149,6.95,0.2458,9.222,1.4633549101115355e-20,1
96.0,1,1,14.92,12,-1.1,-44.11,11.222,0.0,1.33,6.88,0.2339,2.213,0.013452226581246344,0
78.5,1,1,20.23,9,26.1,-33.51,7.723,0.0,1.512,7.15,0.2283,8.843,4.679935057492374e-19,1
11.4,0,1,14.79,1,28.4,-11.03,0.607,0.0,1.219,7.29,0.2369,186.616,0.0,1
20.4,0,1,19.93,0,32.0,-14.0,0.727,0.0,1.517,7.1,0.2318,98.106,0.0,1
80.8,1,1,24.41,6,-23.5,-36.04,5.512,1.526,1.139,8.82,0.2489,5.068,2.00717054703009e-07,0
104.5,1,1,9.77,2,-10.7,-34.82,1.791,0.0,1.189,6.78,0.2219,7.776,3.7406930582276085e-15,1
101.9,1,1,3.75,2,0.1,-34.73,2.169,0.0,1.547,6.55,0.2221,8.093,2.916249336071271e-16,1
22.8,0,1,3.38,0,11.7,-12.32,0.0,0.0,1.659,6.57,0.2229,109.142,0.0,1
164.9,1,2,14.94,12,15.7,-33.86,14.801,0.0,1.007,7.15,0.2228,6.16,3.6288266947834294e-10,0
102.0,1,1,13.68,8,21.1,-41.92,7.141,0.0,2.453,6.91,0.2303,3.368,0.0003791912844377744,0
59.1,0,1,4.61,1,2.2,-20.76,0.389,0.0,1.02,7.0,0.2261,14.619,1.0672083332032668e-48,1
11.4,0,1,22.05,0,6.2,-10.8,0.0,0.0,1.738,7.71,0.2221,200.158,0.0,1
45.5,0,1,23.92,2,32.4,-22.2,1.612,0.0,2.68,6.69,0.2357,12.027,1.2752564427000761e-33,1
112.4,1,2,6.33,4,-14.4,-19.33,2.166,0.853,1.078,7.08,0.2278,30.719,1.565309668795746e-207,1
14.9,0,1,5.17,1,22.2,-9.4,0.588,0.0,1.22,6.37,0.2209,215.427,0.0,1
91.7,1,1,5.35,3,16.3,-29.18,1.367,0.0,1.081,7.05,0.2204,13.862,5.384410887890707e-44,1
32.9,0,1,9.69,1,-20.9,-18.27,1.173,0.0,2.835,6.4,0.2274,30.866,1.7189615350864407e-209,1
131.8,1,2,21.33,8,30.2,-26.45,9.868,0.0,1.089,6.23,0.2503,14.308,9.719815053964705e-47,1
87.1,1,1,14.9,7,25.6,-35.64,5.531,0.0,1.479,6.75,0.2347,7.072,7.643863966035526e-13,1
12.5,0,1,1.69,0,20.7,-8.44,0.0,0.0,1.291,6.51,0.2222,261.896,0.0,1
90.5,1,1,11.82,7,-21.8,-40.1,5.246,4.204,1.047,7.16,0.2371,4.207,1.295879918159679e-05,0
49.7,0,1,2.26,1,-20.9,-19.38,0.745,0.0,1.363,6.43,0.2222,22.084,2.2287631716142638e-108,1
52.3,0,1,10.16,4,14.4,-22.76,3.707,0.0,1.047,6.31,0.2211,9.558,5.990116388927724e-22,1
80.8,1,1,10.09,4,-23.0,-31.55,2.464,0.699,1.616,6.94,0.222,11.842,1.1900405168038463e-32,1
65.1,1,1,16.21,1,-22.6,-25.25,0.651,0.0,1.039,6.64,0.2379,24.665,1.2682115102197438e-134,1
101.9,1,1,13.74,11,-4.0,-42.78,11.152,0.0,1.078,7.14,0.2337,2.43,0.007547059702780196,0
22.8,0,1,21.87,0,-29.7,-15.19,1.365,0.0,2.082,8.55,0.2281,68.847,0.0,1
76.0,1,1,0.41,0,16.9,-25.01,0.0,0.0,1.015,6.59,0.2205,24.389,1.1120593138306708e-131,1
88.9,1,1,19.35,5,5.1,-37.04,7.66,0.0,1.635,7.94,0.227,4.77,9.197357567489389e-07,0
120.6,1,2,0.57,1,-24.9,-18.43,0.861,0.0,1.282,6.12,0.221,36.672,1.0390153116177445e-294,1
81.1,1,1,7.61,4,5.3,-29.91,4.034,0.0,1.319,6.58,0.2242,12.748,1.5918616570364359e-37,1
28.5,0,1,21.99,3,-26.5,-17.72,4.533,0.0,1.262,6.86,0.2437,27.737,1.2536856959507377e-169,1
131.8,1,2,17.26,13,-25.4,-29.16,14.914,0.0,1.131,6.62,0.2382,11.113,5.42821283267095e-29,1
181.8,1,2,4.3,9,1.6,-30.34,6.236,0.0,2.518,6.73,0.2253,9.618,3.3642778612781953e-22,1
93.8,1,1,12.27,8,2.5,-37.53,6.016,0.0,1.163,7.69,0.2252,5.577,1.2260874525562757e-08,0
76.0,1,1,18.05,7,-8.0,-32.84,6.06,0.855,1.214,7.35,0.231,9.099,4.541793577554381e-20,1
80.8,1,1,23.43,15,10.4,-40.4,12.375,0.0,1.444,6.98,0.228,3.84,6.150882256652918e-05,0
22.0,0,1,15.86,2,-4.8,-15.15,1.812,0.0,1.016,7.1,0.2326,63.461,0.0,1
45.0,0,1,0.62,0,8.2,-20.3,0.66,0.0,2.799,7.0,0.22,18.625,1.0021691571341063e-77,1
142.3,1,2,12.49,10,-7.3,-27.08,9.636,0.0,1.964,6.95,0.2369,14.848,3.564006846777849e-50,1
123.7,1,2,3.82,4,16.5,-20.68,2.784,0.0,1.699,6.44,0.2219,29.154,3.743304185528079e-187,1
180.4,1,2,1.19,1,7.7,-25.08,0.745,0.0,1.039,6.37,0.2206,17.193,1.4992769804010483e-66,1
169.8,1,2,14.96,5,-19.6,-27.88,3.008,0.0,1.301,6.9,0.2296,12.222,1.1857406006854155e-34,1
106.3,1,1,19.42,13,14.6,-44.51,10.956,0.0,1.406,7.43,0.2296,1.987,0.02344467919741306,0
81.4,1,1,0.9,0,21.0,-26.56,0.0,0.0,1.118,6.83,0.2209,21.034,1.5963859650947487e-98,1
17.6,0,1,19.59,4,-25.7,-16.78,2.305,1.2,1.198,6.12,0.248,54.472,0.0,1
52.5,0,1,17.66,9,9.6,-29.87,7.061,0.0,1.891,8.0,0.2335,2.217,0.013327730962508645,0
10.3,0,1,18.8,0,21.4,-10.29,0.0,0.0,1.482,7.68,0.2428,226.019,0.0,1
35.8,0,1,6.12,0,-22.5,-16.47,0.543,0.0,1.228,6.32,0.2235,56.067,0.0,1
87.1,1,1,9.84,6,28.6,-35.32,5.781,0.0,1.063,7.13,0.2261,7.002,1.2612392698890555e-12,1
6.0,0,1,2.99,0,-3.0,-9.4,0.0,0.0,1.51,6.66,0.2241,323.776,0.0,1
69.2,1,1,5.97,3,18.0,-24.64,1.85,0.0,1.501,6.65,0.2205,24.806,3.826187205692398e-136,1
45.5,0,1,7.57,0,28.4,-18.72,0.458,0.0,1.214,7.01,0.2257,30.956,1.0537348654008313e-210,1
68.5,1,1,7.99,1,34.3,-27.68,1.462,0.0,1.28,6.66,0.23,20.843,8.749141203734317e-97,1
52.5,0,1,4.38,1,8.0,-21.34,0.81,0.0,1.559,6.58,0.224,15.739,4.0675459052657517e-56,1
34.7,0,1,4.72,1,15.8,-16.79,1.071,0.0,1.224,6.8,0.2207,50.558,0.0,1
10.3,0,1,22.54,1,-13.6,-11.09,0.757,0.0,1.112,7.08,0.2223,180.873,0.0,1
22.2,0,1,19.6,4,-11.1,-15.7,2.738,0.0,1.311,7.39,0.2461,57.1,0.0,1
33.4,0,1,8.61,1,25.3,-16.54,2.279,0.0,1.055,6.89,0.2252,45.764,0.0,1
16.5,0,1,23.69,2,-4.1,-14.24,2.977,0.0,1.007,7.91,0.2365,79.906,0.0,1
57.0,0,1,5.97,1,23.5,-22.03,0.723,0.0,1.24,6.49,0.2216,14.204,4.353767427123711e-46,1
65.1,1,1,10.17,1,-26.7,-28.57,0.525,3.394,1.534,7.01,0.2277,16.171,4.046078988968719e-59,1
39.4,0,1,20.34,5,-15.8,-24.87,4.728,3.532,1.138,6.97,0.233,5.977,1.133340013320676e-09,0
24.4,0,1,11.07,1,-18.9,-14.56,1.42,0.0,1.058,7.2,0.2334,80.475,0.0,1
13.1,0,1,5.87,0,4.3,-11.48,0.0,0.0,1.103,7.03,0.2208,202.702,0.0,1
101.2,1,1,9.21,2,-24.8,-34.67,1.006,2.104,1.055,6.96,0.2293,7.98,7.33649748099698e-16,1
39.4,0,1,12.52,1,-7.6,-18.24,0.506,1.518,1.258,6.76,0.2384,26.792,1.9823836530995905e-158,1
12.3,0,1,15.52,0,34.1,-9.87,0.0,0.0,1.142,6.37,0.2267,237.4,0.0,1
102.0,1,1,10.14,3,21.6,-35.2,1.892,0.0,1.396,7.26,0.231,6.74,7.897858474454462e-12,1
19.5,0,1,10.78,0,19.4,-13.45,0.615,0.0,1.819,6.72,0.2215,110.316,0.0,1
169.2,1,2,6.6,2,-21.2,-28.06,1.013,3.646,1.276,6.69,0.2252,13.163,7.183899943702984e-40,1
145.8,1,2,13.38,4,-6.3,-25.54,6.024,0.0,1.627,6.78,0.2274,15.89,3.7121108535263254e-57,1
46.9,0,1,5.49,1,14.2,-19.28,1.28,0.0,1.155,7.26,0.2259,21.157,1.1842586753624785e-99,1
136.4,1,2,21.69,21,-28.6,-33.05,19.83,0.0,1.071,6.6,0.2517,6.703,1.0201793802885604e-11,0
97.4,1,1,18.68,10,-1.8,-46.78,12.719,0.0,1.181,7.37,0.2414,1.381,0.08358899215832938,0
27.5,0,1,10.26,0,30.4,-14.43,0.0,0.0,2.33,6.5,0.2229,72.581,0.0,1
97.4,1,1,18.68,9,-24.6,-41.92,6.655,0.0,1.484,7.09,0.2434,3.051,0.0011399390844023258,0
102.0,1,1,0.17,0,28.9,-31.26,0.0,0.0,1.072,6.36,0.22,11.706,5.966363535209902e-32,1
123.7,1,2,8.61,2,-17.4,-20.7,1.702,0.0,1.027,6.64,0.2292,27.945,3.7697484486226265e-172,1
27.5,0,1,11.01,3,-17.7,-16.72,3.726,0.0,1.113,6.89,0.2211,36.829,3.213428481013074e-297,1
17.6,0,1,11.74,0,-17.3,-11.46,0.0,0.0,1.29,7.37,0.2351,166.1,0.0,1
141.4,1,2,18.72,18,30.5,-29.08,12.669,0.0,1.063,7.17,0.245,10.047,4.738787936258115e-24,1
125.8,1,2,24.07,15,9.2,-28.46,14.667,0.0,1.117,7.4,0.2435,11.88,7.516791321859923e-33,1
69.5,1,1,9.5,3,18.8,-26.72,2.355,0.0,2.003,6.91,0.2235,20.105,3.335752552112183e-90,1
15.0,0,1,8.76,0,-6.2,-10.2,0.0,0.0,1.147,6.81,0.2227,203.268,0.0,1
59.1,0,1,15.26,1,26.8,-23.71,0.916,0.0,1.058,6.84,0.2251,9.162,2.5480444116157556e-20,1
158.9,1,2,7.03,12,7.8,-29.51,11.97,0.0,1.269,6.23,0.2233,11.828,1.3985148464102937e-32,1
52.0,0,1,3.53,1,9.0,-21.38,1.457,0.0,1.252,6.87,0.2227,15.136,4.656060321103249e-52,1
98.6,1,1,24.04,21,18.9,-43.54,13.641,0.0,1.398,6.34,0.2219,2.462,0.0069174486444093216,0
187.7,1,2,20.24,38,20.3,-46.52,34.655,0.0,1.153,6.67,0.2436,1.015,0.15505228252685715,0
46.9,0,1,23.96,7,14.3,-27.65,6.791,0.0,2.445,6.77,0.2379,3.724,9.806756104362826e-05,0
49.7,0,1,5.45,0,-22.3,-18.55,0.0,0.0,1.055,6.98,0.225,24.482,1.1390713441892225e-132,1
88.9,1,1,0.45,0,26.3,-28.65,0.0,0.0,1.544,6.21,0.2204,17.942,2.7880096967842135e-72,1
86.6,1,1,10.93,1,-13.0,-29.15,2.021,0.0,1.195,6.75,0.2229,15.799,1.585400197797792e-56,1
26.6,0,1,23.34,3,34.8,-18.23,3.562,0.0,1.629,8.01,0.2411,26.384,1.0354028998059019e-153,1
91.7,1,1,3.46,1,-4.9,-30.5,1.388,0.0,1.32,6.34,0.2222,13.773,1.8530817471268743e-43,1
83.5,1,1,2.93,1,-22.2,-26.64,0.21,0.0,1.669,6.84,0.2225,18.605,1.450014034354871e-77,1
52.5,0,1,1.72,0,-9.5,-20.87,0.0,0.0,1.916,6.52,0.2217,15.747,3.6039357142593707e-56,1
39.4,0,1,19.13,3,7.3,-19.19,1.769,0.0,1.036,7.5,0.227,28.099,5.097324933547669e-174,1
83.2,1,1,19.65,6,-4.6,-36.22,7.305,0.0,1.269,6.94,0.2226,6.39,8.310192567168727e-11,0
104.5,1,1,17.38,10,23.9,-38.91,5.581,0.0,1.006,6.87,0.2308,4.294,8.758848251332864e-06,0
56.9,0,1,1.33,0,14.3,-21.77,0.0,0.0,1.941,7.03,0.2203,12.917,1.8031153554890414e-38,1
26.3,0,1,18.08,0,-16.1,-13.97,0.437,0.0,1.078,6.7,0.2224,70.21,0.0,1
39.4,0,1,11.22,3,5.0,-20.9,3.152,0.0,1.149,7.16,0.2322,18.379,9.593499873948287e-76,1
169.8,1,2,3.95,4,21.2,-26.27,4.072,0.0,1.088,7.02,0.2236,14.128,1.26871292453811e-45,1
48.3,0,1,7.38,3,27.9,-22.03,2.968,0.0,1.208,6.66,0.2218,14.336,6.518897955381793e-47,1
72.7,1,1,12.53,3,-4.3,-29.02,4.207,0.0,1.22,6.98,0.2293,14.41,2.2436249312654857e-47,1
98.6,1,1,8.24,3,30.1,-33.77,2.397,0.0,1.225,6.63,0.2313,8.527,7.51876598615709e-18,1
65.4,1,1,24.24,5,-27.7,-31.02,4.067,1.598,1.122,6.87,0.2537,12.553,1.9099178137618878e-36,1
64.6,0,1,11.87,1,14.0,-23.68,1.453,0.0,1.27,6.57,0.2279,7.12,5.377838637387133e-13,1
39.5,0,1,9.3,0,20.8,-17.86,0.0,0.0,1.139,6.79,0.2328,35.312,1.9083154635157756e-273,1
49.7,0,1,16.83,12,-2.4,-29.26,8.451,0.0,1.11,7.34,0.2415,2.355,0.009271861685465463,0
104.5,1,1,16.26,10,-29.3,-43.96,7.717,3.644,1.088,6.98,0.2236,2.407,0.008043259550617412,0
10.5,0,1,0.06,0,14.7,-8.49,0.0,0.0,1.008,6.52,0.22,317.217,0.0,1
68.3,1,1,15.46,7,-7.7,-28.07,5.113,0.0,1.416,7.2,0.2263,15.689,8.98216584478885e-56,1
39.5,0,1,6.09,0,-20.1,-17.75,0.489,0.0,1.61,6.57,0.2208,40.816,0.0,1
70.1,1,1,9.38,4,-19.8,-30.3,5.294,0.0,1.59,6.81,0.2281,13.638,1.1868450340264031e-42,1
63.5,0,1,17.66,5,20.0,-30.63,6.031,0.0,1.599,6.7,0.2362,1.305,0.09600866866917451,0
48.3,0,1,13.93,7,-17.8,-23.98,3.44,1.354,1.856,6.3,0.2214,7.576,1.7845067686229078e-14,1
35.8,0,1,9.22,2,1.5,-16.02,0.379,0.0,1.233,6.97,0.2283,49.699,0.0,1
58.1,0,1,4.19,1,33.1,-22.59,1.878,0.0,1.12,6.65,0.2213,11.278,8.442508484970366e-30,1
5.4,0,1,12.64,0,19.3,-9.16,0.716,0.0,1.409,6.41,0.225,280.417,0.0,1
124.7,1,2,7.98,6,5.6,-20.64,5.296,0.0,1.343,6.58,0.2203,26.478,8.733105759923982e-155,1
50.5,0,1,22.82,8,4.3,-28.21,8.533,0.0,1.199,6.3,0.2204,3.275,0.0005275478874834268,0
108.6,1,1,13.36,3,-19.1,-44.46,4.335,3.948,1.654,6.75,0.2336,2.199,0.013936464236420247,0
96.0,1,1,21.65,15,-1.0,-45.54,13.973,0.0,1.201,7.06,0.227,1.833,0.03343580320410663,0
52.5,0,1,9.75,7,-20.6,-26.03,5.403,0.0,1.06,6.79,0.2344,5.47,2.2533679352346455e-08,0
61.2,0,1,20.69,9,-24.6,-33.54,9.215,0.0,1.182,7.07,0.2485,0.806,0.21010684286576709,0
148.1,1,2,1.41,1,-22.9,-24.28,0.61,4.23,1.493,6.33,0.2205,20.048,1.0528542356825243e-89,1
198.3,1,2,7.45,1,9.4,-30.79,2.503,0.0,1.538,6.62,0.2293,9.138,3.174076725417953e-20,1
28.5,0,1,1.95,0,-17.4,-13.61,0.521,0.0,1.238,6.28,0.2223,96.56,0.0,1
32.9,0,1,0.79,0,-20.3,-15.86,0.0,1.991,1.623,6.85,0.2209,38.933,0.0,1
12.0,0,1,22.97,0,26.4,-11.82,0.0,0.0,1.88,7.37,0.228,144.777,0.0,1
85.7,1,1,17.92,4,-22.1,-37.16,5.709,0.0,1.1,8.07,0.2357,5.677,6.869310809437586e-09,0
125.8,1,2,15.63,10,15.9,-24.35,7.422,0.0,1.295,7.18,0.2413,17.53,4.2283580555045176e-69,1
36.9,0,1,13.31,4,-2.9,-18.04,3.114,0.0,1.029,7.53,0.2224,28.969,8.115604511473178e-185,1
192.4,1,2,14.24,16,7.6,-37.1,15.155,0.0,1.371,7.09,0.2396,3.709,0.00010408790381643697,0
91.0,1,1,15.97,8,-28.5,-38.7,8.266,0.0,1.006,7.64,0.2369,4.377,6.0141302334222235e-06,0
103.0,1,1,20.66,13,-30.0,-44.08,10.044,1.806,1.047,7.97,0.2228,1.913,0.0278954993483523,0
70.1,1,1,14.92,4,23.1,-30.58,5.788,0.0,1.015,7.23,0.2311,12.74,1.7723071444040806e-37,1
135.8,1,2,18.71,21,0.9,-28.16,16.87,0.0,1.442,7.94,0.2217,10.094,2.9271707403245967e-24,1
83.5,1,1,7.02,10,-25.4,-35.28,6.539,1.972,1.15,7.3,0.2278,6.888,2.822379918152238e-12,1
152.9,1,2,24.42,3,-7.7,-25.15,4.074,0.0,1.023,7.17,0.2228,16.073,1.9586897873628897e-58,1
123.7,1,2,0.8,0,2.9,-18.26,0.0,0.0,2.525,6.16,0.2205,35.027,4.435079791262524e-269,1
88.9,1,1,9.66,10,-21.2,-37.31,8.698,0.0,1.217,6.97,0.2219,5.772,3.915731657434954e-09,0
43.9,0,1,22.05,4,5.5,-25.71,5.338,0.0,1.557,8.62,0.2518,5.542,1.4934115935981853e-08,0
43.9,0,1,4.51,2,4.4,-18.62,1.552,0.0,1.477,6.89,0.2219,26.972,1.5958233185687734e-160,1
106.3,1,1,3.53,0,9.2,-34.25,0.759,0.0,1.647,6.6,0.2226,8.697,1.7082511353831037e-18,1
33.8,0,1,9.14,2,22.7,-16.67,1.103,0.0,1.464,6.37,0.2232,45.439,0.0,1
26.6,0,1,10.7,1,-3.2,-15.71,1.426,0.0,2.534,6.95,0.2291,49.285,0.0,1
125.5,1,2,23.33,12,27.8,-27.16,14.615,0.0,1.008,7.83,0.2238,11.647,1.1846339770816455e-31,1
67.2,1,1,20.9,1,0.9,-26.58,1.704,0.0,1.292,7.07,0.2419,18.716,1.8224293230537442e-78,1
36.6,0,1,11.6,5,-0.3,-20.85,4.63,0.0,1.231,6.42,0.223,17.534,3.923506398474942e-69,1
104.5,1,1,24.32,17,12.6,-52.48,12.943,0.0,1.33,8.35,0.2548,0.574,0.2830262949498927,0
49.7,0,1,16.06,7,10.1,-24.31,5.479,0.0,1.245,6.95,0.234,5.333,4.8209297525515834e-08,0
103.0,1,1,21.84,18,-29.3,-53.45,17.024,0.0,1.42,6.18,0.2503,0.668,0.25200979547778946,0
36.6,0,1,6.15,1,33.9,-16.46,0.967,0.0,1.479,6.77,0.2208,43.789,0.0,1
89.4,1,1,12.22,4,31.3,-33.26,3.203,0.0,1.952,6.51,0.2257,9.252,1.1024541995646891e-20,1
32.5,0,1,0.74,0,-11.7,-15.41,0.0,0.0,2.633,6.65,0.2209,55.679,0.0,1
36.0,0,1,0.22,0,6.3,-15.31,0.0,0.0,1.155,6.76,0.2202,66.29,0.0,1
10.3,0,1,17.64,1,20.1,-12.9,2.112,0.0,1.109,7.52,0.2412,120.131,0.0,1
137.8,1,2,2.96,5,29.8,-24.25,5.182,0.0,1.561,6.8,0.2201,19.903,1.9263502152315542e-88,1
56.4,0,1,13.7,4,8.1,-25.67,4.263,0.0,1.198,7.3,0.2345,5.934,1.4755965264221605e-09,0
12.3,0,1,17.4,1,-28.8,-10.72,0.319,0.0,1.064,7.24,0.235,198.15,0.0,1
56.6,0,1,0.81,0,14.2,-19.89,0.0,0.0,1.278,6.16,0.2212,19.019,5.956034052979327e-81,1
164.9,1,2,11.22,10,-23.9,-30.4,10.995,1.263,2.161,7.29,0.234,7.822,2.602554558453018e-15,1
44.0,0,1,17.1,3,13.6,-18.19,1.905,0.0,1.023,6.95,0.2277,24.059,3.3712190502646374e-128,1
23.1,0,1,22.24,5,8.2,-19.9,5.987,0.0,2.686,8.01,0.2206,20.576,2.2356965436395763e-94,1
112.3,1,2,7.48,6,11.6,-20.82,3.493,0.0,2.711,6.66,0.2262,27.715,2.2830605306783316e-169,1
23.5,0,1,24.36,5,-17.7,-17.99,3.982,0.0,1.299,7.78,0.2393,35.976,9.937715556020885e-284,1
106.3,1,1,21.11,8,2.1,-42.3,4.598,0.0,2.255,7.77,0.2476,2.75,0.002977756935320383,0
177.2,1,2,16.27,19,10.2,-36.71,17.857,0.0,1.29,6.67,0.2224,4.743,1.0520320137252157e-06,0
125.8,1,2,9.8,10,-10.5,-25.99,9.43,0.0,3.324,6.22,0.2288,16.82,8.778691528930538e-64,1
187.7,1,2,17.78,9,-18.2,-33.93,8.374,0.0,1.026,7.92,0.2469,5.2,9.973639918947756e-08,0
23.1,0,1,20.4,4,-15.5,-16.78,2.826,0.0,1.43,6.89,0.2211,48.119,0.0,1
83.2,1,1,7.58,6,25.8,-34.2,4.954,0.0,2.565,6.72,0.2206,9.257,1.0471093257622837e-20,1
101.9,1,1,24.82,18,0.2,-47.9,15.72,0.0,1.027,8.29,0.2201,1.205,0.11413997633847112,0
85.7,1,1,22.72,11,13.0,-37.31,7.411,0.0,1.111,6.93,0.222,5.635,8.76641119290066e-09,0
33.8,0,1,12.14,3,3.5,-18.61,2.198,0.0,1.606,7.34,0.2241,33.798,1.038630074212503e-250,1
45.0,0,1,18.07,2,24.2,-22.58,2.747,0.0,1.127,7.2,0.2379,11.218,1.6605671988180393e-29,1
106.3,1,1,13.1,8,3.1,-39.76,6.65,0.0,1.202,6.82,0.2299,4.034,2.7373005602884185e-05,0
50.7,0,1,19.02,5,-23.9,-25.38,6.609,0.0,1.55,7.25,0.2229,5.707,5.764992572358281e-09,0
14.9,0,1,20.67,0,-17.1,-16.76,0.0,4.905,1.357,7.32,0.2314,43.564,0.0,1
23.1,0,1,0.58,0,-29.1,-14.19,0.0,0.0,1.572,6.27,0.2209,115.286,0.0,1
123.7,1,2,1.98,0,24.0,-18.18,0.0,0.0,1.285,6.68,0.2219,35.398,9.04335072893898e-275,1
85.7,1,1,8.41,3,13.1,-30.49,3.076,0.0,1.01,7.09,0.2233,11.82,1.547443967753789e-32,1
49.7,0,1,22.94,6,19.3,-23.76,4.203,0.0,1.547,7.33,0.2202,8.45,1.4568220244062297e-17,1
171.3,1,2,9.96,12,16.5,-31.8,13.701,0.0,1.806,6.51,0.221,8.144,1.906951124214095e-16,1
23.5,0,1,22.19,5,23.6,-18.86,3.845,0.0,3.075,7.48,0.2217,23.689,2.361772857775127e-124,1
146.9,1,2,11.56,7,34.2,-27.91,9.559,0.0,1.516,7.1,0.2343,12.067,7.869566478439926e-34,1
71.8,1,1,7.22,0,12.5,-25.26,0.234,0.0,1.479,6.49,0.2202,24.881,5.994587714976278e-137,1
8.1,0,1,22.52,2,-13.6,-9.86,1.156,0.0,1.178,7.25,0.2298,198.103,0.0,1
97.4,1,1,14.02,3,-23.4,-37.42,2.108,3.597,1.48,6.74,0.2278,5.615,9.809778799151573e-09,0
68.5,1,1,9.01,1,8.3,-24.05,0.361,0.0,1.264,6.69,0.231,26.258,2.881115409482488e-152,1
43.9,0,1,1.11,0,20.1,-17.37,0.0,0.0,1.469,6.73,0.2213,35.842,1.2089975279112832e-281,1
119.5,1,2,2.77,2,6.5,-20.23,2.194,0.0,1.452,6.14,0.223,31.803,2.977903611973329e-222,1
56.4,0,1,3.48,1,-10.3,-21.07,0.664,0.0,1.145,6.7,0.2236,14.84,4.0106220179738353e-50,1
57.0,0,1,9.12,1,16.8,-23.78,2.078,0.0,1.222,7.01,0.2281,8.862,3.9154658781400983e-19,1
34.9,0,1,15.18,1,-0.9,-20.06,3.038,0.0,1.114,6.82,0.2417,21.674,1.7937768070038752e-104,1
113.4,1,2,7.69,4,-11.4,-17.8,2.819,0.0,1.172,6.57,0.2203,35.002,1.0344728157205992e-268,1
33.4,0,1,1.64,1,24.7,-14.77,0.616,0.0,1.631,6.9,0.2212,56.495,0.0,1
45.0,0,1,6.62,1,7.5,-20.96,2.952,0.0,1.388,6.47,0.2266,14.993,4.08126662610926e-51,1
131.8,1,2,10.22,6,-11.6,-22.27,4.48,0.0,1.445,7.46,0.2299,21.884,1.8407730891254564e-106,1
125.5,1,2,24.81,19,-8.6,-31.15,18.026,0.0,1.545,7.22,0.2566,8.125,2.2396194534120117e-16,1
45.0,0,1,9.82,4,7.2,-25.34,5.31,0.0,2.608,7.08,0.2311,6.389,8.349440696618277e-11,0
112.4,1,2,2.23,0,-2.5,-17.71,0.206,0.0,1.502,6.58,0.222,36.847,1.6042433427040173e-297,1
76.8,1,1,14.53,6,-19.6,-32.38,4.708,0.0,1.431,6.37,0.2263,12.15,2.86981137418583e-34,1
67.3,1,1,22.99,4,9.7,-30.02,2.22,0.0,2.07,6.11,0.2509,15.096,8.593616608925701e-52,1
52.3,0,1,19.67,9,14.8,-29.26,9.477,0.0,1.041,6.54,0.2295,1.966,0.024671482929882242,0
21.1,0,1,20.91,4,-30.0,-18.2,3.467,0.0,1.83,7.67,0.243,41.117,0.0,1
48.3,0,1,23.21,6,4.9,-23.78,5.658,0.0,1.103,7.04,0.2317,7.552,2.1378153282547166e-14,1
46.9,0,1,15.91,6,7.5,-24.29,4.901,0.0,2.35,6.7,0.2342,6.351,1.0703222586030403e-10,0
69.2,1,1,24.87,6,-8.4,-28.73,3.033,0.0,1.581,7.69,0.2362,13.469,1.1845501808699984e-41,1
46.1,0,1,0.83,0,-8.0,-18.03,0.0,0.0,1.801,6.33,0.2207,26.432,2.9470515677655397e-154,1
64.6,0,1,20.87,2,-9.4,-24.8,0.858,0.0,1.138,7.8,0.233,5.701,5.941424939857953e-09,0
111.7,1,2,21.43,20,-1.1,-28.93,19.714,0.0,1.354,7.29,0.2454,10.878,7.356360545042231e-28,1
56.9,0,1,22.92,2,22.8,-24.76,1.447,0.0,1.111,6.87,0.2403,6.514,3.657957065745938e-11,0
12.5,0,1,11.95,0,0.5,-10.42,0.0,0.0,1.03,6.85,0.229,204.739,0.0,1
34.7,0,1,19.69,2,34.6,-16.71,0.97,0.0,1.11,7.3,0.2346,40.67,0.0,1
51.0,0,1,4.88,1,-5.5,-19.95,0.272,0.0,1.424,6.57,0.2235,20.184,6.770321919742249e-91,1
147.0,1,2,15.08,8,15.5,-25.85,7.276,0.0,1.017,7.68,0.2384,13.167,6.758023576692145e-40,1
58.1,0,1,8.97,1,5.7,-21.57,1.238,0.0,1.458,6.66,0.2267,11.222,1.5825317468659463e-29,1
134.9,1,2,14.9,14,19.5,-28.88,13.841,0.0,1.385,6.83,0.231,11.958,2.9625058261349687e-33,1
15.0,0,1,16.89,2,27.7,-15.71,3.715,0.0,1.596,7.83,0.2234,60.365,0.0,1
10.5,0,1,8.68,0,3.3,-8.92,0.0,0.0,1.515,6.36,0.2232,241.034,0.0,1
10.5,0,1,5.41,0,2.1,-9.71,0.0,0.0,1.163,7.17,0.2266,280.384,0.0,1
96.4,1,1,8.04,5,31.3,-36.41,3.409,0.0,2.839,6.9,0.2299,6.647,1.4921462274143788e-11,0
23.5,0,1,16.6,3,30.7,-17.84,4.813,0.0,1.692,7.18,0.2287,34.286,6.283851070043106e-258,1
39.5,0,1,16.92,3,34.8,-20.21,2.546,0.0,1.761,7.18,0.225,20.317,4.594482314493065e-92,1
112.4,1,2,18.53,14,-19.8,-25.71,12.128,0.0,1.787,8.21,0.2424,14.401,2.56361526605424e-47,1
56.9,0,1,3.16,1,-29.8,-21.92,1.122,1.229,1.116,6.63,0.2249,11.553,3.549380039653871e-31,1
23.2,0,1,20.46,0,-1.6,-11.59,0.398,0.0,1.162,6.6,0.2415,119.344,0.0,1
81.1,1,1,17.2,12,17.7,-38.04,9.648,0.0,1.187,7.58,0.2298,4.575,2.3848975865002976e-06,0
131.8,1,2,0.76,0,-25.3,-19.18,0.0,0.0,1.236,6.14,0.2211,35.038,2.929858706517966e-269,1
57.0,0,1,8.39,2,-5.7,-24.66,3.344,0.0,1.157,7.34,0.2311,7.057,8.482596254297372e-13,1
13.1,0,1,11.67,1,7.8,-11.47,0.755,0.0,1.01,7.32,0.2227,176.816,0.0,1
33.8,0,1,9.02,1,-16.2,-17.62,1.228,0.0,3.116,7.08,0.221,32.458,2.061970410701586e-231,1
78.5,1,1,2.94,0,17.5,-26.43,0.0,0.0,1.534,6.47,0.224,22.818,1.5288540994958224e-115,1
5.4,0,1,5.18,0,-15.1,-7.27,0.0,0.0,1.063,7.06,0.2248,365.831,0.0,1
141.4,1,2,0.61,0,24.6,-19.94,0.0,0.0,1.127,6.38,0.2206,29.933,3.665079000690929e-197,1
12.5,0,1,2.33,0,-7.4,-9.32,0.0,0.0,1.114,6.61,0.2206,283.402,0.0,1
177.2,1,2,6.66,8,8.9,-30.15,8.925,0.0,1.172,6.58,0.2273,9.74,1.0155101885938791e-22,1
6.0,0,1,20.5,0,5.4,-9.76,0.0,0.0,1.989,6.09,0.2373,265.684,0.0,1
29.1,0,1,13.17,3,-10.7,-21.2,2.701,3.979,1.012,7.19,0.2269,17.277,3.476007036612638e-67,1
29.1,0,1,10.61,3,-1.5,-15.35,1.478,0.0,1.459,7.13,0.2307,64.75,0.0,1
15.0,0,1,16.55,0,25.0,-11.72,1.023,0.0,1.438,6.92,0.2428,143.162,0.0,1
93.8,1,1,13.54,2,5.6,-32.83,1.763,0.0,1.205,7.71,0.2387,9.256,1.0636640177935491e-20,1
26.3,0,1,3.29,0,-26.4,-13.29,0.0,0.0,1.225,6.65,0.2207,104.208,0.0,1
32.5,0,1,5.57,0,16.3,-15.37,0.0,0.0,1.236,6.66,0.2208,65.466,0.0,1
21.5,0,1,5.56,0,-18.1,-12.13,0.0,0.0,1.045,6.18,0.2249,137.891,0.0,1
91.7,1,1,15.0,3,1.6,-33.45,2.012,0.0,1.191,6.52,0.2341,9.304,6.780102728001488e-21,1
78.6,1,1,11.54,2,0.5,-27.93,0.987,0.0,1.242,6.91,0.2362,17.687,2.64840526395676e-70,1
111.7,1,2,9.69,6,1.6,-19.77,3.988,0.0,2.083,6.49,0.229,27.322,1.168451987210815e-164,1
28.9,0,1,13.92,1,-28.0,-15.67,0.735,0.0,1.167,7.29,0.2372,52.312,0.0,1
125.5,1,2,24.25,10,-12.3,-27.29,8.785,0.0,1.748,7.29,0.246,13.08,2.1468768651262295e-39,1
198.3,1,2,7.85,12,-26.7,-37.14,10.507,2.767,1.17,6.35,0.2256,4.8,7.952082689416073e-07,0
12.0,0,1,13.0,0,-3.0,-9.23,0.0,0.0,1.385,6.87,0.2266,232.336,0.0,1
12.3,0,1,12.01,0,10.4,-10.0,0.16,0.0,1.688,6.66,0.2315,215.718,0.0,1
45.5,0,1,17.92,5,12.5,-23.22,4.218,0.0,1.057,8.07,0.2373,9.368,3.6817524533607555e-21,1
169.2,1,2,18.26,22,-25.8,-35.82,20.357,0.0,1.171,8.08,0.2303,4.155,1.6230180392876955e-05,0
45.0,0,1,18.23,7,-22.3,-26.92,8.163,0.0,1.418,6.99,0.2288,3.791,7.49851484316234e-05,0
22.8,0,1,5.04,0,13.0,-11.1,0.0,0.0,1.225,6.76,0.2208,135.824,0.0,1
36.6,0,1,11.23,2,4.5,-17.09,1.508,0.0,1.072,6.61,0.2216,37.872,0.0,1
26.6,0,1,20.28,1,24.2,-14.76,0.624,0.0,1.065,7.3,0.2227,69.889,0.0,1
112.4,1,2,9.54,2,-16.7,-20.77,3.729,0.0,1.339,7.16,0.2303,27.688,4.930462391306857e-169,1
10.6,0,1,24.61,2,-22.2,-11.93,0.852,1.339,1.046,7.04,0.2401,167.358,0.0,1
96.0,1,1,9.12,8,-6.5,-43.03,5.565,4.647,1.38,6.68,0.2321,2.902,0.0018554656462094934,0
125.8,1,2,12.44,11,11.4,-22.69,7.227,0.0,1.057,6.54,0.2221,21.668,2.057103325857968e-104,1
23.2,0,1,11.86,0,1.6,-12.48,0.0,0.0,1.026,7.37,0.2378,139.863,0.0,1
38.4,0,1,10.84,2,-23.6,-17.94,1.962,0.894,1.033,7.02,0.2278,29.34,1.595815860116661e-189,1
88.9,1,1,21.14,14,-25.4,-45.75,13.303,0.0,1.693,8.26,0.2455,1.588,0.056105549137087395,0
45.5,0,1,3.88,1,14.1,-19.04,1.753,0.0,1.607,6.3,0.2213,22.268,3.741162383794374e-110,1
83.2,1,1,14.19,2,-10.7,-28.89,0.959,0.0,1.313,7.61,0.227,15.221,1.2783889054305309e-52,1
50.7,0,1,15.47,9,13.5,-27.04,6.799,0.0,1.131,7.23,0.2228,3.768,8.213999880626658e-05,0
116.9,1,2,21.28,28,-10.8,-30.75,26.125,0.0,1.283,8.26,0.2315,6.877,3.0658515953321084e-12,1
98.6,1,1,15.23,4,-9.5,-38.04,4.989,0.0,1.185,7.38,0.2287,4.768,9.311437513428826e-07,0
39.5,0,1,24.0,5,-16.4,-21.58,4.389,0.0,1.123,6.9,0.232,16.912,1.831178659664151e-64,1
29.1,0,1,21.8,3,33.9,-19.06,2.669,0.0,2.67,7.14,0.2497,25.976,4.62462346451808e-149,1
171.3,1,2,8.72,0,-29.0,-25.83,0.43,0.0,1.262,6.23,0.2317,16.495,2.0061064727477343e-61,1
19.5,0,1,21.5,1,-21.7,-13.61,1.349,1.062,1.18,7.45,0.2239,80.807,0.0,1
141.4,1,2,23.96,16,24.4,-27.96,13.13,0.0,1.013,6.46,0.2341,12.069,7.715690744135535e-34,1
101.9,1,1,6.43,2,-21.0,-34.44,1.355,0.0,2.328,6.64,0.2235,8.354,3.2904686361844727e-17,1
192.4,1,2,15.26,27,-11.8,-42.58,23.315,4.954,1.133,6.89,0.2415,1.809,0.03522256701320979,0
91.7,1,1,7.05,6,-12.9,-37.97,4.949,3.639,1.736,7.23,0.2266,4.586,2.255597613463518e-06,0
146.9,1,2,16.24,4,15.3,-24.64,3.283,0.0,1.089,6.59,0.2417,17.297,2.458675777617268e-67,1
21.1,0,1,2.34,1,-3.3,-13.51,0.6,0.0,1.992,6.74,0.2215,104.586,0.0,1
6.0,0,1,18.35,2,24.6,-10.28,1.839,0.0,1.216,7.48,0.237,199.409,0.0,1
98.6,1,1,10.5,4,18.6,-35.83,3.73,0.0,1.509,7.45,0.2222,7.375,8.20613937548318e-14,1
141.4,1,2,14.68,14,4.5,-27.81,12.06,0.0,1.536,7.26,0.2226,13.144,9.22868088072516e-40,1
12.0,0,1,0.65,0,-13.8,-9.71,0.0,0.0,1.455,6.39,0.2209,246.416,0.0,1
39.4,0,1,17.39,2,21.5,-18.89,1.164,0.0,1.801,7.84,0.2347,27.49,1.1675122567241069e-166,1
11.2,0,1,12.4,1,26.3,-12.69,0.694,0.0,1.606,7.2,0.2366,148.592,0.0,1
148.1,1,2,15.63,20,24.4,-30.95,16.816,0.0,1.371,6.62,0.2361,7.99,6.7325209695101e-16,1
32.8,0,1,7.89,1,-26.6,-15.81,0.666,0.606,1.089,6.87,0.2231,49.274,0.0,1
141.4,1,2,3.65,0,15.4,-19.8,0.617,0.0,1.091,6.92,0.2228,28.898,6.323897505387357e-184,1
98.6,1,1,10.89,5,15.8,-33.61,4.123,0.0,1.204,6.79,0.2207,8.427,1.7776857405037745e-17,1
70.1,1,1,23.6,14,31.3,-37.05,11.808,0.0,1.42,8.26,0.2432,4.723,1.1628627054689194e-06,0
142.3,1,2,5.69,6,-12.9,-24.67,6.92,2.15,1.091,6.48,0.2213,19.477,8.668077551702271e-85,1
36.9,0,1,16.9,4,21.1,-20.45,3.467,0.0,1.332,6.83,0.2305,19.972,4.777813527656544e-89,1
78.8,1,1,1.25,1,14.8,-26.53,1.063,0.0,1.287,6.88,0.2201,19.059,2.7762406902076177e-81,1
23.5,0,1,17.95,5,27.1,-17.67,4.69,0.0,1.373,8.23,0.238,30.187,1.778335469951831e-200,1
123.7,1,2,5.96,8,15.1,-19.83,5.207,0.0,1.209,6.95,0.2261,25.734,2.46432597824916e-146,1
58.1,0,1,11.29,0,25.4,-22.33,0.606,0.0,1.205,6.27,0.2225,12.106,4.920295323441085e-34,1
76.0,1,1,9.19,4,-6.6,-34.33,4.334,4.903,1.138,7.14,0.2226,7.288,1.5689941521499928e-13,1
76.8,1,1,2.82,0,-19.8,-28.99,0.711,3.499,1.592,6.59,0.2218,14.931,1.0428717679639897e-50,1
119.5,1,2,8.64,6,-6.4,-21.29,4.384,0.0,1.83,6.35,0.233,24.409,6.811937896548376e-132,1
69.2,1,1,8.75,6,23.0,-30.07,5.128,0.0,1.202,6.75,0.2316,13.613,1.6873566011221004e-42,1
23.4,0,1,13.05,0,-21.4,-12.41,0.0,0.0,1.129,6.28,0.2295,128.352,0.0,1
23.2,0,1,24.31,3,11.5,-17.4,2.065,0.0,2.299,7.0,0.2494,41.946,0.0,1
95.8,1,1,11.75,6,34.2,-36.86,6.376,0.0,1.718,6.7,0.2201,5.979,1.1220821595162375e-09,0
187.7,1,2,22.86,29,28.2,-40.35,25.225,0.0,1.093,7.04,0.224,2.393,0.008361028424749369,0
59.1,0,1,11.54,0,13.6,-21.83,0.0,0.0,1.519,7.57,0.2326,10.419,1.015231577390233e-25,1
60.4,0,1,2.69,1,21.5,-22.35,0.73,0.0,1.102,6.6,0.2236,11.325,4.949961562402376e-30,1
35.8,0,1,5.75,4,-22.4,-17.77,2.249,0.673,1.34,6.74,0.2214,33.454,1.1225602225348852e-245,1
71.8,1,1,10.19,6,2.4,-34.94,7.848,0.0,1.198,6.09,0.232,9.414,2.3801819243880192e-21,1
100.3,1,1,8.13,5,4.6,-39.97,7.327,0.0,1.186,6.9,0.2207,4.463,4.049901431674801e-06,0
76.8,1,1,21.65,11,20.9,-40.21,12.503,0.0,2.055,6.53,0.2313,4.036,2.7219205968673765e-05,0
131.1,1,2,16.97,8,-11.6,-27.17,9.491,2.906,1.763,6.92,0.2398,13.854,6.003263429334774e-44,1
35.8,0,1,14.46,1,-23.1,-17.81,0.75,0.0,1.501,6.4,0.2308,32.817,1.6741951271820656e-236,1
65.1,1,1,12.28,2,15.4,-25.2,1.365,0.0,1.058,6.54,0.2337,25.659,1.666805143892028e-145,1
108.9,1,1,9.93,4,2.0,-36.95,3.441,0.0,1.162,6.99,0.2242,5.67,7.124045969519737e-09,0
65.4,1,1,15.3,1,24.7,-26.02,0.879,0.0,1.016,6.79,0.2354,22.279,2.927099382154515e-110,1
181.8,1,2,3.12,8,1.3,-28.65,5.397,0.0,1.29,7.0,0.2237,10.594,1.5817151621510076e-26,1
22.2,0,1,4.06,0,25.0,-13.17,0.0,0.0,1.83,6.33,0.2212,105.973,0.0,1
103.0,1,1,7.58,7,3.0,-39.62,6.547,0.0,1.079,6.69,0.2221,4.621,1.908372023180246e-06,0
43.9,0,1,4.28,2,20.9,-17.75,1.118,0.0,1.058,6.41,0.2203,33.398,7.275760183414301e-245,1
159.3,1,2,16.93,10,16.8,-29.26,9.252,0.0,1.066,6.83,0.2297,10.12,2.2475243186100386e-24,1
22.2,0,1,0.62,0,-12.7,-12.51,0.0,0.0,1.229,6.28,0.2203,139.614,0.0,1
164.9,1,2,4.0,1,-9.9,-27.12,1.178,3.496,1.307,6.19,0.2234,15.262,6.859084479467423e-53,1
100.3,1,1,22.57,23,28.4,-49.31,16.585,0.0,1.026,7.72,0.2294,0.99,0.16114789068287533,0
159.0,1,2,24.94,18,-15.0,-35.79,15.056,0.845,1.286,6.77,0.2573,5.415,3.0658648528463714e-08,0
68.5,1,1,12.19,0,15.3,-24.89,1.255,0.0,1.15,6.27,0.2359,22.7,2.2580275112678307e-114,1
75.4,1,1,12.38,5,-20.6,-29.05,4.06,0.0,1.122,7.51,0.2306,13.919,2.4402477456219675e-44,1
60.0,0,1,19.33,8,19.1,-32.1,7.923,0.0,1.612,7.46,0.2461,1.135,0.12818611578914163,0
79.5,1,1,0.9,0,-15.5,-25.51,0.0,0.0,1.28,6.59,0.2216,23.672,3.502628245751423e-124,1
56.4,0,1,10.68,1,8.6,-21.24,0.468,0.0,1.187,7.07,0.2296,13.645,1.07503560329063e-42,1
21.7,0,1,2.5,0,6.7,-10.85,0.0,0.0,1.224,6.99,0.2213,149.465,0.0,1
22.8,0,1,10.02,0,-16.8,-12.37,0.0,0.0,1.017,6.72,0.2336,119.34,0.0,1
58.1,0,1,24.6,8,1.9,-29.65,7.014,0.0,2.387,8.62,0.2298,1.745,0.040473492371955695,0
122.3,1,2,18.84,12,27.2,-24.9,8.812,0.0,1.231,6.4,0.2293,18.404,6.085100789899716e-76,1
17.6,0,1,24.63,2,14.2,-12.8,2.063,0.0,1.118,8.0,0.244,118.8,0.0,1
171.3,1,2,18.65,16,34.5,-30.84,12.593,0.0,1.198,6.38,0.2209,9.094,4.763826115051514e-20,1
68.3,1,1,15.2,2,21.0,-25.08,1.515,0.0,1.011,6.87,0.2227,23.027,1.255714382779113e-117,1
93.8,1,1,18.86,4,11.8,-37.55,5.089,0.0,1.476,6.39,0.2357,6.096,5.424773240486234e-10,0
7.1,0,1,16.48,1,6.6,-10.39,2.015,0.0,1.167,7.26,0.2234,192.07,0.0,1
152.8,1,2,11.6,12,30.9,-27.15,6.736,0.0,1.434,7.6,0.2349,12.226,1.1346455286034716e-34,1
147.0,1,2,7.31,2,4.3,-22.75,2.351,0.0,1.215,6.84,0.2296,20.683,2.4834000486097807e-95,1
20.4,0,1,13.0,2,-3.8,-14.63,1.901,0.0,1.57,6.89,0.2301,77.499,0.0,1
93.8,1,1,6.46,8,24.2,-35.83,6.081,0.0,1.297,6.87,0.2209,7.127,5.140217685804689e-13,1
131.1,1,2,12.17,13,31.1,-26.0,10.691,0.0,1.581,7.14,0.2251,15.846,7.46635367968095e-57,1
123.5,1,2,3.65,7,1.1,-22.51,7.098,0.0,1.119,6.31,0.2232,23.958,3.8465900710450594e-127,1
113.2,1,2,14.13,8,-21.1,-21.05,5.515,0.0,1.188,6.17,0.2216,29.868,2.5639236647457936e-196,1
61.2,0,1,6.13,1,9.5,-24.8,2.987,0.0,1.09,7.02,0.2233,6.257,1.9667122649535915e-10,0
10.3,0,1,7.34,1,18.2,-10.32,1.332,0.0,1.188,7.11,0.222,205.511,0.0,1
115.3,1,2,12.48,8,-5.7,-24.23,11.475,0.0,1.081,6.71,0.2309,18.865,1.1042806204262858e-79,1
108.9,1,1,4.06,3,18.6,-34.46,0.749,0.0,1.367,6.48,0.2253,8.779,8.213446647783903e-19,1
34.5,0,1,24.06,6,4.5,-20.25,3.917,0.0,1.06,7.55,0.2524,23.607,1.6478017854381307e-123,1
147.0,1,2,11.17,11,-10.4,-29.77,11.122,4.025,1.774,7.22,0.2218,9.963,1.10951437368798e-23,1
83.2,1,1,8.81,3,10.9,-29.84,3.148,0.0,1.02,7.56,0.2213,12.079,6.782070717926616e-34,1
56.0,0,1,0.73,0,-4.7,-20.85,0.0,0.0,1.113,6.19,0.2209,19.284,3.6544437145276734e-83,1
42.0,0,1,21.08,1,21.1,-19.66,1.206,0.0,1.856,7.27,0.2202,19.277,4.194432044249531e-83,1
13.1,0,1,15.65,1,-29.8,-12.69,1.479,0.0,1.363,7.46,0.2323,117.303,0.0,1
16.3,0,1,10.41,3,23.2,-12.88,1.421,0.0,2.378,7.48,0.2303,94.17,0.0,1
95.8,1,1,6.14,4,-10.1,-37.93,3.479,0.0,3.782,6.71,0.2238,5.486,2.0579059934295612e-08,0
87.1,1,1,18.63,12,32.4,-43.77,13.994,0.0,1.099,6.37,0.2319,2.609,0.0045404237398550705,0
125.8,1,2,23.64,6,19.3,-25.32,6.731,0.0,1.134,7.27,0.2356,14.657,6.033274213212295e-49,1
59.1,0,1,9.52,3,-14.3,-26.96,3.919,2.636,1.23,6.1,0.2245,3.419,0.00031448606254257723,0
123.7,1,2,3.37,2,33.6,-20.02,2.407,0.0,1.186,7.05,0.2221,30.38,5.1024769079396684e-203,1
65.1,1,1,2.73,0,2.5,-23.86,0.0,0.0,1.81,6.24,0.2233,28.87,1.4305927311850576e-183,1
8.1,0,1,0.16,0,4.0,-8.37,0.0,0.0,1.125,6.78,0.2202,294.176,0.0,1
17.9,0,1,18.6,5,29.1,-15.72,3.494,0.0,1.023,6.78,0.2367,59.199,0.0,1
112.3,1,2,24.53,22,29.7,-31.26,24.383,0.0,1.248,7.56,0.2312,7.489,3.46344309985633e-14,1
147.0,1,2,24.82,9,15.3,-29.1,8.487,0.0,1.917,7.62,0.2351,11.082,7.66543303923657e-29,1
55.1,0,1,19.6,8,33.6,-29.53,7.189,0.0,1.061,7.13,0.2407,2.208,0.013630231936190043,0
142.3,1,2,4.05,4,-8.6,-23.97,3.006,2.65,1.056,6.68,0.2231,20.462,2.3401779576368714e-93,1
46.3,0,1,24.44,0,-14.9,-20.79,0.0,0.0,1.106,7.32,0.2248,18.588,2.02417343887246e-77,1
34.7,0,1,8.2,4,-28.1,-17.64,2.419,0.0,1.089,6.4,0.2287,34.336,1.1406190257158287e-258,1
81.4,1,1,8.34,0,-7.5,-27.53,0.0,2.201,1.189,7.37,0.2213,15.83,9.640278694133725e-57,1
69.2,1,1,17.18,15,9.2,-34.94,10.048,0.0,1.298,7.6,0.2455,6.62,1.7989558903632714e-11,0
96.4,1,1,1.23,3,-10.2,-32.7,2.057,0.0,1.941,6.83,0.2208,9.935,1.4698000423713693e-23,1
181.8,1,2,20.64,24,7.7,-40.75,26.343,0.0,1.023,6.65,0.2249,2.986,0.0014114474750392336,0
36.9,0,1,24.93,1,-26.9,-19.49,0.765,0.0,1.457,6.22,0.2428,27.057,1.568045322689164e-161,1
97.4,1,1,19.38,10,-7.0,-41.48,8.131,0.0,1.855,7.85,0.2421,3.191,0.0007093908833625669,0
159.0,1,2,19.54,26,18.6,-36.41,20.885,0.0,1.298,7.39,0.2411,4.284,9.179184069759419e-06,0
33.4,0,1,9.76,2,-23.2,-16.83,1.254,0.0,1.46,6.79,0.2244,45.783,0.0,1
158.9,1,2,1.65,4,16.5,-24.44,3.576,0.0,1.286,6.77,0.2213,18.348,1.6990959338506337e-75,1
52.5,0,1,19.82,9,19.6,-27.32,5.758,0.0,1.112,8.09,0.2406,3.545,0.000196615998493789,0
81.1,1,1,14.93,5,7.0,-35.14,6.614,0.0,1.142,7.4,0.2382,7.66,9.261509707038633e-15,1
171.3,1,2,22.73,7,27.6,-28.83,4.494,0.0,1.99,7.58,0.2365,10.527,3.2571443688064015e-26,1
148.1,1,2,2.9,0,32.0,-21.44,1.142,0.0,1.352,6.91,0.22,23.602,1.859561180013009e-123,1
93.8,1,1,7.63,2,-27.7,-31.26,2.059,0.0,1.703,6.92,0.2254,11.247,1.2047988196829835e-29,1
39.5,0,1,9.02,0,14.1,-17.86,1.202,0.0,1.752,6.61,0.2283,31.591,2.4434120878794253e-219,1
34.9,0,1,17.08,2,-14.6,-22.79,2.491,3.989,1.106,7.17,0.2239,11.621,1.6033258769829565e-31,1
51.0,0,1,19.69,3,-3.5,-25.55,4.286,0.0,1.252,7.28,0.2474,6.115,4.826006343797546e-10,0
115.3,1,2,24.03,9,10.5,-22.5,9.778,0.0,1.486,6.94,0.2264,22.329,9.677753726363208e-111,1
125.5,1,2,7.39,2,16.3,-21.13,2.298,0.0,2.86,7.34,0.2217,24.766,1.0485117694193813e-135,1
177.2,1,2,12.34,17,24.6,-32.48,14.537,0.0,1.005,7.38,0.22,7.443,4.9337907326506006e-14,1
81.4,1,1,0.72,1,15.9,-25.7,0.405,0.0,1.11,6.89,0.2203,21.569,1.7612125888174413e-103,1
71.8,1,1,6.32,1,20.5,-24.16,0.797,0.0,1.254,7.28,0.2279,22.809,1.8453485060223408e-115,1
164.9,1,2,9.35,11,8.9,-29.1,9.293,0.0,1.526,6.93,0.2301,10.755,2.8062927190440175e-27,1
23.5,0,1,14.85,2,-22.4,-16.11,1.179,0.729,1.768,7.12,0.2238,54.893,0.0,1
177.2,1,2,11.77,19,-28.6,-32.94,12.033,1.292,1.134,6.48,0.2371,6.833,4.15611270197979e-12,1
24.4,0,1,9.11,3,4.4,-14.61,1.684,0.0,1.021,7.08,0.2287,72.094,0.0,1
23.4,0,1,15.6,3,16.5,-15.49,3.318,0.0,1.076,7.6,0.2318,52.291,0.0,1
48.3,0,1,20.72,0,-22.9,-21.36,0.647,0.0,2.148,6.95,0.2244,14.037,4.6155788488357327e-45,1
123.7,1,2,6.04,1,-2.1,-20.5,2.51,0.0,1.754,6.89,0.2281,28.544,1.6859144898922786e-179,1
71.4,1,1,8.57,5,-13.3,-28.36,3.403,0.0,1.786,6.81,0.228,17.045,1.8945151596963876e-65,1
23.2,0,1,17.62,0,6.9,-15.4,1.358,0.0,1.119,7.6,0.2236,67.408,0.0,1
135.8,1,2,19.45,21,-4.6,-29.41,18.278,0.0,1.581,7.69,0.2342,9.2,1.7907099720090994e-20,1
147.0,1,2,20.63,11,-16.9,-26.01,8.396,0.0,1.041,7.82,0.2215,12.906,2.0793407673119699e-38,1
119.5,1,2,5.23,6,-29.7,-19.31,3.413,0.0,1.026,6.86,0.2212,30.6,6.199300483623473e-206,1
119.5,1,2,13.48,3,-9.1,-21.26,2.023,1.355,1.712,7.08,0.2239,26.799,1.6794191312792019e-158,1
192.4,1,2,22.5,40,3.6,-46.92,34.409,0.0,2.016,8.5,0.2344,0.758,0.22421891587406123,0
81.1,1,1,9.8,3,30.4,-34.93,6.388,0.0,1.379,6.52,0.232,8.51,8.717371377814321e-18,1
67.2,1,1,10.75,0,-15.2,-27.0,0.577,2.999,1.268,6.55,0.2311,18.617,1.167874196115134e-77,1
80.8,1,1,24.62,4,3.3,-32.82,3.428,0.0,1.201,6.63,0.2453,11.383,2.5387625611768682e-30,1
46.1,0,1,2.83,0,6.8,-17.28,0.0,0.0,1.033,6.61,0.2203,35.845,1.0892295536898893e-281,1
38.4,0,1,17.64,7,12.2,-22.6,5.92,0.0,1.076,6.96,0.2253,11.961,2.8426156951180888e-33,1
51.0,0,1,21.25,7,-8.6,-29.59,7.264,2.635,1.013,6.55,0.2343,2.161,0.015334247366978892,0
74.0,1,1,3.77,1,-23.5,-26.93,0.684,0.681,1.277,6.37,0.2258,21.391,8.060959736852564e-102,1
17.9,0,1,17.86,1,29.9,-11.94,1.42,0.0,1.134,7.19,0.2368,122.857,0.0,1
164.9,1,2,11.74,8,31.9,-28.1,6.885,0.0,1.384,7.74,0.2237,11.345,3.945049801427774e-30,1
6.0,0,1,21.32,1,-1.5,-8.24,0.5,0.0,1.334,8.29,0.2202,321.744,0.0,1
101.9,1,1,22.69,26,7.7,-56.06,23.899,0.0,1.123,7.33,0.2222,0.271,0.3933463402935656,0
141.4,1,2,21.81,20,-28.1,-32.08,21.334,2.054,1.166,7.11,0.2263,6.749,7.460892801593889e-12,1
36.0,0,1,1.61,0,-26.9,-18.82,0.0,2.898,1.793,6.99,0.2221,30.927,2.5544827268425706e-210,1
69.2,1,1,18.92,12,-25.0,-35.24,11.063,0.0,1.417,6.91,0.2246,6.936,2.0116215291127302e-12,1
16.3,0,1,23.04,0,18.0,-11.35,0.0,0.0,1.04,7.04,0.2214,205.069,0.0,1
88.9,1,1,15.53,8,-15.2,-38.28,7.998,0.0,1.936,6.98,0.2337,4.992,2.992295939192326e-07,0
71.8,1,1,15.02,3,-18.0,-27.89,2.516,0.0,1.316,6.58,0.2244,18.944,2.478308218493302e-80,1
78.5,1,1,1.13,0,-29.5,-25.29,0.0,0.0,1.218,6.31,0.221,23.65,5.963921141011653e-124,1
152.9,1,2,21.4,9,-28.5,-29.9,8.206,1.283,1.361,7.66,0.2516,8.481,1.1207324277942763e-17,1
67.3,1,1,1.16,0,-3.7,-23.56,0.0,0.0,2.063,6.42,0.2215,28.209,2.272124468758498e-175,1
104.5,1,1,7.84,3,5.2,-34.78,2.05,0.0,1.271,6.62,0.2298,8.396,2.3094699413658016e-17,1
36.6,0,1,23.15,4,7.6,-21.12,4.356,0.0,1.501,7.65,0.2211,14.24,2.5711173326661e-46,1
96.0,1,1,23.74,7,-0.2,-40.22,6.226,0.0,1.415,7.34,0.2546,3.63,0.00014152800090007939,0
61.9,0,1,24.8,9,-0.1,-30.08,5.642,0.0,1.147,8.19,0.2379,1.524,0.06372089869076603,0
158.6,1,2,11.91,9,19.0,-28.47,7.994,0.0,1.474,7.13,0.2216,12.316,3.694227398171789e-35,1
10.3,0,1,4.44,2,-11.2,-10.94,1.089,0.0,2.121,6.47,0.2223,190.021,0.0,1
61.2,0,1,12.2,6,-14.5,-31.01,5.751,3.799,1.478,7.02,0.2222,1.189,0.11731223265666862,0
67.3,1,1,2.56,2,25.5,-25.25,1.944,0.0,1.671,6.45,0.2213,22.929,1.1995354907599712e-116,1
65.1,1,1,21.81,9,14.8,-32.83,8.533,0.0,1.455,7.02,0.2242,9.687,1.7084400890734527e-22,1
42.0,0,1,14.01,4,1.0,-21.74,4.706,0.0,1.098,7.32,0.2253,12.674,4.097150014668077e-37,1
57.0,0,1,10.11,2,-12.1,-24.91,1.256,2.655,1.054,6.95,0.2213,6.422,6.718828887023611e-11,0
83.5,1,1,1.99,2,-21.1,-27.91,1.561,0.0,1.291,6.06,0.2212,18.27,7.206769833145542e-75,1
152.9,1,2,10.13,6,-27.6,-23.93,4.309,0.0,1.723,6.52,0.2257,17.745,9.380577466954675e-71,1
6.0,0,1,21.65,0,25.4,-8.66,0.0,0.0,1.265,7.17,0.2497,277.23,0.0,1
123.5,1,2,17.59,23,8.6,-29.54,22.111,0.0,1.15,6.94,0.225,9.777,7.061447962142153e-23,1
198.3,1,2,2.06,1,-27.0,-27.87,0.789,0.0,1.693,6.15,0.2231,13.711,4.386592884075117e-43,1
52.5,0,1,4.0,3,-19.7,-23.41,1.77,1.061,1.054,6.08,0.2253,9.381,3.2816990465067645e-21,1
17.9,0,1,9.81,0,-11.8,-11.32,0.0,0.0,1.737,7.42,0.2285,128.944,0.0,1
32.5,0,1,2.53,2,-12.9,-15.58,0.907,0.0,1.641,6.46,0.2219,61.43,0.0,1
78.5,1,1,23.35,6,5.6,-36.08,6.11,0.0,1.969,6.87,0.234,6.619,1.8106505482365994e-11,0
89.4,1,1,16.31,18,-4.0,-44.9,15.25,0.0,1.248,7.34,0.2424,1.806,0.03542431710157551,0
198.3,1,2,2.37,1,27.3,-27.02,1.284,0.0,1.057,6.86,0.2234,12.885,2.747694918050741e-38,1
12.1,0,1,19.7,1,16.8,-10.91,0.677,0.0,1.414,7.16,0.2407,190.886,0.0,1
63.5,0,1,9.21,1,29.2,-25.54,0.962,0.0,1.899,6.32,0.2319,4.992,2.98883582789805e-07,0
83.2,1,1,6.12,4,26.1,-31.21,3.433,0.0,1.26,7.08,0.2272,12.179,2.0094078026282236e-34,1
89.4,1,1,14.25,3,29.9,-32.75,2.719,0.0,1.609,7.36,0.2353,8.911,2.521259031997803e-19,1
91.0,1,1,0.33,0,33.7,-28.77,0.0,0.0,1.332,6.45,0.2201,16.931,1.3302713938105331e-64,1
78.5,1,1,11.63,4,-9.7,-29.64,3.697,0.0,1.492,7.28,0.2274,12.583,1.3122841935284806e-36,1
15.0,0,1,21.1,0,-16.4,-10.87,0.0,0.0,1.27,7.93,0.2282,167.964,0.0,1
36.0,0,1,23.2,0,-19.3,-17.81,1.047,0.0,1.213,6.77,0.2466,33.798,1.060057864050751e-250,1
36.0,0,1,8.56,1,10.8,-16.99,1.32,0.0,1.098,7.08,0.2239,48.971,0.0,1
81.1,1,1,16.06,5,14.3,-31.39,3.049,0.0,1.249,6.53,0.237,12.607,9.647427261065751e-37,1
49.7,0,1,5.67,2,-24.3,-22.18,2.336,0.0,1.066,6.5,0.2233,12.461,6.093604338885255e-36,1
70.1,1,1,14.01,1,23.4,-24.42,1.017,0.0,1.061,7.53,0.2213,24.16,2.9664282431758137e-129,1
159.0,1,2,6.35,7,20.9,-25.65,6.219,0.0,1.298,6.79,0.2285,14.793,8.093073324733545e-50,1
10.5,0,1,14.28,1,10.9,-10.99,0.571,0.0,1.045,7.01,0.2289,190.421,0.0,1
43.9,0,1,4.29,3,-1.7,-20.89,2.927,0.0,1.304,6.57,0.2215,20.608,1.1714741611389536e-94,1
12.1,0,1,23.53,1,-20.0,-11.59,0.966,0.0,1.159,8.34,0.2393,148.036,0.0,1
23.2,0,1,22.17,4,2.9,-14.16,2.204,0.0,1.009,7.67,0.2244,78.121,0.0,1
123.7,1,2,8.42,6,-19.7,-22.42,6.319,0.0,2.305,7.24,0.2205,21.114,2.938754819614266e-99,1
58.1,0,1,19.42,10,9.3,-29.71,7.563,0.0,1.983,8.08,0.2207,1.605,0.054292901194868286,0
93.8,1,1,2.39,0,-9.9,-30.0,0.473,0.0,1.659,6.73,0.2237,13.119,1.2814178481205877e-39,1
69.5,1,1,18.51,10,-13.9,-33.88,6.957,0.0,1.082,7.17,0.2424,8.972,1.460043307111962e-19,1
36.9,0,1,7.06,1,-1.3,-17.96,0.948,0.0,1.084,6.78,0.229,40.775,0.0,1
65.4,1,1,3.39,0,7.7,-23.14,0.0,0.0,1.569,6.65,0.2225,29.541,4.2343823061813376e-192,1
171.3,1,2,16.95,11,-6.1,-32.35,11.517,3.04,1.173,6.68,0.2336,7.055,8.606076800859015e-13,1
11.2,0,1,11.75,1,32.6,-10.57,0.626,0.0,1.171,6.92,0.2232,196.371,0.0,1
76.8,1,1,13.25,5,-29.6,-33.39,6.313,0.0,1.671,6.42,0.2305,9.336,5.024399841821392e-21,1
46.9,0,1,13.01,6,29.3,-23.86,5.338,0.0,1.48,6.49,0.2313,8.336,3.8421136434236143e-17,1
146.9,1,2,1.49,1,-30.0,-23.06,0.453,4.683,1.317,6.3,0.2224,21.038,1.463444433433241e-98,1
116.9,1,2,1.28,1,-15.9,-17.46,0.367,0.0,1.043,6.83,0.222,36.417,1.1554847111686042e-290,1
22.5,0,1,15.03,1,34.8,-12.74,0.678,0.0,1.068,7.41,0.2385,110.615,0.0,1
187.7,1,2,15.6,13,17.3,-34.78,11.377,0.0,1.019,7.39,0.2423,5.287,6.232586904286613e-08,0
177.2,1,2,1.18,0,11.9,-26.15,0.0,0.0,1.164,6.2,0.2216,17.173,2.128271865671087e-66,1
76.0,1,1,9.46,7,17.2,-29.88,4.082,0.0,1.036,7.51,0.2239,11.992,1.9635063523868848e-33,1
56.0,0,1,15.32,5,-3.5,-26.58,4.005,0.0,3.044,6.43,0.2246,3.782,7.766127820353856e-05,0
34.6,0,1,16.42,6,21.0,-19.73,3.379,0.0,1.362,6.91,0.2292,22.968,4.877632292748569e-117,1
146.9,1,2,20.71,23,-19.9,-32.64,19.815,0.0,1.678,8.21,0.223,5.992,1.036747087173687e-09,0
51.0,0,1,10.52,2,21.6,-22.04,1.481,0.0,1.052,6.97,0.2331,12.256,7.771684887769392e-35,1
119.5,1,2,13.71,9,31.1,-22.82,7.133,0.0,1.049,7.19,0.2296,22.023,8.634363496616207e-108,1
20.4,0,1,14.46,0,25.7,-11.65,0.0,0.0,1.295,7.56,0.2226,128.917,0.0,1
141.4,1,2,7.8,4,18.1,-22.94,2.576,0.0,1.392,7.37,0.2253,20.975,5.564960455438327e-98,1
116.9,1,2,1.35,1,12.3,-18.23,0.686,0.0,1.385,6.8,0.2211,36.866,8.12724453030535e-298,1
123.7,1,2,0.11,0,3.9,-17.62,0.0,0.0,1.788,6.8,0.2201,34.335,1.1988148158371153e-258,1
79.5,1,1,20.9,11,-4.3,-38.9,10.251,0.0,1.567,8.21,0.23,3.566,0.0001815530761878455,0
148.1,1,2,5.01,2,26.3,-22.82,2.409,0.0,1.779,6.72,0.2233,21.674,1.8080316501357755e-104,1
43.9,0,1,15.76,2,12.1,-22.44,4.164,0.0,1.04,6.54,0.2259,12.124,3.949500991835463e-34,1
141.4,1,2,14.43,15,-1.7,-28.82,11.996,0.0,1.892,6.95,0.2282,11.948,3.309377540365235e-33,1
116.9,1,2,9.99,2,21.0,-18.15,2.198,0.0,1.038,6.83,0.2306,32.591,2.7479799280571284e-233,1
125.8,1,2,20.84,10,-26.5,-26.22,7.947,0.0,1.889,6.91,0.2488,14.011,6.663495105771327e-45,1
67.3,1,1,17.46,3,22.9,-25.97,1.809,0.0,1.389,7.75,0.2214,21.166,9.852623566486975e-100,1
164.9,1,2,0.57,0,22.7,-24.23,0.0,0.0,1.204,6.29,0.2208,20.582,1.9808334397023657e-94,1
87.1,1,1,19.42,4,-15.1,-35.41,3.833,0.0,1.097,7.59,0.2326,7.333,1.1227305748839047e-13,1
131.1,1,2,12.67,5,-27.6,-24.03,4.291,0.0,2.473,6.98,0.2366,19.156,4.335409943499481e-82,1
102.0,1,1,8.68,7,16.4,-38.7,6.49,0.0,1.025,6.98,0.2286,4.441,4.48266628729612e-06,0
113.4,1,2,18.17,13,-17.0,-29.1,12.245,4.695,1.131,7.7,0.2428,10.975,2.510326738269254e-28,1
102.0,1,1,17.15,7,34.7,-42.6,8.057,0.0,2.39,7.34,0.224,2.732,0.0031485551053964276,0
81.4,1,1,7.76,3,-29.4,-29.94,1.821,0.0,1.256,6.53,0.2221,14.861,2.9454099640918514e-50,1
33.5,0,1,24.58,11,-15.1,-27.14,11.218,0.0,1.479,6.8,0.222,3.604,0.00015645300284943244,0
148.1,1,2,16.22,11,-27.3,-28.73,11.788,0.0,1.007,6.88,0.2258,11.058,1.0051250366743456e-28,1
91.0,1,1,15.14,8,20.9,-37.76,7.865,0.0,2.018,7.6,0.2347,4.396,5.517133951662474e-06,0
39.4,0,1,1.75,0,7.6,-15.04,0.0,0.0,1.053,6.78,0.2213,53.339,0.0,1
21.1,0,1,6.98,2,25.1,-13.72,1.374,0.0,1.0,7.47,0.227,108.037,0.0,1
5.4,0,1,11.17,0,32.6,-9.51,0.515,0.0,1.873,7.34,0.2363,213.456,0.0,1
135.5,1,2,15.77,3,9.7,-23.67,7.465,0.0,1.128,7.33,0.2238,18.112,1.288519800838136e-73,1
39.4,0,1,12.82,6,-14.9,-21.11,4.791,0.0,1.271,6.91,0.2246,13.741,2.8868724189326803e-43,1
30.1,0,1,19.08,6,-24.0,-20.7,4.862,0.0,1.313,8.03,0.2269,17.523,4.781217354984911e-69,1
30.6,0,1,6.56,0,26.3,-14.93,0.0,0.0,1.808,7.01,0.2271,67.023,0.0,1
148.3,1,2,17.55,8,-14.1,-25.51,7.482,1.596,1.183,7.24,0.2211,14.281,1.4308241066531075e-46,1
106.3,1,1,20.41,6,28.1,-37.78,3.465,0.0,1.709,6.97,0.2303,5.349,4.417025091876801e-08,0
52.5,0,1,19.13,8,27.1,-25.61,5.272,0.0,1.261,7.92,0.2358,5.328,4.9778751864657634e-08,0
55.1,0,1,19.27,2,10.8,-22.42,1.749,0.0,1.654,6.57,0.2204,10.761,2.6335354877350495e-27,1
125.2,1,2,22.21,14,9.3,-31.42,16.232,0.0,1.132,7.79,0.2511,8.066,3.642195701976657e-16,1
158.6,1,2,2.1,3,31.8,-23.65,2.745,0.0,1.445,6.11,0.223,21.898,1.3705955162069127e-106,1
95.8,1,1,17.43,9,19.1,-40.03,7.441,0.0,1.153,7.06,0.2415,3.666,0.00012308818267084556,0
75.5,1,1,24.22,15,14.4,-38.46,12.169,0.0,1.392,8.29,0.2371,4.123,1.872413718903007e-05,0
68.5,1,1,14.34,3,-1.7,-27.92,2.213,0.0,2.667,7.26,0.2326,17.554,2.787738494121139e-69,1
45.1,0,1,5.43,1,1.5,-19.46,0.844,0.0,1.638,6.01,0.2202,27.293,2.5980600437294946e-164,1
88.9,1,1,24.97,11,-4.7,-43.66,11.088,0.0,1.135,6.43,0.2502,2.818,0.0024176223879614064,0
159.3,1,2,4.37,2,31.5,-22.84,2.266,0.0,1.283,6.6,0.2201,21.102,3.827987861573557e-99,1
148.3,1,2,8.39,18,11.5,-28.23,11.282,0.0,1.895,6.54,0.2279,13.058,2.864565677319405e-39,1
6.0,0,1,4.3,0,20.7,-7.82,0.0,0.0,1.106,7.19,0.2206,401.177,0.0,1
27.5,0,1,11.61,2,-27.6,-18.52,1.282,2.875,1.005,6.07,0.2343,27.684,5.460138318846689e-169,1
46.3,0,1,10.47,6,25.4,-25.08,6.368,0.0,1.368,7.39,0.2283,6.549,2.894826721924616e-11,0
164.9,1,2,12.28,17,-2.9,-32.23,16.918,0.0,2.236,6.55,0.223,7.686,7.565980474252477e-15,1
131.1,1,2,23.2,11,17.9,-24.05,8.874,0.0,1.041,8.35,0.2223,16.814,9.60475627108757e-64,1
56.4,0,1,11.96,5,-27.4,-28.4,5.235,0.615,1.478,7.32,0.225,2.85,0.002186014708850755,0
75.4,1,1,12.87,12,28.1,-36.08,8.425,0.0,1.06,6.97,0.2387,7.039,9.684405059057737e-13,1
159.3,1,2,22.17,19,12.9,-31.47,16.538,0.0,1.575,7.07,0.224,8.201,1.1947446504731475e-16,1
136.4,1,2,20.44,8,-0.3,-28.3,9.902,0.0,1.43,7.8,0.234,11.439,1.3384232479641644e-30,1
135.8,1,2,5.99,6,-10.3,-22.61,5.846,0.0,1.377,6.84,0.2227,22.0,1.453021610757542e-107,1
74.0,1,1,0.32,0,-9.8,-24.45,0.0,0.0,1.356,6.48,0.2205,25.9,3.335373629769865e-148,1
181.8,1,2,15.74,23,-10.3,-40.27,22.606,0.0,1.154,7.67,0.2383,2.525,0.005786952191056292,0
63.5,0,1,21.12,9,-21.5,-39.08,8.353,3.735,1.985,7.17,0.2502,0.236,0.40688658266319966,0
33.4,0,1,13.82,2,0.1,-18.8,3.895,0.0,1.543,7.08,0.2297,26.252,3.381592338681478e-152,1
152.9,1,2,5.28,6,-0.5,-26.16,4.033,0.0,1.029,6.68,0.2237,16.878,3.246588200853293e-64,1
22.2,0,1,18.53,6,-3.2,-18.49,4.643,0.0,1.037,8.02,0.2278,34.442,2.9731770670908827e-260,1
26.6,0,1,16.74,6,15.7,-18.58,4.295,0.0,1.426,6.97,0.2388,31.726,3.4290632411301075e-221,1
56.0,0,1,14.13,5,-2.7,-28.66,6.438,0.0,1.079,7.23,0.2411,2.385,0.00853119650615155,0
148.1,1,2,21.58,21,-24.2,-36.24,23.55,0.898,1.16,7.7,0.232,3.613,0.0001514320116092972,0
152.9,1,2,19.61,12,25.4,-30.73,14.394,0.0,1.234,6.37,0.2407,9.055,6.823450190543483e-20,1
69.5,1,1,16.7,5,-2.4,-29.13,3.339,0.0,1.161,6.74,0.2394,13.88,4.2124985484933137e-44,1
48.3,0,1,16.62,1,12.6,-20.21,0.879,0.0,1.051,7.48,0.2403,20.013,2.1167085460425942e-89,1
56.6,0,1,16.56,1,30.4,-22.41,0.22,0.0,1.138,7.15,0.235,12.059,8.669909951157141e-34,1
100.3,1,1,13.13,8,19.9,-39.92,6.665,0.0,1.022,7.77,0.228,3.663,0.00012481583870318223,0
16.3,0,1,11.6,1,5.0,-14.31,2.175,0.0,2.92,7.08,0.2303,72.11,0.0,1
159.3,1,2,17.74,22,5.4,-35.71,24.317,0.0,1.213,7.26,0.2227,4.993,2.971772865991132e-07,0
61.9,0,1,15.26,7,25.2,-30.43,5.21,0.0,2.727,7.39,0.2422,1.833,0.03336476281873575,0
148.1,1,2,12.25,21,23.5,-30.13,13.862,0.0,1.005,6.24,0.2229,11.484,7.90220201486015e-31,1
187.7,1,2,3.17,5,-18.4,-29.33,4.091,0.0,1.173,6.11,0.2214,11.633,1.4052448551329572e-31,1
159.3,1,2,17.55,12,10.7,-31.67,12.941,0.0,1.759,7.2,0.2358,7.527,2.5919440226850372e-14,1
112.4,1,2,16.15,10,26.3,-23.8,12.02,0.0,2.054,6.55,0.2331,20.324,3.963757701686719e-92,1
61.2,0,1,8.56,0,22.2,-21.34,0.0,0.0,1.11,6.62,0.2208,13.382,3.8485170706675853e-41,1
50.5,0,1,8.91,4,-21.9,-23.27,3.298,0.0,1.347,6.78,0.2279,11.193,2.2006442839836688e-29,1
125.5,1,2,6.17,7,-1.7,-20.44,4.41,0.0,1.082,6.15,0.2262,28.571,7.671989702419827e-180,1
75.4,1,1,24.05,4,3.7,-30.4,3.489,0.0,1.612,7.49,0.2373,12.191,1.7341821283956162e-34,1
123.5,1,2,21.51,20,-13.2,-28.91,15.922,1.608,1.834,8.46,0.2389,9.622,3.242169601682759e-22,1
32.5,0,1,14.03,1,14.2,-16.44,1.165,0.0,1.278,7.23,0.2224,57.218,0.0,1
79.5,1,1,10.04,4,1.0,-31.18,4.688,0.0,1.041,6.81,0.2335,11.731,4.395014632218721e-32,1
135.2,1,2,18.42,20,-10.7,-29.95,15.375,0.0,1.046,7.99,0.2477,9.03,8.615644732584605e-20,1
65.1,1,1,13.19,4,-8.1,-28.04,3.731,0.0,1.261,6.79,0.2323,19.059,2.7547873854158125e-81,1
22.8,0,1,24.4,5,25.7,-17.64,3.992,0.0,1.179,7.3,0.2401,33.735,8.821691619090289e-250,1
86.6,1,1,1.38,1,26.3,-26.48,0.663,0.0,1.117,6.89,0.2214,18.92,3.889889177974879e-80,1
5.9,0,1,0.86,0,22.8,-8.19,0.0,0.0,1.344,6.79,0.2211,344.374,0.0,1
57.0,0,1,14.22,4,29.4,-23.65,2.189,0.0,1.547,7.0,0.2239,8.035,4.671036081166345e-16,1
45.0,0,1,5.08,1,31.9,-18.85,1.047,0.0,1.549,6.9,0.2238,25.333,6.97458302241795e-142,1
88.9,1,1,15.11,10,2.0,-38.59,9.33,0.0,2.101,7.1,0.2292,4.46,4.100944317046464e-06,0
16.5,0,1,19.54,1,-23.7,-12.32,0.664,0.0,1.972,6.55,0.2252,124.593,0.0,1
148.1,1,2,3.45,1,22.0,-22.27,2.075,0.0,1.401,6.41,0.2221,24.647,1.9932958861853644e-134,1
102.0,1,1,11.02,5,11.2,-39.17,4.781,0.0,1.293,6.14,0.2345,4.931,4.1002721120312646e-07,0
78.5,1,1,17.22,4,-5.3,-31.55,5.688,0.0,1.05,7.3,0.223,11.022,1.4958274865488152e-28,1
46.6,0,1,20.85,1,33.4,-19.84,1.591,0.0,1.669,8.29,0.2257,19.091,1.4992436038702482e-81,1
46.6,0,1,12.41,1,-8.0,-19.55,0.627,0.0,1.025,7.25,0.2321,21.68,1.581077233414664e-104,1
192.4,1,2,5.15,7,29.0,-28.58,5.273,0.0,1.486,6.91,0.2216,10.785,2.0351708304590446e-27,1
61.9,0,1,14.64,8,8.5,-29.84,6.231,0.0,1.37,7.0,0.2238,1.91,0.02803464611543919,0
46.3,0,1,11.36,1,-27.6,-18.58,0.645,0.0,1.36,7.08,0.2363,23.129,1.181863086102017e-118,1
45.1,0,1,19.3,5,25.9,-22.3,4.349,0.0,1.135,6.28,0.2327,10.019,6.3188527769145865e-24,1
6.0,0,1,13.89,0,19.5,-8.57,0.0,0.0,1.578,6.65,0.2245,280.643,0.0,1
63.5,0,1,6.99,3,11.8,-25.82,3.089,0.0,1.464,6.62,0.2253,5.03,2.458662278904722e-07,0
45.4,0,1,18.86,5,9.9,-25.81,6.027,0.0,2.44,6.27,0.2219,4.475,3.814729777417866e-06,0
147.0,1,2,12.94,21,-15.8,-31.84,19.255,1.536,1.02,7.28,0.2248,6.874,3.123992806200895e-12,1
88.9,1,1,4.44,2,-16.1,-29.49,1.512,0.0,1.496,6.84,0.2241,13.677,6.981510800038401e-43,1
112.4,1,2,14.08,7,-28.1,-20.61,5.507,0.0,1.172,6.64,0.2244,28.936,2.1342913920206743e-184,1
164.9,1,2,23.71,10,-20.0,-33.68,10.93,0.0,1.235,7.0,0.2532,6.0,9.843233081396909e-10,0
8.1,0,1,17.64,2,-8.1,-10.28,2.151,0.0,1.466,7.52,0.2266,185.644,0.0,1
45.0,0,1,7.47,2,5.1,-19.59,1.466,0.0,1.423,7.25,0.2232,22.646,7.709734715187348e-114,1
15.0,0,1,17.77,0,-21.5,-12.38,0.0,0.0,1.239,6.5,0.2393,134.691,0.0,1
123.7,1,2,7.07,1,6.2,-19.29,1.035,0.0,1.114,6.77,0.2292,29.091,2.3632603616159395e-186,1
83.5,1,1,13.57,4,-12.9,-32.84,4.544,0.0,1.011,6.53,0.2219,10.666,7.311791808287821e-27,1
12.3,0,1,13.16,0,-13.5,-10.02,0.0,0.0,1.196,7.56,0.2313,194.133,0.0,1
102.0,1,1,6.18,3,31.6,-35.14,2.467,0.0,1.9,6.93,0.2268,7.618,1.2902720051816849e-14,1
61.9,0,1,8.7,4,34.5,-26.3,3.913,0.0,1.297,6.98,0.2313,4.799,7.988044860135721e-07,0
70.1,1,1,23.55,11,22.7,-41.14,14.844,0.0,2.448,7.91,0.2231,3.072,0.0010643288176917722,0
137.8,1,2,6.26,8,-26.5,-26.32,7.195,4.734,1.265,6.5,0.2299,14.106,1.7396775922387767e-45,1
96.0,1,1,20.03,10,17.4,-42.29,11.398,0.0,1.157,8.14,0.223,2.493,0.006325090893961312,0
52.0,0,1,16.68,0,-18.4,-20.43,0.0,0.0,1.999,7.47,0.2405,14.756,1.4113895937199217e-49,1
97.4,1,1,13.32,1,7.0,-35.24,3.934,0.0,1.419,6.79,0.223,7.959,8.653479265730223e-16,1
145.8,1,2,3.44,1,28.1,-21.42,0.528,0.0,1.263,6.24,0.2232,25.227,1.0050862725154626e-140,1
50.5,0,1,5.11,1,-5.3,-19.86,1.397,0.0,1.018,6.41,0.2227,18.366,1.224330227243775e-75,1
93.8,1,1,4.47,1,30.4,-32.93,3.043,0.0,1.348,6.47,0.2223,9.58,4.833197230061961e-22,1
56.6,0,1,14.67,4,16.0,-26.26,3.826,0.0,1.678,7.77,0.2281,5.663,7.453972163243728e-09,0
56.4,0,1,24.33,2,-10.4,-25.54,1.541,0.0,1.37,8.15,0.2465,5.513,1.7598572776748443e-08,0
22.8,0,1,21.93,7,-23.8,-20.12,6.937,0.0,1.308,8.13,0.2332,22.834,1.053714185576865e-115,1
135.8,1,2,0.63,0,23.0,-20.16,0.0,0.0,2.794,6.24,0.2209,28.525,2.847786362923416e-179,1
50.5,0,1,6.84,2,-0.2,-21.48,2.699,0.0,1.22,7.38,0.2221,12.151,2.8426459564389686e-34,1
63.5,0,1,3.93,1,-25.3,-23.01,1.138,0.0,1.719,6.58,0.2205,8.405,2.138134411379544e-17,1
32.5,0,1,24.39,7,-23.3,-23.16,6.138,0.0,1.537,7.87,0.2269,11.058,9.983037358659146e-29,1
198.3,1,2,5.89,5,32.9,-30.93,4.422,0.0,1.115,7.38,0.2285,7.664,9.016267348570013e-15,1
36.0,0,1,5.03,2,-14.2,-23.74,2.484,3.613,3.168,7.28,0.2251,9.402,2.6650655027481604e-21,1
45.4,0,1,15.52,5,32.8,-23.26,3.411,0.0,1.299,7.25,0.2343,10.158,1.5311389062655414e-24,1
44.0,0,1,13.9,12,14.3,-25.49,7.746,0.0,1.293,6.51,0.2404,5.264,7.042382347009171e-08,0
34.5,0,1,5.65,0,-10.5,-15.91,0.0,0.0,1.489,6.08,0.224,57.631,0.0,1
100.3,1,1,16.76,20,-5.1,-42.1,11.468,0.0,1.474,7.08,0.228,2.872,0.0020389593431933755,0
22.5,0,1,2.43,0,20.5,-12.01,0.0,0.0,1.366,7.02,0.22,143.474,0.0,1
112.3,1,2,0.48,0,-1.7,-17.28,0.0,0.0,1.596,6.67,0.2202,38.121,0.0,1
91.3,1,1,2.06,1,-25.1,-30.18,0.901,0.0,1.299,6.39,0.222,13.657,9.123463556211283e-43,1
46.9,0,1,9.12,1,-15.1,-20.36,1.042,0.0,1.453,6.74,0.2203,19.71,8.839280098360853e-87,1
103.0,1,1,24.38,9,25.9,-48.44,10.876,0.0,1.449,7.64,0.2515,1.128,0.12968002880733992,0
27.5,0,1,13.68,1,15.3,-15.7,1.595,0.0,1.681,7.53,0.2312,63.815,0.0,1
26.3,0,1,18.87,2,2.6,-15.89,1.443,0.0,1.316,7.78,0.2449,49.204,0.0,1
9.4,0,1,8.04,0,-14.0,-9.93,0.0,0.0,1.24,7.02,0.2288,272.175,0.0,1
78.6,1,1,17.98,11,0.8,-37.38,11.217,0.0,1.176,7.51,0.2369,4.974,3.277132566164867e-07,0
79.5,1,1,24.15,4,21.3,-32.17,3.833,0.0,1.457,7.23,0.2457,9.447,1.737326921092281e-21,1
56.0,0,1,8.94,6,-24.7,-25.09,4.617,0.0,1.322,6.57,0.2304,5.856,2.3638269078933374e-09,0
23.5,0,1,24.98,5,34.7,-16.02,3.358,0.0,1.343,6.43,0.235,44.324,0.0,1
136.4,1,2,15.96,11,25.9,-28.97,12.093,0.0,1.028,7.51,0.2372,10.55,2.5331900625187332e-26,1
79.5,1,1,18.71,16,-9.3,-41.05,11.516,0.0,1.316,7.3,0.2445,3.622,0.0001460719609512494,0
26.3,0,1,6.3,1,26.6,-13.91,0.472,0.0,1.002,6.77,0.2271,101.255,0.0,1
91.7,1,1,16.08,6,14.3,-36.15,4.451,0.0,1.863,6.84,0.2363,6.714,9.488170740564262e-12,1
137.8,1,2,12.78,14,13.3,-29.35,13.813,0.0,1.119,7.74,0.236,9.687,1.7173463503991544e-22,1
79.8,1,1,23.91,14,-20.9,-39.77,11.807,0.0,1.219,7.16,0.2279,4.047,2.598772822902677e-05,0
71.4,1,1,22.62,5,28.9,-29.05,3.878,0.0,1.193,6.39,0.231,15.932,1.887703213406341e-57,1
12.3,0,1,9.92,0,-0.7,-10.31,0.495,0.0,1.478,6.82,0.2286,206.315,0.0,1
24.4,0,1,23.67,2,22.2,-14.74,2.007,0.0,1.53,7.48,0.2272,69.402,0.0,1
28.5,0,1,22.12,2,-10.5,-16.78,1.331,0.0,1.153,7.38,0.2433,43.363,0.0,1
159.3,1,2,14.76,16,-10.0,-36.48,18.307,0.0,1.328,6.92,0.2369,4.991,3.006512783521883e-07,0
68.5,1,1,2.05,0,32.7,-23.41,0.0,0.0,1.064,6.28,0.2201,28.95,1.3839671641513008e-184,1
126.5,1,2,4.02,1,2.3,-19.68,1.376,0.0,1.05,6.91,0.224,31.015,1.6666897481684303e-211,1
119.5,1,2,1.92,0,-26.1,-18.3,0.0,0.0,1.279,6.69,0.2206,36.354,1.1464391029501211e-289,1
71.4,1,1,2.7,1,24.3,-24.66,1.431,0.0,1.04,6.25,0.2202,26.299,9.80020320369366e-153,1
124.7,1,2,24.42,5,-15.2,-27.34,7.045,4.982,1.099,6.38,0.2258,14.475,8.674596524700521e-48,1
147.0,1,2,5.3,6,27.1,-22.79,4.201,0.0,1.249,6.61,0.2218,21.829,6.14052697321541e-106,1
28.5,0,1,17.27,0,29.6,-16.34,1.353,0.0,1.046,6.89,0.2424,55.744,0.0,1
78.6,1,1,15.91,8,-25.3,-33.99,6.578,0.0,2.066,6.62,0.2338,8.171,1.5267786619195124e-16,1
5.9,0,1,15.78,0,7.9,-9.07,0.0,0.0,1.351,6.83,0.2213,288.932,0.0,1
78.5,1,1,5.17,2,33.8,-27.92,0.977,0.0,2.224,6.41,0.2275,16.97,6.876054335731928e-65,1
45.5,0,1,14.48,1,30.5,-18.86,1.21,0.0,1.576,6.91,0.2301,24.22,6.77251907085608e-130,1
48.3,0,1,15.64,2,4.1,-22.94,2.287,0.0,1.598,6.38,0.2329,10.57,2.0609007919841512e-26,1
38.4,0,1,14.26,3,14.2,-18.52,2.346,0.0,1.166,7.65,0.2351,23.208,1.8983298661273037e-119,1
50.5,0,1,4.65,1,9.3,-19.42,0.45,0.0,1.119,6.18,0.2259,24.774,8.585718377478978e-136,1
171.3,1,2,18.08,23,-16.8,-37.11,15.235,4.959,1.542,7.19,0.2363,4.327,7.569063624160093e-06,0
33.5,0,1,1.83,0,12.4,-14.1,0.0,0.0,1.009,6.87,0.2217,78.349,0.0,1
60.4,0,1,14.78,0,-8.3,-25.17,0.0,3.606,1.044,6.23,0.2221,5.636,8.723659993097497e-09,0
49.7,0,1,10.91,3,-8.0,-24.38,2.267,2.822,1.668,6.47,0.221,7.547,2.2305183977181344e-14,1
61.2,0,1,6.26,0,-2.7,-21.09,0.0,0.0,1.336,6.21,0.2225,12.67,4.337990498763609e-37,1
23.4,0,1,20.18,3,25.4,-18.5,4.45,0.0,1.295,8.16,0.2366,32.144,5.364264581283358e-227,1
23.4,0,1,4.4,0,-14.5,-12.96,0.0,0.0,1.435,7.14,0.2262,112.995,0.0,1
28.9,0,1,23.32,4,-13.7,-17.48,3.165,0.0,1.208,7.64,0.2263,35.241,2.3516022261543987e-272,1
164.9,1,2,22.11,23,-29.5,-36.99,20.927,0.0,1.473,6.75,0.2518,3.984,3.3812943453799386e-05,0
136.4,1,2,9.01,5,-19.9,-23.84,3.172,2.294,1.791,6.51,0.224,19.582,1.10478854698916e-85,1
59.1,0,1,7.63,0,33.6,-23.44,0.392,0.0,3.492,7.52,0.2294,7.27,1.7927123051129445e-13,1
152.8,1,2,3.44,6,-1.8,-23.63,3.705,0.0,2.167,6.9,0.2215,19.316,1.978771364879244e-83,1
12.0,0,1,22.91,1,-17.3,-11.7,0.796,1.057,1.107,6.43,0.2343,140.12,0.0,1
42.6,0,1,15.69,7,32.8,-24.25,5.273,0.0,1.116,6.45,0.2365,8.357,3.227708142392577e-17,1
85.7,1,1,0.79,1,-28.2,-27.8,0.398,0.0,1.474,6.35,0.2216,18.138,7.953023652262247e-74,1
12.0,0,1,12.77,0,1.5,-11.46,0.617,0.0,1.506,7.52,0.2247,179.274,0.0,1
36.0,0,1,2.14,0,22.3,-15.16,0.0,0.0,1.064,6.6,0.2225,64.162,0.0,1
60.0,0,1,14.34,5,20.2,-28.48,5.464,0.0,1.533,7.82,0.2414,2.46,0.006942564731614229,0
45.5,0,1,12.72,0,-17.7,-19.36,0.0,0.0,2.089,6.29,0.228,23.078,3.8587854406410705e-118,1
198.3,1,2,2.07,1,16.0,-28.97,0.508,0.0,1.703,6.4,0.2203,12.265,6.998984808515158e-35,1
32.5,0,1,20.4,3,10.4,-20.06,3.019,0.0,1.543,7.33,0.2375,25.544,3.2299113671529105e-144,1
125.2,1,2,6.56,1,13.9,-20.45,2.148,0.0,1.279,6.54,0.2223,29.708,3.056894551735862e-194,1
71.8,1,1,13.54,10,-12.7,-32.27,7.203,0.0,1.381,6.92,0.2221,10.193,1.068955828205093e-24,1
78.8,1,1,15.98,2,22.7,-28.73,1.246,0.0,1.098,7.05,0.2345,14.554,2.75724218760052e-48,1
52.0,0,1,24.06,6,6.4,-24.98,5.397,0.0,1.203,7.17,0.2327,6.292,1.563144211364029e-10,0
43.9,0,1,12.35,1,17.1,-18.83,0.872,0.0,2.175,6.98,0.2256,24.274,1.8548724989051976e-130,1
71.8,1,1,22.93,8,31.1,-35.91,9.887,0.0,1.365,6.82,0.2513,6.308,1.409805852743543e-10,0
22.2,0,1,8.87,0,25.6,-11.18,0.0,0.0,1.006,7.01,0.2215,141.911,0.0,1
169.2,1,2,21.44,22,20.9,-36.82,20.991,0.0,1.048,7.67,0.2344,3.911,4.591900715131022e-05,0
86.6,1,1,5.9,0,-11.2,-32.07,0.0,3.653,1.047,7.01,0.2265,10.859,8.998464302262883e-28,1
23.5,0,1,17.69,0,-26.5,-12.82,0.0,0.0,1.261,7.64,0.237,100.985,0.0,1
9.4,0,1,2.22,0,7.4,-9.46,0.0,0.0,2.177,6.51,0.2221,256.862,0.0,1
74.0,1,1,24.65,16,-27.8,-41.39,14.342,0.0,1.116,7.44,0.2503,2.947,0.001602943492396915,0
126.5,1,2,23.85,10,16.4,-23.33,8.011,0.0,1.074,8.29,0.2321,18.129,9.447008064816141e-74,1
52.5,0,1,11.06,8,17.9,-27.44,7.541,0.0,1.064,7.17,0.2275,3.782,7.779324261434264e-05,0
97.4,1,1,13.1,5,6.6,-39.5,7.141,0.0,1.445,7.18,0.2265,4.268,9.871885209341943e-06,0
32.5,0,1,14.94,3,-19.1,-21.43,2.762,2.812,1.705,6.62,0.2261,17.719,1.4999906183197705e-70,1
43.9,0,1,6.88,1,26.9,-18.23,1.163,0.0,1.494,6.51,0.2238,24.091,1.5514274872663025e-128,1
50.5,0,1,16.86,8,8.7,-25.92,5.263,0.0,1.014,6.72,0.2285,4.95,3.717728158247676e-07,0
36.6,0,1,17.46,3,3.5,-20.72,3.719,0.0,1.217,7.39,0.2311,19.732,5.758939762680795e-87,1
55.1,0,1,13.13,1,6.9,-23.72,0.894,0.0,1.701,6.24,0.2369,9.684,1.7683867588308857e-22,1
9.4,0,1,3.69,0,-24.6,-9.78,0.0,0.0,1.144,6.6,0.2224,262.516,0.0,1
101.9,1,1,22.98,19,18.1,-49.84,16.406,0.0,1.21,8.0,0.2353,0.819,0.20650202644049676,0
89.4,1,1,2.88,1,-26.0,-29.14,0.542,0.0,1.314,7.0,0.2224,14.948,8.015902541909314e-51,1
10.5,0,1,15.73,0,7.6,-11.58,0.0,0.0,2.964,6.71,0.2267,152.556,0.0,1
113.2,1,2,2.58,0,-19.0,-18.09,0.0,0.0,1.092,6.86,0.2222,35.955,2.1145890072973818e-283,1
59.1,0,1,3.65,2,-16.5,-22.56,0.811,0.0,1.511,6.67,0.2251,11.173,2.761777685723292e-29,1
68.3,1,1,0.51,0,-14.8,-23.66,0.0,0.0,1.238,6.11,0.2205,28.845,2.9548894501192343e-183,1
135.2,1,2,9.08,7,-29.1,-21.95,3.651,1.617,1.159,6.61,0.2272,23.561,4.895859677753038e-123,1
70.1,1,1,15.99,3,28.0,-28.37,3.392,0.0,1.118,6.6,0.2316,17.434,2.2654283946278383e-68,1
43.9,0,1,13.04,3,22.3,-20.42,2.66,0.0,1.053,7.54,0.2335,15.309,3.3432571900552885e-53,1
47.0,0,1,16.86,7,-28.0,-27.41,8.718,0.0,1.233,7.4,0.2332,3.297,0.0004886738255649033,0
112.3,1,2,16.88,12,-26.3,-22.94,7.27,0.0,1.153,6.95,0.2263,21.044,1.2939404900691795e-98,1
134.9,1,2,3.5,3,20.9,-20.72,1.93,0.0,1.285,6.18,0.2219,29.475,2.991293966661781e-191,1
56.9,0,1,1.43,1,-29.6,-20.22,0.563,0.0,1.436,6.92,0.221,14.389,3.047202420236586e-47,1
12.3,0,1,15.63,0,0.5,-10.05,0.0,0.0,1.108,6.94,0.2221,189.999,0.0,1
61.9,0,1,16.33,4,-23.0,-26.93,2.77,2.668,1.33,7.3,0.2245,3.326,0.0004410572536964145,0
135.8,1,2,13.92,15,8.5,-27.92,14.771,0.0,1.581,7.5,0.2221,11.394,2.236521954869376e-30,1
52.0,0,1,6.14,2,34.9,-21.21,1.768,0.0,1.938,6.24,0.2208,13.519,6.03541887331059e-42,1
52.0,0,1,20.27,13,-18.8,-30.03,11.274,0.0,1.058,6.87,0.2247,1.994,0.02306351399255164,0
83.5,1,1,1.89,3,32.2,-29.14,2.314,0.0,1.073,7.02,0.2211,14.939,9.198182439655403e-51,1
46.1,0,1,15.81,4,26.3,-23.33,6.084,0.0,1.042,7.88,0.2234,8.303,5.0970276945888925e-17,1
23.1,0,1,3.01,0,34.1,-12.44,0.0,0.0,1.132,6.57,0.2222,129.385,0.0,1
198.3,1,2,16.36,16,19.8,-37.21,15.648,0.0,1.375,7.03,0.2263,3.724,9.816154795593744e-05,0
123.5,1,2,10.44,3,25.7,-21.55,3.52,0.0,1.033,6.38,0.2331,27.287,3.05013983419222e-164,1
44.0,0,1,17.95,3,8.6,-21.76,3.796,0.0,1.033,6.6,0.2231,16.451,4.122189952430194e-61,1
59.1,0,1,1.3,0,26.4,-21.83,0.459,0.0,1.737,6.43,0.2214,13.182,5.58547906604709e-40,1
57.0,0,1,13.88,6,-22.8,-29.97,6.379,2.822,1.025,7.58,0.222,2.09,0.018296108184616345,0
180.4,1,2,3.62,7,18.2,-27.88,5.577,0.0,1.336,6.61,0.2253,11.859,9.62413241882425e-33,1
35.8,0,1,17.06,13,10.9,-26.22,9.705,0.0,1.149,6.88,0.2382,5.631,8.954351240779809e-09,0
12.1,0,1,3.0,0,-26.1,-9.88,0.243,0.0,1.24,6.24,0.2244,230.892,0.0,1
38.4,0,1,1.84,1,-11.0,-15.79,0.704,0.0,1.124,6.4,0.2205,50.524,0.0,1
24.4,0,1,17.83,2,-16.0,-17.56,1.183,3.047,1.38,6.94,0.2366,40.447,0.0,1
11.2,0,1,1.59,0,-3.7,-9.21,0.0,0.0,1.499,6.35,0.2201,241.846,0.0,1
148.3,1,2,5.61,5,-17.1,-27.46,8.001,0.0,1.127,6.54,0.2235,15.061,1.459886522369916e-51,1
59.1,0,1,20.62,11,-12.1,-40.85,12.56,2.86,1.612,6.71,0.2506,0.191,0.4244315530122763,0
50.5,0,1,20.24,6,-10.8,-27.43,5.134,0.0,2.357,6.68,0.2313,3.237,0.0006036862156064279,0
87.1,1,1,21.35,6,9.0,-35.55,6.705,0.0,1.093,7.35,0.2384,6.553,2.816898529978261e-11,0
68.3,1,1,8.15,3,-21.2,-27.11,2.933,0.0,1.079,7.01,0.2267,18.92,3.8974252677594175e-80,1
68.5,1,1,13.2,1,-14.3,-24.12,1.601,0.0,1.037,6.66,0.2265,27.537,3.167800890524317e-167,1
87.1,1,1,19.33,5,-9.4,-33.44,4.789,0.0,1.287,7.19,0.2219,8.527,7.525299182942261e-18,1
60.4,0,1,3.42,1,-0.8,-24.03,1.218,0.0,2.306,6.13,0.2245,7.244,2.1807306760013835e-13,1
28.5,0,1,18.11,9,-27.5,-25.06,8.294,1.694,1.557,6.41,0.2386,7.166,3.854861442665718e-13,1
93.8,1,1,2.44,0,34.9,-30.44,0.747,0.0,1.353,7.1,0.2236,13.124,1.2057002662452558e-39,1
158.9,1,2,22.83,28,-10.5,-41.68,26.917,0.0,1.969,6.72,0.2414,2.501,0.00618373312090576,0
98.6,1,1,15.93,22,-11.3,-47.42,14.897,0.0,1.022,6.83,0.2228,1.567,0.05857100079484101,0
108.6,1,1,12.33,5,6.1,-40.92,6.794,0.0,1.351,7.3,0.2282,3.194,0.0007023868493977944,0
93.8,1,1,12.12,5,25.5,-33.56,3.818,0.0,1.096,7.87,0.2248,7.433,5.306687732830621e-14,1
7.1,0,1,4.53,0,-0.3,-8.14,0.0,0.0,1.389,6.5,0.2264,323.398,0.0,1
21.1,0,1,8.65,2,-13.8,-13.13,2.073,0.0,1.1,7.25,0.223,89.701,0.0,1
10.3,0,1,18.18,1,6.8,-10.72,0.616,0.0,1.018,7.86,0.2321,212.507,0.0,1
98.6,1,1,13.52,9,1.4,-37.02,4.763,0.0,1.073,7.16,0.2392,5.385,3.623541935910706e-08,0
12.0,0,1,13.23,1,-2.5,-10.8,0.791,0.0,1.446,6.43,0.2218,161.943,0.0,1
45.4,0,1,4.88,0,34.0,-18.86,0.0,0.0,1.074,6.88,0.2255,29.989,6.853372553942721e-198,1
88.9,1,1,17.26,6,34.7,-32.75,3.999,0.0,1.796,7.21,0.2366,8.313,4.6502599484320854e-17,1
51.0,0,1,9.8,3,6.5,-22.94,3.597,0.0,1.012,6.35,0.2264,9.042,7.686422238275705e-20,1
50.7,0,1,4.57,0,-25.6,-22.11,1.721,0.0,1.331,6.52,0.2212,12.522,2.8148998377477677e-36,1
88.9,1,1,23.59,15,6.8,-41.68,10.71,0.0,1.288,7.46,0.2496,3.208,0.0006680609045742414,0
115.3,1,2,12.67,3,31.9,-19.68,3.635,0.0,1.406,6.78,0.2205,29.456,5.227918212240208e-191,1
112.3,1,2,13.2,1,30.2,-20.14,1.957,0.0,1.312,7.29,0.2355,27.543,2.678525808691766e-167,1
16.5,0,1,24.53,0,-16.0,-12.68,0.0,0.0,1.109,8.2,0.2426,129.782,0.0,1
10.3,0,1,9.16,0,-17.6,-8.99,0.0,0.0,1.15,6.44,0.223,261.276,0.0,1
198.3,1,2,23.58,17,-20.1,-37.76,15.22,1.607,1.056,8.66,0.2402,2.813,0.002453696059323463,0
112.4,1,2,17.37,3,23.3,-20.54,3.24,0.0,1.016,7.25,0.2381,27.812,1.548361772535101e-170,1
5.4,0,1,15.83,0,1.9,-8.96,0.0,0.0,1.645,7.53,0.2292,290.954,0.0,1
49.7,0,1,5.86,1,-8.0,-19.94,1.435,0.0,1.166,6.61,0.2272,17.626,7.755364615639765e-70,1
125.2,1,2,1.29,2,-8.9,-20.06,1.421,0.0,2.252,6.79,0.222,29.063,5.275181048353951e-186,1
152.8,1,2,10.94,8,-12.1,-27.13,7.518,1.324,1.335,6.79,0.2324,14.089,2.217339596971093e-45,1
38.4,0,1,0.25,0,27.4,-15.14,0.0,0.0,2.127,6.65,0.22,49.598,0.0,1
74.0,1,1,1.78,0,-3.4,-25.75,0.0,0.0,1.432,6.74,0.221,24.911,2.8587067864426225e-137,1
12.5,0,1,14.88,5,-14.1,-13.3,2.561,0.0,1.369,7.11,0.2407,95.516,0.0,1
61.9,0,1,18.11,2,16.2,-24.62,1.404,0.0,1.354,7.57,0.2292,5.815,3.036700938309173e-09,0
108.6,1,1,4.2,1,11.3,-35.3,0.74,0.0,1.423,6.77,0.2212,7.473,3.9049895705533264e-14,1
17.9,0,1,18.31,0,16.5,-13.17,0.0,0.0,1.002,7.55,0.224,123.474,0.0,1
81.4,1,1,23.74,12,23.4,-40.99,11.813,0.0,1.593,7.23,0.2485,3.556,0.00018805884371854027,0
169.2,1,2,18.58,23,-23.4,-34.12,20.124,0.0,1.114,6.92,0.2273,5.279,6.493113950473329e-08,0
76.8,1,1,19.62,7,-29.9,-34.12,6.985,0.0,1.41,8.29,0.2341,7.877,1.678835372776753e-15,1
71.4,1,1,17.52,2,-26.7,-27.26,0.736,0.0,1.831,6.75,0.2338,18.852,1.40465289061158e-79,1
10.6,0,1,5.62,0,15.9,-9.38,0.0,0.0,1.246,7.0,0.2281,269.88,0.0,1
181.8,1,2,9.02,3,30.7,-30.22,4.266,0.0,1.668,7.14,0.2288,9.966,1.0778620194253623e-23,1
57.0,0,1,23.73,2,-8.5,-25.29,4.019,0.0,1.25,7.1,0.2543,4.927,4.184023606832406e-07,0
164.9,1,2,16.53,13,20.8,-29.95,12.918,0.0,1.246,7.3,0.2252,8.405,2.139070462543167e-17,1
111.7,1,2,19.73,5,17.4,-22.12,4.557,0.0,1.31,7.35,0.2455,22.843,8.520411950922829e-116,1
33.8,0,1,24.22,0,33.6,-17.69,0.0,0.0,1.282,7.24,0.2275,38.888,0.0,1
12.1,0,1,5.79,0,0.6,-10.66,0.8,0.0,1.088,6.79,0.2224,201.588,0.0,1
169.8,1,2,8.04,5,-19.2,-29.82,7.275,2.041,1.065,6.23,0.2322,10.714,4.3850713455026575e-27,1
22.8,0,1,16.12,3,19.7,-13.73,1.741,0.0,1.4,7.37,0.232,75.693,0.0,1
57.0,0,1,0.61,0,23.2,-20.21,0.0,0.0,1.158,6.3,0.2203,18.17,4.473748756917244e-74,1
81.4,1,1,14.28,2,16.0,-27.85,1.725,0.0,1.142,7.02,0.234,16.389,1.1446034926888563e-60,1
135.5,1,2,20.22,13,26.1,-27.61,12.75,0.0,1.099,7.88,0.2436,11.119,5.05384739449937e-29,1
108.6,1,1,15.26,3,-5.9,-38.81,3.593,0.0,1.022,7.08,0.2305,4.986,3.0869549790228753e-07,0
46.6,0,1,7.38,4,14.9,-21.15,2.742,0.0,1.189,6.74,0.2293,15.533,1.0402740801994023e-54,1
36.6,0,1,18.1,2,-12.8,-18.26,0.784,0.0,1.257,6.45,0.2377,29.603,6.821732943778253e-193,1
71.8,1,1,3.65,0,-1.0,-24.85,1.198,0.0,1.012,6.35,0.2247,25.373,2.5060566508863237e-142,1
10.3,0,1,22.37,4,-14.2,-16.24,2.966,3.713,1.329,8.23,0.2521,48.251,0.0,1
145.8,1,2,2.52,1,-20.0,-22.04,1.898,0.0,1.193,7.01,0.2228,22.717,1.5279472238411761e-114,1
67.2,1,1,21.59,8,-27.7,-35.76,9.368,0.0,2.03,6.93,0.2436,6.811,4.849287484906992e-12,1
100.3,1,1,12.45,8,13.6,-36.56,6.316,0.0,1.016,7.55,0.2215,5.529,1.6109571012081624e-08,0
34.5,0,1,10.72,2,26.9,-17.11,2.098,0.0,1.139,7.35,0.2328,38.412,0.0,1
169.2,1,2,12.52,17,-9.6,-36.49,20.092,0.0,1.951,6.89,0.2385,4.382,5.8701903712754204e-06,0
38.4,0,1,5.01,1,-2.1,-17.29,0.367,0.0,1.007,6.95,0.2236,44.004,0.0,1
159.3,1,2,11.44,9,-29.8,-29.48,8.081,4.74,2.344,7.34,0.2276,9.177,2.225026246014109e-20,1
90.9,1,1,21.24,7,-3.2,-43.82,10.709,0.0,1.008,7.05,0.2423,2.402,0.00815773305489055,0
12.0,0,1,20.02,2,-11.7,-14.62,0.998,3.944,1.393,7.8,0.2266,75.846,0.0,1
119.5,1,2,4.08,1,7.3,-19.01,1.573,0.0,2.252,6.39,0.2207,34.549,7.443253875420686e-262,1
50.7,0,1,16.84,5,29.1,-24.0,2.913,0.0,1.149,6.18,0.2434,8.349,3.4356967520634515e-17,1
61.2,0,1,21.42,11,2.9,-34.68,11.598,0.0,1.245,7.24,0.2222,0.583,0.28008878358422457,0
35.8,0,1,20.49,3,13.9,-19.07,1.223,0.0,1.039,7.22,0.2414,24.578,1.0880217876914624e-133,1
83.2,1,1,10.64,3,15.9,-29.35,3.211,0.0,1.311,6.71,0.2248,14.037,4.6556571203880354e-45,1
22.0,0,1,1.2,0,-20.1,-11.12,0.0,0.0,1.187,6.7,0.2204,150.054,0.0,1
134.9,1,2,23.28,15,-7.5,-26.81,10.602,0.0,1.056,7.95,0.2285,12.809,7.296079122192236e-38,1
135.5,1,2,9.9,7,-22.6,-27.02,10.827,0.0,1.539,7.32,0.2328,12.174,2.1289450492917543e-34,1
23.5,0,1,9.02,1,-1.4,-13.37,1.02,0.0,2.237,6.08,0.2203,84.982,0.0,1
30.1,0,1,18.99,2,27.7,-18.1,3.794,0.0,1.099,7.66,0.2261,28.578,6.393950414158157e-180,1
135.2,1,2,6.6,1,1.3,-21.48,2.199,0.0,1.431,7.09,0.2273,24.736,2.1712391063305714e-135,1
48.3,0,1,20.87,1,-0.4,-24.65,1.946,0.0,1.471,7.67,0.2508,7.823,2.5795112268768734e-15,1
88.9,1,1,1.9,2,-16.4,-33.48,0.875,3.743,1.377,6.72,0.2222,9.355,4.176558408461761e-21,1
81.4,1,1,18.52,3,-9.8,-39.59,10.687,0.0,1.24,7.39,0.235,3.898,4.850116658168616e-05,0
68.5,1,1,24.14,12,30.9,-34.78,9.73,0.0,1.323,6.99,0.2341,7.571,1.856393654430323e-14,1
91.3,1,1,24.89,10,-10.3,-44.86,10.414,0.0,1.536,6.77,0.2475,2.353,0.00930123919484429,0
15.0,0,1,23.1,1,17.5,-11.88,0.814,0.0,2.737,6.9,0.2274,120.989,0.0,1
152.8,1,2,21.77,25,-27.3,-38.02,23.557,4.006,1.42,8.04,0.2232,3.143,0.0008363254448337185,0
198.3,1,2,6.97,4,-21.7,-30.96,4.346,2.278,1.005,6.49,0.2278,8.324,4.253492146815294e-17,1
23.1,0,1,24.17,4,-9.8,-15.78,2.163,0.0,1.491,8.74,0.2531,47.635,0.0,1
50.7,0,1,23.2,8,28.6,-30.05,7.82,0.0,1.82,6.85,0.2503,1.759,0.03931330805403823,0
9.4,0,1,13.36,2,-15.7,-13.93,0.766,4.805,2.263,6.46,0.2279,77.225,0.0,1
23.5,0,1,10.05,0,17.2,-13.1,0.641,0.0,1.413,7.45,0.2342,101.814,0.0,1
26.3,0,1,2.73,0,-19.1,-14.71,0.0,0.0,2.486,6.76,0.2207,73.469,0.0,1
113.2,1,2,14.77,11,9.8,-21.64,8.647,0.0,1.225,6.73,0.2214,24.997,3.287678118565392e-138,1
17.6,0,1,17.51,1,8.1,-13.86,1.653,0.0,2.224,6.55,0.2343,94.935,0.0,1
56.4,0,1,10.1,4,10.4,-26.62,5.293,0.0,1.535,6.67,0.2305,4.207,1.293674667196464e-05,0
152.9,1,2,10.15,7,-11.4,-28.53,7.874,0.0,1.759,6.43,0.2244,12.445,7.463831605494376e-36,1
112.4,1,2,14.33,3,-19.5,-18.3,2.697,0.0,1.004,7.18,0.233,32.579,4.0992189396639415e-233,1
158.6,1,2,0.69,0,27.6,-24.15,0.0,0.0,1.491,6.6,0.2201,20.053,9.498186725761332e-90,1
42.6,0,1,23.95,6,7.0,-25.68,5.719,0.0,1.168,6.97,0.2523,5.676,6.895015710545089e-09,0
152.9,1,2,7.25,2,-16.2,-25.86,1.963,2.967,1.247,7.44,0.2264,15.821,1.1162372757857883e-56,1
34.7,0,1,3.52,1,-3.1,-16.11,1.088,0.0,1.286,6.28,0.2251,46.615,0.0,1
98.6,1,1,0.14,0,-25.6,-32.44,0.0,0.0,1.234,6.7,0.2206,12.06,8.56804757329817e-34,1
45.4,0,1,21.42,2,0.9,-21.79,2.209,0.0,2.394,7.3,0.2472,11.691,7.070384629072041e-32,1
33.8,0,1,21.58,5,-2.4,-20.41,3.211,0.0,1.073,7.13,0.2508,24.8,4.505260531442345e-136,1
21.1,0,1,2.38,0,-21.4,-12.07,0.0,0.0,1.393,6.51,0.2221,169.64,0.0,1
86.6,1,1,3.81,0,-1.1,-29.65,0.456,0.0,1.723,6.74,0.2219,15.688,9.155522135061027e-56,1
10.6,0,1,11.2,0,11.6,-8.35,0.0,0.0,1.408,7.59,0.2254,272.115,0.0,1
145.8,1,2,4.64,3,30.4,-22.82,3.749,0.0,1.327,6.47,0.2226,21.584,1.2629882827696831e-103,1
17.9,0,1,18.4,0,15.7,-12.6,0.854,0.0,1.501,7.17,0.2273,118.16,0.0,1
76.0,1,1,1.45,0,2.7,-24.52,0.0,0.0,1.628,6.76,0.222,22.775,4.0130785467940887e-115,1
59.1,0,1,13.74,1,20.1,-22.37,1.421,0.0,1.603,6.78,0.2309,9.317,5.979213297781852e-21,1
23.5,0,1,9.57,0,-11.8,-14.86,0.791,1.867,1.125,6.43,0.2289,70.098,0.0,1
158.9,1,2,11.62,4,13.5,-25.14,3.47,0.0,1.313,7.02,0.2212,16.51,1.5499759605902968e-61,1
192.4,1,2,10.62,15,-29.7,-36.06,12.691,1.795,1.362,6.96,0.2346,4.449,4.31290121563331e-06,0
60.4,0,1,3.83,2,-25.3,-24.8,1.949,0.767,1.135,6.82,0.221,5.99,1.04675403449747e-09,0
56.9,0,1,5.51,0,10.6,-20.42,0.0,0.0,1.301,6.82,0.2243,14.903,1.5761681831468072e-50,1
44.0,0,1,1.62,1,-17.5,-17.22,0.709,0.0,1.393,7.05,0.2225,35.666,6.657541028594348e-279,1
122.3,1,2,2.88,3,14.8,-19.14,1.957,0.0,1.008,6.92,0.2205,29.865,2.8435160395454246e-196,1
91.7,1,1,24.45,13,11.4,-41.2,8.012,0.0,1.082,6.53,0.2505,3.522,0.00021420148639100448,0
58.1,0,1,6.99,4,-25.9,-26.28,4.159,0.0,1.199,6.38,0.228,4.551,2.6758421791847003e-06,0
104.5,1,1,7.68,2,-4.5,-33.62,2.605,0.0,1.012,6.39,0.2263,8.767,9.197119510929022e-19,1
101.2,1,1,3.18,1,9.8,-31.46,0.486,0.0,1.013,7.06,0.2216,11.36,3.312676755515202e-30,1
79.5,1,1,18.88,4,16.4,-36.14,7.568,0.0,1.108,6.94,0.2405,6.412,7.169257415740676e-11,0
102.0,1,1,23.1,10,23.0,-42.71,7.314,0.0,1.445,7.73,0.2526,2.268,0.011668886503973791,0
67.3,1,1,19.74,3,-8.5,-27.48,3.673,0.0,1.663,7.37,0.225,17.186,1.6780331870064208e-66,1
146.9,1,2,15.32,17,24.4,-30.75,17.587,0.0,1.892,7.26,0.2201,8.064,3.6806842240432643e-16,1
33.8,0,1,20.33,4,-7.0,-19.95,4.093,0.0,2.166,7.3,0.2203,21.52,5.019252083826718e-103,1
28.9,0,1,10.11,1,-29.5,-16.18,1.094,0.0,1.94,7.23,0.2356,53.355,0.0,1
44.0,0,1,21.49,6,9.7,-25.73,7.992,0.0,1.065,6.71,0.238,5.193,1.0361969888460112e-07,0
112.3,1,2,19.96,7,-14.3,-21.58,6.866,0.0,1.033,6.97,0.2355,24.382,1.3359453254508887e-131,1
67.2,1,1,0.04,0,-21.9,-22.39,0.0,0.0,1.218,6.73,0.2205,28.824,5.300228214293382e-183,1
141.4,1,2,12.19,14,-13.2,-29.87,12.982,2.996,1.155,7.35,0.2259,9.058,6.672816004244589e-20,1
44.0,0,1,6.62,0,23.8,-18.64,0.264,0.0,1.027,6.08,0.226,30.979,5.137644976567719e-211,1
12.0,0,1,2.16,0,29.4,-10.76,0.0,0.0,1.736,6.5,0.2205,199.262,0.0,1
100.3,1,1,21.15,8,32.5,-38.56,6.113,0.0,1.008,8.14,0.2359,3.768,8.229854663292548e-05,0
125.8,1,2,0.2,0,-10.3,-18.05,0.0,0.0,1.002,6.97,0.2202,33.522,1.1682166819226304e-246,1
22.0,0,1,18.25,5,-0.4,-18.54,4.241,0.0,1.054,7.09,0.2404,34.292,5.086706507294919e-258,1
14.1,0,1,24.7,1,22.2,-10.36,0.834,0.0,1.169,6.99,0.2274,183.423,0.0,1
39.5,0,1,12.05,1,-9.3,-17.17,0.609,0.0,1.115,6.33,0.2379,36.001,3.9692375765495384e-284,1
116.9,1,2,9.28,8,-5.0,-18.01,4.287,0.0,1.649,7.14,0.2335,29.034,1.210929583783365e-185,1
38.4,0,1,15.15,1,-14.6,-20.23,0.39,3.768,1.313,7.11,0.2224,17.317,1.761197502574653e-67,1
96.0,1,1,20.12,8,7.2,-40.88,7.567,0.0,1.33,7.78,0.2344,3.19,0.0007117324830646975,0
10.5,0,1,6.01,0,12.9,-10.22,0.0,0.0,1.474,6.86,0.2226,231.044,0.0,1
44.0,0,1,6.27,3,-9.3,-19.24,1.591,0.0,1.077,7.2,0.2254,25.734,2.412823291102833e-146,1
46.3,0,1,15.18,2,-28.4,-25.05,2.401,3.804,1.023,7.36,0.2336,5.555,1.3889825193957263e-08,0
79.8,1,1,23.5,4,17.8,-35.35,4.652,0.0,1.717,7.08,0.2467,7.135,4.832033145561297e-13,1
46.6,0,1,7.46,0,10.1,-18.61,0.568,0.0,1.419,6.4,0.2272,24.039,5.449707259949464e-128,1
8.1,0,1,9.42,1,-15.8,-9.81,0.599,0.0,1.012,6.5,0.2227,250.083,0.0,1
57.0,0,1,24.83,6,-9.5,-27.13,5.112,0.0,1.077,6.49,0.2398,3.567,0.0001805082959287536,0
159.3,1,2,4.41,5,32.2,-25.95,4.887,0.0,1.174,6.06,0.2262,18.083,2.1747319912745113e-73,1
14.1,0,1,1.92,0,11.0,-8.93,0.0,0.0,1.274,6.08,0.2201,260.339,0.0,1
134.9,1,2,14.74,7,8.7,-23.62,7.815,0.0,1.17,6.48,0.221,19.615,5.709054262833282e-86,1
136.4,1,2,0.61,0,11.6,-18.67,0.0,0.0,1.06,6.33,0.2202,31.858,5.0555308566617065e-223,1
26.3,0,1,4.51,1,32.0,-13.5,0.834,0.0,1.124,6.52,0.2252,85.778,0.0,1
159.0,1,2,15.56,8,-7.9,-30.24,8.821,0.0,2.096,8.04,0.2435,8.74,1.1672274539213444e-18,1
49.7,0,1,16.49,3,-11.7,-19.67,2.167,0.0,1.144,6.86,0.2247,16.168,4.222979225481754e-59,1
171.3,1,2,12.76,9,-5.5,-31.36,10.162,2.024,1.023,6.56,0.2257,8.347,3.494499653887251e-17,1
65.4,1,1,9.59,2,22.1,-24.71,0.813,0.0,1.021,7.08,0.2324,25.384,1.8969313290049994e-142,1
152.8,1,2,14.4,11,-22.1,-30.35,11.761,0.0,1.11,7.49,0.2345,8.33,4.038522942953062e-17,1
112.4,1,2,16.08,14,-16.6,-23.56,12.887,0.961,1.075,6.64,0.2278,20.751,6.004036902628534e-96,1
28.5,0,1,20.09,0,-15.2,-17.44,1.054,1.738,1.175,7.14,0.2414,40.314,0.0,1
68.5,1,1,19.82,8,11.4,-29.99,5.329,0.0,1.519,7.05,0.2253,13.617,1.594821158961832e-42,1
67.3,1,1,16.62,8,11.7,-31.93,7.011,0.0,1.653,7.26,0.2377,10.821,1.3701569358211402e-27,1
137.8,1,2,22.36,7,-5.8,-23.59,7.858,0.0,1.081,7.08,0.2238,17.92,4.09337991668192e-72,1
76.0,1,1,20.95,10,-12.0,-39.22,11.546,0.0,2.024,7.13,0.2382,4.518,3.1149351975166902e-06,0
21.7,0,1,3.33,0,19.1,-12.73,0.424,0.0,2.173,6.74,0.2224,103.977,0.0,1
93.8,1,1,23.92,21,-27.9,-52.0,19.13,2.508,1.478,8.35,0.2362,0.485,0.3139161849972183,0
125.8,1,2,22.29,3,18.0,-22.83,3.279,0.0,2.362,7.44,0.2383,20.401,8.12491927706706e-93,1
42.0,0,1,8.02,2,-16.3,-20.04,1.769,0.0,1.191,6.6,0.2322,23.769,3.4641111587952937e-125,1
16.5,0,1,0.5,0,28.7,-12.03,0.0,0.0,2.05,6.25,0.2204,154.505,0.0,1
68.3,1,1,15.1,5,-3.1,-26.47,2.579,0.0,1.09,7.12,0.2235,20.714,1.2893263422706651e-95,1
81.1,1,1,10.96,4,11.7,-32.51,3.693,0.0,1.517,6.92,0.2231,11.2,2.041562562677743e-29,1
22.0,0,1,18.74,0,-22.1,-16.93,0.0,1.85,1.261,7.19,0.2272,63.295,0.0,1
83.2,1,1,13.11,0,-13.5,-27.88,1.439,0.0,1.01,7.94,0.2347,15.145,4.109041367139932e-52,1
45.0,0,1,1.91,0,15.5,-16.58,0.0,0.0,1.309,6.48,0.2205,36.963,2.222667133352464e-299,1
28.5,0,1,6.12,2,5.8,-15.8,2.131,0.0,1.414,7.05,0.2219,57.932,0.0,1
39.4,0,1,22.06,1,20.1,-21.65,1.353,0.0,1.652,7.38,0.2524,18.023,6.405656992469952e-73,1
46.9,0,1,0.94,0,6.6,-17.88,0.0,0.0,1.505,6.63,0.2211,34.674,9.73341191819154e-264,1
10.5,0,1,18.42,0,7.0,-11.75,0.0,0.0,3.976,7.31,0.2305,137.388,0.0,1
115.3,1,2,7.3,0,25.8,-18.32,0.916,0.0,1.619,7.27,0.2264,31.484,7.125410689807139e-218,1
10.3,0,1,11.32,0,-2.4,-9.01,0.0,0.0,1.175,7.12,0.228,291.559,0.0,1
125.8,1,2,13.28,13,28.2,-24.94,9.316,0.0,1.111,6.85,0.2323,17.836,1.850272403342825e-71,1
17.6,0,1,6.25,0,-5.8,-13.71,0.0,2.232,1.09,6.63,0.2291,95.877,0.0,1
21.1,0,1,16.3,5,-8.6,-15.31,3.161,0.0,1.004,7.05,0.2394,65.564,0.0,1
46.3,0,1,17.34,2,20.7,-19.96,1.952,0.0,1.053,7.13,0.2336,19.323,1.7106370822748163e-83,1
101.9,1,1,2.13,2,-29.2,-32.98,0.649,0.0,1.351,6.73,0.2211,10.344,2.2292998504148528e-25,1
56.0,0,1,9.35,4,-18.8,-26.28,3.755,0.0,2.256,6.53,0.2213,4.557,2.5980685574234846e-06,0
57.0,0,1,18.61,1,-25.3,-27.78,1.657,3.232,2.176,7.59,0.2341,3.263,0.0005506417845132501,0
169.8,1,2,18.04,10,3.3,-28.95,8.622,0.0,1.345,8.24,0.2218,8.869,3.6996666045388503e-19,1
12.0,0,1,13.62,0,10.8,-9.74,0.327,0.0,1.218,7.33,0.24,229.664,0.0,1
177.2,1,2,19.44,13,-29.3,-35.26,13.259,1.997,1.053,7.79,0.2353,4.27,9.77500952706471e-06,0
101.9,1,1,2.69,0,-19.5,-32.45,0.545,0.0,1.444,6.37,0.221,10.676,6.61811300362766e-27,1
125.5,1,2,2.96,0,-10.3,-19.2,1.985,0.0,2.059,6.59,0.2212,30.939,1.8135054224096616e-210,1
34.5,0,1,16.44,3,-10.9,-19.65,2.891,0.0,1.417,6.55,0.2258,24.468,1.631933278964986e-132,1
34.9,0,1,17.33,7,-23.7,-21.01,4.091,0.0,1.274,6.89,0.2338,17.96,2.0193963499746365e-72,1
152.9,1,2,20.36,1,-18.8,-26.01,1.38,0.0,1.274,7.37,0.2338,15.921,2.2560480700771227e-57,1
46.9,0,1,4.53,3,25.1,-22.69,3.909,0.0,1.863,7.01,0.2243,11.483,7.998207583017315e-31,1
64.6,0,1,12.92,5,15.5,-27.71,4.26,0.0,1.173,7.31,0.2278,2.74,0.0030720188182185057,0
147.0,1,2,16.52,19,-10.8,-33.92,17.963,4.589,1.396,6.45,0.2369,6.021,8.663534015369208e-10,0
51.0,0,1,5.59,0,-12.9,-23.53,0.0,4.93,1.065,7.08,0.2234,8.565,5.383134190558328e-18,1
36.6,0,1,12.92,3,-24.8,-19.16,3.226,0.0,1.002,7.49,0.2264,26.999,7.518804965368209e-161,1
11.4,0,1,15.96,2,-7.3,-11.88,1.614,0.0,2.014,7.92,0.2211,157.91,0.0,1
125.2,1,2,5.36,5,-4.1,-20.97,4.314,0.0,1.373,6.6,0.2265,24.934,1.5890888395601016e-137,1
33.4,0,1,9.39,0,28.8,-16.31,0.888,0.0,2.009,6.63,0.2271,47.947,0.0,1
68.5,1,1,5.41,0,18.3,-25.33,0.0,0.0,1.329,6.43,0.2216,27.586,8.244825524738817e-168,1
64.6,0,1,22.57,8,1.1,-32.34,6.48,0.0,1.26,7.4,0.2355,1.186,0.11783299707719863,0
24.4,0,1,5.92,0,-21.2,-12.96,0.0,0.0,1.504,6.61,0.2233,113.988,0.0,1
17.9,0,1,3.02,0,12.7,-11.74,0.0,0.0,2.07,6.19,0.221,157.522,0.0,1
39.4,0,1,0.88,0,30.8,-15.46,0.0,0.0,1.091,6.51,0.2209,60.526,0.0,1
148.1,1,2,1.12,3,-24.9,-24.29,1.561,4.636,1.316,6.55,0.2213,18.497,1.0971988516166217e-76,1
90.9,1,1,4.79,5,25.2,-30.61,2.476,0.0,1.242,7.19,0.2231,11.472,9.170334250862127e-31,1
12.3,0,1,15.21,2,-18.3,-14.48,1.213,0.89,3.069,7.07,0.231,77.274,0.0,1
141.4,1,2,0.44,0,15.6,-20.84,0.0,0.0,1.372,6.55,0.2204,25.836,1.735679747735797e-147,1
61.2,0,1,7.17,3,-18.0,-24.95,1.498,0.0,2.312,6.55,0.2289,5.688,6.415733281498551e-09,0
76.8,1,1,1.45,0,9.0,-25.88,0.0,0.0,1.502,6.6,0.221,22.72,1.4215083078197576e-114,1
113.2,1,2,10.09,4,-14.6,-19.96,3.552,0.0,1.556,7.4,0.2285,26.245,4.128158233053944e-152,1
97.4,1,1,1.21,0,5.2,-30.44,0.0,0.0,1.305,6.91,0.2212,13.405,2.8210916806271957e-41,1
74.0,1,1,15.19,1,9.0,-29.12,1.708,0.0,1.17,7.03,0.224,16.833,6.946545345349483e-64,1
80.8,1,1,17.21,5,10.2,-33.97,5.214,0.0,1.276,7.2,0.2399,7.702,6.695881314264635e-15,1
19.5,0,1,18.28,4,14.4,-14.27,3.453,0.0,1.516,8.14,0.2209,72.846,0.0,1
23.1,0,1,5.61,0,-25.5,-15.63,0.716,3.312,1.309,7.15,0.2225,45.484,0.0,1
43.9,0,1,21.71,4,15.7,-24.23,3.969,0.0,3.051,7.56,0.2521,6.995,1.325728187462813e-12,1
79.5,1,1,17.26,5,-20.0,-31.71,4.319,0.0,1.286,7.62,0.2366,10.527,3.2522132069984075e-26,1
56.0,0,1,1.42,0,14.0,-19.69,0.0,0.0,1.268,6.68,0.2209,20.959,7.757513724115183e-98,1
76.8,1,1,11.02,5,-21.9,-31.74,3.845,0.0,2.494,6.23,0.2326,11.79,2.2076581944680456e-32,1
42.0,0,1,19.19,4,1.2,-22.68,4.114,0.0,1.174,7.71,0.2312,11.237,1.3348072135668463e-29,1
46.1,0,1,7.77,2,-4.9,-18.7,1.275,0.0,1.153,7.18,0.2243,21.359,1.6246162766064213e-101,1
131.8,1,2,9.54,1,32.9,-21.01,2.485,0.0,1.028,6.46,0.2307,28.666,5.02916123749983e-181,1
55.1,0,1,15.74,9,11.0,-29.49,7.876,0.0,1.602,6.16,0.231,2.343,0.009564960058227644,0
113.2,1,2,1.39,1,-24.3,-18.18,1.9,0.0,1.396,6.2,0.2215,36.017,2.2700490178918187e-284,1
34.5,0,1,24.17,2,15.6,-18.33,1.818,0.0,1.409,6.55,0.224,34.424,5.56027480558877e-260,1
56.0,0,1,4.36,4,-17.4,-24.24,3.645,0.0,1.012,6.55,0.2257,7.233,2.364606104235504e-13,1
16.5,0,1,0.67,0,-11.4,-10.31,0.0,0.0,1.106,6.09,0.2206,177.556,0.0,1
119.5,1,2,0.13,0,-5.4,-18.42,0.0,0.0,1.109,6.77,0.2202,34.94,9.150462496684934e-268,1
78.6,1,1,9.99,1,20.5,-27.29,0.598,0.0,1.111,6.64,0.2261,19.471,9.616165668802441e-85,1
6.0,0,1,22.11,0,31.4,-9.69,0.0,0.0,1.071,6.74,0.2402,244.389,0.0,1
85.7,1,1,20.49,3,30.1,-33.67,3.107,0.0,1.521,7.0,0.2362,9.89,2.28895943466667e-23,1
108.9,1,1,22.8,7,-18.9,-43.8,4.852,0.0,1.606,7.19,0.2532,2.234,0.012739031835027283,0
13.1,0,1,13.34,1,-26.1,-11.33,0.611,0.0,1.182,7.44,0.2397,186.831,0.0,1
11.2,0,1,11.22,2,23.9,-11.83,2.192,0.0,1.342,6.96,0.2229,136.597,0.0,1
135.5,1,2,9.65,9,-11.3,-24.31,4.276,0.0,1.523,6.94,0.2331,19.837,7.159088532977701e-88,1
123.7,1,2,1.16,0,7.9,-18.81,0.57,0.0,1.065,6.89,0.2208,34.982,2.1006922740864028e-268,1
24.4,0,1,22.74,6,33.6,-19.19,5.671,0.0,1.389,7.61,0.236,25.011,2.3429951244876977e-138,1
78.6,1,1,12.4,4,-17.9,-31.12,3.481,0.0,1.716,6.6,0.2341,12.564,1.67100403309586e-36,1
46.6,0,1,11.38,5,-5.6,-22.16,3.522,0.0,1.33,6.98,0.2288,13.035,3.8842202096613156e-39,1
112.3,1,2,12.88,9,26.4,-22.03,8.187,0.0,1.472,7.38,0.2339,22.883,3.430277009648013e-116,1
159.0,1,2,19.85,5,12.2,-26.61,4.613,0.0,1.339,8.32,0.2325,12.569,1.562960038513782e-36,1
34.9,0,1,5.61,3,30.9,-17.57,2.424,0.0,1.359,6.22,0.2261,38.122,0.0,1
76.8,1,1,17.75,6,11.1,-35.49,7.43,0.0,1.244,6.93,0.2331,7.748,4.683497851633861e-15,1
115.3,1,2,17.77,13,-10.3,-20.84,8.251,0.835,1.149,7.38,0.2232,24.563,1.561106486572265e-133,1
23.2,0,1,21.24,3,22.3,-15.8,2.468,0.0,1.05,7.8,0.2391,49.601,0.0,1
55.1,0,1,0.22,0,19.4,-20.89,0.0,0.0,1.793,6.2,0.2202,14.902,1.5987712025478726e-50,1
91.3,1,1,4.26,4,30.7,-32.2,2.477,0.0,1.705,6.48,0.2216,10.746,3.083437054025064e-27,1
152.9,1,2,11.78,8,1.0,-25.8,6.42,0.0,1.101,7.09,0.2318,15.477,2.4846024611474803e-54,1
46.9,0,1,21.26,4,2.7,-24.47,5.581,0.0,1.521,7.57,0.2517,6.78,6.015474106154733e-12,1
6.0,0,1,24.13,1,-9.0,-8.45,0.668,0.0,1.319,8.79,0.2377,289.046,0.0,1
57.0,0,1,14.87,0,-12.5,-21.31,1.043,0.0,1.527,7.89,0.2272,11.8,1.958183956961805e-32,1
61.2,0,1,5.3,2,34.8,-24.42,2.325,0.0,1.169,6.94,0.2214,6.821,4.533369694762508e-12,1
10.5,0,1,4.61,0,33.5,-9.77,0.0,0.0,1.242,6.57,0.2214,250.909,0.0,1
35.8,0,1,15.99,5,4.4,-23.79,7.979,0.0,1.089,7.56,0.2254,8.403,2.1843153739007556e-17,1
43.9,0,1,5.25,0,32.1,-17.19,0.0,0.0,1.768,6.68,0.2228,34.255,1.8182712945878254e-257,1
67.3,1,1,13.83,6,-6.8,-31.38,7.195,0.0,1.682,7.05,0.2207,11.34,4.1387043179660835e-30,1
30.6,0,1,20.87,3,25.2,-18.74,4.354,0.0,1.213,7.74,0.2349,25.837,1.7249622229134722e-147,1
10.5,0,1,9.75,0,11.3,-11.52,0.0,0.0,1.348,6.54,0.233,196.748,0.0,1
125.8,1,2,9.46,2,16.6,-19.21,1.108,0.0,1.456,6.22,0.2266,32.055,9.424783021425136e-226,1
7.1,0,1,0.9,0,16.7,-9.21,0.0,0.0,2.101,6.59,0.2207,245.903,0.0,1
6.0,0,1,6.35,0,11.3,-8.47,0.0,0.0,1.464,6.83,0.2254,335.898,0.0,1
86.6,1,1,17.45,4,25.4,-32.67,3.936,0.0,1.065,6.96,0.2455,9.819,4.677276004561589e-23,1
34.9,0,1,9.01,2,-4.5,-17.79,2.256,0.0,1.293,6.51,0.224,38.198,0.0,1
152.9,1,2,3.96,5,25.2,-26.7,6.469,0.0,1.513,6.33,0.2257,15.155,3.489177053446557e-52,1
122.3,1,2,2.64,2,-18.1,-18.32,1.665,0.0,1.283,6.9,0.2234,33.538,6.645390351774357e-247,1
23.1,0,1,2.38,1,-17.0,-14.93,0.743,1.248,1.013,6.46,0.2219,92.696,0.0,1
36.6,0,1,16.48,1,16.6,-19.88,2.567,0.0,1.212,7.4,0.2408,23.543,7.323322880776216e-123,1
12.5,0,1,15.32,1,18.8,-10.85,0.868,0.0,1.269,8.0,0.242,178.544,0.0,1
159.3,1,2,12.96,12,28.6,-28.79,10.777,0.0,1.25,6.41,0.2383,10.375,1.602691016813469e-25,1
51.0,0,1,12.51,3,-12.1,-24.63,4.573,0.0,1.394,6.96,0.2287,6.44,5.991317204396668e-11,0
136.4,1,2,3.83,0,-26.4,-20.47,0.0,0.0,1.503,6.96,0.2257,24.908,3.0102070081506056e-137,1
14.1,0,1,12.52,0,3.0,-12.32,1.362,0.0,1.013,6.47,0.2332,138.31,0.0,1
56.0,0,1,1.5,1,26.9,-21.81,0.609,0.0,1.33,6.69,0.2202,14.271,1.6575255850157287e-46,1
75.4,1,1,23.15,5,33.1,-31.44,5.275,0.0,1.029,8.08,0.2213,10.847,1.0299275355832405e-27,1
22.5,0,1,1.45,0,25.8,-12.27,0.0,0.0,1.166,6.81,0.2209,139.217,0.0,1
45.1,0,1,10.59,6,1.8,-22.48,4.144,0.0,1.204,7.34,0.2302,10.554,2.435383087121071e-26,1
79.5,1,1,0.01,0,26.1,-26.38,0.0,0.0,1.617,6.6,0.22,23.065,5.182633481986222e-118,1
112.4,1,2,19.65,2,-16.1,-18.32,2.668,0.0,1.707,6.71,0.2214,35.148,6.228318235400249e-271,1
46.6,0,1,4.15,2,29.9,-20.11,1.721,0.0,1.341,6.91,0.2217,20.035,1.3526171443825715e-89,1
42.6,0,1,23.12,8,6.8,-26.37,6.52,0.0,1.073,7.16,0.2459,4.659,1.5918416650793223e-06,0
12.3,0,1,1.1,0,-4.7,-8.86,0.0,0.0,1.308,6.66,0.2207,271.412,0.0,1
21.5,0,1,20.52,4,7.8,-17.89,4.703,0.0,1.039,7.58,0.2386,36.206,2.4882292391231066e-287,1
136.4,1,2,16.42,8,21.0,-25.88,7.925,0.0,1.268,7.14,0.2298,15.194,1.929756208530234e-52,1
50.5,0,1,6.24,2,-14.4,-20.56,1.315,0.0,2.283,6.66,0.2222,16.104,1.1924755256240132e-58,1
12.3,0,1,5.06,2,-23.4,-9.65,0.95,0.0,1.066,7.09,0.2209,221.973,0.0,1
79.8,1,1,8.94,8,17.7,-34.15,5.736,0.0,1.267,7.3,0.2272,9.906,1.9527931098351177e-23,1
113.4,1,2,20.71,6,31.9,-22.62,6.451,0.0,1.101,6.53,0.2258,24.423,4.923975297877278e-132,1
10.3,0,1,21.55,1,11.4,-11.25,0.449,0.0,1.306,7.78,0.2222,195.749,0.0,1
91.0,1,1,4.38,2,-20.7,-35.75,2.172,3.429,1.817,6.98,0.2224,6.924,2.1915642615277135e-12,1
51.0,0,1,8.84,1,11.8,-19.35,0.287,0.0,1.267,6.89,0.2323,19.693,1.2278945797557348e-86,1
56.4,0,1,5.94,0,-22.4,-21.11,0.485,0.0,1.022,6.48,0.2254,13.149,8.651798516983119e-40,1
5.9,0,1,3.07,0,-10.3,-8.92,0.0,0.0,1.797,6.93,0.2213,315.993,0.0,1
135.5,1,2,16.16,7,-27.9,-24.22,6.411,0.0,1.361,7.69,0.2356,16.2,2.5226734336479325e-59,1
142.3,1,2,8.65,0,1.7,-22.03,1.597,0.0,1.387,6.9,0.23,23.389,2.735482728641083e-121,1
21.1,0,1,5.63,1,-9.1,-16.25,1.028,3.104,1.199,6.64,0.2274,52.409,0.0,1
46.1,0,1,21.65,7,-23.7,-25.18,5.729,0.0,1.672,7.68,0.2526,5.422,2.953164151054032e-08,0
23.1,0,1,18.71,2,-9.9,-18.57,0.956,4.004,1.375,7.41,0.2375,28.152,1.1339079163031275e-174,1
85.7,1,1,19.34,6,12.1,-33.57,5.239,0.0,1.328,7.41,0.2325,8.409,2.0657298513230396e-17,1
135.8,1,2,0.98,0,-11.2,-19.87,0.0,0.0,1.796,6.79,0.2212,27.902,1.2711757631640647e-171,1
102.0,1,1,22.88,16,-20.7,-45.41,12.41,0.0,1.386,8.11,0.2242,1.546,0.06104501231424605,0
30.6,0,1,14.37,1,5.4,-15.4,0.66,0.0,1.176,7.25,0.2359,53.967,0.0,1
17.6,0,1,12.6,2,19.0,-11.62,1.412,0.0,1.28,6.87,0.2253,130.158,0.0,1
136.4,1,2,0.26,1,24.0,-22.36,0.923,0.0,1.24,6.48,0.2203,25.883,5.214915490820931e-148,1
116.9,1,2,22.44,7,0.7,-25.88,13.15,0.0,1.259,7.67,0.2357,14.566,2.3176574356808982e-48,1
102.0,1,1,13.6,11,16.2,-43.02,9.639,0.0,1.061,6.96,0.2252,3.012,0.0012993924502236408,0
107.4,1,1,20.63,6,24.2,-44.03,8.209,0.0,1.044,6.78,0.2438,2.285,0.0111464986868945,0
46.9,0,1,16.39,3,13.7,-25.0,4.142,0.0,1.164,6.53,0.2416,6.97,1.5892254810011421e-12,1
45.1,0,1,19.92,7,4.3,-25.84,5.193,0.0,1.655,8.09,0.237,5.585,1.1662613461011663e-08,0
51.0,0,1,17.32,7,-26.1,-24.72,4.935,0.0,1.279,7.62,0.2423,6.177,3.2702494514403234e-10,0
45.1,0,1,23.02,8,-11.1,-32.64,8.859,4.642,1.002,6.66,0.2492,1.095,0.13684095758487852,0
147.0,1,2,5.64,7,-9.2,-24.84,6.177,0.0,1.827,7.06,0.2222,17.109,6.322461061956164e-66,1
63.5,0,1,5.05,3,-4.3,-24.05,1.531,0.0,1.4,6.15,0.2247,6.55,2.8725808928443072e-11,0
120.6,1,2,17.81,4,31.8,-22.39,3.458,0.0,1.618,7.06,0.2465,24.166,2.5100533183879085e-129,1
75.4,1,1,12.53,7,-16.4,-29.37,4.95,0.0,1.026,7.72,0.2225,12.076,7.106256421059105e-34,1
12.3,0,1,14.98,0,5.2,-9.97,0.0,0.0,1.185,6.44,0.2345,239.617,0.0,1
32.9,0,1,17.71,2,34.4,-16.76,1.003,0.0,1.061,7.73,0.2297,43.679,0.0,1
33.8,0,1,13.69,5,10.2,-17.82,2.809,0.0,1.558,6.4,0.228,32.094,2.6610947506333036e-226,1
19.5,0,1,19.69,1,-16.4,-13.36,0.466,0.0,1.028,6.8,0.2221,104.981,0.0,1
36.0,0,1,7.97,0,32.4,-14.73,0.0,0.0,1.269,6.72,0.2234,54.779,0.0,1
120.6,1,2,21.47,14,-8.1,-30.14,15.992,3.135,1.121,6.99,0.2477,9.425,2.1485124940478634e-21,1
39.5,0,1,2.69,0,-26.9,-17.02,0.0,0.0,1.841,6.68,0.2208,45.005,0.0,1
78.6,1,1,15.85,4,-2.0,-32.76,5.377,0.0,1.342,7.44,0.2273,9.865,2.952249032998299e-23,1
67.2,1,1,22.25,4,-14.4,-30.49,5.72,0.0,1.968,7.99,0.2532,10.91,5.167330899434068e-28,1
87.1,1,1,6.32,1,23.2,-27.86,1.139,0.0,1.181,6.49,0.2214,16.162,4.661800680716074e-59,1
90.5,1,1,8.17,7,-15.7,-40.29,5.302,4.463,1.491,6.37,0.2297,3.856,5.752233142171329e-05,0
22.8,0,1,7.64,0,23.3,-14.17,0.588,0.0,1.913,7.16,0.2314,81.421,0.0,1
22.8,0,1,14.11,1,-27.6,-15.26,2.381,0.0,1.175,7.69,0.2394,58.055,0.0,1
177.2,1,2,10.32,7,30.4,-29.08,5.902,0.0,1.325,7.04,0.2332,10.335,2.450850749472274e-25,1
36.6,0,1,2.7,1,-27.3,-17.01,1.117,0.0,1.068,6.62,0.2246,47.563,0.0,1
55.1,0,1,22.28,4,31.0,-26.27,3.387,0.0,1.296,7.75,0.2291,4.659,1.5914545764174813e-06,0
23.2,0,1,5.12,0,-25.2,-12.5,0.0,0.0,1.592,6.54,0.2279,123.976,0.0,1
16.5,0,1,13.35,1,26.7,-12.03,0.778,0.0,1.186,7.22,0.2308,122.791,0.0,1
113.2,1,2,14.87,11,24.0,-22.94,10.856,0.0,1.638,7.2,0.2224,20.204,4.522353274820721e-91,1
108.9,1,1,1.02,1,8.6,-34.33,1.517,0.0,1.606,6.74,0.2213,8.661,2.3455089121515954e-18,1
119.5,1,2,2.39,3,-27.7,-17.49,2.047,0.0,1.392,6.79,0.221,35.547,4.613783273167342e-277,1
192.4,1,2,24.29,22,10.4,-41.7,24.852,0.0,1.279,6.8,0.2265,2.125,0.016808264155242104,0
90.9,1,1,16.61,2,10.2,-31.83,1.052,0.0,1.942,7.64,0.22,11.189,2.3023129622417896e-29,1
64.6,0,1,0.84,1,6.2,-22.68,1.19,0.0,1.231,7.03,0.2205,8.825,5.4709394976977885e-19,1
181.8,1,2,19.85,18,11.0,-35.27,17.304,0.0,1.624,8.07,0.2324,4.367,6.310821435463322e-06,0
80.8,1,1,12.71,7,32.9,-35.0,7.759,0.0,1.59,6.84,0.2249,6.999,1.2866278054864199e-12,1
45.5,0,1,1.88,1,34.7,-18.39,0.754,0.0,1.201,6.69,0.2223,26.813,1.1329710995606092e-158,1
104.5,1,1,17.02,2,3.8,-35.55,1.185,0.0,1.196,7.57,0.2425,6.061,6.757260135888766e-10,0
7.1,0,1,12.48,0,-24.0,-10.16,0.609,0.0,1.376,7.12,0.226,234.585,0.0,1
14.1,0,1,5.12,1,-21.3,-9.56,0.467,0.0,1.201,7.25,0.2244,229.438,0.0,1
56.4,0,1,21.94,4,16.8,-23.85,2.349,0.0,1.069,8.18,0.251,8.209,1.1111306255139647e-16,1
64.6,0,1,7.28,7,33.8,-28.49,5.032,0.0,1.872,6.88,0.222,3.173,0.0007533171519952961,0
21.5,0,1,7.11,0,-1.7,-12.84,0.0,0.0,1.422,7.04,0.2224,124.655,0.0,1
64.6,0,1,6.82,4,-23.6,-26.25,3.399,0.0,1.256,6.51,0.2243,3.561,0.0001844628841754668,0
56.0,0,1,19.19,11,-7.1,-33.38,11.609,0.0,2.02,7.62,0.2271,0.656,0.25605845968808516,0
135.8,1,2,17.65,5,-5.0,-23.11,5.749,0.0,1.079,8.08,0.2211,18.246,1.1217725389644941e-74,1
98.6,1,1,22.58,4,34.8,-36.08,2.37,0.0,1.219,7.39,0.2504,6.41,7.28915506441361e-11,0
32.5,0,1,5.73,1,14.6,-14.11,1.212,0.0,1.044,6.61,0.2205,66.872,0.0,1
30.6,0,1,19.66,8,-22.3,-19.2,4.79,0.0,1.324,6.95,0.2312,24.906,3.165598081171834e-137,1
76.0,1,1,14.33,1,-8.1,-27.99,3.348,0.0,1.161,7.36,0.2222,15.543,8.847867327659227e-55,1
89.4,1,1,7.72,3,-26.8,-31.61,2.386,0.0,1.438,7.09,0.2246,11.117,5.199887413684284e-29,1
86.6,1,1,0.89,1,12.4,-26.95,0.555,0.0,1.276,6.2,0.2201,19.389,4.777706260383235e-84,1
26.3,0,1,20.47,1,13.7,-15.28,1.01,0.0,1.597,8.28,0.2234,58.3,0.0,1
49.7,0,1,6.03,0,-26.3,-19.98,0.0,0.0,1.667,6.59,0.2263,21.195,5.276648712310802e-100,1
171.3,1,2,15.79,1,-8.2,-27.37,1.41,1.037,2.317,7.39,0.2307,11.74,3.99327036677597e-32,1
26.3,0,1,13.72,3,28.7,-16.89,3.13,0.0,1.132,7.43,0.2256,43.803,0.0,1
119.5,1,2,0.11,0,23.7,-18.2,0.0,0.0,1.575,6.84,0.2202,35.552,3.8722670880589295e-277,1
116.9,1,2,24.86,4,7.3,-21.94,4.635,0.0,1.836,7.0,0.2562,22.789,2.93599968401965e-115,1
96.4,1,1,20.36,3,1.5,-34.44,2.625,0.0,1.075,6.48,0.2387,7.777,3.7065711920540845e-15,1
106.3,1,1,12.16,17,34.5,-42.11,11.108,0.0,1.405,7.3,0.2237,2.784,0.002686776592222157,0
48.3,0,1,17.01,10,16.9,-30.12,9.349,0.0,1.871,7.19,0.2437,2.002,0.02262469377980389,0
24.4,0,1,11.91,0,31.9,-13.61,0.0,0.0,1.515,6.77,0.2265,92.769,0.0,1
142.3,1,2,18.61,11,-25.3,-27.99,12.322,0.0,1.34,6.65,0.234,12.749,1.5694071357498977e-37,1
43.9,0,1,3.36,0,-16.2,-23.58,0.594,4.931,1.39,7.13,0.224,9.904,2.0039276598035622e-23,1
46.6,0,1,11.16,1,-28.0,-20.62,0.837,2.198,1.165,7.16,0.233,18.138,7.927918489278182e-74,1
39.5,0,1,8.39,2,26.4,-17.83,0.926,0.0,1.086,6.51,0.2258,37.587,1.756573697734423e-309,1
56.4,0,1,11.49,2,15.1,-23.68,1.784,0.0,1.341,6.73,0.2293,8.534,7.050440970145629e-18,1
22.2,0,1,11.26,1,-18.5,-13.69,0.525,0.0,3.345,7.02,0.2368,68.676,0.0,1
12.0,0,1,3.58,0,33.3,-9.22,0.0,0.0,1.355,6.23,0.2227,216.579,0.0,1
101.2,1,1,24.41,3,32.1,-38.78,3.202,0.0,1.054,7.57,0.2459,4.221,1.216927811047795e-05,0
39.5,0,1,0.39,0,-15.4,-15.78,0.0,0.0,1.76,6.67,0.2204,47.933,0.0,1
22.8,0,1,0.25,0,12.1,-11.43,0.0,0.0,1.198,6.05,0.2202,130.881,0.0,1
80.8,1,1,9.34,2,13.4,-27.53,2.424,0.0,1.002,6.94,0.2225,16.622,2.4046673015573448e-62,1
135.8,1,2,15.51,12,-29.7,-26.55,9.848,0.0,1.365,7.54,0.2291,12.958,1.0545416423491791e-38,1
89.4,1,1,4.49,0,14.8,-29.42,0.0,0.0,1.158,6.37,0.223,16.221,1.78335174405259e-59,1
63.5,0,1,13.33,3,-15.6,-27.44,3.887,0.0,1.259,6.79,0.2337,3.6,0.0001589153790177015,0
58.1,0,1,18.07,6,28.6,-27.44,6.199,0.0,2.029,7.67,0.2222,3.002,0.0013416742839491987,0
56.4,0,1,2.35,1,24.5,-21.63,0.909,0.0,1.829,6.76,0.2204,12.556,1.851999392336123e-36,1
23.5,0,1,24.61,0,28.8,-13.93,0.428,0.0,1.469,8.8,0.2219,79.294,0.0,1
78.5,1,1,8.42,5,19.2,-32.17,4.297,0.0,1.507,7.05,0.2248,10.637,1.007687572127574e-26,1
36.0,0,1,16.06,4,-19.3,-18.43,2.859,0.0,1.925,7.29,0.2252,22.749,7.387701515961006e-115,1
36.0,0,1,2.77,0,-6.6,-20.6,0.0,4.846,1.222,6.87,0.2233,19.768,2.8087141196625967e-87,1
22.0,0,1,17.74,0,16.1,-12.91,0.0,0.0,1.446,6.61,0.242,98.136,0.0,1
46.3,0,1,21.01,4,-9.0,-27.3,4.004,2.657,1.145,7.26,0.2279,3.866,5.5216306548265316e-05,0
52.5,0,1,2.63,0,16.2,-20.2,0.0,0.0,1.079,6.76,0.2224,20.516,7.669521974807549e-94,1
87.1,1,1,3.15,2,-8.1,-30.46,1.996,0.0,1.455,6.89,0.2225,13.359,5.241972955734996e-41,1
7.1,0,1,7.03,0,-18.4,-7.94,0.0,0.0,1.024,7.3,0.2225,306.965,0.0,1
21.5,0,1,0.3,0,3.7,-12.57,0.0,0.0,1.761,6.34,0.2203,130.588,0.0,1
187.7,1,2,24.65,15,14.6,-36.83,14.42,0.0,1.176,7.42,0.2473,3.909,4.642840276372722e-05,0
100.3,1,1,14.96,12,3.6,-42.74,10.613,0.0,1.059,7.01,0.2388,2.519,0.005876872528662738,0
24.4,0,1,15.19,4,11.7,-16.77,2.657,0.0,1.094,6.3,0.2269,56.274,0.0,1
116.9,1,2,23.97,11,-1.5,-25.43,8.741,0.0,1.623,6.9,0.2256,17.908,5.084706737011148e-72,1
39.4,0,1,20.8,2,20.6,-19.78,1.62,0.0,1.147,8.1,0.2491,20.381,1.2384501274153755e-92,1
52.5,0,1,20.36,5,12.2,-25.11,2.625,0.0,1.206,8.18,0.2484,5.366,4.029982802479837e-08,0
6.0,0,1,8.49,0,7.3,-7.25,0.0,0.0,1.141,7.14,0.2236,370.078,0.0,1
32.8,0,1,8.37,0,-1.7,-15.02,0.0,0.0,1.174,6.78,0.2207,75.542,0.0,1
47.0,0,1,7.29,0,4.8,-21.03,1.296,0.0,1.483,6.53,0.2278,17.843,1.6306918300487942e-71,1
49.7,0,1,8.67,2,-26.7,-20.98,1.813,0.0,1.421,6.41,0.2253,15.521,1.248264737317351e-54,1
17.9,0,1,9.24,1,13.3,-15.2,1.196,0.0,3.06,6.52,0.2305,77.236,0.0,1
102.0,1,1,3.5,2,-16.7,-33.21,2.131,0.0,1.259,6.32,0.2207,9.999,7.681712351225346e-24,1
32.9,0,1,8.9,2,25.9,-17.59,2.532,0.0,1.451,6.99,0.2261,32.67,2.081206391211838e-234,1
68.3,1,1,11.17,3,22.8,-27.1,3.001,0.0,1.342,6.62,0.2256,19.441,1.7230521818644777e-84,1
34.5,0,1,7.73,1,4.3,-16.82,1.0,0.0,1.097,6.72,0.2275,42.944,0.0,1
75.5,1,1,4.13,2,25.1,-26.64,1.249,0.0,1.047,6.56,0.2244,20.538,4.952190542922205e-94,1
108.9,1,1,9.34,10,13.6,-43.23,8.755,0.0,1.073,6.76,0.2333,2.385,0.008547669863518908,0
135.5,1,2,12.02,1,-20.8,-23.14,0.361,4.173,1.474,7.43,0.2267,18.325,2.6220222486888013e-75,1
35.8,0,1,18.02,5,18.2,-18.22,3.403,0.0,1.078,7.2,0.2235,29.042,9.621178872828567e-186,1
89.4,1,1,17.78,6,34.7,-37.53,4.857,0.0,1.273,6.4,0.2456,6.114,4.853635531216261e-10,0
126.5,1,2,5.07,11,-27.3,-22.03,7.132,0.0,1.074,6.62,0.2249,22.832,1.112995732254917e-115,1
8.1,0,1,0.92,0,-14.1,-8.31,0.0,0.0,1.312,6.57,0.2216,310.463,0.0,1
78.5,1,1,7.59,0,8.9,-27.58,0.0,0.0,1.054,6.71,0.2295,17.85,1.436684112428498e-71,1
45.4,0,1,3.93,1,-3.0,-20.08,0.513,0.0,2.643,6.54,0.223,20.924,1.6036141689769938e-97,1
135.5,1,2,9.89,2,11.4,-21.29,1.886,0.0,1.765,6.96,0.2213,25.368,2.8494038596787535e-142,1
14.1,0,1,24.48,2,8.1,-12.35,2.473,0.0,1.589,8.53,0.231,118.903,0.0,1
65.1,1,1,4.53,0,21.2,-23.39,0.0,0.0,1.307,6.33,0.2247,29.684,6.169799889018074e-194,1
12.1,0,1,7.97,0,-25.4,-14.66,0.891,3.859,1.398,7.07,0.2293,81.056,0.0,1
36.6,0,1,18.13,3,-1.4,-18.39,1.236,0.0,1.454,7.25,0.2269,32.115,1.3642913793146087e-226,1
122.3,1,2,12.73,6,25.9,-22.31,5.899,0.0,1.426,7.19,0.2322,21.905,1.1539300491536418e-106,1
74.0,1,1,1.1,0,-6.4,-23.99,0.0,0.0,1.242,6.55,0.2203,25.083,3.810393229785407e-139,1
27.5,0,1,4.04,1,2.7,-14.21,0.716,0.0,1.077,6.42,0.2213,90.17,0.0,1
69.5,1,1,23.38,10,-28.6,-34.25,9.417,0.0,1.077,7.02,0.2249,9.208,1.668231264717772e-20,1
16.3,0,1,2.58,0,-15.4,-14.76,0.0,4.69,1.319,6.78,0.2211,65.578,0.0,1
122.3,1,2,15.88,5,0.1,-21.06,4.827,0.0,1.228,6.91,0.2239,26.586,4.979735739410409e-156,1
69.2,1,1,19.81,7,-4.1,-32.63,4.382,0.0,3.563,6.75,0.2415,10.444,7.830275618445673e-26,1
96.4,1,1,6.64,2,16.5,-36.54,3.77,0.0,1.002,6.23,0.2291,7.568,1.8914691183750304e-14,1
32.9,0,1,18.13,3,9.8,-18.64,1.559,0.0,1.565,7.56,0.2463,32.001,5.250626384459973e-225,1
32.8,0,1,4.25,0,27.2,-15.27,0.0,0.0,1.623,6.97,0.2225,60.894,0.0,1
65.4,1,1,7.12,2,25.6,-23.59,1.91,0.0,1.061,6.92,0.2292,24.619,3.974108677929141e-134,1
108.9,1,1,7.8,2,-14.3,-36.13,1.749,0.0,1.273,6.63,0.2214,7.487,3.5310660665794935e-14,1
134.9,1,2,24.91,24,-28.9,-36.96,22.697,3.938,1.129,8.22,0.2418,3.708,0.00010448941697607392,0
16.5,0,1,5.36,0,25.5,-10.37,0.0,0.0,1.148,7.01,0.2249,189.426,0.0,1
56.6,0,1,3.23,0,-8.6,-22.1,0.915,0.0,1.146,7.03,0.2222,12.844,4.630892607541017e-38,1
137.8,1,2,23.14,26,-7.4,-34.61,24.954,0.0,2.147,8.19,0.2209,4.598,2.128661009280108e-06,0
10.5,0,1,4.05,0,-19.7,-10.03,0.0,0.0,1.017,6.64,0.2224,278.878,0.0,1
52.0,0,1,21.98,3,15.0,-23.76,4.342,0.0,1.994,6.72,0.2202,7.043,9.41290820265057e-13,1
101.2,1,1,16.26,14,-11.8,-48.92,14.269,0.0,1.014,6.75,0.24,1.32,0.09335328474884985,0
88.9,1,1,14.42,8,-18.5,-39.03,9.029,0.0,1.444,6.57,0.242,4.639,1.7542639023313824e-06,0
30.6,0,1,18.78,5,2.7,-19.92,4.772,0.0,1.018,7.78,0.2259,23.043,8.61277336335736e-118,1
11.4,0,1,18.15,3,18.8,-11.66,1.341,0.0,1.096,6.34,0.241,156.591,0.0,1
111.7,1,2,2.76,2,-12.5,-18.25,2.733,0.0,1.168,6.26,0.2239,37.068,4.626387682807473e-301,1
56.9,0,1,24.99,3,16.9,-25.03,2.473,0.0,1.101,8.06,0.2308,6.128,4.4549689493465504e-10,0
95.8,1,1,23.55,16,0.0,-46.0,12.605,0.0,1.159,7.35,0.2429,1.659,0.048577122603211315,0
34.6,0,1,22.41,3,-3.8,-20.51,2.984,0.0,1.204,7.89,0.2285,20.389,1.0575330970659632e-92,1
102.0,1,1,15.56,7,-6.6,-36.37,4.431,0.0,1.112,7.46,0.2217,6.055,7.032065150101835e-10,0
17.9,0,1,13.07,1,-20.5,-11.98,0.687,0.0,1.211,7.38,0.2317,112.63,0.0,1
68.3,1,1,13.41,7,-8.4,-33.7,6.579,2.609,1.333,6.83,0.226,9.463,1.502864464031566e-21,1
164.9,1,2,0.37,0,27.2,-22.32,0.0,0.0,1.418,6.66,0.2205,21.926,7.333385083832128e-107,1
142.3,1,2,12.49,18,-23.4,-30.1,14.504,0.0,1.201,7.26,0.2384,9.174,2.2838361806964578e-20,1
90.9,1,1,15.59,1,32.3,-30.03,0.516,0.0,1.24,6.17,0.2241,13.576,2.7827141936201708e-42,1
131.1,1,2,16.47,5,-23.0,-22.92,3.486,2.761,1.03,7.37,0.2242,21.514,5.818760857274636e-103,1
52.3,0,1,8.3,1,-6.5,-19.08,0.451,0.0,1.031,6.43,0.2226,18.12,1.0982555443963375e-73,1
26.3,0,1,11.78,3,9.4,-16.72,3.453,0.0,1.217,6.46,0.2282,49.05,0.0,1
78.5,1,1,15.91,4,24.5,-29.65,3.222,0.0,1.018,7.6,0.2276,13.178,5.905208846909772e-40,1
126.5,1,2,10.71,9,-20.7,-23.18,8.847,0.0,1.283,6.88,0.2307,20.366,1.6589559017266823e-92,1
38.4,0,1,24.05,2,-20.8,-20.73,1.976,1.215,1.006,7.51,0.2372,17.536,3.771639939273517e-69,1
23.4,0,1,17.64,5,10.8,-17.86,4.345,0.0,1.163,6.69,0.2206,38.164,0.0,1
10.3,0,1,0.03,0,-11.0,-11.05,0.0,2.878,1.105,6.23,0.2203,146.923,0.0,1
125.8,1,2,0.58,2,11.9,-19.01,0.707,0.0,1.264,6.77,0.2203,31.146,2.879936797242404e-213,1
33.5,0,1,17.26,3,23.3,-19.0,2.798,0.0,1.488,7.38,0.2372,24.822,2.592461795237541e-136,1
23.4,0,1,10.32,0,-25.0,-15.61,0.0,2.934,1.282,6.79,0.2335,54.841,0.0,1
116.9,1,2,20.99,22,24.9,-27.07,17.388,0.0,1.903,6.9,0.2234,11.651,1.1372529705367136e-31,1
7.1,0,1,4.33,0,-27.6,-7.3,0.0,0.0,1.1,6.32,0.2244,350.244,0.0,1
45.4,0,1,0.35,0,28.4,-17.17,0.0,0.0,1.263,6.87,0.2205,39.031,0.0,1
14.1,0,1,9.7,2,33.4,-12.4,1.84,0.0,1.14,6.47,0.222,136.565,0.0,1
148.1,1,2,18.4,7,13.4,-27.29,9.421,0.0,1.02,6.62,0.2367,13.125,1.1791270056872739e-39,1
12.5,0,1,24.29,1,34.0,-13.79,1.319,0.0,2.02,8.18,0.2279,108.869,0.0,1
78.6,1,1,22.09,13,23.4,-35.92,9.334,0.0,1.147,7.86,0.2341,5.577,1.2202025019615695e-08,0
108.6,1,1,12.1,16,-27.1,-47.24,11.964,0.0,1.408,6.53,0.2338,1.668,0.0476747476789809,0
108.6,1,1,20.32,23,-29.8,-51.52,15.665,0.0,1.452,7.76,0.2462,0.666,0.25264319014537007,0
27.5,0,1,1.76,0,-28.6,-12.98,0.0,0.0,1.205,6.19,0.223,106.089,0.0,1
26.6,0,1,14.31,5,-0.6,-17.75,2.798,0.0,1.185,6.56,0.2373,38.225,0.0,1
23.1,0,1,23.11,0,10.5,-14.62,0.0,0.0,1.404,8.52,0.2501,71.573,0.0,1
55.1,0,1,9.91,3,1.3,-23.79,2.52,0.0,1.476,6.72,0.2213,7.737,5.070602941698639e-15,1
45.5,0,1,24.0,6,14.0,-26.67,6.869,0.0,1.523,6.95,0.2452,5.112,1.5938034847393866e-07,0
89.4,1,1,5.52,1,-0.8,-31.04,0.722,0.0,1.485,6.57,0.2258,13.883,4.0255210031206537e-44,1
21.5,0,1,2.64,1,-27.2,-15.76,0.321,2.597,1.868,6.18,0.2209,66.628,0.0,1
23.4,0,1,13.12,0,-15.3,-13.78,0.0,0.0,1.665,7.7,0.2269,104.654,0.0,1
45.1,0,1,22.68,1,34.5,-20.2,0.85,0.0,1.121,8.02,0.232,18.06,3.314018756978816e-73,1
169.8,1,2,7.78,4,-7.5,-28.76,3.794,0.0,2.97,6.75,0.2277,11.254,1.1071712067994636e-29,1
96.4,1,1,20.0,5,-8.9,-38.24,5.001,0.0,1.163,7.09,0.2365,5.145,1.3340491377072833e-07,0
106.3,1,1,4.23,2,-20.1,-34.73,1.833,0.0,1.407,7.01,0.2263,7.14,4.678961704878769e-13,1
48.3,0,1,18.64,7,34.2,-28.81,8.434,0.0,1.754,6.56,0.224,2.702,0.00344232858937327,0
119.5,1,2,13.93,7,-15.0,-22.39,4.309,1.741,1.35,6.89,0.2327,22.077,2.6374695509659197e-108,1
33.4,0,1,4.38,1,12.0,-15.77,1.213,0.0,1.049,6.23,0.2209,50.282,0.0,1
42.0,0,1,17.95,3,-27.3,-23.61,5.235,0.0,1.295,6.98,0.2437,10.374,1.621102214328389e-25,1
26.6,0,1,17.84,0,-25.7,-15.34,1.14,0.0,1.163,6.55,0.2307,54.642,0.0,1
88.9,1,1,12.89,2,16.6,-30.84,1.235,0.0,1.454,7.01,0.2254,12.669,4.366627555224438e-37,1
22.2,0,1,5.64,2,11.3,-14.56,1.643,0.0,1.71,6.45,0.2224,73.07,0.0,1
10.6,0,1,3.31,0,14.2,-9.12,0.0,0.0,1.663,6.19,0.2206,263.502,0.0,1
10.3,0,1,23.93,3,-15.0,-14.49,3.202,0.0,1.299,7.51,0.2278,86.654,0.0,1
49.7,0,1,16.4,3,34.0,-22.32,2.325,0.0,1.001,7.75,0.2294,10.53,3.1438959053332837e-26,1
135.8,1,2,20.23,3,6.3,-22.74,3.829,0.0,1.017,7.05,0.221,22.045,5.2973875924733825e-108,1
14.1,0,1,17.42,0,33.0,-12.12,0.675,0.0,1.425,7.41,0.2332,117.552,0.0,1
131.8,1,2,20.74,12,-19.3,-29.88,14.342,3.794,1.083,8.02,0.2261,8.566,5.3780263791047794e-18,1
91.3,1,1,4.06,0,-3.7,-30.85,1.216,0.0,1.695,6.29,0.2234,13.886,3.8250126398133894e-44,1
55.1,0,1,12.42,4,-8.2,-26.3,4.737,0.0,1.348,6.83,0.2227,5.25,7.6112970982557e-08,0
44.0,0,1,16.68,4,19.1,-23.54,5.505,0.0,1.533,6.26,0.2264,8.528,7.442943743335773e-18,1
48.3,0,1,2.58,1,18.6,-18.73,0.383,0.0,1.082,6.33,0.2231,31.227,2.302213133862022e-214,1
101.9,1,1,3.75,1,1.6,-33.32,0.85,0.0,2.461,6.64,0.2256,9.1,4.515596839999418e-20,1
39.4,0,1,15.85,3,-29.0,-21.27,4.342,0.0,1.42,7.16,0.2289,16.746,3.0425246150697065e-63,1
32.5,0,1,21.72,7,-18.6,-23.61,5.901,1.049,1.132,7.31,0.2358,9.215,1.5517016107362268e-20,1
158.6,1,2,16.51,18,-26.7,-33.63,17.889,1.32,1.232,7.48,0.2315,5.442,2.640125509087116e-08,0
108.6,1,1,0.91,1,25.1,-32.51,0.454,0.0,1.398,6.11,0.2205,12.127,3.810984976658809e-34,1
103.0,1,1,24.26,11,-11.2,-45.87,11.066,0.0,1.605,6.75,0.2296,1.806,0.03542247245233596,0
27.5,0,1,3.49,1,-22.3,-14.63,1.213,0.0,1.524,6.7,0.2238,75.85,0.0,1
56.0,0,1,5.81,6,-7.0,-23.43,3.17,0.0,1.107,7.07,0.2222,8.916,2.4235501068495386e-19,1
102.0,1,1,24.37,16,-25.0,-52.93,14.024,2.207,1.157,7.1,0.2369,0.694,0.24369990591916924,0
91.7,1,1,19.28,10,33.6,-41.0,10.35,0.0,1.052,8.06,0.2314,3.473,0.0002570915809048556,0
124.7,1,2,23.41,18,-9.5,-28.5,17.36,0.0,1.005,7.53,0.2464,10.372,1.6614436216281715e-25,1
135.5,1,2,20.17,21,30.6,-31.06,17.893,0.0,1.092,7.99,0.2447,8.138,2.0013527163966906e-16,1
34.9,0,1,16.29,5,14.4,-18.71,2.828,0.0,1.299,6.68,0.2205,26.465,1.2320747197925412e-154,1
32.9,0,1,7.11,2,6.8,-16.82,1.112,0.0,1.305,6.19,0.226,45.891,0.0,1
51.0,0,1,8.17,1,0.9,-22.15,3.129,0.0,1.101,6.9,0.2214,11.899,5.9688102560506576e-33,1
45.4,0,1,23.68,14,14.7,-32.47,12.159,0.0,1.951,7.08,0.2232,1.256,0.10462899456503466,0
112.4,1,2,21.52,17,14.6,-27.84,16.879,0.0,1.621,7.19,0.2309,12.954,1.1158348570378298e-38,1
33.8,0,1,8.99,2,-29.3,-15.75,0.821,0.0,1.354,6.58,0.2215,50.09,0.0,1
102.0,1,1,9.33,3,29.0,-37.44,3.784,0.0,2.075,6.42,0.233,5.681,6.695039644865875e-09,0
28.5,0,1,7.44,1,-6.1,-17.25,2.958,0.0,1.159,6.92,0.2279,43.554,0.0,1
17.9,0,1,8.15,0,-7.0,-11.29,0.0,0.0,1.283,6.75,0.228,178.133,0.0,1
67.2,1,1,21.52,8,-3.6,-31.52,7.231,0.0,1.077,7.01,0.2255,11.029,1.3848066588662328e-28,1
115.3,1,2,0.26,0,14.5,-17.31,0.768,0.0,1.03,6.24,0.2203,40.167,0.0,1
159.3,1,2,10.9,1,-5.6,-24.08,2.461,0.0,1.111,6.49,0.2244,18.843,1.667516037825703e-79,1
148.1,1,2,23.57,8,-5.7,-30.25,9.171,0.515,1.56,7.13,0.2294,10.043,4.9081061188331106e-24,1
65.4,1,1,13.57,0,-25.9,-25.29,0.0,0.0,1.639,7.58,0.2386,21.289,7.242777539930884e-101,1
16.5,0,1,11.26,0,-2.9,-11.75,0.384,0.0,1.685,7.06,0.2306,154.889,0.0,1
71.8,1,1,7.81,5,-20.3,-33.26,7.257,0.0,1.965,7.39,0.2282,9.528,8.031214469768018e-22,1
63.5,0,1,1.85,0,25.6,-22.84,0.425,0.0,1.201,7.0,0.2227,11.069,8.889059851640304e-29,1
108.6,1,1,5.61,3,-8.3,-39.9,3.541,3.468,1.068,6.73,0.2235,4.279,9.389447026689516e-06,0
97.4,1,1,2.26,1,32.5,-30.58,0.507,0.0,1.609,6.94,0.2209,12.524,2.7541472859432447e-36,1
108.9,1,1,3.17,0,14.5,-33.36,0.843,0.0,1.078,6.87,0.2213,8.941,1.9205149084139597e-19,1
56.6,0,1,4.09,2,19.1,-23.59,2.62,0.0,1.103,6.71,0.2212,8.757,9.997815601330445e-19,1
34.5,0,1,7.55,0,31.6,-15.28,0.0,0.0,1.688,6.92,0.2295,51.009,0.0,1
131.8,1,2,0.28,0,-14.5,-20.93,0.0,0.0,1.176,6.88,0.2204,29.543,4.070543281198716e-192,1
34.7,0,1,23.75,9,6.9,-22.26,7.537,0.0,1.052,8.27,0.2241,12.45,7.024261850469993e-36,1
103.0,1,1,3.1,4,-27.4,-35.95,1.82,0.0,2.881,6.59,0.2241,7.165,3.8939841336325574e-13,1
81.1,1,1,9.58,3,-23.5,-39.2,5.96,3.939,1.285,6.95,0.2343,4.361,6.466334161697113e-06,0
112.4,1,2,21.99,12,-6.2,-26.51,11.193,0.0,2.112,7.1,0.2454,16.131,7.722397325744772e-59,1
90.9,1,1,2.66,0,14.4,-29.72,0.645,0.0,1.059,6.78,0.2213,14.587,1.6895440942810052e-48,1
96.0,1,1,12.09,3,24.1,-33.51,2.349,0.0,1.073,7.56,0.2231,8.548,6.2534270369602235e-18,1
93.8,1,1,21.12,13,-13.3,-50.31,14.03,3.734,1.417,8.48,0.2452,0.631,0.26411188875038244,0
98.6,1,1,13.92,5,18.7,-41.11,7.246,0.0,1.028,7.06,0.2338,3.657,0.0001276877708074017,0
10.5,0,1,5.26,1,-15.4,-9.19,0.18,0.0,1.218,7.08,0.2219,262.933,0.0,1
60.0,0,1,18.39,8,-29.6,-30.35,6.309,0.0,1.324,7.26,0.2467,2.025,0.02144479203531675,0
63.5,0,1,17.03,3,-26.5,-26.53,3.792,0.0,1.106,7.34,0.2357,3.823,6.58861390483529e-05,0
169.2,1,2,9.05,5,8.1,-27.68,4.027,0.0,1.28,6.54,0.228,13.192,4.900338883831338e-40,1
5.9,0,1,1.16,0,2.3,-7.1,0.0,0.0,1.217,6.08,0.2207,391.204,0.0,1
48.3,0,1,0.2,0,-12.4,-18.68,0.0,1.053,1.103,6.62,0.2203,29.164,2.785640732646574e-187,1
45.5,0,1,20.63,5,-29.6,-29.33,5.365,4.421,1.532,6.9,0.2387,2.366,0.00898857915041599,0
63.5,0,1,8.04,4,6.9,-27.06,3.79,0.0,1.786,6.9,0.2251,3.64,0.0001363755363177891,0
113.2,1,2,3.44,1,23.1,-17.22,1.189,0.0,1.007,6.33,0.2208,38.824,0.0,1
32.9,0,1,12.96,2,-25.5,-20.81,1.465,4.038,1.056,6.69,0.2209,17.197,1.4086559590723462e-66,1
43.9,0,1,23.02,9,17.9,-29.63,11.103,0.0,1.023,7.01,0.2505,2.318,0.010225071645879366,0
88.9,1,1,0.21,0,11.2,-29.56,0.0,0.0,1.256,6.56,0.2203,15.607,3.2686495930529615e-55,1
81.4,1,1,1.4,1,1.2,-27.13,1.062,0.0,1.732,6.84,0.2202,18.03,5.687826485618085e-73,1
26.3,0,1,10.43,1,-26.9,-18.95,1.727,4.169,1.14,7.12,0.2251,23.471,4.0122798106929e-122,1
91.7,1,1,16.9,9,30.0,-39.97,8.352,0.0,1.627,7.85,0.2384,3.552,0.0001908392838172749,0
135.2,1,2,11.9,5,1.0,-23.56,3.029,0.0,1.12,7.18,0.2315,20.715,1.277747560417515e-95,1
108.6,1,1,22.44,5,-4.0,-42.63,6.9,0.0,1.183,7.12,0.2335,2.853,0.002168431627336901,0
159.3,1,2,1.1,0,26.0,-22.38,0.0,0.0,1.491,6.39,0.2205,24.333,4.4261958066044815e-131,1
28.5,0,1,8.5,0,25.0,-14.09,0.0,0.0,1.064,7.45,0.2326,96.358,0.0,1
36.0,0,1,8.78,4,17.3,-17.13,1.936,0.0,1.333,6.92,0.2215,38.481,0.0,1
70.1,1,1,8.5,0,23.9,-26.65,0.914,0.0,1.015,6.64,0.2305,22.69,2.814578845394986e-114,1
6.0,0,1,12.19,0,-21.9,-8.08,0.0,0.0,1.542,7.04,0.2275,339.262,0.0,1
61.2,0,1,19.76,1,19.5,-23.26,0.672,0.0,1.529,7.02,0.2204,9.687,1.7135162621884756e-22,1
91.3,1,1,7.95,4,-8.7,-36.45,2.635,3.913,1.067,6.62,0.2297,6.536,3.1535178293506374e-11,0
52.5,0,1,18.61,1,26.4,-24.04,1.594,0.0,1.29,7.33,0.2472,8.105,2.6363047671162796e-16,1
56.4,0,1,3.66,0,-5.9,-24.59,0.874,2.188,1.36,6.97,0.2247,7.571,1.8574741446759366e-14,1
67.2,1,1,14.02,2,-26.5,-28.68,4.788,0.0,1.597,6.6,0.2336,16.782,1.645194302460714e-63,1
33.8,0,1,9.38,1,-3.1,-15.57,0.579,0.0,1.412,6.57,0.2305,55.713,0.0,1
23.5,0,1,13.48,2,19.2,-13.41,2.046,0.0,1.208,6.53,0.2257,79.276,0.0,1
164.9,1,2,2.69,0,2.6,-23.29,0.0,0.0,1.5,7.15,0.2211,19.159,4.108022380566795e-82,1
158.9,1,2,23.84,12,19.6,-31.83,10.027,0.0,1.101,8.57,0.2507,6.336,1.1772058045114584e-10,0
86.6,1,1,22.66,6,-27.7,-33.89,3.193,2.858,1.34,8.34,0.2406,6.649,1.4756393060453087e-11,0
24.4,0,1,20.66,3,-18.5,-14.7,1.418,0.0,1.119,7.35,0.2342,71.873,0.0,1
164.9,1,2,22.32,23,6.6,-37.6,23.549,0.0,1.243,8.0,0.2411,3.292,0.0004972524885461804,0
10.6,0,1,3.67,1,-5.0,-9.66,0.417,0.0,1.048,6.13,0.2222,250.05,0.0,1
81.1,1,1,12.59,1,14.2,-30.24,1.515,0.0,1.133,6.99,0.237,14.207,4.143835965481886e-46,1
32.5,0,1,7.95,0,32.6,-15.91,0.863,0.0,1.336,6.29,0.2235,56.102,0.0,1
9.4,0,1,22.18,1,12.9,-12.2,1.392,0.0,1.508,7.55,0.2253,121.938,0.0,1
125.5,1,2,4.74,2,-2.9,-19.84,1.901,0.0,1.068,6.93,0.2213,29.409,2.0765228490237597e-190,1
46.1,0,1,5.5,0,5.3,-18.9,0.389,0.0,1.185,6.46,0.2276,27.77,4.95027251605408e-170,1
148.3,1,2,17.17,6,29.3,-28.66,8.333,0.0,2.252,7.7,0.2279,10.442,8.012052877274874e-26,1
35.8,0,1,2.22,0,13.7,-16.31,0.537,0.0,1.324,6.61,0.2233,48.23,0.0,1
36.9,0,1,18.31,1,22.2,-19.65,3.213,0.0,1.515,7.66,0.2211,19.812,1.1839672968391838e-87,1
192.4,1,2,6.7,4,-10.4,-28.21,2.981,0.0,1.004,6.69,0.2207,11.077,8.130740085377495e-29,1
100.3,1,1,16.52,9,18.4,-39.8,5.278,0.0,1.588,7.6,0.2403,3.852,5.8589263226192475e-05,0
58.1,0,1,21.83,8,-20.9,-27.31,5.701,0.0,1.465,6.97,0.2337,3.276,0.0005257785352655131,0
67.3,1,1,15.24,6,18.7,-28.38,3.781,0.0,1.321,7.29,0.2361,15.72,5.535378432627517e-56,1
27.5,0,1,5.32,4,27.3,-17.17,2.66,0.0,1.119,6.52,0.2247,53.865,0.0,1
56.0,0,1,1.23,1,28.5,-20.8,0.482,0.0,1.214,6.12,0.2213,15.724,5.1450955735520755e-56,1
96.4,1,1,1.12,2,-22.4,-34.93,1.232,0.872,2.265,6.67,0.2213,8.534,7.082170882877753e-18,1
56.4,0,1,2.22,0,23.9,-20.06,0.0,0.0,1.146,6.94,0.2223,19.139,6.013631203769511e-82,1
76.0,1,1,14.5,1,-22.9,-30.14,1.006,3.113,1.464,7.05,0.2328,13.18,5.7291519963982904e-40,1
61.2,0,1,8.71,4,1.1,-23.86,1.867,0.0,1.453,6.14,0.2253,6.623,1.7644885275878644e-11,0
75.5,1,1,6.08,5,14.4,-29.4,4.326,0.0,1.388,6.93,0.2264,13.717,4.033689480679109e-43,1
56.0,0,1,5.48,1,1.5,-21.21,0.624,0.0,1.662,6.93,0.221,12.031,1.2139028568614364e-33,1
104.5,1,1,23.71,17,-7.9,-54.75,13.971,4.191,1.955,8.54,0.2297,0.319,0.3747974500791311,0
23.4,0,1,2.97,0,14.4,-11.89,0.0,0.0,1.153,6.18,0.2208,112.251,0.0,1
135.5,1,2,7.62,6,13.0,-25.79,8.823,0.0,1.423,6.91,0.2296,16.269,8.244208688001481e-60,1
192.4,1,2,11.79,23,7.9,-34.97,15.548,0.0,1.142,6.78,0.231,5.081,1.8776739828256485e-07,0
43.9,0,1,0.01,0,4.3,-17.59,0.0,0.0,1.325,6.31,0.22,35.761,2.260139406319384e-280,1
107.4,1,1,23.02,27,15.9,-57.82,22.186,0.0,1.626,7.85,0.2485,0.179,0.42912630284370257,0
16.3,0,1,2.48,1,-3.8,-11.55,0.189,0.0,1.146,6.26,0.2211,185.431,0.0,1
39.5,0,1,17.06,5,-25.5,-27.13,6.085,2.808,1.212,7.86,0.2208,4.365,6.361022529210428e-06,0
17.6,0,1,15.72,0,4.9,-13.23,0.0,0.0,2.315,7.48,0.2219,122.34,0.0,1
45.4,0,1,20.23,5,17.0,-22.68,4.543,0.0,1.432,7.18,0.2368,9.345,4.6039843825385874e-21,1
10.3,0,1,16.28,1,-10.6,-10.89,0.292,0.0,1.248,7.1,0.2247,193.063,0.0,1
113.4,1,2,19.23,8,-20.9,-22.28,6.8,0.0,1.157,6.84,0.2386,23.231,1.1046659048832556e-119,1
23.5,0,1,10.53,1,29.3,-15.47,2.758,0.0,1.069,7.44,0.2335,64.364,0.0,1
79.8,1,1,12.22,2,26.1,-29.21,1.519,0.0,1.246,7.78,0.2275,14.682,4.18244550504507e-49,1
49.7,0,1,17.54,3,10.2,-22.95,2.305,0.0,1.497,7.32,0.2429,9.086,5.11964852855778e-20,1
60.0,0,1,14.21,6,21.1,-27.56,4.672,0.0,1.385,6.73,0.2246,3.778,7.889397611979555e-05,0
52.0,0,1,12.79,2,33.0,-23.07,3.072,0.0,1.183,7.45,0.2323,9.932,1.5169649645012466e-23,1
43.9,0,1,5.14,2,7.0,-19.4,1.67,0.0,1.268,6.56,0.2269,24.477,1.3005529520037288e-132,1
123.5,1,2,6.45,5,-14.1,-23.5,6.09,0.995,1.542,7.0,0.2256,22.129,8.400041600978924e-109,1
71.8,1,1,8.96,3,11.5,-28.81,3.401,0.0,1.3,6.61,0.2305,16.856,4.717936942944344e-64,1
22.8,0,1,0.23,0,29.4,-12.04,0.0,0.0,1.931,6.27,0.2202,117.24,0.0,1
106.3,1,1,10.43,3,14.9,-33.39,1.331,0.0,1.175,6.51,0.2225,8.878,3.3930324869712626e-19,1
65.4,1,1,0.07,0,-28.3,-23.97,0.0,1.746,1.088,6.43,0.2207,27.974,1.67510770167281e-172,1
97.4,1,1,14.13,10,29.6,-36.99,6.168,0.0,1.081,7.15,0.2243,6.327,1.249166715795076e-10,0
42.0,0,1,17.6,2,19.0,-23.29,5.645,0.0,1.065,7.22,0.2407,9.395,2.8701803532380195e-21,1
101.2,1,1,14.05,9,-3.9,-45.42,10.938,0.0,1.495,6.83,0.222,2.192,0.014186597249026016,0
5.4,0,1,17.34,0,34.2,-9.0,1.246,0.0,1.607,6.51,0.2327,262.412,0.0,1
79.8,1,1,0.0,0,16.9,-25.96,0.0,0.0,1.511,6.42,0.22,23.745,6.204563170798245e-125,1
116.9,1,2,1.49,0,23.7,-18.07,0.0,0.0,2.323,6.09,0.2215,34.9,3.66127064328416e-267,1
164.9,1,2,17.46,13,31.3,-33.23,13.298,0.0,1.049,8.0,0.2384,5.915,1.6564396489714075e-09,0
60.4,0,1,20.07,7,-27.4,-31.38,5.826,0.0,2.754,7.46,0.2222,1.447,0.07397934804171002,0
44.0,0,1,17.94,8,20.3,-26.14,7.035,0.0,1.672,7.47,0.2287,5.758,4.263540740030769e-09,0
46.6,0,1,16.58,3,-4.9,-20.78,2.496,0.0,1.024,7.9,0.2367,13.453,1.4784666596182178e-41,1
75.5,1,1,17.68,4,26.5,-32.2,3.976,0.0,1.846,7.5,0.2299,9.867,2.8962821436049453e-23,1
55.1,0,1,18.49,7,27.1,-27.12,6.186,0.0,1.552,6.57,0.2324,3.439,0.00029171021711314705,0
123.5,1,2,18.11,13,23.9,-25.53,13.116,0.0,1.471,7.11,0.2227,15.208,1.5618308601533253e-52,1
83.5,1,1,18.45,11,20.6,-36.64,7.823,0.0,2.148,7.1,0.2366,5.869,2.1901684295972205e-09,0
78.5,1,1,1.85,0,21.6,-25.63,0.0,0.0,2.318,6.29,0.2209,22.98,3.716432901969835e-117,1
180.4,1,2,1.58,1,-10.7,-25.88,0.219,0.0,1.323,6.47,0.2205,17.338,1.2177298420941406e-67,1
177.2,1,2,9.03,7,-3.6,-29.36,6.649,0.0,1.307,6.76,0.2269,10.292,3.8147340309626593e-25,1
91.3,1,1,13.19,8,-22.5,-42.13,8.146,4.402,1.805,7.11,0.2284,2.776,0.0027496346213176977,0
123.5,1,2,19.07,16,24.0,-28.27,16.204,0.0,1.177,7.22,0.238,11.291,7.300348840264255e-30,1
60.4,0,1,8.37,1,12.0,-23.69,1.173,0.0,2.426,6.19,0.2229,7.331,1.1411683739149607e-13,1
35.8,0,1,6.88,0,9.8,-17.09,0.96,0.0,1.938,6.95,0.2216,37.264,3.1837550522937145e-304,1
48.3,0,1,19.54,11,-14.0,-29.44,8.965,0.0,1.285,7.22,0.2303,2.142,0.016110959585932342,0
76.0,1,1,6.23,0,10.0,-25.97,0.0,0.0,1.088,7.25,0.2286,21.38,1.0338742171781646e-101,1
125.2,1,2,20.52,21,-0.5,-30.57,19.816,0.0,1.044,7.18,0.2266,9.073,5.76708208725154e-20,1
81.4,1,1,4.43,7,34.7,-32.43,4.294,0.0,2.718,7.12,0.222,9.711,1.3474339452246024e-22,1
34.6,0,1,8.99,3,26.1,-19.01,2.85,0.0,2.258,6.05,0.2306,25.859,9.515457978611109e-148,1
7.1,0,1,10.03,0,4.2,-7.66,0.0,0.0,1.141,7.46,0.2314,350.128,0.0,1
164.9,1,2,7.49,2,22.5,-23.24,1.204,0.0,1.045,6.93,0.2244,18.865,1.1134095958552755e-79,1
22.5,0,1,0.08,0,-19.3,-11.92,0.0,0.0,1.851,6.19,0.2205,122.503,0.0,1
23.4,0,1,5.89,1,-23.4,-14.07,0.342,0.0,1.343,6.83,0.2271,113.349,0.0,1
21.5,0,1,8.44,1,11.0,-13.34,1.443,0.0,1.136,6.62,0.2236,99.102,0.0,1
164.9,1,2,7.84,11,17.2,-29.75,10.606,0.0,1.384,6.77,0.2273,9.856,3.235747231118092e-23,1
95.8,1,1,19.64,12,-26.6,-40.8,8.276,0.0,1.109,7.7,0.2282,3.333,0.000428935642900049,0
45.1,0,1,1.18,0,-16.9,-17.19,0.0,0.0,1.036,6.56,0.2213,38.529,0.0,1
6.0,0,1,9.72,0,4.9,-9.28,0.0,0.0,1.41,7.54,0.2265,281.144,0.0,1
7.1,0,1,0.94,0,-25.9,-7.49,0.0,0.0,1.712,6.57,0.2212,346.661,0.0,1
17.6,0,1,23.27,3,-2.4,-14.52,1.427,0.0,1.143,7.3,0.2534,92.359,0.0,1
125.8,1,2,19.76,19,1.3,-28.12,15.055,0.0,1.59,7.18,0.2435,11.18,2.543106632605432e-29,1
134.9,1,2,24.55,14,29.9,-29.46,12.824,0.0,1.436,6.52,0.2428,10.847,1.0261528742852795e-27,1
65.1,1,1,22.75,2,-9.5,-24.8,2.031,0.0,1.154,7.9,0.222,21.169,9.259630354987401e-100,1
125.2,1,2,7.9,6,-19.0,-21.14,3.876,0.0,1.124,7.12,0.2219,26.26,2.723757089393225e-152,1
147.0,1,2,17.29,4,-29.5,-26.31,4.627,0.0,1.33,7.17,0.2372,15.11,6.940764157515247e-52,1
147.0,1,2,7.66,7,-22.1,-28.05,6.892,4.754,1.691,6.89,0.231,11.839,1.2288726459661705e-32,1
136.4,1,2,22.21,23,18.8,-30.55,19.093,0.0,1.08,7.5,0.2216,8.448,1.485084657530062e-17,1
38.4,0,1,10.27,2,-1.1,-17.5,1.195,0.0,1.091,7.1,0.2353,37.495,5.484793080226529e-308,1
91.0,1,1,9.4,7,-17.1,-35.18,5.309,0.0,1.003,7.52,0.227,7.306,1.3717918151566188e-13,1
124.7,1,2,22.85,25,30.6,-29.33,19.233,0.0,1.381,7.19,0.2331,9.354,4.200308445536345e-21,1
17.9,0,1,20.92,1,21.2,-13.58,0.624,0.0,1.007,7.06,0.2414,115.783,0.0,1
180.4,1,2,24.16,26,-22.6,-40.85,20.593,0.0,1.642,7.09,0.2563,2.27,0.0115975170615129,0
50.5,0,1,1.66,0,-12.5,-17.95,0.0,0.0,1.479,6.53,0.2208,29.523,7.201688995300945e-192,1
135.5,1,2,6.08,3,25.2,-22.01,2.016,0.0,1.716,6.96,0.2288,24.432,3.8884400211569136e-132,1
23.5,0,1,7.52,2,15.0,-14.13,2.287,0.0,1.263,6.84,0.2214,75.102,0.0,1
44.0,0,1,10.61,2,31.5,-20.58,1.618,0.0,1.871,6.44,0.2329,19.796,1.6111922924552472e-87,1
91.7,1,1,11.83,2,-25.0,-32.02,2.54,0.0,1.288,6.56,0.233,10.839,1.1299392509633647e-27,1
12.5,0,1,7.29,0,20.4,-10.32,1.225,0.0,1.64,7.31,0.2253,164.152,0.0,1
42.6,0,1,19.76,7,-25.0,-23.39,4.975,0.0,1.814,6.69,0.2367,7.201,2.978437127519032e-13,1
49.7,0,1,5.58,4,-8.1,-24.28,4.273,0.0,1.341,7.13,0.2283,8.764,9.424094982172852e-19,1
187.7,1,2,17.41,5,18.8,-33.06,4.357,0.0,1.797,8.14,0.24,6.301,1.4809024064182465e-10,0
152.8,1,2,21.29,23,16.2,-36.92,24.787,0.0,1.003,8.02,0.2516,3.686,0.0001137993829080242,0
124.7,1,2,15.09,8,-29.9,-24.11,9.107,0.0,1.409,7.99,0.2232,18.537,5.2096223656951555e-77,1
65.4,1,1,8.85,4,-16.9,-27.36,3.943,0.546,1.188,6.55,0.2256,18.972,1.464172834330628e-80,1
97.4,1,1,4.7,1,20.6,-30.9,0.991,0.0,1.54,6.39,0.2218,12.1,5.2696533868254975e-34,1
50.7,0,1,3.36,0,-21.8,-19.0,0.0,0.0,1.387,6.36,0.2221,22.873,4.3547816053792454e-116,1
131.8,1,2,18.6,11,-8.8,-26.53,9.77,0.0,2.634,6.77,0.2472,13.335,7.264631091132293e-41,1
81.4,1,1,11.73,4,-18.0,-33.63,5.299,0.0,1.075,6.32,0.2301,9.23,1.3549608533938029e-20,1
48.3,0,1,1.16,0,-22.8,-18.25,0.0,0.857,1.506,6.77,0.2219,23.592,2.3126502643815985e-123,1
35.8,0,1,24.6,4,24.4,-19.38,3.347,0.0,1.276,7.36,0.2203,23.813,1.2262976279017996e-125,1
65.1,1,1,16.78,6,-26.0,-33.51,4.368,3.168,1.578,7.13,0.2337,9.032,8.454437320664293e-20,1
75.4,1,1,21.1,7,4.8,-34.87,6.836,0.0,1.518,7.67,0.2503,7.275,1.727484545437961e-13,1
81.4,1,1,10.95,5,15.0,-31.65,4.797,0.0,2.268,6.9,0.2256,10.619,1.2222045655193017e-26,1
57.0,0,1,23.89,1,-26.3,-21.95,1.225,0.0,1.081,8.59,0.2382,10.365,1.786875611248217e-25,1
17.9,0,1,4.99,0,11.2,-10.93,0.0,0.0,1.016,6.75,0.2222,181.183,0.0,1
22.0,0,1,4.63,0,-8.3,-14.49,0.0,2.652,1.49,6.77,0.2251,71.122,0.0,1
33.8,0,1,22.26,1,24.2,-15.18,0.484,0.0,1.215,8.22,0.2203,61.495,0.0,1
76.0,1,1,22.29,15,21.8,-40.62,11.839,0.0,1.122,7.31,0.2391,3.661,0.000125589921337297,0
171.3,1,2,12.48,7,21.6,-27.95,6.56,0.0,1.125,7.5,0.2221,11.682,7.868188047467418e-32,1
38.4,0,1,3.14,0,-4.1,-18.72,0.0,0.0,2.857,6.83,0.2222,33.672,7.505459297244042e-249,1
14.1,0,1,7.63,1,23.5,-10.43,0.772,0.0,1.211,6.6,0.2258,180.757,0.0,1
32.8,0,1,18.85,3,10.9,-19.65,2.529,0.0,1.399,7.96,0.2315,24.477,1.284575273241111e-132,1
135.8,1,2,21.15,23,-5.4,-32.83,21.5,4.114,1.166,6.36,0.2217,6.66,1.3709588019270866e-11,0
98.6,1,1,8.69,5,-24.8,-40.84,3.156,4.856,2.331,6.64,0.2278,3.646,0.00013316237159114472,0
46.6,0,1,1.53,0,-25.7,-18.23,0.581,0.0,1.303,6.76,0.2211,26.911,8.12251268050457e-160,1
36.0,0,1,16.64,1,-13.7,-18.68,0.818,0.0,1.539,7.42,0.2313,28.959,1.0874097258492624e-184,1
21.1,0,1,18.49,3,-10.5,-13.84,2.061,0.0,1.119,7.98,0.2227,82.16,0.0,1
79.8,1,1,10.6,3,30.3,-28.8,2.896,0.0,1.268,7.14,0.2226,15.952,1.387563616681321e-57,1
158.6,1,2,14.58,18,35.0,-32.74,16.826,0.0,1.036,7.39,0.2335,6.333,1.2048202399315646e-10,0
46.9,0,1,24.68,2,-20.7,-20.27,0.647,0.0,1.019,7.42,0.2572,19.519,3.75230298577797e-85,1
145.8,1,2,6.12,7,31.3,-24.73,5.463,0.0,1.482,6.58,0.229,18.086,2.0367063598124696e-73,1
17.9,0,1,14.32,2,15.9,-12.86,1.366,0.0,1.428,8.0,0.2225,111.62,0.0,1
169.8,1,2,15.27,9,2.4,-30.17,9.462,0.0,1.108,6.57,0.2333,9.656,2.32797225691762e-22,1
134.9,1,2,13.73,8,32.1,-25.61,8.999,0.0,1.014,7.66,0.2386,13.248,2.308837996525454e-40,1
101.2,1,1,21.73,8,16.4,-40.26,7.32,0.0,1.266,6.44,0.233,4.106,2.015075954890427e-05,0
63.5,0,1,15.13,1,8.6,-24.2,0.256,0.0,1.093,7.54,0.2382,7.128,5.08156629380095e-13,1
76.8,1,1,12.7,7,-16.4,-32.23,6.709,0.0,1.147,6.85,0.223,10.713,4.4147375262877404e-27,1
20.4,0,1,3.08,0,-14.1,-16.03,0.362,2.324,2.153,6.67,0.2248,61.099,0.0,1
145.8,1,2,17.58,6,29.2,-25.16,5.414,0.0,1.232,7.74,0.237,14.708,2.8636477594716004e-49,1
45.0,0,1,3.3,0,-16.0,-21.7,0.425,2.804,1.223,7.06,0.2234,14.917,1.281001190503803e-50,1
23.4,0,1,0.66,0,-27.9,-13.34,0.0,0.0,1.941,6.36,0.2211,103.247,0.0,1
52.5,0,1,12.21,7,-12.7,-27.33,6.173,0.0,1.039,7.1,0.2368,3.913,4.5550576658508314e-05,0
50.7,0,1,14.31,3,1.2,-23.49,2.796,0.0,1.591,6.48,0.2266,9.042,7.723521462468083e-20,1
90.9,1,1,24.98,16,-5.2,-47.91,15.326,0.0,1.543,8.27,0.2281,1.227,0.10987515646891038,0
113.4,1,2,17.81,4,30.8,-20.32,2.586,0.0,1.024,6.94,0.2343,27.634,2.146746138952378e-168,1
131.1,1,2,21.21,23,-2.8,-31.61,17.29,0.0,1.35,8.06,0.2514,7.636,1.1224660895564901e-14,1
78.6,1,1,8.66,3,27.8,-27.54,1.791,0.0,1.235,7.09,0.2328,15.54,9.276519658604937e-55,1
34.9,0,1,12.72,0,8.7,-16.32,0.0,0.0,1.673,7.56,0.2217,50.563,0.0,1
57.0,0,1,24.36,14,4.1,-34.72,12.939,0.0,1.749,7.07,0.2218,0.549,0.2915592794614713,0
80.8,1,1,10.43,6,-19.6,-32.84,5.154,0.0,1.087,6.63,0.233,10.465,6.268403747395057e-26,1
88.9,1,1,20.18,11,-12.4,-44.87,13.545,0.0,1.283,7.57,0.2397,1.827,0.03384550861390113,0
30.6,0,1,13.15,3,26.4,-18.02,2.33,0.0,1.514,7.14,0.2323,37.159,1.5750683181940696e-302,1
23.1,0,1,5.6,0,20.7,-10.62,0.0,0.0,1.172,6.44,0.2259,136.747,0.0,1
90.9,1,1,14.51,4,-0.9,-31.72,2.216,0.0,1.041,7.5,0.2207,10.709,4.596765667702225e-27,1
23.4,0,1,5.45,0,29.1,-11.21,0.0,0.0,1.07,7.05,0.2234,138.897,0.0,1
76.8,1,1,0.08,0,23.2,-24.5,0.0,0.0,1.024,6.49,0.2201,24.234,4.913823198542953e-130,1
131.1,1,2,5.9,3,-22.7,-22.66,5.085,0.0,2.579,6.33,0.2263,23.142,8.799417895439675e-119,1
131.8,1,2,4.83,2,9.4,-22.96,3.098,0.0,1.78,7.28,0.2242,23.564,4.496221879954258e-123,1
187.7,1,2,9.27,4,21.9,-28.94,3.58,0.0,1.102,7.08,0.2305,10.728,3.78001469138944e-27,1
123.5,1,2,22.21,14,22.5,-27.33,15.283,0.0,1.094,6.94,0.2381,12.775,1.1366990168605905e-37,1
131.1,1,2,9.7,6,-24.1,-23.02,7.241,0.0,1.105,6.7,0.2297,19.978,4.3051630798094294e-89,1
42.0,0,1,21.13,1,-15.4,-17.95,0.382,0.0,1.231,7.36,0.2205,33.182,9.936064205053935e-242,1
76.8,1,1,13.89,5,-3.2,-32.35,5.286,0.0,1.068,7.89,0.2333,9.914,1.8065283759466758e-23,1
61.9,0,1,0.19,0,-13.6,-26.09,0.0,4.661,1.533,6.05,0.2204,4.581,2.310138181462998e-06,0
87.1,1,1,4.72,2,-22.9,-29.96,2.594,0.0,1.018,6.47,0.2234,15.328,2.500405202635273e-53,1
152.9,1,2,23.28,33,10.9,-41.94,33.24,0.0,1.09,8.7,0.2443,1.496,0.06738732915880595,0
15.0,0,1,15.1,1,3.0,-12.07,1.367,0.0,1.212,7.07,0.22,140.986,0.0,1
22.0,0,1,23.24,2,-19.9,-16.24,2.481,0.0,1.544,8.09,0.2472,45.16,0.0,1
71.4,1,1,7.75,0,8.1,-27.12,2.034,0.0,1.283,6.68,0.2303,18.348,1.6969479440695372e-75,1
79.5,1,1,17.91,7,-26.0,-36.33,10.398,0.0,1.342,7.32,0.2236,5.477,2.1666063566306267e-08,0
60.4,0,1,19.3,7,-5.1,-30.09,6.069,0.0,1.726,6.43,0.2304,1.929,0.02688917717906715,0
97.4,1,1,24.39,20,21.5,-53.0,18.061,0.0,1.222,8.14,0.2518,0.478,0.3161723027287823,0
131.1,1,2,0.45,0,27.9,-19.92,0.0,0.0,1.061,6.8,0.22,30.958,9.948192263358412e-211,1
36.9,0,1,23.81,3,-14.1,-23.96,3.343,4.526,1.341,6.84,0.2284,8.057,3.8962401910938336e-16,1
33.8,0,1,9.79,3,25.9,-17.47,0.954,0.0,1.021,6.8,0.2318,51.751,0.0,1
90.9,1,1,20.95,4,28.0,-37.58,5.242,0.0,1.946,7.75,0.2312,5.09,1.7866850939305255e-07,0
135.5,1,2,13.62,18,9.4,-28.6,11.823,0.0,1.885,6.82,0.2269,13.126,1.1736848460584623e-39,1
88.9,1,1,14.12,16,33.8,-40.04,11.775,0.0,1.255,7.76,0.2284,3.562,0.00018404195184632728,0
83.5,1,1,8.98,2,-14.0,-29.93,0.664,1.054,1.512,6.87,0.2333,13.432,1.9592942548258084e-41,1
45.1,0,1,20.71,1,-25.5,-19.17,1.299,0.0,1.646,7.49,0.2223,23.442,8.017756184216064e-122,1
95.8,1,1,6.6,3,24.8,-33.26,2.869,0.0,1.032,7.33,0.2236,8.394,2.3405133913010232e-17,1
141.4,1,2,12.31,6,1.9,-22.02,4.833,0.0,1.69,6.85,0.2267,20.831,1.1336000462901414e-96,1
61.2,0,1,14.0,7,-7.5,-26.55,5.164,0.0,1.198,7.55,0.2407,3.483,0.0002474590809543292,0
88.9,1,1,18.56,2,-26.4,-33.04,3.286,0.0,1.387,8.08,0.2285,8.663,2.2917317557639395e-18,1
5.4,0,1,11.79,0,-25.8,-8.0,0.0,0.0,1.14,6.56,0.2372,316.698,0.0,1
75.5,1,1,17.01,1,-24.1,-31.69,5.469,0.0,1.289,7.96,0.2308,9.972,1.0123129088138042e-23,1
28.5,0,1,12.13,0,-18.1,-16.14,0.0,1.278,1.436,6.69,0.2287,55.929,0.0,1
34.5,0,1,16.48,1,33.1,-18.86,0.988,0.0,1.41,7.54,0.2367,30.463,4.064349311771174e-204,1
145.8,1,2,16.85,6,-11.7,-26.08,8.587,0.0,1.148,7.18,0.2324,13.962,1.3259843935541182e-44,1
147.0,1,2,17.74,19,23.1,-30.21,14.25,0.0,1.283,6.95,0.2258,9.37,3.6197072705218244e-21,1
63.5,0,1,20.58,3,-28.7,-26.43,3.528,0.0,1.636,7.23,0.2465,3.237,0.0006046682856689881,0
36.0,0,1,13.52,0,-9.1,-16.5,0.0,0.0,1.798,7.05,0.2259,44.341,0.0,1
45.1,0,1,4.83,0,28.9,-17.64,0.0,0.0,1.857,6.52,0.2262,30.047,1.1983864901493155e-198,1
58.1,0,1,16.99,10,-18.0,-32.73,7.164,4.226,1.291,7.09,0.245,0.905,0.18275633733529784,0
177.2,1,2,1.93,2,-11.5,-26.58,3.178,0.0,1.64,6.08,0.2218,16.199,2.557910158487066e-59,1
125.8,1,2,5.47,5,23.7,-20.72,4.313,0.0,1.239,6.74,0.2214,27.249,8.496325569548802e-164,1
180.4,1,2,19.8,22,-22.1,-38.41,22.1,0.0,1.034,7.19,0.2253,3.113,0.0009253134520536611,0
45.1,0,1,10.88,5,-26.5,-28.8,5.17,4.279,1.489,7.1,0.2344,3.188,0.0007173779063238547,0
79.8,1,1,12.45,8,32.8,-36.41,9.097,0.0,1.184,7.1,0.2253,6.588,2.233864498403393e-11,0
33.8,0,1,24.68,6,-3.7,-21.66,4.396,0.0,1.629,8.5,0.2384,12.852,4.2043042819823926e-38,1
5.4,0,1,5.88,0,12.8,-9.61,0.802,0.0,1.602,6.75,0.2269,295.667,0.0,1
15.0,0,1,0.49,0,-21.7,-9.91,0.0,0.0,1.09,6.74,0.2205,210.453,0.0,1
11.4,0,1,2.78,0,-15.7,-11.39,0.0,1.456,1.012,6.74,0.2221,193.507,0.0,1
115.3,1,2,6.11,4,-0.1,-20.34,4.386,0.0,1.733,6.84,0.2262,27.225,1.6358598243887573e-163,1
20.4,0,1,18.15,2,13.9,-13.53,1.21,0.0,1.111,6.87,0.2356,105.948,0.0,1
91.0,1,1,19.4,7,-10.9,-37.9,5.339,3.704,1.143,8.25,0.232,4.274,9.615649115982557e-06,0
158.6,1,2,14.14,14,27.5,-29.8,13.129,0.0,1.016,7.24,0.2275,9.886,2.3820117116600056e-23,1
148.1,1,2,6.38,12,20.8,-24.89,9.371,0.0,1.252,7.14,0.2208,14.204,4.353463549407131e-46,1
112.3,1,2,13.04,3,5.9,-19.62,2.574,0.0,1.603,6.46,0.2318,31.601,1.799159474249822e-219,1
26.6,0,1,0.37,0,-0.2,-13.73,0.0,0.0,2.301,6.94,0.22,85.971,0.0,1
148.3,1,2,17.05,5,10.3,-25.48,8.24,0.0,1.345,7.51,0.2333,14.336,6.519108281948699e-47,1
45.4,0,1,15.36,6,17.6,-22.8,3.838,0.0,1.151,7.0,0.2231,10.739,3.3364281296663635e-27,1
71.4,1,1,0.54,0,-21.2,-25.22,0.601,0.0,1.625,6.69,0.2205,23.238,9.408775358957426e-120,1
56.4,0,1,20.43,5,25.4,-27.41,4.707,0.0,1.207,7.56,0.2349,4.242,1.1055923162008175e-05,0
136.4,1,2,19.09,19,1.8,-30.71,17.776,0.0,1.382,6.35,0.2288,8.768,9.100894999079733e-19,1
22.5,0,1,7.71,3,30.8,-14.68,2.026,0.0,1.215,7.14,0.2256,87.49,0.0,1
101.2,1,1,15.88,10,32.1,-45.94,13.906,0.0,1.538,7.88,0.2239,1.523,0.06390306364432563,0
12.0,0,1,15.04,0,-28.0,-10.36,0.0,0.0,1.419,7.39,0.2424,195.916,0.0,1
135.5,1,2,3.58,1,-5.0,-19.89,1.396,0.0,1.577,6.15,0.2202,28.267,4.390202615264661e-176,1
16.5,0,1,4.83,0,4.2,-10.99,0.685,0.0,1.58,6.6,0.221,151.798,0.0,1
181.8,1,2,17.08,6,5.1,-32.04,4.878,0.0,1.1,7.25,0.2382,7.69,7.335359631207356e-15,1
148.3,1,2,23.34,34,23.5,-38.84,28.611,0.0,1.185,7.18,0.2526,2.837,0.0022801260179786177,0
36.0,0,1,14.41,3,-20.8,-21.02,1.94,2.872,1.337,7.47,0.2214,15.358,1.5602438923572026e-53,1
75.5,1,1,14.2,15,10.5,-35.38,10.114,0.0,1.515,7.07,0.2205,7.011,1.1864540341467643e-12,1
85.7,1,1,16.17,4,31.3,-34.3,5.266,0.0,1.365,6.22,0.2335,9.192,1.9194461225249427e-20,1
71.8,1,1,11.01,0,34.8,-25.85,0.416,0.0,1.772,7.59,0.2273,21.052,1.0943991200419081e-98,1
39.5,0,1,1.35,0,-29.3,-18.71,0.0,2.865,1.359,6.9,0.221,25.283,2.4364628188761657e-141,1
76.8,1,1,9.91,1,33.2,-25.24,0.251,0.0,1.144,6.86,0.222,23.755,4.833108633364959e-125,1
16.3,0,1,22.51,0,-22.1,-11.68,0.364,0.0,1.067,6.88,0.2492,152.961,0.0,1
16.5,0,1,20.12,4,4.9,-16.76,4.894,0.0,1.142,7.78,0.2237,43.336,0.0,1
58.1,0,1,23.19,3,-14.0,-24.18,2.842,0.0,1.101,7.85,0.2445,6.159,3.651966176693817e-10,0
23.1,0,1,3.82,1,9.4,-12.59,0.687,0.0,1.285,7.26,0.2247,115.308,0.0,1
103.0,1,1,12.65,4,-27.6,-39.08,5.958,0.0,2.419,6.46,0.221,5.086,1.8290141202832268e-07,0
69.2,1,1,14.62,13,-14.5,-36.37,10.241,0.663,1.835,7.18,0.2366,6.692,1.1038660300089376e-11,0
67.2,1,1,5.25,1,-10.5,-28.02,0.635,4.136,1.107,6.82,0.2256,17.246,5.999189631480879e-67,1
71.4,1,1,5.02,2,29.5,-26.61,1.327,0.0,1.837,6.67,0.2241,22.534,9.653106111443091e-113,1
98.6,1,1,19.55,2,7.9,-33.19,1.528,0.0,1.616,7.96,0.2223,8.399,2.2505234912691913e-17,1
52.3,0,1,16.8,11,16.0,-27.59,8.598,0.0,1.109,7.56,0.2429,2.882,0.001978622680537808,0
125.2,1,2,16.18,20,13.9,-29.32,19.541,0.0,1.275,7.36,0.242,9.834,4.0119169217290484e-23,1
59.1,0,1,6.67,0,-4.5,-20.96,0.677,0.0,1.595,6.77,0.2235,11.626,1.5280551212634316e-31,1
56.9,0,1,12.67,5,-29.1,-26.79,5.17,0.0,1.308,7.11,0.227,3.845,6.0377340130676216e-05,0
79.5,1,1,0.58,1,-23.0,-26.17,0.463,0.0,1.015,6.17,0.2209,22.63,1.0883828855893417e-113,1
22.2,0,1,3.25,0,-0.2,-12.29,0.0,0.0,1.309,6.18,0.2243,140.772,0.0,1
56.0,0,1,12.96,3,31.2,-23.44,2.052,0.0,1.373,7.68,0.2381,7.863,1.874323574188658e-15,1
83.5,1,1,7.74,6,-13.8,-29.62,4.095,0.0,1.148,6.6,0.2232,13.126,1.1705682383582296e-39,1
95.8,1,1,24.14,15,15.4,-46.48,14.557,0.0,1.903,8.21,0.2401,1.295,0.09770142067136389,0
164.9,1,2,11.79,14,23.7,-30.94,10.358,0.0,1.086,7.39,0.2264,8.663,2.290051189352624e-18,1
158.6,1,2,2.09,0,28.9,-22.8,0.198,0.0,1.696,6.28,0.2207,22.963,5.423075156935876e-117,1
125.2,1,2,0.45,0,-10.9,-18.54,0.0,0.0,1.811,6.59,0.2202,33.249,1.0499025769394577e-242,1
32.9,0,1,18.13,0,30.5,-16.05,0.489,0.0,2.246,7.15,0.228,44.487,0.0,1
36.0,0,1,4.29,0,9.5,-15.52,0.698,0.0,1.536,6.59,0.2221,49.961,0.0,1
11.2,0,1,4.7,0,3.0,-9.28,0.0,0.0,1.412,6.27,0.2246,241.777,0.0,1
158.9,1,2,10.6,12,20.6,-30.36,9.807,0.0,1.992,6.94,0.2302,9.716,1.282658384056008e-22,1
131.8,1,2,6.6,4,-14.5,-22.51,4.711,0.0,1.019,6.66,0.23,22.045,5.3108787266140384e-108,1
60.4,0,1,15.41,0,22.8,-25.07,0.978,0.0,1.569,6.85,0.2353,6.645,1.5153020178754638e-11,0
131.8,1,2,12.14,6,12.2,-22.71,5.888,0.0,1.161,6.97,0.2228,21.022,2.078437360485802e-98,1
14.1,0,1,2.79,1,22.0,-9.43,0.521,0.0,1.004,7.06,0.2225,215.3,0.0,1
106.3,1,1,19.62,11,25.6,-42.32,8.865,0.0,1.054,7.05,0.2249,2.762,0.0028739854206664547,0
71.8,1,1,10.65,4,10.1,-31.53,6.818,0.0,2.099,6.96,0.2225,10.594,1.5919046747133657e-26,1
70.1,1,1,15.27,4,-27.6,-31.21,5.189,0.0,1.274,7.48,0.2418,11.765,2.9673155876134465e-32,1
21.5,0,1,0.1,0,-10.6,-12.3,0.0,0.0,1.87,6.1,0.2202,122.985,0.0,1
95.8,1,1,15.66,5,27.1,-38.58,7.344,0.0,1.035,6.54,0.2312,5.158,1.2509723470977406e-07,0
125.5,1,2,7.07,6,10.8,-22.32,4.187,0.0,1.236,6.74,0.2296,24.104,1.1434262209452043e-128,1
141.4,1,2,12.36,6,27.9,-24.92,7.324,0.0,1.108,6.88,0.2313,17.543,3.387129345452155e-69,1
55.1,0,1,7.44,3,-5.0,-21.46,1.506,0.0,1.039,7.23,0.2252,12.095,5.583966100030707e-34,1
17.9,0,1,24.91,3,2.8,-15.08,1.364,0.0,1.114,7.65,0.2325,73.574,0.0,1
107.4,1,1,5.77,5,26.1,-39.96,6.816,0.0,1.353,6.35,0.2211,4.114,1.946441492756938e-05,0
33.4,0,1,22.82,4,19.5,-19.35,2.018,0.0,1.09,7.01,0.2494,24.18,1.7884469353559532e-129,1
134.9,1,2,22.95,15,-5.5,-31.05,15.311,0.0,1.217,7.49,0.2477,8.861,3.9592926434064175e-19,1
113.2,1,2,10.53,8,-28.5,-22.71,6.748,3.654,1.577,7.22,0.2351,20.278,9.975539996410614e-92,1
34.7,0,1,7.6,1,27.2,-18.23,1.535,0.0,2.174,6.69,0.2288,32.797,3.2798866861716e-236,1
26.6,0,1,9.53,2,21.1,-13.64,1.333,0.0,1.096,6.78,0.227,78.428,0.0,1
46.6,0,1,24.73,2,-0.8,-19.6,1.417,0.0,1.311,8.63,0.2272,18.132,8.895562054388378e-74,1
42.0,0,1,15.47,3,5.5,-21.03,3.766,0.0,1.266,7.21,0.2404,13.033,3.96853902500778e-39,1
137.8,1,2,13.62,14,-16.7,-26.6,11.862,0.0,1.271,7.47,0.2245,13.559,3.5121841528106777e-42,1
164.9,1,2,0.9,0,-3.2,-23.71,1.107,0.0,1.156,6.13,0.2207,22.825,1.2990774177799056e-115,1
79.8,1,1,21.2,5,-19.4,-30.44,2.73,0.0,1.232,7.79,0.2413,11.293,7.127800935363087e-30,1
113.4,1,2,2.1,6,-16.3,-21.92,3.377,3.928,2.316,6.82,0.223,24.885,5.359374622106097e-137,1
152.8,1,2,1.17,0,25.0,-21.78,0.876,0.0,1.324,6.58,0.2215,23.909,1.2365357651085274e-126,1
148.3,1,2,6.87,8,-6.4,-27.42,7.542,3.769,1.134,6.35,0.2239,13.89,3.6469064250043066e-44,1
137.8,1,2,11.89,9,23.0,-25.23,7.85,0.0,1.561,6.86,0.2222,17.16,2.6623860333176395e-66,1
20.4,0,1,22.38,1,0.8,-13.1,1.587,0.0,1.08,8.78,0.2364,97.171,0.0,1
36.6,0,1,19.75,5,-25.4,-22.26,4.696,0.0,1.231,7.77,0.2464,13.413,2.524373574101435e-41,1
5.4,0,1,4.94,0,-6.5,-9.7,0.168,0.0,2.22,6.93,0.2223,249.911,0.0,1
83.5,1,1,9.3,9,-19.7,-37.05,5.985,3.06,1.005,6.52,0.2279,5.89,1.928997624670843e-09,0
91.3,1,1,19.51,7,15.1,-37.64,7.521,0.0,1.305,7.14,0.2246,5.862,2.2850560767073363e-09,0
142.3,1,2,13.18,14,29.2,-27.68,12.392,0.0,1.077,8.02,0.2347,9.439,1.884925173875835e-21,1
76.8,1,1,4.36,0,19.6,-26.38,0.332,0.0,1.72,7.16,0.224,18.356,1.4819583621234054e-75,1
34.7,0,1,9.9,1,20.6,-16.37,0.292,0.0,1.475,6.49,0.231,46.838,0.0,1
56.0,0,1,15.65,3,26.0,-27.51,4.684,0.0,1.568,6.21,0.2268,4.119,1.9010454842999954e-05,0
61.9,0,1,24.33,9,20.5,-32.66,9.127,0.0,1.185,7.03,0.2447,0.962,0.16809063765704163,0
10.6,0,1,16.55,1,7.0,-13.42,2.549,0.0,1.199,7.51,0.2242,101.661,0.0,1
59.1,0,1,0.4,0,16.4,-22.11,0.0,0.0,1.67,6.09,0.2203,13.295,1.2445613475319976e-40,1
60.4,0,1,17.63,3,-3.0,-25.8,2.187,0.0,1.32,7.71,0.2423,4.96,3.5254898663168836e-07,0
35.8,0,1,6.27,0,-25.4,-19.65,0.0,4.455,1.033,6.67,0.2253,23.699,1.856319363356056e-124,1
113.2,1,2,21.55,14,15.9,-26.72,12.669,0.0,1.511,7.42,0.2491,13.275,1.6152380991586203e-40,1
89.4,1,1,9.6,5,16.9,-32.64,3.377,0.0,1.269,7.13,0.2318,9.166,2.443413762353999e-20,1
125.5,1,2,4.99,6,-15.5,-21.96,4.687,0.0,1.79,6.82,0.2243,24.896,4.0773990637695544e-137,1
102.0,1,1,11.7,4,32.0,-39.07,4.899,0.0,1.956,6.48,0.226,5.326,5.022093290265766e-08,0
177.2,1,2,6.38,4,-26.6,-28.49,3.225,0.0,1.149,6.89,0.2277,11.848,1.0981303461589793e-32,1
64.6,0,1,5.9,0,17.8,-23.15,0.0,0.0,1.005,6.18,0.2266,9.038,7.956382045148436e-20,1
60.0,0,1,14.33,12,33.0,-29.99,8.087,0.0,1.035,6.46,0.2312,1.726,0.04215355320511991,0
36.0,0,1,19.18,7,-9.9,-20.8,5.51,0.0,1.093,7.5,0.2241,17.314,1.8537765646335584e-67,1
181.8,1,2,20.87,14,29.3,-34.83,14.221,0.0,1.413,7.42,0.23,4.728,1.1328237220829542e-06,0
122.3,1,2,9.94,7,23.7,-24.0,9.48,0.0,1.187,6.82,0.2271,21.119,2.6637745855583475e-99,1
69.2,1,1,1.67,2,18.4,-25.08,1.248,0.0,1.249,6.5,0.2224,25.593,9.014301580718148e-145,1
148.1,1,2,12.1,7,32.0,-25.34,6.163,0.0,1.308,6.31,0.234,17.778,5.225626899146594e-71,1
52.0,0,1,10.84,1,12.5,-23.06,1.336,0.0,1.818,6.84,0.2326,10.537,2.9252462771454544e-26,1
198.3,1,2,4.92,3,2.2,-29.68,4.448,0.0,1.143,6.43,0.2215,9.238,1.2600153879325556e-20,1
22.0,0,1,22.4,3,13.9,-17.15,3.585,0.0,1.419,7.33,0.2252,37.166,1.1931670403784457e-302,1
12.0,0,1,24.35,0,-3.2,-11.13,0.35,0.0,1.474,7.63,0.2556,160.892,0.0,1
198.3,1,2,1.29,1,-8.9,-30.31,0.998,3.149,1.496,6.93,0.2207,8.896,2.900293868112758e-19,1
60.4,0,1,19.89,6,-24.7,-27.52,4.665,0.0,1.373,7.97,0.24,3.153,0.0008066709756637291,0
36.6,0,1,16.14,2,-5.4,-19.29,3.077,0.0,1.377,7.31,0.2383,23.318,1.4521415035916638e-120,1
69.2,1,1,6.54,2,22.2,-24.27,0.963,0.0,1.699,6.75,0.2251,23.427,1.1289215058306154e-121,1
169.8,1,2,15.88,6,31.5,-26.63,3.896,0.0,1.286,6.81,0.2218,14.058,3.4371614267024614e-45,1
68.3,1,1,3.22,0,33.4,-22.58,0.0,0.0,1.4,6.98,0.2216,29.414,1.8398551768114061e-190,1
67.3,1,1,1.74,0,-16.6,-23.55,0.0,0.0,1.188,6.77,0.2228,27.148,1.319448034442727e-162,1
76.0,1,1,24.84,15,7.1,-40.71,11.513,0.0,1.327,6.53,0.2408,4.032,2.7613701279842466e-05,0
11.4,0,1,15.91,0,7.4,-9.92,0.0,0.0,1.438,7.11,0.2427,258.399,0.0,1
88.9,1,1,6.33,2,-18.6,-29.41,1.601,0.0,1.105,6.13,0.2219,16.435,5.4130059467195776e-61,1
96.4,1,1,11.25,10,7.8,-38.38,8.997,0.0,1.0,7.09,0.2211,4.874,5.47922709140383e-07,0
169.8,1,2,23.75,33,-6.4,-39.2,26.466,0.0,1.049,7.64,0.2436,2.617,0.0044331892386615,0
46.1,0,1,10.97,1,31.3,-20.04,2.215,0.0,1.039,7.09,0.2246,18.087,2.0151138849632796e-73,1
90.5,1,1,22.51,5,-13.4,-40.09,8.562,0.922,1.608,6.51,0.2396,3.71,0.00010362121019745448,0
187.7,1,2,21.72,11,24.3,-32.75,12.083,0.0,1.037,7.99,0.2319,5.564,1.3218915436872885e-08,0
78.5,1,1,8.6,0,28.3,-25.53,0.0,0.0,1.369,6.9,0.2232,21.825,6.714016604118155e-106,1
135.5,1,2,17.4,16,17.8,-28.04,14.916,0.0,1.429,7.07,0.2223,11.723,4.834087264663205e-32,1
12.0,0,1,16.51,1,-16.0,-13.1,1.561,0.971,1.067,7.62,0.234,104.958,0.0,1
71.8,1,1,19.28,11,-13.1,-32.08,6.811,0.0,1.459,6.64,0.2218,11.133,4.3349105253946707e-29,1
39.5,0,1,9.15,1,33.1,-17.14,0.64,0.0,1.655,6.98,0.2299,38.114,0.0,1
80.8,1,1,1.31,1,-25.1,-29.57,1.148,0.903,2.647,6.44,0.221,15.055,1.5941905122981322e-51,1
89.4,1,1,4.28,1,-22.4,-30.69,1.816,0.0,1.909,6.95,0.2214,12.451,6.910018773107241e-36,1
86.6,1,1,15.41,9,33.6,-37.25,5.537,0.0,1.663,6.68,0.2392,6.657,1.3982774699864277e-11,0
69.2,1,1,19.38,5,20.5,-31.43,4.573,0.0,1.283,6.98,0.2462,11.618,1.6596948194776586e-31,1
30.6,0,1,18.9,1,18.5,-14.31,1.296,0.0,1.379,7.77,0.2236,65.206,0.0,1
34.9,0,1,14.59,3,-19.6,-22.52,1.848,3.46,2.158,8.05,0.2412,10.555,2.4205980546393455e-26,1
169.2,1,2,2.12,0,1.8,-26.29,1.123,0.0,1.311,6.72,0.2215,17.179,1.9148779360267867e-66,1
131.1,1,2,0.43,0,24.6,-19.32,0.0,0.0,1.291,6.39,0.2201,32.036,1.7283168148376277e-225,1
32.8,0,1,19.55,5,-8.6,-24.0,7.779,0.0,1.108,7.14,0.231,8.09,2.993189137549693e-16,1
107.4,1,1,13.73,10,-17.5,-44.67,8.658,0.0,2.383,7.57,0.2317,1.948,0.02573586899666869,0
28.9,0,1,19.57,4,-29.3,-18.35,2.921,0.0,3.775,7.9,0.2283,26.483,7.597709411080585e-155,1
13.1,0,1,4.07,0,10.5,-10.27,0.0,0.0,1.863,6.6,0.2248,207.461,0.0,1
9.4,0,1,10.19,1,-10.9,-9.14,0.118,0.0,1.25,7.05,0.222,265.801,0.0,1
22.2,0,1,22.98,2,26.1,-15.16,1.521,0.0,1.071,7.73,0.2505,68.096,0.0,1
42.6,0,1,4.29,0,-11.6,-17.46,0.731,0.0,1.63,6.52,0.2229,32.417,7.936618345824358e-231,1
55.1,0,1,1.54,0,-20.1,-23.68,0.308,2.428,1.537,6.89,0.2227,8.536,6.9316675028816376e-18,1
103.0,1,1,16.34,9,32.4,-40.59,7.74,0.0,1.033,6.7,0.231,4.078,2.266528772364936e-05,0
131.1,1,2,14.86,2,32.7,-22.42,4.955,0.0,1.4,6.8,0.2204,23.318,1.4642670160703863e-120,1
55.1,0,1,23.8,6,14.5,-29.02,5.444,0.0,1.62,7.2,0.2339,2.481,0.006546832397458308,0
10.3,0,1,22.66,2,30.3,-10.34,1.021,0.0,1.301,8.01,0.2334,179.749,0.0,1
56.4,0,1,18.74,5,-19.5,-25.96,4.434,0.0,1.366,8.02,0.2305,3.932,4.218149692072064e-05,0
43.9,0,1,0.48,1,-0.1,-17.21,0.753,0.0,1.103,6.01,0.2205,30.914,3.832152897807209e-210,1
46.6,0,1,12.01,2,-16.7,-22.33,2.168,0.0,2.795,7.06,0.2309,10.538,2.895736236624976e-26,1
97.4,1,1,22.4,4,1.1,-40.27,3.12,0.0,1.729,7.63,0.2504,4.019,2.916968728004776e-05,0
10.5,0,1,10.84,0,21.4,-9.58,0.0,0.0,1.246,7.35,0.2302,260.984,0.0,1
50.5,0,1,24.05,6,24.9,-28.44,7.221,0.0,1.119,8.12,0.2411,2.514,0.00596409349894263,0
88.9,1,1,16.31,12,-29.7,-40.88,10.927,0.0,1.267,6.95,0.2272,3.481,0.00024991049331507043,0
67.2,1,1,2.74,3,-4.7,-25.12,1.711,0.0,1.217,6.18,0.2228,25.749,1.6380588140606173e-146,1
158.9,1,2,12.73,6,34.6,-27.16,6.036,0.0,1.211,7.53,0.2334,12.514,3.138543884491789e-36,1
50.5,0,1,17.39,16,8.3,-36.08,16.661,0.0,1.571,6.8,0.2212,0.548,0.2919095296612806,0
39.5,0,1,1.63,0,-10.7,-19.07,0.301,3.045,1.011,6.4,0.2203,25.754,1.4512209148203476e-146,1
22.2,0,1,8.62,2,-4.7,-14.89,1.151,0.0,1.92,6.52,0.2228,77.963,0.0,1
32.5,0,1,17.93,3,-9.0,-25.48,3.498,4.92,1.153,7.08,0.2359,6.93,2.11015758541488e-12,1
192.4,1,2,3.93,8,-0.9,-30.31,4.941,0.0,1.738,7.21,0.2238,9.179,2.1839464638736166e-20,1
103.0,1,1,8.71,2,-1.1,-32.87,1.239,0.0,1.01,6.48,0.2247,11.027,1.4135603652974862e-28,1
122.3,1,2,17.25,9,2.9,-22.25,5.56,0.0,1.234,7.03,0.2263,21.442,2.7278605607650676e-102,1
30.6,0,1,19.39,0,0.2,-15.49,0.0,0.0,1.878,8.03,0.2248,64.598,0.0,1
63.5,0,1,12.96,2,3.5,-25.52,2.253,0.0,1.988,6.82,0.2259,5.455,2.448844690293288e-08,0
17.9,0,1,23.92,4,-28.2,-16.93,4.204,0.0,1.122,6.28,0.2368,44.182,0.0,1
33.8,0,1,23.13,2,-26.5,-17.58,1.897,0.0,1.138,8.0,0.2413,42.38,0.0,1
142.3,1,2,11.84,6,-5.9,-26.36,4.773,0.0,1.626,7.13,0.2356,15.384,1.0520021519543227e-53,1
60.4,0,1,4.01,4,27.5,-23.78,2.246,0.0,1.054,6.99,0.2238,8.458,1.3582772837895904e-17,1
36.0,0,1,19.32,6,21.4,-19.89,4.201,0.0,1.087,6.14,0.2358,18.061,3.22187756201116e-73,1
72.7,1,1,6.08,0,-22.8,-25.68,0.0,0.811,1.532,6.97,0.2236,22.616,1.5119415605919855e-113,1
44.0,0,1,21.07,7,2.2,-25.87,6.205,0.0,1.075,8.53,0.2336,6.216,2.5579933298951717e-10,0
135.2,1,2,14.68,4,9.3,-23.41,3.591,0.0,1.476,7.04,0.2342,19.753,3.7632873019358943e-87,1
116.9,1,2,9.85,5,1.3,-22.29,6.097,0.0,1.048,6.28,0.2294,26.422,3.8720521355298725e-154,1
72.7,1,1,13.91,8,15.3,-33.93,9.694,0.0,1.059,6.99,0.2244,8.427,1.7764307874636067e-17,1
43.9,0,1,13.32,5,34.8,-22.46,4.808,0.0,1.003,6.76,0.2362,11.091,6.968609894145662e-29,1
81.1,1,1,23.12,10,-23.7,-40.72,8.522,0.0,1.448,6.83,0.2492,3.858,5.704737847397931e-05,0
164.9,1,2,5.36,3,3.5,-25.0,1.716,0.0,1.161,6.65,0.2279,17.999,9.987076360425553e-73,1
63.5,0,1,23.2,13,3.3,-38.09,14.928,0.0,1.186,7.23,0.2511,0.274,0.3919724728619731,0
47.0,0,1,0.78,0,6.6,-17.64,0.0,0.0,1.121,6.4,0.2201,36.05,6.992162488769832e-285,1
113.2,1,2,19.23,18,-19.1,-27.69,18.003,0.0,1.825,7.21,0.2329,11.995,1.8840482286456703e-33,1
26.6,0,1,22.99,5,11.5,-17.99,4.404,0.0,1.068,7.35,0.222,34.604,1.1038199812253215e-262,1
22.8,0,1,9.85,0,-27.1,-12.5,0.0,0.0,1.009,7.12,0.2319,131.022,0.0,1
159.3,1,2,1.83,0,18.2,-22.78,0.458,0.0,1.428,6.99,0.2224,20.068,6.959724349519243e-90,1
55.1,0,1,20.12,5,13.1,-25.2,3.15,0.0,1.115,8.1,0.2348,7.544,2.2856097882611144e-14,1
91.3,1,1,21.07,7,-8.5,-37.94,5.512,2.767,1.051,7.63,0.226,4.728,1.1319745205576709e-06,0
88.9,1,1,8.41,2,34.3,-33.1,2.478,0.0,1.632,7.02,0.2258,9.644,2.6015245076627883e-22,1
56.6,0,1,12.96,4,23.9,-25.25,2.734,0.0,1.145,6.57,0.2225,6.776,6.198636406597089e-12,1
5.4,0,1,20.24,1,5.1,-9.06,0.147,0.0,1.737,6.85,0.2227,266.341,0.0,1
22.8,0,1,4.8,1,34.4,-13.92,0.808,0.0,1.552,6.54,0.2209,97.523,0.0,1
198.3,1,2,15.72,17,24.0,-37.92,17.051,0.0,1.083,7.02,0.2224,3.638,0.00013717891768609647,0
27.5,0,1,10.77,0,-21.0,-15.29,1.108,0.0,1.94,6.45,0.2348,58.142,0.0,1
72.7,1,1,4.36,1,8.4,-27.32,2.841,0.0,1.048,7.15,0.2202,18.028,5.828808060311744e-73,1
164.9,1,2,20.79,32,7.8,-41.87,29.771,0.0,1.35,7.52,0.2288,1.984,0.023626189299982843,0
88.9,1,1,8.12,4,12.4,-32.83,4.446,0.0,1.312,7.15,0.2225,9.357,4.1161591952474754e-21,1
72.7,1,1,23.36,8,31.1,-31.95,6.42,0.0,1.457,8.25,0.2356,8.704,1.6033163476781543e-18,1
57.0,0,1,14.22,6,2.0,-27.55,6.992,0.0,1.417,7.35,0.2254,3.673,0.00012007504275265164,0
23.1,0,1,12.86,3,-25.0,-17.95,2.69,2.168,1.453,7.42,0.2253,36.481,1.1166727603883073e-291,1
115.3,1,2,10.58,1,1.2,-18.74,0.904,0.0,1.221,6.46,0.2342,33.223,2.477260499812654e-242,1
8.1,0,1,10.02,1,21.2,-8.59,0.553,0.0,1.275,7.6,0.2299,300.987,0.0,1
65.1,1,1,20.45,5,-6.7,-31.09,5.533,0.0,2.112,7.05,0.2292,11.726,4.665554447390701e-32,1
85.7,1,1,16.94,5,-28.2,-33.68,4.622,0.0,2.61,7.6,0.2287,8.308,4.8625295647058964e-17,1
30.1,0,1,19.34,6,-10.3,-20.73,5.291,0.0,1.314,8.1,0.2309,17.656,4.554630981084971e-70,1
16.3,0,1,10.53,0,14.3,-10.53,0.0,0.0,1.201,7.1,0.2263,174.394,0.0,1
45.0,0,1,6.54,1,-24.4,-18.66,0.423,0.0,1.115,6.6,0.2223,26.191,1.6635707443561794e-151,1
71.4,1,1,2.17,0,-5.6,-23.08,0.0,0.0,1.365,6.7,0.2213,28.958,1.1015199858109208e-184,1
85.7,1,1,19.42,15,-21.3,-44.96,13.601,1.012,1.117,6.69,0.2459,2.048,0.020275602921115736,0
23.5,0,1,10.38,2,0.9,-12.86,0.632,0.0,1.393,6.16,0.2312,103.213,0.0,1
59.1,0,1,12.73,2,-20.8,-22.18,1.015,0.0,1.158,7.16,0.2211,8.518,8.088700080153493e-18,1
158.9,1,2,11.73,10,-22.9,-28.06,5.163,1.054,1.072,7.08,0.2347,11.134,4.265912470538153e-29,1
60.0,0,1,10.78,6,15.4,-29.52,6.466,0.0,1.177,6.7,0.2266,2.183,0.014520887146829383,0
15.0,0,1,17.1,0,-19.7,-10.95,0.0,0.0,1.327,8.06,0.239,171.021,0.0,1
80.8,1,1,15.22,9,-19.9,-32.88,5.386,0.0,1.018,6.81,0.2294,9.986,8.792438273331243e-24,1
12.0,0,1,24.3,1,8.5,-11.61,0.304,0.0,1.351,7.06,0.2483,165.389,0.0,1
52.3,0,1,3.47,0,-27.2,-23.96,0.577,3.566,1.192,6.77,0.224,8.09,2.975942807117811e-16,1
46.9,0,1,14.34,6,-27.9,-28.09,6.179,2.936,1.272,7.61,0.235,2.667,0.0038315646139651122,0
169.2,1,2,1.58,3,-2.0,-25.96,3.101,0.0,1.319,6.46,0.2221,15.811,1.3089188346646839e-56,1
30.1,0,1,20.2,6,-6.3,-18.79,3.061,0.0,2.032,7.58,0.2451,30.634,2.177234550581014e-206,1
55.1,0,1,15.41,3,5.4,-24.45,2.749,0.0,1.151,7.18,0.2314,8.278,6.283100177616917e-17,1
126.5,1,2,10.71,3,34.6,-20.56,2.418,0.0,1.075,6.47,0.2306,27.111,3.6270017249887723e-162,1
46.9,0,1,20.06,5,-1.7,-24.02,4.608,0.0,1.903,6.56,0.2314,7.994,6.520569359957358e-16,1
164.9,1,2,11.38,0,7.4,-25.43,1.234,0.0,1.545,6.47,0.2313,16.637,1.8820335924564775e-62,1
78.6,1,1,5.69,4,29.8,-28.93,2.96,0.0,1.571,6.84,0.2223,15.86,5.997680198251965e-57,1
108.9,1,1,11.81,3,1.4,-38.21,3.072,0.0,1.08,6.92,0.2301,4.869,5.603425958070572e-07,0
43.9,0,1,1.77,0,20.8,-18.18,0.0,0.0,2.192,6.38,0.2222,33.801,9.596363689917637e-251,1
78.5,1,1,22.45,16,5.7,-41.05,12.279,0.0,1.415,8.53,0.237,2.986,0.0014118810997837462,0
135.8,1,2,18.27,3,11.4,-23.03,2.499,0.0,1.258,6.67,0.2387,20.673,3.0515063405415625e-95,1
5.9,0,1,19.01,0,30.6,-9.83,0.0,0.0,1.329,6.78,0.2282,279.086,0.0,1
33.4,0,1,21.86,7,-30.0,-21.94,4.5,0.0,1.459,6.39,0.2475,13.576,2.7685172185112306e-42,1
123.5,1,2,19.79,7,28.6,-23.39,7.286,0.0,1.087,7.89,0.234,18.189,3.1681185278597784e-74,1
87.1,1,1,10.8,6,2.3,-34.24,6.09,0.0,1.005,7.31,0.2264,7.878,1.6674586941012172e-15,1
136.4,1,2,2.97,1,9.4,-20.24,1.439,0.0,1.005,7.04,0.2201,27.432,5.772916722277695e-166,1
36.9,0,1,9.33,4,-0.7,-19.45,3.213,0.0,1.268,6.87,0.2214,25.135,1.030734516642232e-139,1
64.6,0,1,23.35,11,-13.0,-33.75,10.912,0.0,1.022,8.31,0.2246,0.716,0.23693307270063485,0
87.1,1,1,23.73,6,-25.7,-36.05,5.203,0.0,1.11,6.81,0.2378,6.855,3.5751088562237314e-12,1
56.6,0,1,19.2,2,31.4,-25.97,3.263,0.0,1.86,6.61,0.2222,5.513,1.762588200728687e-08,0
12.1,0,1,5.11,0,10.6,-9.41,0.0,0.0,1.018,6.27,0.2248,238.618,0.0,1
124.7,1,2,4.86,5,26.8,-20.86,3.538,0.0,1.225,6.28,0.2211,29.046,8.635261496070809e-186,1
32.9,0,1,21.99,3,-11.1,-20.61,2.578,0.0,1.027,7.89,0.2408,20.744,6.932544449775664e-96,1
119.5,1,2,3.55,3,-11.9,-19.8,3.168,0.0,1.476,6.9,0.223,29.833,7.355043904187818e-196,1
17.6,0,1,14.6,0,-8.2,-10.52,0.511,0.0,1.299,7.47,0.2264,169.587,0.0,1
104.5,1,1,9.46,4,-15.0,-37.9,3.342,0.0,2.152,6.73,0.2269,5.217,9.11625194884594e-08,0
28.9,0,1,7.55,0,2.4,-14.56,0.359,0.0,1.317,6.6,0.2252,72.798,0.0,1
187.7,1,2,16.93,9,30.9,-30.64,7.413,0.0,1.245,8.16,0.2234,7.627,1.1990163302491005e-14,1
7.1,0,1,23.99,4,26.9,-13.75,2.671,0.0,1.419,7.63,0.2367,106.886,0.0,1
148.3,1,2,19.44,4,2.2,-28.71,5.753,0.0,1.016,7.35,0.2387,10.87,7.985669011329064e-28,1
56.9,0,1,12.15,1,-7.3,-22.85,1.358,0.0,1.3,6.87,0.2328,9.539,7.193210881108877e-22,1
101.9,1,1,11.02,2,9.8,-34.8,2.369,0.0,1.097,6.6,0.2348,7.959,8.682581966939264e-16,1
35.8,0,1,22.69,0,9.8,-21.03,3.848,0.0,1.977,6.81,0.2446,18.052,3.817527376517816e-73,1
16.5,0,1,14.45,0,14.4,-12.08,0.0,0.0,1.147,7.09,0.2316,161.319,0.0,1
50.7,0,1,12.42,2,4.8,-20.0,1.416,0.0,1.408,7.33,0.2256,16.09,1.4977002275934298e-58,1
28.5,0,1,17.07,1,-28.3,-14.92,1.032,0.0,1.39,6.96,0.2325,62.356,0.0,1
134.9,1,2,5.93,2,-25.1,-21.65,0.8,0.0,1.11,7.0,0.2292,27.431,5.827749580445843e-166,1
93.8,1,1,1.59,2,33.3,-31.12,1.412,0.0,1.62,6.38,0.2223,14.134,1.1793972195115368e-45,1
32.5,0,1,21.38,5,18.5,-22.07,4.824,0.0,1.162,8.23,0.2436,15.048,1.791560397496925e-51,1
67.2,1,1,15.18,9,31.6,-31.67,8.826,0.0,1.086,8.08,0.2208,9.867,2.9022476788200934e-23,1
96.0,1,1,4.12,4,-7.9,-34.02,3.61,0.0,1.014,7.03,0.2206,8.892,2.996463430596082e-19,1
125.2,1,2,7.45,8,4.8,-22.32,6.873,0.0,1.331,6.91,0.2309,22.734,1.0246163374748731e-114,1
49.7,0,1,24.75,7,-9.1,-28.91,5.602,0.0,1.353,7.18,0.2503,2.673,0.0037603845057218904,0
23.5,0,1,15.86,1,29.1,-14.36,0.599,0.0,1.063,6.85,0.2316,71.973,0.0,1
67.3,1,1,15.9,7,-11.3,-29.1,4.582,0.0,1.481,7.19,0.2298,14.181,5.971039063909872e-46,1
74.0,1,1,1.8,2,15.1,-26.85,1.398,0.0,1.345,6.79,0.2205,21.35,1.9416335267276917e-101,1
137.8,1,2,24.22,17,-18.6,-32.57,14.168,1.956,1.127,8.13,0.2392,6.793,5.505855145838769e-12,1
10.3,0,1,22.32,0,-23.2,-10.65,0.0,1.831,1.102,7.58,0.2422,205.609,0.0,1
34.9,0,1,13.69,1,-19.9,-16.29,0.547,0.0,1.693,7.46,0.223,48.207,0.0,1
52.5,0,1,7.73,4,4.4,-23.64,3.391,0.0,1.252,6.37,0.2255,8.584,4.571258026553912e-18,1
43.9,0,1,17.45,4,24.9,-23.45,5.014,0.0,1.017,7.29,0.2293,9.584,4.684486736750306e-22,1
33.8,0,1,20.83,3,35.0,-19.91,1.783,0.0,1.774,7.94,0.2478,23.56,4.982821894395201e-123,1
103.0,1,1,19.65,20,10.5,-54.87,20.531,0.0,1.077,7.2,0.241,0.423,0.33610779564081783,0
108.9,1,1,24.43,20,4.7,-53.96,15.049,0.0,1.669,6.58,0.2531,0.555,0.2895157111850993,0
87.1,1,1,15.92,2,21.1,-30.99,1.696,0.0,1.234,7.48,0.2285,10.914,4.932961672560163e-28,1
122.3,1,2,8.03,13,-25.9,-24.09,8.566,0.0,1.012,7.57,0.2225,18.279,6.094939441680965e-75,1
22.5,0,1,12.45,2,22.6,-17.05,3.331,0.0,2.049,7.37,0.2355,39.676,0.0,1
10.3,0,1,20.41,0,19.3,-10.65,0.465,0.0,1.448,6.29,0.233,219.318,0.0,1
11.2,0,1,6.63,1,4.4,-9.37,0.46,0.0,1.166,6.5,0.2257,224.245,0.0,1
23.2,0,1,5.79,0,-28.5,-13.77,0.0,0.0,1.821,6.42,0.2268,111.838,0.0,1
6.0,0,1,18.12,0,-16.9,-9.1,0.201,0.0,1.702,7.2,0.2372,238.27,0.0,1
15.0,0,1,11.11,0,-6.0,-11.06,0.0,0.0,1.05,7.08,0.2335,179.967,0.0,1
122.3,1,2,20.41,19,31.2,-24.89,15.039,0.0,1.504,8.03,0.2254,13.961,1.3527943178909386e-44,1
65.4,1,1,3.59,0,11.5,-22.94,0.428,0.0,1.254,7.08,0.2205,29.77,4.841783271761207e-195,1
124.7,1,2,8.39,0,3.2,-19.96,3.464,0.0,1.339,6.71,0.2242,28.911,4.371014894072221e-184,1
72.7,1,1,6.7,4,1.7,-30.91,5.975,0.0,1.579,6.8,0.2253,11.891,6.55172527753969e-33,1
14.1,0,1,17.45,0,20.7,-11.55,0.0,0.0,1.581,6.89,0.2398,139.102,0.0,1
63.5,0,1,18.98,2,-9.0,-29.05,2.247,2.842,1.944,7.38,0.2427,2.149,0.015816620668784302,0
49.7,0,1,11.4,3,-23.9,-21.66,2.496,0.0,1.054,7.6,0.2302,12.012,1.5436607854162028e-33,1
15.0,0,1,11.95,0,14.0,-11.1,0.0,0.0,1.184,7.1,0.2339,176.255,0.0,1
78.8,1,1,3.3,3,-8.6,-29.17,2.868,0.0,1.063,6.69,0.223,15.86,5.951359469816882e-57,1
80.8,1,1,17.55,4,-8.8,-28.17,1.841,0.0,1.282,6.96,0.2266,15.48,2.3625695557485274e-54,1
70.1,1,1,24.81,12,-0.4,-35.21,9.049,0.0,1.794,8.22,0.2478,6.351,1.0707769319773402e-10,0
36.9,0,1,19.45,4,-14.2,-18.68,2.799,0.0,1.046,6.99,0.2377,28.44,3.2726453868052746e-178,1
91.7,1,1,5.58,1,29.9,-29.87,1.097,0.0,1.187,6.47,0.2247,14.767,1.1867771314074668e-49,1
65.4,1,1,15.58,6,25.1,-28.97,4.761,0.0,1.063,6.88,0.2389,15.877,4.551093229915181e-57,1
46.1,0,1,7.37,1,34.4,-20.48,1.792,0.0,1.85,7.42,0.2204,20.069,6.866645882881833e-90,1
81.4,1,1,0.75,0,32.7,-26.46,0.33,0.0,2.01,6.51,0.2203,20.013,2.1012699458323796e-89,1
51.0,0,1,4.5,1,-9.6,-18.56,0.695,0.0,1.214,6.28,0.2248,23.158,6.067815050894943e-119,1
8.1,0,1,2.56,0,-5.3,-8.94,0.0,0.0,1.996,6.31,0.2209,286.296,0.0,1
164.9,1,2,4.9,3,15.4,-26.43,5.368,0.0,1.721,6.92,0.2214,14.003,7.47106531750222e-45,1
32.9,0,1,19.89,1,-29.0,-20.72,1.419,2.516,1.024,7.32,0.249,20.689,2.1575754573482697e-95,1
10.3,0,1,7.32,2,34.6,-9.95,1.134,0.0,1.581,6.7,0.2302,191.741,0.0,1
56.4,0,1,18.93,2,-29.3,-26.02,1.858,2.398,1.271,7.65,0.2339,4.45,4.298396151471937e-06,0
123.5,1,2,23.72,8,4.5,-25.92,10.182,0.0,1.508,6.25,0.2237,15.864,5.658842894270034e-57,1
177.2,1,2,14.36,18,13.5,-34.43,15.503,0.0,1.283,7.05,0.2369,5.255,7.4110164088184e-08,0
49.7,0,1,12.14,3,29.4,-24.73,3.827,0.0,1.701,6.92,0.2343,7.524,2.6498886813762044e-14,1
43.9,0,1,18.75,5,11.9,-21.06,2.654,0.0,1.111,7.56,0.2301,16.286,6.201928585390394e-60,1
97.4,1,1,2.43,1,8.8,-30.7,0.306,0.0,1.052,6.34,0.2228,13.249,2.2873115702964855e-40,1
101.9,1,1,10.71,2,-10.5,-35.64,3.628,0.0,1.218,6.88,0.2216,6.537,3.134613239264091e-11,0
12.3,0,1,12.47,0,8.4,-12.1,0.0,0.0,2.239,7.52,0.2285,143.739,0.0,1
5.4,0,1,20.78,0,18.7,-10.38,0.263,0.0,1.485,7.81,0.2215,226.927,0.0,1
56.4,0,1,20.36,8,3.5,-30.47,7.359,0.0,1.161,7.62,0.2469,1.702,0.044394605153896476,0
10.3,0,1,21.21,2,20.7,-13.18,1.412,0.0,1.871,8.19,0.2311,107.407,0.0,1
91.7,1,1,17.45,11,-25.5,-39.42,7.607,1.876,1.614,7.24,0.2249,3.933,4.1919716211847536e-05,0
14.9,0,1,13.26,2,-8.2,-12.57,1.657,0.0,1.996,7.26,0.2231,113.002,0.0,1
51.0,0,1,20.7,5,32.4,-24.03,4.127,0.0,2.331,6.36,0.2233,6.653,1.4330475480676425e-11,0
131.8,1,2,21.83,15,-9.0,-28.82,15.029,1.489,1.065,6.77,0.2237,10.848,1.0195174237760564e-27,1
51.0,0,1,12.01,7,10.4,-24.02,3.873,0.0,1.416,7.37,0.2285,7.045,9.243438687438491e-13,1
50.7,0,1,24.64,7,3.8,-27.84,8.248,0.0,1.285,7.98,0.2264,3.788,7.596837298541487e-05,0
43.9,0,1,21.87,7,30.9,-23.16,4.35,0.0,1.005,7.36,0.245,9.426,2.1349389955886435e-21,1
50.5,0,1,12.76,4,-19.4,-23.59,3.255,1.262,1.232,6.93,0.2301,7.09,6.682289837826336e-13,1
44.0,0,1,1.73,0,-10.5,-17.71,0.0,0.0,1.602,6.18,0.2225,33.658,1.1737998738420212e-248,1
101.2,1,1,5.61,0,26.1,-33.52,0.0,0.0,1.86,6.94,0.2269,9.561,5.843480260647251e-22,1
50.5,0,1,19.41,4,13.3,-22.22,2.609,0.0,1.181,6.42,0.2415,10.209,9.078774143035247e-25,1
145.8,1,2,2.78,3,5.3,-21.99,1.757,0.0,1.031,6.52,0.2207,23.149,7.35924511832333e-119,1
158.9,1,2,11.75,15,-4.3,-30.09,11.745,0.0,1.046,7.5,0.2282,9.171,2.3326199354407867e-20,1
67.3,1,1,15.12,2,-3.3,-26.42,2.369,0.0,1.383,7.66,0.2409,18.882,7.948908366144146e-80,1
75.4,1,1,21.96,4,30.8,-32.34,4.406,0.0,1.147,7.93,0.2452,9.702,1.4756933181522905e-22,1
48.3,0,1,21.18,4,13.6,-26.66,5.558,0.0,1.162,6.94,0.2373,4.212,1.2643439161878225e-05,0
120.6,1,2,19.11,12,30.4,-24.56,11.284,0.0,1.245,6.22,0.2357,18.891,6.792639426598381e-80,1
56.4,0,1,10.19,0,33.2,-22.51,1.015,0.0,1.317,6.53,0.2253,10.444,7.792587450245751e-26,1
12.1,0,1,3.56,0,5.6,-10.56,0.0,0.0,1.033,6.28,0.2245,220.945,0.0,1
152.8,1,2,16.74,16,9.6,-30.07,11.683,0.0,1.063,6.74,0.2426,9.897,2.1351965614847076e-23,1
83.5,1,1,4.53,0,12.7,-26.91,0.274,0.0,1.028,6.24,0.2246,20.117,2.5951803667483496e-90,1
63.5,0,1,14.03,10,24.5,-31.5,6.776,0.0,1.409,6.19,0.241,1.505,0.06618720437308248,0
113.4,1,2,24.52,15,12.8,-27.72,13.528,0.0,1.131,7.92,0.2488,11.728,4.5711989881414364e-32,1
103.0,1,1,13.76,7,-22.5,-46.3,8.318,3.885,1.46,6.69,0.2374,1.638,0.05067643126089298,0
78.6,1,1,16.14,9,31.3,-35.94,10.351,0.0,1.488,7.39,0.2322,5.849,2.4775727971978374e-09,0
51.0,0,1,16.94,4,13.0,-23.4,2.495,0.0,1.046,7.45,0.2319,8.194,1.2613567818556867e-16,1
177.2,1,2,20.76,11,26.5,-32.23,8.536,0.0,1.261,7.17,0.2314,7.094,6.515682721145954e-13,1
27.5,0,1,10.87,0,-2.4,-13.19,0.0,0.0,1.046,7.6,0.228,104.139,0.0,1
65.4,1,1,12.44,5,0.9,-30.27,6.994,0.0,1.02,6.78,0.2312,12.738,1.8221946368959312e-37,1
69.5,1,1,4.4,0,14.8,-24.53,0.736,0.0,1.34,7.02,0.2236,24.725,2.856253694459923e-135,1
21.5,0,1,15.37,1,20.5,-13.66,0.946,0.0,1.437,6.82,0.2247,105.941,0.0,1
152.8,1,2,7.39,2,-24.9,-26.01,1.471,3.765,1.577,7.42,0.2254,14.895,1.784784687364425e-50,1
35.8,0,1,12.69,6,-3.5,-19.07,3.822,0.0,1.016,6.56,0.2295,23.827,8.839836150317162e-126,1
34.5,0,1,19.16,10,20.0,-23.68,7.282,0.0,1.121,8.21,0.2355,8.151,1.8038425244131877e-16,1
21.1,0,1,0.44,0,34.5,-12.19,0.0,0.0,1.291,6.98,0.22,143.503,0.0,1
60.0,0,1,14.1,10,-29.2,-35.76,9.788,3.211,1.054,7.62,0.236,0.435,0.3316845644536284,0
23.2,0,1,4.34,1,-12.8,-12.85,0.544,0.0,1.091,6.67,0.2266,118.947,0.0,1
123.7,1,2,6.98,2,0.2,-19.2,1.683,0.0,1.12,6.77,0.222,29.928,4.285879842982411e-197,1
8.1,0,1,0.87,0,-15.5,-12.68,0.0,3.642,1.007,6.44,0.2214,137.229,0.0,1
55.1,0,1,4.24,1,-28.3,-25.73,1.622,2.078,1.828,6.82,0.2219,6.353,1.0535934013365328e-10,0
68.3,1,1,24.67,11,5.1,-35.07,9.717,0.0,1.348,7.92,0.222,7.04,9.58404099405558e-13,1
103.0,1,1,24.96,21,12.2,-54.38,17.208,0.0,1.125,6.74,0.2479,0.462,0.3219017810719168,0
49.7,0,1,18.0,3,-3.0,-23.03,1.759,0.0,1.986,6.98,0.2433,8.431,1.717621715375224e-17,1
22.8,0,1,15.3,1,-6.0,-14.79,2.109,0.0,1.028,7.09,0.2395,70.788,0.0,1
123.7,1,2,19.43,11,34.1,-23.42,9.13,0.0,2.369,6.62,0.2226,20.941,1.1434726629454083e-97,1
123.7,1,2,22.41,13,1.0,-23.53,11.073,0.0,1.541,7.22,0.2202,19.025,5.262503608821192e-81,1
23.5,0,1,12.98,2,21.9,-14.08,1.189,0.0,1.14,7.25,0.2373,86.956,0.0,1
61.2,0,1,0.88,0,-11.3,-23.14,0.0,0.0,1.225,6.52,0.2206,10.444,7.840800661106756e-26,1
36.6,0,1,17.73,2,24.0,-17.03,1.45,0.0,1.484,7.41,0.2257,38.456,0.0,1
113.4,1,2,24.62,7,23.5,-24.56,9.13,0.0,1.48,7.77,0.2512,17.062,1.4227863412223733e-65,1
56.4,0,1,6.45,3,-12.6,-22.64,2.088,0.0,1.847,6.19,0.2231,8.668,2.1972113077813134e-18,1
113.2,1,2,11.59,9,12.6,-22.91,8.342,0.0,1.011,6.61,0.2286,23.342,8.371294675503272e-121,1
60.4,0,1,9.03,5,14.3,-24.56,2.787,0.0,1.29,7.32,0.2325,6.128,4.4483937801153134e-10,0
6.0,0,1,9.76,0,-1.2,-9.12,0.0,0.0,1.545,6.59,0.2302,297.713,0.0,1
80.8,1,1,18.03,1,20.3,-29.05,0.994,0.0,1.239,7.53,0.2318,15.107,7.315890665450524e-52,1
89.4,1,1,9.46,2,-10.1,-30.52,1.033,0.0,1.281,7.65,0.2273,12.265,6.978885874294881e-35,1
43.9,0,1,23.53,3,1.5,-19.13,2.2,0.0,1.019,8.09,0.2316,18.603,1.5225026215009644e-77,1
120.6,1,2,19.74,3,34.4,-20.14,2.542,0.0,1.592,7.44,0.2454,26.743,7.433208015419618e-158,1
56.0,0,1,0.69,0,-18.4,-20.93,0.0,0.0,1.064,6.19,0.2209,17.35,9.798555312677755e-68,1
60.0,0,1,20.46,0,-20.4,-28.0,0.0,3.716,1.336,7.67,0.2456,3.572,0.00017731486824440045,0
45.5,0,1,19.32,0,-20.8,-21.54,2.497,0.0,1.419,7.48,0.2493,11.616,1.7133755889860886e-31,1
56.9,0,1,12.91,2,34.9,-22.47,1.022,0.0,1.354,6.85,0.2291,11.301,6.455039995917766e-30,1
10.3,0,1,12.42,0,-19.6,-14.18,0.0,3.884,1.159,6.18,0.2208,91.951,0.0,1
131.8,1,2,20.89,23,-17.6,-31.71,20.875,0.0,1.04,6.99,0.2482,7.322,1.2188659681901592e-13,1
46.6,0,1,10.62,8,15.2,-26.44,7.713,0.0,1.19,6.93,0.2238,5.404,3.266538241120379e-08,0
56.6,0,1,3.99,0,19.4,-20.12,0.495,0.0,1.266,7.2,0.2215,15.875,4.697258273786656e-57,1
32.8,0,1,7.82,0,4.3,-14.51,0.0,0.0,1.063,6.57,0.224,67.298,0.0,1
72.7,1,1,6.63,3,33.9,-28.84,4.196,0.0,1.058,6.52,0.2296,15.06,1.4850191435370685e-51,1
56.6,0,1,17.03,8,-27.5,-30.2,7.165,0.0,1.646,7.1,0.237,1.682,0.04632832610585553,0
12.1,0,1,4.47,0,10.4,-9.27,0.328,0.0,1.112,6.48,0.225,243.43,0.0,1
106.3,1,1,16.12,1,9.4,-35.28,2.306,0.0,1.076,7.53,0.2233,6.505,3.893825500843481e-11,0
100.3,1,1,11.65,1,-9.1,-33.68,1.634,1.504,1.198,7.59,0.2268,7.491,3.413544172036789e-14,1
119.5,1,2,20.99,9,28.5,-22.89,7.544,0.0,1.459,6.74,0.2276,22.547,7.183229930476751e-113,1
69.2,1,1,12.12,5,5.9,-30.29,6.277,0.0,1.219,7.21,0.2203,13.417,2.404733953113255e-41,1
78.6,1,1,23.25,14,-14.0,-43.97,11.439,3.546,1.405,7.97,0.2431,2.206,0.013701426517697061,0
10.6,0,1,22.51,2,-24.3,-12.58,1.566,0.0,1.323,6.58,0.2208,131.28,0.0,1
61.2,0,1,4.63,1,-23.0,-21.99,0.425,0.0,1.246,6.78,0.2265,9.617,3.391610720520232e-22,1
142.3,1,2,17.15,16,28.3,-29.9,12.414,0.0,1.413,7.14,0.2369,9.894,2.2141249836495516e-23,1
24.4,0,1,5.37,0,-13.7,-14.4,0.747,0.897,1.011,6.51,0.2246,72.86,0.0,1
198.3,1,2,20.58,9,29.0,-33.22,7.837,0.0,1.458,6.6,0.2338,6.694,1.0851943037712783e-11,0
88.9,1,1,15.89,9,-22.2,-34.9,6.095,0.0,1.139,6.9,0.2308,6.801,5.212788107359381e-12,1
102.0,1,1,7.35,4,34.0,-35.1,2.758,0.0,1.074,7.12,0.2235,7.16,4.0197970871622496e-13,1
83.5,1,1,6.23,3,24.2,-32.68,3.965,0.0,1.149,6.29,0.2263,12.017,1.4492792232096441e-33,1
119.5,1,2,10.74,13,-22.4,-26.6,14.941,0.809,1.205,7.32,0.2302,13.738,3.026301360397371e-43,1
79.5,1,1,20.02,2,-24.4,-31.93,1.175,3.88,1.196,7.58,0.2299,9.552,6.379662896740517e-22,1
102.0,1,1,19.9,7,22.2,-42.37,5.641,0.0,1.064,7.93,0.2484,2.669,0.0038023731737373834,0
119.5,1,2,0.83,2,-24.9,-16.6,1.112,0.0,1.824,6.54,0.221,35.134,1.0326875865267895e-270,1
80.8,1,1,7.56,6,-13.0,-33.91,5.528,0.0,2.003,7.04,0.2285,9.564,5.684415433340677e-22,1
113.4,1,2,10.57,6,22.1,-21.04,5.088,0.0,1.089,7.3,0.2271,25.006,2.634331371288043e-138,1
67.2,1,1,14.64,6,29.0,-30.65,7.312,0.0,1.391,7.41,0.2225,12.83,5.576087834646481e-38,1
123.5,1,2,3.74,1,19.9,-18.79,1.101,0.0,1.063,6.56,0.2251,33.31,1.3652445555195616e-243,1
27.5,0,1,8.38,2,27.8,-18.01,1.829,0.0,2.475,7.04,0.23,39.146,0.0,1
90.9,1,1,22.14,3,6.4,-35.98,3.411,0.0,1.862,7.72,0.2259,6.241,2.169208745240241e-10,0
34.9,0,1,11.91,2,20.7,-19.37,2.839,0.0,1.423,7.12,0.2278,29.824,9.471029755246325e-196,1
59.1,0,1,18.6,6,-7.6,-31.59,5.015,0.0,2.369,7.14,0.2439,1.563,0.058976829311024555,0
78.8,1,1,12.12,1,21.0,-27.36,0.803,0.0,1.098,6.62,0.2334,19.628,4.461239334112481e-86,1
24.4,0,1,11.62,0,14.2,-12.79,0.0,0.0,1.063,6.8,0.2314,120.013,0.0,1
111.7,1,2,15.55,7,7.4,-23.55,7.11,0.0,1.244,7.39,0.239,20.361,1.8569330273258875e-92,1
32.8,0,1,6.48,2,34.5,-15.67,1.206,0.0,1.075,7.25,0.2231,57.766,0.0,1
29.1,0,1,6.25,2,0.5,-15.6,1.536,0.0,1.602,6.5,0.2279,60.374,0.0,1
17.6,0,1,24.73,2,10.3,-15.82,1.807,0.0,1.131,6.45,0.2537,76.041,0.0,1
108.6,1,1,21.72,18,3.1,-55.77,21.003,0.0,1.003,7.65,0.2219,0.33,0.37051219751597875,0
47.0,0,1,18.44,3,-13.1,-27.34,2.133,4.262,1.29,7.08,0.2455,4.09,2.1536655905410296e-05,0
87.1,1,1,3.43,3,-8.5,-30.23,1.268,0.0,1.25,6.59,0.2251,13.999,7.883138362364272e-45,1
91.7,1,1,0.76,0,33.6,-28.02,0.0,0.0,1.054,6.63,0.2204,17.545,3.239478403530868e-69,1
12.0,0,1,4.39,0,-4.5,-8.76,0.0,0.0,1.13,7.2,0.2259,285.406,0.0,1
104.5,1,1,23.44,23,14.2,-51.32,17.671,0.0,1.66,7.63,0.2219,0.684,0.24694031283672663,0
192.4,1,2,20.41,19,6.9,-37.26,15.165,0.0,1.048,7.04,0.2414,4.147,1.6854684286463635e-05,0
76.8,1,1,13.08,8,27.8,-35.22,8.394,0.0,1.226,6.83,0.2292,7.394,7.126696491467344e-14,1
11.2,0,1,24.22,0,19.2,-10.38,0.0,0.0,1.147,7.31,0.2377,203.35,0.0,1
100.3,1,1,3.66,2,-24.8,-34.0,1.418,0.0,1.21,6.63,0.2255,9.523,8.399299191718323e-22,1
46.1,0,1,13.98,3,-6.9,-23.68,1.489,3.642,1.199,6.31,0.2332,6.581,2.3421540856047428e-11,0
9.4,0,1,4.58,0,16.3,-9.45,0.0,0.0,1.098,6.88,0.2261,279.889,0.0,1
120.6,1,2,7.66,7,-19.5,-21.59,7.095,0.0,1.001,6.33,0.2225,25.302,1.5078973032300532e-141,1
131.1,1,2,23.5,16,2.7,-26.36,10.779,0.0,1.193,6.96,0.2452,13.578,2.713382065626915e-42,1
134.9,1,2,21.71,22,-9.3,-30.95,18.645,0.0,1.535,7.3,0.2278,7.298,1.4631137206905112e-13,1
61.2,0,1,2.54,1,-25.8,-26.89,0.318,3.879,1.921,6.79,0.2211,4.528,2.9733034108467948e-06,0
56.4,0,1,6.24,1,34.8,-23.44,1.727,0.0,1.396,6.93,0.2281,8.974,1.4337257226206723e-19,1
10.3,0,1,14.86,0,30.4,-10.31,0.0,0.0,1.544,6.98,0.2332,204.725,0.0,1
6.0,0,1,1.53,0,18.6,-8.19,0.0,0.0,2.187,6.84,0.2203,279.09,0.0,1
68.5,1,1,13.75,1,-16.9,-25.91,1.65,0.0,1.126,6.27,0.2315,22.222,1.0574548883911886e-109,1
125.8,1,2,14.61,12,34.3,-25.21,11.497,0.0,1.128,6.78,0.2342,16.193,2.808435112806029e-59,1
146.9,1,2,7.27,7,11.0,-25.36,5.843,0.0,1.302,6.58,0.2298,18.09,1.9104799255468343e-73,1
5.9,0,1,7.33,0,32.8,-8.51,0.0,0.0,1.242,7.02,0.2221,333.847,0.0,1
102.0,1,1,5.73,5,-27.2,-38.2,5.46,0.0,1.159,7.17,0.2222,5.09,1.7898508970148022e-07,0
48.3,0,1,23.39,11,-18.7,-31.85,8.237,4.003,1.118,7.2,0.2456,0.959,0.1686932937624111,0
79.8,1,1,9.72,2,14.0,-29.61,4.247,0.0,1.278,7.31,0.2259,12.065,8.099278473660365e-34,1
47.0,0,1,14.63,1,29.0,-23.89,2.75,0.0,2.432,6.76,0.2357,8.884,3.2342917004265184e-19,1
60.4,0,1,7.54,3,-18.6,-25.08,3.317,0.0,1.19,6.89,0.2226,6.5,4.008197413985832e-11,0
39.4,0,1,17.57,3,-9.4,-20.7,4.567,0.0,1.289,7.01,0.237,14.349,5.433665163477167e-47,1
64.6,0,1,2.54,1,8.2,-23.13,1.061,0.0,1.397,6.84,0.2208,7.458,4.398100849092522e-14,1
122.3,1,2,1.79,1,35.0,-18.44,0.612,0.0,1.206,6.19,0.2211,36.115,6.54073487215941e-286,1
107.4,1,1,18.61,13,22.0,-52.57,12.796,0.0,3.218,7.33,0.2453,0.624,0.26636431682859546,0
46.6,0,1,18.17,3,30.0,-23.43,3.021,0.0,1.565,6.6,0.2261,10.859,8.989795698286823e-28,1
76.8,1,1,6.63,1,13.9,-27.22,1.143,0.0,1.484,6.62,0.2222,19.714,8.110625981556861e-87,1
17.6,0,1,8.88,0,27.0,-9.91,0.0,0.0,1.346,7.13,0.2293,196.627,0.0,1
97.4,1,1,23.93,16,3.0,-45.78,13.384,0.0,1.136,7.21,0.2286,1.891,0.029340624126349694,0
52.0,0,1,2.61,0,-21.9,-19.48,0.4,0.0,1.249,6.63,0.2226,21.108,3.3546573650539183e-99,1
16.5,0,1,4.58,0,16.1,-11.09,0.0,0.0,1.07,6.83,0.224,196.953,0.0,1
125.8,1,2,10.75,5,9.1,-22.55,4.597,0.0,1.157,7.04,0.2339,21.318,3.897705701739761e-101,1
34.7,0,1,7.05,1,1.5,-16.11,0.839,0.0,1.084,7.09,0.2206,60.589,0.0,1
69.2,1,1,16.23,10,-12.1,-35.56,5.906,3.372,1.031,6.99,0.2429,7.113,5.667736413458767e-13,1
125.8,1,2,17.27,9,21.0,-23.84,8.364,0.0,1.219,6.58,0.2375,19.526,3.3283915018523277e-85,1
103.0,1,1,13.16,15,23.3,-51.71,16.964,0.0,1.566,6.81,0.2369,0.708,0.23939982082940942,0
56.6,0,1,15.28,1,-6.3,-22.18,0.97,0.0,1.432,7.71,0.2304,13.707,4.622310258415965e-43,1
45.0,0,1,10.84,3,30.3,-22.62,4.023,0.0,1.38,6.87,0.2223,11.91,5.2444185002924185e-33,1
119.5,1,2,19.01,13,-6.0,-26.82,12.342,0.664,1.27,7.36,0.2447,13.566,3.1896664752400215e-42,1
135.2,1,2,1.05,0,-23.0,-20.16,0.0,0.0,1.259,7.05,0.2211,29.905,8.474275968321152e-197,1
81.4,1,1,7.82,5,-19.2,-33.05,5.757,0.0,2.27,7.01,0.2268,8.978,1.3735015988287162e-19,1
124.7,1,2,17.11,14,2.1,-24.9,10.932,0.0,1.706,7.2,0.2302,17.505,6.595565902743656e-69,1
148.1,1,2,8.24,8,-24.8,-28.73,9.893,3.997,1.787,6.38,0.2214,11.304,6.2655836892326194e-30,1
58.1,0,1,1.96,0,16.7,-20.25,0.597,0.0,1.025,7.08,0.2206,15.897,3.319757408321676e-57,1
22.5,0,1,8.63,2,21.7,-14.83,0.751,0.0,2.641,6.71,0.2323,67.088,0.0,1
89.4,1,1,17.79,0,5.7,-32.58,0.0,0.0,2.509,7.99,0.2359,8.638,2.8483315774723683e-18,1
12.1,0,1,3.05,0,28.1,-10.72,0.548,0.0,1.241,6.5,0.2223,201.477,0.0,1
59.1,0,1,18.12,14,32.0,-33.56,12.603,0.0,1.11,7.27,0.2211,0.853,0.19694144326393648,0
90.5,1,1,19.39,13,-0.9,-45.32,12.72,0.0,1.568,7.52,0.2455,2.077,0.018880991232847193,0
5.9,0,1,15.88,0,-24.2,-9.75,0.0,0.0,1.333,7.04,0.2439,254.509,0.0,1
113.2,1,2,6.11,7,-15.0,-23.13,5.129,4.309,1.153,6.37,0.2209,24.035,6.028630759886353e-128,1
21.1,0,1,20.13,2,12.7,-12.92,1.03,0.0,1.498,8.08,0.2422,106.642,0.0,1
16.5,0,1,5.36,1,-3.6,-12.24,1.466,0.0,1.262,6.26,0.2278,134.413,0.0,1
142.3,1,2,22.65,5,14.5,-25.37,3.659,0.0,1.226,8.06,0.2516,14.542,3.286644893341518e-48,1
61.2,0,1,17.67,4,13.3,-27.75,4.293,0.0,1.174,7.08,0.2373,2.516,0.005929089517077649,0
103.0,1,1,1.37,1,9.3,-34.42,1.086,0.0,1.139,6.45,0.2211,10.203,9.585287288643207e-25,1
81.1,1,1,19.98,15,-19.7,-39.71,13.6,0.0,1.102,6.82,0.2225,3.728,9.645589558124732e-05,0
136.4,1,2,12.66,9,-11.4,-24.32,7.059,0.0,2.648,7.24,0.2305,16.793,1.3644526719969526e-63,1
158.6,1,2,11.32,10,-5.4,-30.16,10.728,2.309,1.073,7.1,0.2349,8.753,1.0378489079545077e-18,1
50.5,0,1,10.51,2,23.6,-22.59,2.88,0.0,1.474,6.26,0.2224,10.952,3.260473253812418e-28,1
148.1,1,2,15.17,17,14.3,-28.63,14.559,0.0,1.423,6.73,0.2235,10.567,2.1285543387315097e-26,1
8.1,0,1,18.11,0,11.9,-9.16,0.0,0.0,1.222,7.8,0.2421,258.943,0.0,1
113.4,1,2,22.4,5,13.7,-20.63,4.27,0.0,1.257,7.58,0.2526,24.978,5.364045336478768e-138,1
50.5,0,1,6.82,4,2.7,-22.48,3.476,0.0,1.189,7.21,0.2209,10.679,6.3801631907283644e-27,1
88.9,1,1,15.77,11,-27.4,-37.47,8.582,0.0,1.22,7.32,0.2242,5.17,1.170791451830939e-07,0
21.7,0,1,17.16,2,-16.9,-14.06,1.563,0.0,1.298,8.3,0.2306,90.463,0.0,1
147.0,1,2,16.87,10,-20.9,-28.88,6.808,0.0,1.01,7.37,0.2441,11.679,8.179925814657442e-32,1
42.6,0,1,12.33,5,-25.8,-25.35,3.728,3.341,1.621,7.16,0.2222,6.039,7.734910451886448e-10,0
26.6,0,1,9.78,0,-9.2,-13.17,0.0,0.0,1.114,6.37,0.2207,106.6,0.0,1
64.6,0,1,19.06,10,21.2,-35.65,10.019,0.0,1.499,7.29,0.2464,0.506,0.3062775138598053,0
30.1,0,1,7.5,0,-22.5,-13.96,0.423,0.0,1.674,6.65,0.2253,64.771,0.0,1
50.7,0,1,5.2,1,-22.8,-19.82,0.419,0.0,1.256,6.6,0.2249,21.105,3.5715073976749383e-99,1
23.4,0,1,13.65,2,-21.9,-15.61,1.767,0.515,1.306,7.58,0.2277,60.229,0.0,1
131.1,1,2,6.69,2,-12.5,-20.76,0.724,0.0,1.111,6.7,0.2266,27.761,6.396737711962915e-170,1
75.4,1,1,0.83,0,-16.9,-25.6,0.0,1.182,1.746,6.46,0.221,23.512,1.5463074144807873e-122,1
32.8,0,1,1.29,0,-29.1,-13.18,0.0,0.0,1.001,6.12,0.2206,87.57,0.0,1
52.5,0,1,17.38,5,-12.0,-24.26,3.817,1.118,1.186,7.32,0.2249,7.082,7.126189775886798e-13,1
79.8,1,1,24.33,13,34.8,-37.95,10.958,0.0,1.127,7.92,0.222,4.768,9.309574585725478e-07,0
5.4,0,1,11.37,0,-8.1,-8.49,0.0,0.0,1.14,6.85,0.222,315.531,0.0,1
88.9,1,1,3.68,1,-16.3,-30.52,2.09,0.0,1.891,6.4,0.2212,13.186,5.289999135873875e-40,1
15.0,0,1,20.45,3,2.2,-13.65,3.471,0.0,1.606,6.17,0.2479,79.837,0.0,1
103.0,1,1,6.54,2,-15.1,-35.64,3.838,0.0,1.117,6.83,0.2223,7.083,7.069232238046698e-13,1
65.1,1,1,24.89,9,6.4,-33.97,7.206,0.0,1.095,8.14,0.257,7.858,1.9493294330469364e-15,1
180.4,1,2,14.08,22,-4.0,-37.19,16.801,0.0,1.311,7.2,0.2392,3.84,6.141113573433217e-05,0
34.6,0,1,5.82,0,28.3,-15.42,0.472,0.0,1.077,6.49,0.2237,59.64,0.0,1
124.7,1,2,12.4,4,30.3,-21.03,4.757,0.0,1.035,7.64,0.2214,23.52,1.2806019247142707e-122,1
63.5,0,1,8.38,1,16.3,-24.7,1.365,0.0,1.644,7.14,0.2321,6.01,9.290810694011e-10,0
33.4,0,1,19.49,3,-16.0,-18.51,1.878,0.0,1.306,6.95,0.2422,38.404,0.0,1
135.2,1,2,2.65,4,0.8,-20.26,2.95,0.0,1.237,6.03,0.2213,29.174,2.0797731454571852e-187,1
12.0,0,1,21.43,3,-10.1,-13.43,1.705,0.0,2.68,7.34,0.2289,97.11,0.0,1
23.5,0,1,19.18,1,21.9,-14.03,0.635,0.0,1.256,6.36,0.2455,85.46,0.0,1
80.8,1,1,21.53,4,-28.1,-37.7,4.679,4.668,1.505,7.03,0.2458,5.066,2.034314572170292e-07,0
83.2,1,1,22.37,10,13.1,-37.62,8.7,0.0,1.607,6.81,0.227,5.6,1.0715044642442644e-08,0
63.5,0,1,5.74,1,-9.0,-24.74,2.115,0.0,1.734,7.03,0.222,6.346,1.1023086094482045e-10,0
12.0,0,1,13.03,3,1.3,-12.5,2.704,0.0,1.461,7.66,0.2356,110.435,0.0,1
158.6,1,2,21.25,4,-9.0,-27.99,2.672,0.0,1.004,7.51,0.2478,12.3,4.5513785372499485e-35,1
79.8,1,1,9.43,4,-6.3,-34.01,5.583,0.0,2.427,6.92,0.2276,8.417,1.934743002238491e-17,1
23.5,0,1,1.51,0,13.8,-11.38,0.0,0.0,1.032,6.28,0.2203,163.857,0.0,1
20.4,0,1,7.29,2,8.7,-13.65,1.269,0.0,1.009,7.01,0.2227,105.233,0.0,1
134.9,1,2,6.05,4,-14.1,-22.83,3.427,2.922,1.257,7.11,0.2262,20.445,3.3244068654594173e-93,1
78.8,1,1,21.75,8,-27.2,-34.63,7.281,0.0,1.159,8.25,0.2262,7.328,1.1686934057237541e-13,1
112.4,1,2,11.6,4,25.6,-18.05,2.129,0.0,1.381,6.97,0.2206,31.931,4.995179601302963e-224,1
85.7,1,1,17.09,7,2.0,-33.03,5.347,0.0,1.678,6.84,0.2277,8.428,1.752827900268477e-17,1
36.0,0,1,24.05,3,10.2,-21.0,1.519,0.0,2.885,6.15,0.2432,17.165,2.436385407723573e-66,1
56.9,0,1,7.48,1,1.8,-22.37,0.621,0.0,1.571,6.75,0.2255,11.662,9.944357431396111e-32,1
21.5,0,1,19.03,1,10.2,-14.59,0.703,0.0,1.731,7.78,0.2473,69.298,0.0,1
56.4,0,1,0.57,0,10.8,-19.75,0.0,0.0,1.333,6.46,0.2201,20.598,1.4368979909469734e-94,1
22.5,0,1,2.6,0,-29.0,-11.28,0.0,0.0,1.376,6.2,0.2242,132.81,0.0,1
6.0,0,1,4.05,0,4.7,-7.67,0.0,0.0,1.029,6.17,0.2229,369.894,0.0,1
125.8,1,2,7.81,10,2.6,-23.56,7.344,0.0,2.138,7.13,0.2311,17.844,1.6033999689797681e-71,1
198.3,1,2,10.07,21,-23.8,-36.95,16.464,0.0,1.073,7.08,0.2232,3.952,3.867900381259455e-05,0
90.5,1,1,11.93,9,18.5,-39.25,9.288,0.0,1.874,7.18,0.2247,3.99,3.30263505053871e-05,0
12.3,0,1,6.13,0,-14.7,-11.51,0.0,2.605,1.039,6.27,0.2236,128.626,0.0,1
111.7,1,2,1.66,1,-26.5,-19.34,0.89,4.164,1.347,6.38,0.2208,33.212,3.659205393758441e-242,1
79.5,1,1,16.94,5,22.2,-34.22,5.863,0.0,1.85,8.19,0.2249,7.188,3.2870854732789405e-13,1
23.4,0,1,0.59,0,26.2,-13.0,0.0,0.0,1.838,6.7,0.2204,125.428,0.0,1
28.9,0,1,20.24,3,-14.4,-16.53,2.305,0.0,1.135,7.44,0.2372,44.066,0.0,1
34.7,0,1,23.23,3,14.7,-20.21,2.532,0.0,1.041,6.51,0.24,22.826,1.2533330362682348e-115,1
24.4,0,1,17.76,0,-29.7,-13.21,0.698,0.0,1.005,6.64,0.2208,94.416,0.0,1
125.5,1,2,14.9,12,16.9,-25.79,8.524,0.0,2.533,7.31,0.2379,15.478,2.4417641943151542e-54,1
23.1,0,1,16.43,0,0.2,-14.35,2.636,0.0,1.02,7.0,0.2275,67.047,0.0,1
135.2,1,2,16.31,2,21.5,-23.8,4.295,0.0,1.137,7.43,0.238,19.487,7.069021447396329e-85,1
55.1,0,1,23.29,11,-4.5,-31.93,9.663,0.0,1.397,6.96,0.2296,1.329,0.09184696859511349,0
33.4,0,1,24.11,6,-7.2,-21.43,6.261,0.0,1.03,7.67,0.2304,13.758,2.282975940887356e-43,1
112.4,1,2,10.67,5,24.7,-20.13,3.971,0.0,1.059,7.24,0.2295,27.987,1.1822365377213987e-172,1
131.8,1,2,15.43,6,-27.5,-22.36,7.636,0.0,1.277,7.63,0.2209,19.854,5.092233643298607e-88,1
108.9,1,1,20.07,20,-17.8,-49.34,14.169,0.0,1.245,7.05,0.2239,1.147,0.12567462153770903,0
34.6,0,1,0.03,0,-3.2,-16.45,0.0,0.0,1.981,6.47,0.2201,49.622,0.0,1
111.7,1,2,13.18,9,8.8,-20.88,7.609,0.0,1.118,7.04,0.2291,25.481,1.6185838129309718e-143,1
28.9,0,1,16.32,0,-29.7,-16.85,0.314,0.0,1.847,7.49,0.2408,45.376,0.0,1
63.5,0,1,17.93,11,7.4,-34.68,9.363,0.0,1.072,7.67,0.242,0.733,0.23164381035244475,0
39.4,0,1,9.22,0,-5.4,-20.99,1.763,2.558,1.198,6.63,0.2202,18.791,4.43993420091834e-79,1
23.4,0,1,7.39,2,11.0,-14.71,2.512,0.0,1.713,6.49,0.2251,68.369,0.0,1
10.5,0,1,4.55,0,29.0,-7.47,0.0,0.0,1.069,7.12,0.2243,293.529,0.0,1
20.4,0,1,13.95,1,-1.3,-15.29,2.148,0.0,1.022,7.28,0.2366,74.584,0.0,1
64.6,0,1,22.98,11,6.0,-34.09,8.75,0.0,1.098,7.49,0.2533,0.555,0.28953229913498213,0
46.3,0,1,22.4,6,0.1,-24.29,4.183,0.0,1.33,7.75,0.2248,8.503,9.277280859550452e-18,1
148.1,1,2,9.0,5,-22.3,-24.15,4.53,0.0,1.134,6.58,0.2299,19.591,9.16120560020427e-86,1
52.5,0,1,6.45,0,21.6,-19.48,0.0,0.0,1.131,6.67,0.2243,21.999,1.4669628356273196e-107,1
85.7,1,1,19.72,9,27.5,-35.98,7.451,0.0,1.119,7.53,0.2317,6.367,9.628157618599545e-11,0
135.8,1,2,18.12,11,22.7,-28.13,13.132,0.0,1.432,6.76,0.22,12.281,5.750382100578859e-35,1
103.0,1,1,12.63,10,31.6,-44.71,9.784,0.0,1.288,6.01,0.2388,2.453,0.007093290191516366,0
30.6,0,1,9.73,0,0.4,-14.91,1.003,0.0,1.091,7.17,0.229,61.642,0.0,1
23.5,0,1,3.09,0,12.4,-12.1,0.0,0.0,1.363,6.84,0.2229,116.259,0.0,1
142.3,1,2,19.63,9,-19.1,-28.62,9.224,0.0,1.654,6.9,0.2479,11.226,1.5179624502784276e-29,1
22.0,0,1,15.44,4,33.5,-16.9,3.501,0.0,1.799,7.87,0.2254,37.064,5.299945816694667e-301,1
17.9,0,1,9.42,2,7.7,-13.23,1.609,0.0,1.938,7.26,0.23,108.144,0.0,1
187.7,1,2,22.97,7,-13.0,-32.1,8.342,0.0,1.17,7.14,0.2361,7.419,5.914896237164343e-14,1
148.1,1,2,16.49,20,22.3,-31.62,17.21,0.0,1.237,6.62,0.2321,7.95,9.340790057163531e-16,1
79.5,1,1,23.23,5,8.1,-34.7,4.934,0.0,1.332,8.23,0.2473,6.524,3.426037264904366e-11,0
35.8,0,1,11.86,0,31.7,-19.27,2.191,0.0,1.583,6.76,0.2248,25.624,4.074703068237411e-145,1
56.4,0,1,11.37,0,20.0,-21.27,0.0,0.0,1.053,6.63,0.236,13.505,7.315578105986343e-42,1
137.8,1,2,23.43,12,27.0,-30.8,11.909,0.0,1.911,7.89,0.2372,8.763,9.518058353814197e-19,1
78.8,1,1,23.99,3,5.5,-33.66,4.52,0.0,1.345,6.35,0.2386,9.093,4.821941660581429e-20,1
159.3,1,2,24.02,26,3.6,-37.18,26.191,0.0,1.356,7.23,0.2341,3.567,0.00018051906814743512,0
6.0,0,1,20.47,1,19.2,-9.83,0.791,0.0,1.049,7.33,0.2223,211.967,0.0,1
16.3,0,1,11.56,1,-23.2,-12.75,1.59,0.0,1.332,6.93,0.2301,116.408,0.0,1
22.2,0,1,5.26,0,-26.5,-11.1,0.0,0.0,1.01,6.59,0.2257,138.827,0.0,1
100.3,1,1,9.59,11,33.9,-41.93,9.526,0.0,1.913,7.26,0.2207,3.082,0.001028130961456105,0
75.5,1,1,23.46,18,29.6,-42.12,14.836,0.0,2.807,7.12,0.2304,2.641,0.004131043862364101,0
24.4,0,1,9.09,2,32.1,-13.08,0.826,0.0,1.0,7.0,0.2313,102.768,0.0,1
63.5,0,1,18.92,6,-25.9,-29.59,6.094,0.0,1.448,6.33,0.2346,1.647,0.04974073846720475,0
108.9,1,1,23.08,7,-12.5,-43.71,6.959,0.0,2.106,7.55,0.2411,2.147,0.015878409202088148,0
59.1,0,1,24.26,4,28.6,-26.55,4.473,0.0,1.339,7.01,0.2334,3.622,0.0001459446862896335,0
72.7,1,1,23.69,13,-24.2,-38.99,13.353,0.0,1.099,7.01,0.2225,4.458,4.143798530917109e-06,0
65.1,1,1,13.88,3,-0.7,-27.17,3.397,0.0,1.2,7.55,0.2317,17.247,5.94331467192183e-67,1
97.4,1,1,12.3,8,-7.8,-39.54,6.944,0.0,1.553,6.98,0.2249,4.38,5.9316092411938774e-06,0
22.5,0,1,24.69,2,27.2,-17.1,2.843,0.0,2.572,8.03,0.2463,40.333,0.0,1
169.8,1,2,5.45,2,3.7,-25.15,2.348,0.0,1.467,6.48,0.2232,17.447,1.8200806598751879e-68,1
97.4,1,1,4.69,2,-11.1,-35.03,2.878,1.178,1.063,6.9,0.2238,7.631,1.1627973383391018e-14,1
14.1,0,1,24.08,5,4.1,-14.12,2.666,0.0,2.219,6.38,0.2403,79.83,0.0,1
12.1,0,1,17.23,3,-22.7,-13.86,2.097,0.0,1.625,7.58,0.2391,101.996,0.0,1
20.4,0,1,13.41,2,17.5,-14.3,1.839,0.0,1.051,7.12,0.2363,92.576,0.0,1
10.5,0,1,3.3,3,10.2,-10.42,1.932,0.0,1.032,6.51,0.2205,183.829,0.0,1
75.4,1,1,12.83,1,9.0,-27.81,2.121,0.0,1.047,7.62,0.2218,17.329,1.411773448572989e-67,1
87.1,1,1,23.61,4,-1.5,-34.18,5.48,0.0,1.983,6.73,0.2257,8.419,1.906001187104262e-17,1
24.4,0,1,15.07,2,-10.9,-18.64,1.733,3.033,1.015,7.06,0.2351,27.758,6.978667137293795e-170,1
145.8,1,2,10.12,4,-25.8,-24.13,4.398,0.0,1.443,7.18,0.2243,19.024,5.389496779569882e-81,1
34.5,0,1,13.78,5,31.6,-21.96,6.064,0.0,1.062,6.63,0.236,13.893,3.5131664484285987e-44,1
124.7,1,2,22.15,12,-2.9,-27.99,13.512,0.0,1.706,7.34,0.2328,11.82,1.5299791747150205e-32,1
135.5,1,2,22.82,34,2.2,-35.34,29.159,0.0,1.913,7.95,0.2344,4.349,6.842732924587556e-06,0
136.4,1,2,10.0,5,-5.6,-25.22,6.767,1.394,1.093,6.95,0.2285,16.561,6.712438204799896e-62,1
33.5,0,1,15.2,1,34.2,-16.86,0.589,0.0,1.024,7.03,0.2341,44.43,0.0,1
102.0,1,1,6.98,1,21.8,-34.77,2.836,0.0,1.345,6.96,0.2202,7.934,1.0583732646329719e-15,1
6.0,0,1,11.28,0,-23.8,-9.03,0.0,0.0,1.213,7.39,0.2275,294.611,0.0,1
142.3,1,2,5.5,1,9.5,-22.58,0.159,0.0,1.406,7.0,0.2267,23.17,4.5757078423091173e-119,1
46.1,0,1,13.29,5,1.5,-24.34,3.878,0.0,1.572,8.0,0.2322,8.814,6.022398057062878e-19,1
87.1,1,1,14.46,10,21.6,-38.49,9.583,0.0,1.185,6.95,0.226,4.803,7.826600284095568e-07,0
81.1,1,1,8.45,1,34.8,-26.62,1.694,0.0,1.355,7.36,0.2318,18.107,1.3962640499654069e-73,1
19.5,0,1,6.8,2,18.4,-12.46,1.148,0.0,1.088,6.6,0.2299,128.259,0.0,1
6.0,0,1,3.78,0,26.2,-7.98,0.0,0.0,1.348,6.82,0.2226,365.244,0.0,1
75.5,1,1,3.49,0,2.7,-27.28,0.759,0.0,2.475,6.76,0.2218,19.66,2.3735548579468533e-86,1
106.3,1,1,17.79,19,-5.7,-48.22,12.603,0.0,1.492,7.42,0.2434,1.091,0.13770254059806952,0
83.5,1,1,5.54,2,11.8,-28.37,1.06,0.0,1.285,6.98,0.2223,15.908,2.8053746016872105e-57,1
34.6,0,1,2.95,1,18.7,-16.19,0.675,0.0,1.621,6.82,0.2232,51.371,0.0,1
102.0,1,1,24.97,18,-15.2,-51.39,15.848,0.545,1.149,7.2,0.246,0.732,0.2321369237100997,0
9.4,0,1,6.5,1,2.7,-10.69,1.021,0.0,1.313,7.07,0.2262,206.4,0.0,1
131.1,1,2,22.4,19,-22.6,-33.4,23.068,2.798,1.001,7.5,0.2259,5.795,3.4261184417473444e-09,0
116.9,1,2,15.23,13,-15.9,-25.19,11.429,1.729,2.049,7.07,0.2243,16.083,1.6789165175417622e-58,1
88.9,1,1,17.88,5,27.3,-36.19,4.836,0.0,1.274,7.34,0.2304,6.328,1.2423884681168586e-10,0
81.4,1,1,14.02,6,-20.6,-33.99,5.984,0.0,1.809,6.39,0.2318,8.679,1.9894031877679765e-18,1
63.5,0,1,4.52,1,22.7,-23.0,1.445,0.0,1.402,7.12,0.2225,8.941,1.93363127077362e-19,1
83.2,1,1,21.18,3,-5.8,-32.87,2.608,0.0,1.084,6.96,0.2434,9.365,3.7866454915877e-21,1
50.7,0,1,20.7,11,13.1,-28.35,8.302,0.0,1.448,8.29,0.2286,2.53,0.005697549504186747,0
58.1,0,1,8.74,1,29.2,-23.15,1.553,0.0,1.144,6.35,0.2279,8.41,2.0527960186491604e-17,1
23.2,0,1,19.1,3,20.8,-16.71,2.222,0.0,2.697,7.69,0.227,40.411,0.0,1
43.9,0,1,13.58,2,23.7,-21.27,4.604,0.0,1.193,7.26,0.229,12.807,7.463347491109004e-38,1
10.5,0,1,22.73,3,-13.0,-13.2,2.199,0.0,1.027,7.51,0.2348,101.682,0.0,1
108.6,1,1,20.07,22,-6.5,-53.99,18.097,0.0,1.087,6.8,0.2355,0.469,0.3196659483242112,0
14.1,0,1,1.02,0,17.6,-8.62,0.0,0.0,1.054,6.76,0.2212,227.499,0.0,1
32.9,0,1,21.98,5,20.5,-19.36,4.314,0.0,1.267,7.64,0.2312,24.977,5.467603203577471e-138,1
64.6,0,1,24.21,7,21.4,-31.0,6.76,0.0,1.661,7.91,0.2434,1.553,0.0602270684422726,0
79.5,1,1,18.55,14,18.1,-39.6,10.704,0.0,1.069,7.42,0.245,3.912,4.577512879084603e-05,0
124.7,1,2,3.0,2,-14.9,-20.48,2.347,0.0,1.717,6.84,0.2217,28.368,2.4977390746363165e-177,1
23.5,0,1,20.18,4,-11.2,-17.36,2.793,1.171,1.37,6.18,0.2358,39.827,0.0,1
34.5,0,1,16.19,2,31.2,-17.02,1.817,0.0,1.136,7.03,0.2273,39.358,0.0,1
152.9,1,2,8.47,13,6.0,-28.7,10.966,0.0,1.004,6.56,0.2305,11.514,5.594137366477647e-31,1
180.4,1,2,22.1,28,19.0,-36.54,19.83,0.0,1.564,6.58,0.2296,4.099,2.0714764894048556e-05,0
90.9,1,1,14.14,7,8.9,-38.26,7.614,0.0,1.521,7.4,0.2409,4.375,6.072250470931249e-06,0
90.5,1,1,21.32,7,30.1,-34.28,6.234,0.0,1.213,7.86,0.2221,6.651,1.4603617484138987e-11,0
63.5,0,1,16.75,1,26.5,-25.46,1.57,0.0,2.554,7.59,0.2425,4.753,9.99656056263646e-07,0
50.5,0,1,7.21,0,-13.0,-20.21,0.293,0.0,1.115,6.28,0.2289,20.198,5.049591578851251e-91,1
78.6,1,1,24.38,11,27.5,-38.76,12.713,0.0,1.042,7.07,0.2256,4.49,3.5571054995715795e-06,0
46.3,0,1,14.28,2,-10.5,-21.38,1.875,0.0,1.213,7.07,0.2345,14.274,1.5971314445513447e-46,1
125.5,1,2,12.92,3,-1.3,-21.49,3.857,0.0,1.06,6.79,0.2207,26.068,4.218915003013376e-150,1
169.2,1,2,10.09,5,25.3,-27.94,5.282,0.0,1.78,6.93,0.2208,11.879,7.65113670445148e-33,1
51.0,0,1,3.41,0,-8.9,-19.86,0.65,0.0,1.907,6.99,0.2231,17.481,9.992714106609993e-69,1
43.9,0,1,17.16,4,-11.1,-21.53,3.994,0.0,1.148,7.33,0.2353,14.826,5.007420484176181e-50,1
148.1,1,2,10.77,12,13.5,-26.7,9.249,0.0,1.001,7.12,0.225,13.76,2.2274864625355417e-43,1
38.4,0,1,23.37,7,35.0,-24.85,7.099,0.0,1.661,7.64,0.2505,6.553,2.821761065832216e-11,0
103.0,1,1,24.13,15,-21.5,-50.81,13.976,0.0,1.099,6.9,0.2423,0.901,0.18389676566977453,0
44.0,0,1,19.19,1,15.6,-22.59,2.394,0.0,1.467,7.19,0.2385,12.529,2.5953062665502227e-36,1
112.3,1,2,6.06,2,4.3,-18.82,1.25,0.0,1.243,7.22,0.2255,32.017,3.1208840360646725e-225,1
57.0,0,1,17.9,7,-3.3,-26.89,6.082,0.0,1.571,6.36,0.2309,3.379,0.00036313566788839915,0
36.9,0,1,0.51,0,18.7,-15.17,0.354,0.0,1.213,7.03,0.2201,56.226,0.0,1
42.6,0,1,20.66,2,6.1,-20.93,2.387,0.0,1.555,7.05,0.2375,16.048,2.9621975547311568e-58,1
55.1,0,1,12.34,0,21.9,-21.82,0.0,0.0,1.284,6.97,0.2353,15.92,2.28522741466049e-57,1
12.1,0,1,23.42,1,18.4,-11.03,0.443,0.0,1.469,8.23,0.2518,137.923,0.0,1
22.5,0,1,9.44,3,34.0,-14.06,2.96,0.0,2.002,7.51,0.2219,59.43,0.0,1
59.1,0,1,6.58,6,22.7,-24.73,3.849,0.0,1.403,6.44,0.2272,5.241,7.967278394230901e-08,0
78.5,1,1,24.88,19,-25.7,-47.63,18.678,0.599,3.312,7.42,0.2283,1.162,0.12257474385335693,0
45.4,0,1,13.27,4,20.7,-20.73,3.626,0.0,1.045,6.98,0.2241,14.735,1.9155019192101878e-49,1
131.8,1,2,21.58,22,12.2,-30.05,17.113,0.0,1.242,7.02,0.2221,9.414,2.389329482961046e-21,1
198.3,1,2,22.78,7,-24.2,-40.39,9.413,3.92,1.026,8.18,0.2537,2.265,0.011741914730786129,0
45.1,0,1,12.96,0,9.4,-18.29,0.0,0.0,1.113,6.71,0.2345,27.582,9.107857369899133e-168,1
112.4,1,2,11.39,0,18.8,-19.74,1.46,0.0,1.334,6.39,0.2258,32.603,1.8513856865015156e-233,1
10.3,0,1,13.82,0,-17.2,-13.56,0.0,3.8,1.104,6.61,0.2381,92.613,0.0,1
101.2,1,1,21.19,5,-1.7,-37.81,5.51,0.0,1.466,6.21,0.2246,5.426,2.8833307816753557e-08,0
90.9,1,1,24.12,14,5.3,-43.61,11.116,0.0,1.982,6.18,0.2323,2.825,0.002362870346406161,0
76.8,1,1,8.21,3,-3.1,-29.16,3.273,0.0,1.436,6.93,0.2207,14.508,5.427800551349616e-48,1
159.0,1,2,18.47,1,26.9,-27.29,3.156,0.0,2.373,7.75,0.2321,12.657,5.112770385239353e-37,1
20.4,0,1,7.13,0,-19.0,-11.01,0.589,0.0,1.239,6.59,0.2231,142.747,0.0,1
64.6,0,1,15.27,10,20.2,-30.5,7.034,0.0,1.105,7.78,0.2427,1.496,0.06735818844450672,0
88.9,1,1,20.12,3,20.6,-34.41,3.349,0.0,1.537,7.33,0.2257,7.895,1.4457840211716155e-15,1
46.3,0,1,22.16,1,-0.9,-19.35,0.529,0.0,1.714,6.13,0.2257,23.671,3.623242995490074e-124,1
17.6,0,1,11.22,0,5.1,-11.85,0.681,0.0,1.546,6.94,0.2208,120.674,0.0,1
169.8,1,2,9.24,16,-20.0,-30.28,12.456,0.0,1.166,6.98,0.2274,8.549,6.190599370431058e-18,1
88.9,1,1,6.34,3,-17.3,-34.26,2.224,3.255,1.452,6.16,0.2211,10.031,5.5827263737295626e-24,1
123.7,1,2,3.34,1,4.6,-19.79,0.9,0.0,1.529,7.04,0.2238,28.859,1.976679476859482e-183,1
106.3,1,1,9.12,8,-15.4,-39.23,5.881,0.0,1.142,6.66,0.226,4.386,5.77088656134277e-06,0
76.8,1,1,21.8,13,22.4,-41.44,12.433,0.0,1.074,7.52,0.2525,2.903,0.0018496347610181773,0
171.3,1,2,10.47,6,10.1,-26.73,4.505,0.0,1.188,7.22,0.2211,13.776,1.774010807747231e-43,1
46.9,0,1,7.93,1,-26.3,-20.3,1.997,0.0,1.744,7.14,0.2258,16.993,4.622475317206465e-65,1
70.1,1,1,18.48,6,-6.7,-34.36,6.644,1.069,1.194,6.55,0.247,8.883,3.252622335145096e-19,1
10.6,0,1,5.39,1,25.8,-9.49,0.535,0.0,1.668,6.54,0.2235,213.177,0.0,1
81.1,1,1,6.41,4,-12.0,-30.94,4.263,0.0,1.155,6.2,0.2236,13.382,3.858659080936908e-41,1
32.9,0,1,23.4,0,16.8,-15.65,0.274,0.0,1.007,7.36,0.2248,61.918,0.0,1
48.3,0,1,2.04,1,-23.9,-18.8,0.441,0.0,1.062,6.41,0.2223,27.448,3.637272095851107e-166,1
79.5,1,1,10.37,6,30.5,-33.76,7.135,0.0,1.51,6.74,0.2249,9.164,2.4899974743997093e-20,1
19.5,0,1,14.42,0,-0.8,-11.1,0.0,0.0,1.082,7.01,0.2324,169.064,0.0,1
48.3,0,1,5.76,2,2.0,-21.03,1.336,0.0,1.629,7.19,0.228,16.277,7.184209721094299e-60,1
145.8,1,2,7.03,2,7.0,-21.04,1.209,0.0,1.263,7.19,0.2261,24.016,9.502008755255953e-128,1
43.9,0,1,5.55,0,-6.4,-17.13,0.351,0.0,1.182,6.38,0.2206,37.284,1.5021432902745378e-304,1
137.8,1,2,8.63,11,17.1,-24.98,8.828,0.0,1.012,7.44,0.2264,15.601,3.590720087691965e-55,1
56.4,0,1,22.46,4,-29.1,-31.07,6.415,0.0,1.441,8.18,0.2444,1.632,0.051319367830273556,0
95.8,1,1,10.79,3,-19.5,-35.16,4.231,0.0,1.26,6.28,0.2301,7.956,8.919220294206053e-16,1
125.8,1,2,10.45,4,-17.7,-20.29,3.21,0.0,1.81,6.81,0.2225,28.749,4.652185698003478e-182,1
29.1,0,1,9.66,1,11.3,-15.53,1.087,0.0,1.495,7.37,0.2262,56.862,0.0,1
78.8,1,1,24.1,18,27.9,-48.11,18.839,0.0,1.095,8.05,0.2392,1.156,0.12385083693023047,0
52.0,0,1,2.93,1,-25.9,-20.03,0.949,0.0,1.02,6.53,0.2222,20.017,1.9636925358077913e-89,1
75.4,1,1,21.8,3,25.4,-30.5,2.271,0.0,1.115,8.27,0.2502,11.612,1.7805379545167654e-31,1
108.6,1,1,8.18,2,23.3,-37.7,2.93,0.0,1.316,7.15,0.2321,5.095,1.745112248747892e-07,0
23.4,0,1,23.91,1,-25.0,-17.57,1.059,1.765,1.399,7.12,0.2478,37.414,1.1551182040132297e-306,1
21.1,0,1,7.88,0,-20.7,-15.23,0.0,2.783,1.459,6.11,0.2313,70.762,0.0,1
60.4,0,1,2.07,1,-7.2,-21.67,0.747,0.0,1.078,6.82,0.2231,12.006,1.652796135763896e-33,1
187.7,1,2,13.0,12,-22.5,-31.34,9.113,0.0,1.002,6.87,0.2273,7.923,1.1557911064663346e-15,1
30.1,0,1,5.7,1,19.3,-14.61,0.439,0.0,1.137,6.29,0.2229,79.955,0.0,1
27.5,0,1,18.82,3,2.8,-15.58,1.938,0.0,1.177,7.17,0.2212,64.21,0.0,1
61.9,0,1,16.43,4,-3.3,-26.76,4.169,0.0,1.105,6.98,0.2254,3.381,0.00036127575974334526,0
48.3,0,1,17.16,4,17.1,-24.74,3.828,0.0,1.773,7.06,0.224,7.436,5.1962835190174006e-14,1
115.3,1,2,4.84,0,-11.0,-16.71,1.159,0.0,1.519,7.28,0.2214,33.418,3.714900921566269e-245,1
52.5,0,1,17.72,2,26.6,-22.15,1.235,0.0,2.115,7.61,0.2242,10.81,1.5405172219446764e-27,1
91.0,1,1,7.78,5,12.5,-35.17,5.759,0.0,1.237,6.83,0.2239,7.357,9.427194772666304e-14,1
67.3,1,1,24.97,7,-7.5,-36.01,6.836,2.233,1.121,7.54,0.2445,6.719,9.144560593275323e-12,1
32.5,0,1,18.29,0,5.1,-16.38,1.079,0.0,1.071,8.05,0.2437,39.144,0.0,1
36.9,0,1,14.76,3,-13.1,-19.26,2.461,1.12,1.343,7.45,0.2243,25.304,1.4571862210910583e-141,1
71.4,1,1,21.68,10,34.0,-37.43,9.66,0.0,1.298,7.84,0.2411,5.52,1.6955464538317427e-08,0
34.5,0,1,14.73,4,-1.7,-18.51,2.342,0.0,1.174,6.83,0.2314,28.18,5.129072067848885e-175,1
50.7,0,1,13.82,3,28.3,-22.75,2.684,0.0,1.155,7.55,0.2334,10.378,1.5589657218038897e-25,1
11.2,0,1,5.93,0,33.6,-9.97,0.0,0.0,1.312,6.51,0.2201,244.498,0.0,1
169.8,1,2,16.95,20,4.8,-35.32,16.689,0.0,1.394,7.16,0.2414,4.801,7.889359514674623e-07,0
60.0,0,1,9.37,3,17.4,-23.66,2.716,0.0,1.161,6.81,0.2255,6.893,2.722525624054512e-12,1
88.9,1,1,1.08,1,7.2,-28.46,0.399,0.0,1.131,6.71,0.2213,16.473,2.848777383793145e-61,1
32.9,0,1,20.4,1,-24.0,-18.95,2.165,0.0,1.838,7.05,0.2309,27.888,1.8602438908924064e-171,1
108.9,1,1,1.3,0,31.9,-34.39,0.0,0.0,1.069,6.36,0.2219,8.64,2.8086115888315396e-18,1
46.6,0,1,16.81,7,-0.3,-26.06,7.002,0.0,1.074,6.55,0.237,5.135,1.4083736066628333e-07,0
19.5,0,1,3.92,0,28.1,-11.32,0.0,0.0,1.593,7.16,0.2255,166.481,0.0,1
131.8,1,2,10.81,8,12.6,-25.69,6.598,0.0,1.109,6.39,0.2267,19.688,1.3608798602992234e-86,1
46.1,0,1,21.48,12,-23.2,-29.3,7.8,0.0,1.302,7.71,0.23,3.213,0.0006578197766396865,0
44.0,0,1,2.36,1,-2.9,-18.74,0.137,0.0,1.637,6.31,0.2217,34.388,1.9321929125416244e-259,1
112.3,1,2,16.68,8,-17.3,-20.59,6.149,0.0,1.064,6.47,0.2239,26.696,2.604089834227854e-157,1
10.5,0,1,15.32,0,-19.0,-8.71,0.0,0.0,1.036,6.5,0.2255,293.928,0.0,1
81.4,1,1,21.69,31,16.5,-51.38,23.644,0.0,1.041,7.6,0.2323,0.648,0.25849680963893684,0
47.0,0,1,4.32,1,-28.0,-18.46,0.18,0.0,1.289,6.58,0.2228,27.49,1.1692094294010826e-166,1
67.2,1,1,19.99,8,32.8,-36.12,10.703,0.0,1.311,6.58,0.2213,6.805,5.057324985060086e-12,1
96.4,1,1,11.25,0,-0.8,-31.23,0.0,0.0,1.301,6.2,0.2236,11.847,1.1100004609785983e-32,1
87.1,1,1,10.72,4,1.8,-31.09,2.954,0.0,1.024,7.03,0.2299,11.698,6.526357569387488e-32,1
97.4,1,1,9.04,2,-10.5,-35.17,2.511,0.736,1.602,6.72,0.2324,7.332,1.130582172516736e-13,1
76.0,1,1,9.64,2,-24.4,-28.98,2.691,0.0,1.272,6.91,0.2234,17.071,1.228091933720021e-65,1
135.5,1,2,13.0,5,8.2,-21.99,3.374,0.0,1.116,6.99,0.2241,23.002,2.240526361014521e-117,1
60.0,0,1,2.67,1,-7.6,-20.58,0.423,0.0,1.33,6.29,0.2231,13.382,3.8510865125808526e-41,1
108.6,1,1,10.63,13,10.6,-45.07,8.683,0.0,2.27,7.71,0.2302,1.673,0.047133440217555576,0
35.8,0,1,16.3,6,6.1,-18.76,2.499,0.0,1.147,6.68,0.2417,26.11,1.401815510797097e-150,1
125.8,1,2,12.45,4,-15.9,-22.82,6.27,0.0,1.288,6.77,0.223,22.134,7.485785795819187e-109,1
36.6,0,1,4.15,0,0.0,-16.78,0.631,0.0,1.005,6.16,0.2256,51.171,0.0,1
68.3,1,1,9.08,1,-10.0,-25.79,1.859,0.0,1.032,6.54,0.224,24.788,5.967231861842149e-136,1
141.4,1,2,11.07,8,-14.4,-26.22,7.461,0.0,2.365,6.05,0.2249,16.823,8.214141414496626e-64,1
177.2,1,2,16.72,20,20.0,-31.7,14.756,0.0,1.053,6.59,0.2306,8.007,5.895221881345395e-16,1
95.8,1,1,22.52,5,-29.2,-39.49,5.795,0.0,1.059,8.63,0.2531,3.17,0.000762198452125595,0
74.0,1,1,13.76,10,-12.5,-38.2,8.2,4.468,1.283,7.15,0.2224,4.976,3.241945924199077e-07,0
36.0,0,1,16.91,1,4.5,-16.82,0.485,0.0,1.014,7.15,0.2358,40.011,0.0,1
14.9,0,1,1.93,1,0.9,-11.69,0.623,0.0,1.559,6.42,0.2225,172.854,0.0,1
91.3,1,1,23.86,10,31.1,-37.4,6.509,0.0,1.055,6.25,0.2538,5.607,1.0315180495966487e-08,0
124.7,1,2,7.88,8,24.8,-22.32,5.58,0.0,1.379,6.38,0.2291,24.635,2.6443076048291376e-134,1
148.3,1,2,8.86,2,18.9,-23.14,1.912,0.0,1.495,6.93,0.2208,20.81,1.7516641979735534e-96,1
32.8,0,1,5.57,2,3.4,-17.04,1.831,0.0,1.204,6.28,0.2269,44.607,0.0,1
103.0,1,1,2.12,0,-2.1,-31.61,0.0,0.0,1.062,6.74,0.2225,11.227,1.5059881160729595e-29,1
43.9,0,1,19.75,5,-27.6,-25.83,4.355,2.974,1.006,8.0,0.2486,5.866,2.228014188884321e-09,0
152.9,1,2,6.01,3,23.4,-24.01,1.833,0.0,1.348,7.16,0.2216,17.524,4.674018503524749e-69,1
32.5,0,1,7.07,0,-2.0,-14.54,0.0,0.0,1.339,6.45,0.2254,66.416,0.0,1
34.6,0,1,4.54,2,-9.1,-19.35,0.514,3.608,1.674,7.03,0.2229,23.428,1.1190017111797235e-121,1
113.4,1,2,24.37,19,9.4,-27.35,15.797,0.0,1.289,6.67,0.2453,13.163,7.1222146958916124e-40,1
56.4,0,1,19.53,9,19.0,-28.13,6.94,0.0,1.002,7.6,0.2247,3.101,0.000963671529431274,0
181.8,1,2,23.25,16,4.0,-35.96,16.604,0.0,1.056,7.31,0.2215,4.272,9.683804742434019e-06,0
106.3,1,1,21.54,6,-20.3,-39.09,3.935,0.0,1.179,6.63,0.2306,4.888,5.089604865202534e-07,0
104.5,1,1,22.66,20,29.9,-50.61,16.674,0.0,1.065,7.01,0.2445,0.869,0.19250011284881324,0
145.8,1,2,11.98,7,-22.7,-25.96,7.016,0.0,1.501,7.49,0.2319,14.204,4.328752796266696e-46,1
36.9,0,1,4.26,1,33.0,-16.2,0.318,0.0,1.096,6.72,0.2219,49.167,0.0,1
88.9,1,1,8.17,2,-1.2,-30.29,1.676,0.0,1.451,7.33,0.2273,10.991,2.0995670413526766e-28,1
45.5,0,1,7.31,1,31.5,-19.59,0.637,0.0,1.23,6.87,0.2258,24.853,1.2038465757903374e-136,1
69.2,1,1,17.93,1,29.5,-25.09,0.686,0.0,1.048,6.42,0.2284,23.986,1.9263598183574223e-127,1
33.5,0,1,0.64,0,-3.6,-14.4,0.0,0.0,1.539,6.82,0.2201,62.461,0.0,1
152.9,1,2,3.55,2,22.0,-23.78,1.721,0.0,1.423,6.46,0.2227,20.999,3.353736924389546e-98,1
63.5,0,1,17.07,1,-24.2,-24.61,2.412,0.0,1.01,6.64,0.2207,5.973,1.1625710859255171e-09,0
85.7,1,1,3.09,4,-24.6,-32.46,4.056,0.0,1.392,7.17,0.2238,10.39,1.3697047479032252e-25,1
86.6,1,1,1.21,0,-6.9,-30.77,0.0,4.118,1.027,6.58,0.2205,12.164,2.4037166783300864e-34,1
10.5,0,1,2.73,0,9.6,-9.15,0.0,0.0,1.772,6.78,0.2213,238.04,0.0,1
9.4,0,1,17.27,1,-29.4,-10.67,0.173,0.0,1.206,7.47,0.2235,207.927,0.0,1
33.4,0,1,3.48,0,3.5,-15.81,0.547,0.0,1.226,6.82,0.2229,58.997,0.0,1
13.1,0,1,3.66,0,33.4,-8.77,0.366,0.0,1.466,6.5,0.2206,217.37,0.0,1
63.5,0,1,5.76,1,25.8,-24.79,0.712,0.0,1.781,6.29,0.2238,7.429,5.4658336083207017e-14,1
135.8,1,2,18.77,3,-14.9,-25.98,2.995,3.413,1.789,8.27,0.239,13.223,3.2411641943161757e-40,1
21.1,0,1,5.01,1,4.3,-12.54,0.617,0.0,1.277,7.22,0.2273,107.286,0.0,1
97.4,1,1,0.88,0,-18.9,-34.02,0.0,4.054,1.008,7.0,0.2211,7.968,8.080501827892226e-16,1
192.4,1,2,22.65,16,-12.9,-39.6,15.517,2.813,2.016,6.76,0.228,3.113,0.0009267567897103719,0
87.1,1,1,21.91,10,30.0,-38.25,6.804,0.0,1.044,7.97,0.2425,4.342,7.070191979611044e-06,0
78.5,1,1,4.62,5,34.9,-31.29,3.279,0.0,2.582,6.9,0.2221,11.854,1.0284078356323507e-32,1
171.3,1,2,6.63,3,-14.2,-26.79,2.501,2.434,1.061,6.71,0.2231,14.282,1.418584136616032e-46,1
115.3,1,2,4.71,2,-16.2,-19.68,2.372,2.352,1.012,7.05,0.2248,30.292,7.415503750436136e-202,1
80.8,1,1,17.99,5,-5.0,-34.03,6.211,0.0,1.195,7.6,0.2217,7.343,1.0426637113072172e-13,1
80.8,1,1,6.25,2,-1.0,-28.73,2.364,0.0,1.219,6.7,0.2237,15.316,2.9671035319408454e-53,1
46.3,0,1,23.29,1,-24.2,-22.4,1.281,3.204,1.083,7.15,0.2333,8.785,7.834452323754068e-19,1
131.8,1,2,20.69,4,-20.4,-23.89,4.588,0.0,1.334,8.44,0.2252,15.865,5.505059381191768e-57,1
69.5,1,1,14.71,3,-2.4,-31.17,5.282,0.0,1.717,7.36,0.2334,11.185,2.4197328527453202e-29,1
60.4,0,1,0.22,0,-14.7,-24.39,0.0,2.909,1.389,6.77,0.2206,7.3,1.4345582933439538e-13,1
96.4,1,1,22.09,6,24.9,-36.3,5.889,0.0,1.125,7.51,0.2302,5.735,4.886024446995889e-09,0
75.5,1,1,18.19,8,18.9,-34.11,8.295,0.0,1.034,7.11,0.2302,8.074,3.409703298350698e-16,1
57.0,0,1,19.7,2,4.9,-25.06,3.372,0.0,1.438,6.84,0.2312,5.71,5.652648454131763e-09,0
85.7,1,1,1.8,1,-1.9,-29.29,0.655,0.0,2.339,6.25,0.2216,16.31,4.2226651827928e-60,1
88.9,1,1,17.71,4,24.0,-32.57,2.443,0.0,1.01,7.03,0.2404,9.578,4.957644796654648e-22,1
6.0,0,1,20.11,0,-19.2,-9.6,0.0,0.622,1.461,6.89,0.2248,256.394,0.0,1
46.1,0,1,23.92,2,27.7,-22.83,3.09,0.0,1.166,6.67,0.2206,10.144,1.7662356404054362e-24,1
65.4,1,1,14.51,5,-26.8,-31.88,4.178,4.62,1.203,6.74,0.2367,10.174,1.2933366154030228e-24,1
45.0,0,1,12.7,2,30.0,-19.21,1.512,0.0,1.502,7.4,0.2265,20.31,5.228966397738952e-92,1
34.5,0,1,10.63,2,-21.0,-18.69,2.29,1.03,1.011,7.61,0.2288,28.454,2.167254861813504e-178,1
91.7,1,1,17.53,16,22.8,-42.73,12.67,0.0,1.751,7.56,0.2374,2.432,0.00750303470978085,0
36.0,0,1,23.02,13,-28.8,-27.31,9.93,0.0,1.416,7.21,0.2549,4.273,9.66082980073608e-06,0
46.6,0,1,14.99,0,23.0,-18.69,0.357,0.0,1.578,6.26,0.2372,25.511,7.363776235494211e-144,1
76.8,1,1,5.68,2,8.0,-26.7,0.846,0.0,1.886,6.77,0.2228,20.029,1.5467558389496098e-89,1
16.5,0,1,0.44,0,-28.8,-13.81,0.0,1.192,1.359,6.35,0.2207,138.155,0.0,1
158.6,1,2,15.48,26,20.3,-38.49,25.987,0.0,1.995,6.24,0.2325,3.774,8.022296529213941e-05,0
34.6,0,1,21.61,6,-23.4,-27.45,5.419,2.405,4.146,8.1,0.2367,3.608,0.00015429545120554104,0
181.8,1,2,1.65,0,5.1,-26.68,0.0,0.0,2.818,6.14,0.2203,15.889,3.801518360657466e-57,1
46.9,0,1,9.94,2,-8.4,-19.55,1.201,0.0,1.073,6.87,0.227,21.338,2.5332119034902374e-101,1
76.8,1,1,23.5,1,19.3,-30.11,1.992,0.0,1.38,7.26,0.254,12.159,2.5635042082424034e-34,1
33.5,0,1,12.54,1,25.5,-15.89,1.733,0.0,1.07,6.52,0.2302,51.156,0.0,1
78.8,1,1,5.52,1,0.2,-27.26,0.161,0.0,1.578,6.98,0.2282,18.008,8.371953976791499e-73,1
65.4,1,1,8.84,2,19.3,-26.21,2.823,0.0,1.144,6.85,0.2226,23.018,1.5306474205043898e-117,1
7.1,0,1,10.2,0,29.6,-7.64,0.0,0.0,1.252,6.77,0.2288,366.641,0.0,1
101.9,1,1,2.93,2,14.8,-34.98,2.397,0.0,2.269,6.57,0.2204,7.708,6.384344135555181e-15,1
171.3,1,2,16.52,11,-9.1,-32.63,11.469,0.0,2.24,6.35,0.2386,7.178,3.541028182627039e-13,1
180.4,1,2,14.8,21,0.1,-37.51,21.607,0.0,1.753,6.59,0.2265,3.766,8.31028094304619e-05,0
103.0,1,1,16.19,2,-15.1,-36.72,3.434,0.0,1.318,7.68,0.2436,4.968,3.3814375920418837e-07,0
76.8,1,1,15.27,12,-0.2,-35.34,9.175,0.0,1.014,7.74,0.2206,6.517,3.591463487585574e-11,0
108.6,1,1,0.42,0,-14.0,-31.89,0.0,0.0,1.286,6.83,0.2206,10.297,3.6253224232723364e-25,1
148.1,1,2,4.36,1,22.5,-22.43,0.784,0.0,1.191,6.38,0.2246,23.953,4.342389401456667e-127,1
142.3,1,2,4.14,5,9.6,-22.26,4.023,0.0,1.317,6.39,0.2227,22.494,2.3579057823206764e-112,1
158.6,1,2,2.45,5,11.2,-24.83,3.916,0.0,1.163,6.33,0.2235,17.713,1.678524802118382e-70,1
27.5,0,1,18.39,5,-22.8,-19.19,4.846,0.0,1.767,7.72,0.2287,22.351,5.853078310039848e-111,1
10.3,0,1,3.0,1,-29.9,-10.55,0.591,1.662,1.302,7.18,0.2207,171.289,0.0,1
80.8,1,1,16.7,15,21.3,-41.37,11.462,0.0,1.295,6.88,0.2371,3.681,0.00011621691025828238,0
24.4,0,1,4.46,1,5.2,-14.92,0.751,0.0,1.925,6.93,0.2234,76.396,0.0,1
122.3,1,2,2.96,0,30.6,-18.48,0.407,0.0,1.113,6.76,0.2227,31.66,2.774387739092672e-220,1
21.5,0,1,4.06,0,4.9,-12.95,0.0,0.0,1.103,6.76,0.2234,140.376,0.0,1
52.0,0,1,12.71,1,-16.0,-20.45,0.473,0.0,1.167,6.51,0.234,17.446,1.839414568317405e-68,1
57.0,0,1,16.14,2,15.4,-23.07,1.909,0.0,1.333,6.65,0.2315,8.235,8.94952950477106e-17,1
38.4,0,1,20.3,1,15.6,-17.3,1.063,0.0,1.02,6.51,0.2221,37.083,2.6556492266593442e-301,1
32.9,0,1,3.21,0,-25.7,-18.16,0.0,3.631,1.117,6.69,0.2208,25.954,8.260486507409604e-149,1
136.4,1,2,15.4,21,15.1,-28.05,14.315,0.0,1.163,6.23,0.2207,13.201,4.315514868307982e-40,1
103.0,1,1,19.35,13,-16.2,-44.57,10.211,0.0,1.357,7.1,0.2483,2.05,0.02016984799717208,0
30.1,0,1,7.81,1,-13.5,-14.86,1.27,0.0,1.078,6.79,0.2315,64.233,0.0,1
119.5,1,2,1.99,4,-28.0,-18.73,2.257,0.0,1.31,6.37,0.2217,35.131,1.1235470006652398e-270,1
59.1,0,1,3.9,0,10.8,-21.08,0.0,0.0,1.056,6.86,0.2239,16.088,1.5544052548603149e-58,1
47.0,0,1,2.29,0,17.6,-18.86,0.767,0.0,1.473,6.62,0.2202,25.65,2.121734477744225e-145,1
14.9,0,1,22.18,1,-15.0,-11.93,0.651,0.0,1.261,6.83,0.2438,149.891,0.0,1
187.7,1,2,9.42,12,21.5,-33.51,9.977,0.0,1.703,7.67,0.2264,5.931,1.503060578940063e-09,0
56.9,0,1,13.08,6,19.5,-25.27,3.363,0.0,1.049,6.92,0.2298,6.655,1.4147644548560594e-11,0
27.5,0,1,19.22,9,-3.4,-19.08,4.945,0.0,1.443,7.47,0.223,21.431,3.4698595537249004e-102,1
23.5,0,1,9.29,4,-25.6,-16.68,2.618,0.0,2.502,6.77,0.226,48.948,0.0,1
60.4,0,1,16.23,11,-11.8,-31.32,9.193,0.0,1.058,7.49,0.2247,1.249,0.10578086592395286,0
108.9,1,1,1.92,2,-19.2,-35.75,1.786,0.0,1.06,6.05,0.2204,8.056,3.936686279540608e-16,1
148.1,1,2,12.02,7,32.3,-25.87,4.91,0.0,1.58,6.49,0.2274,17.804,3.301581955042059e-71,1
48.3,0,1,2.41,0,23.2,-20.04,0.0,0.0,1.902,6.93,0.2204,21.956,3.755580329571304e-107,1
59.1,0,1,6.21,3,-24.9,-24.88,3.19,0.0,1.478,6.68,0.2222,5.554,1.3933528145615658e-08,0
64.6,0,1,7.33,1,3.4,-23.27,0.259,0.0,1.637,7.0,0.2234,8.689,1.8272920554079475e-18,1
63.5,0,1,17.94,0,-12.7,-24.18,0.405,0.0,1.008,7.3,0.2325,7.411,6.282199194787852e-14,1
10.6,0,1,16.85,1,-27.9,-11.02,0.252,0.0,1.112,6.57,0.2266,211.904,0.0,1
36.9,0,1,18.68,4,-9.1,-21.7,3.493,0.0,1.216,6.9,0.2469,17.065,1.3600184077027577e-65,1
88.9,1,1,1.54,0,-21.7,-29.96,0.0,0.0,1.915,6.54,0.2226,14.666,5.294763588512394e-49,1
12.5,0,1,24.85,0,-15.5,-10.91,0.714,0.0,1.732,6.6,0.2296,140.031,0.0,1
125.8,1,2,1.36,0,-8.8,-18.32,0.0,0.0,1.089,6.12,0.2211,36.582,2.7697154740394677e-293,1
142.3,1,2,20.64,24,-3.4,-35.36,24.913,0.0,1.603,7.76,0.2389,4.325,7.633238672641534e-06,0
57.0,0,1,18.51,5,0.4,-26.66,6.119,0.0,2.194,7.33,0.2252,3.501,0.00023152452960203802,0
103.0,1,1,14.79,7,3.8,-38.75,5.913,0.0,1.012,6.54,0.2339,4.928,4.163435396436127e-07,0
52.3,0,1,10.97,3,-5.9,-26.12,1.642,3.898,1.187,7.41,0.227,5.465,2.3147711038039046e-08,0
177.2,1,2,18.93,9,2.4,-30.79,8.592,0.0,1.601,7.02,0.2209,9.157,2.6682053251196667e-20,1
5.9,0,1,18.5,0,-2.8,-8.82,0.0,0.0,1.253,7.41,0.2272,289.876,0.0,1
177.2,1,2,3.43,3,32.7,-26.75,4.725,0.0,1.579,6.61,0.2209,14.562,2.4531828191621695e-48,1
56.4,0,1,19.82,8,-25.6,-31.79,8.858,0.791,1.104,7.68,0.245,1.203,0.11449642396304333,0
142.3,1,2,1.96,0,8.1,-18.89,0.0,0.0,1.525,6.58,0.2215,30.696,3.2130411337052156e-207,1
46.6,0,1,12.51,1,-17.4,-20.02,0.763,0.0,1.501,6.57,0.2237,22.694,2.5929302091294444e-114,1
125.5,1,2,16.13,5,-5.6,-23.87,6.411,0.0,1.33,7.58,0.2339,17.282,3.22558262231892e-67,1
36.0,0,1,20.54,3,5.5,-21.54,2.73,0.0,1.614,6.72,0.2334,16.184,3.2771950425128655e-59,1
119.5,1,2,11.58,17,19.4,-24.72,12.046,0.0,1.331,6.15,0.2274,18.309,3.515867897895909e-75,1
19.5,0,1,5.92,0,33.6,-12.38,1.078,0.0,1.105,6.88,0.2218,133.812,0.0,1
45.0,0,1,12.27,2,2.1,-23.2,4.39,0.0,1.596,6.71,0.2318,10.435,8.557676512994822e-26,1
136.4,1,2,6.26,5,-13.3,-23.69,5.76,0.0,1.467,6.3,0.228,21.968,2.9142487910859054e-107,1
12.3,0,1,13.22,0,21.5,-11.29,0.0,0.0,1.063,7.7,0.2296,201.04,0.0,1
8.1,0,1,11.56,1,-15.6,-9.47,0.689,0.0,1.353,6.17,0.2229,233.112,0.0,1
24.4,0,1,19.51,4,3.0,-15.41,1.648,0.0,1.94,7.73,0.2277,51.933,0.0,1
12.1,0,1,6.0,1,25.0,-11.68,0.72,0.0,1.649,6.86,0.2228,173.252,0.0,1
85.7,1,1,5.0,3,-3.8,-29.7,1.698,0.0,1.778,6.73,0.2267,13.497,8.097157494340651e-42,1
137.8,1,2,11.85,12,6.2,-25.58,9.458,0.0,1.174,6.36,0.2311,16.483,2.418285601000944e-61,1
78.8,1,1,1.26,0,-22.2,-29.5,0.0,3.384,1.111,6.93,0.2222,14.534,3.703101931668809e-48,1
120.6,1,2,5.73,4,-26.4,-18.52,2.456,0.0,1.197,6.94,0.2233,30.055,9.438187320398763e-199,1
23.1,0,1,8.84,2,34.1,-13.88,0.903,0.0,1.15,6.3,0.2316,92.036,0.0,1
104.5,1,1,12.19,3,-18.4,-38.98,4.832,0.0,1.391,7.36,0.2348,4.502,3.368451412579091e-06,0
39.5,0,1,6.74,3,-8.2,-18.95,1.952,0.0,1.316,6.6,0.2298,24.094,1.4611528318477153e-128,1
61.2,0,1,14.02,5,2.8,-25.71,4.05,0.0,1.006,6.7,0.2251,4.237,1.1332218910066404e-05,0
146.9,1,2,21.96,13,-5.7,-29.6,11.513,0.0,1.62,6.71,0.2513,10.769,2.416020423705763e-27,1
101.2,1,1,13.59,6,-23.7,-39.98,6.96,0.0,2.18,6.63,0.2339,3.547,0.00019501730252812968,0
7.1,0,1,7.17,1,-17.2,-12.28,0.462,2.201,2.028,6.51,0.2282,141.802,0.0,1
85.7,1,1,1.55,1,2.1,-28.22,1.128,0.0,1.033,6.62,0.2204,16.667,1.1409607935787047e-62,1
10.5,0,1,3.42,0,-1.5,-10.94,0.352,0.0,2.999,6.57,0.2211,169.106,0.0,1
23.1,0,1,14.03,4,21.9,-15.14,3.023,0.0,1.317,7.01,0.2409,62.552,0.0,1
93.8,1,1,17.09,11,-9.7,-41.99,10.675,0.0,1.366,6.79,0.2403,2.975,0.0014638566174440283,0
12.1,0,1,1.24,0,31.1,-9.38,0.0,0.0,1.103,6.13,0.2217,288.766,0.0,1
86.6,1,1,4.64,1,-11.6,-27.1,0.423,0.0,1.06,6.6,0.2221,20.978,5.16571837483775e-98,1
22.2,0,1,7.98,0,-8.5,-14.33,0.72,0.0,1.703,7.47,0.2261,91.959,0.0,1
57.0,0,1,7.99,1,31.7,-24.73,2.412,0.0,1.363,7.17,0.2264,6.579,2.365937216916307e-11,0
17.6,0,1,23.96,5,24.6,-13.52,3.016,0.0,1.31,7.1,0.2296,85.216,0.0,1
36.6,0,1,5.09,2,-9.4,-17.26,1.621,0.0,1.007,7.23,0.2213,46.488,0.0,1
131.1,1,2,1.56,0,-4.3,-19.68,1.187,0.0,1.197,6.33,0.2205,30.854,2.4702029247037655e-209,1
122.3,1,2,8.83,4,24.7,-22.93,6.559,0.0,1.659,6.55,0.2242,23.807,1.414977064576068e-125,1
152.9,1,2,3.36,1,-24.4,-23.11,1.129,1.685,1.348,6.29,0.2226,21.914,9.53015611523533e-107,1
90.5,1,1,3.16,4,-10.8,-34.45,3.354,2.442,1.496,6.18,0.2203,9.056,6.795388078935899e-20,1
93.8,1,1,10.19,8,4.6,-36.05,6.978,0.0,1.215,7.43,0.2273,5.407,3.2127582178273463e-08,0
48.3,0,1,7.66,1,23.9,-21.69,1.156,0.0,2.916,7.14,0.2261,12.781,1.0441093679734123e-37,1
45.5,0,1,2.29,0,6.7,-16.76,0.0,0.0,1.085,6.54,0.2216,32.088,3.2437543088408835e-226,1
68.5,1,1,15.11,6,1.8,-30.22,4.659,0.0,1.108,6.55,0.2334,13.773,1.8532878617983442e-43,1
64.6,0,1,12.54,3,32.5,-24.58,2.659,0.0,1.506,6.88,0.2217,5.429,2.8282844594371267e-08,0
158.6,1,2,1.93,0,-22.4,-21.9,0.0,0.0,1.103,6.35,0.223,23.985,2.010686336527874e-127,1
65.4,1,1,21.57,12,20.7,-34.17,10.179,0.0,1.128,7.55,0.2276,7.799,3.1235435664051475e-15,1
5.9,0,1,7.12,0,-21.7,-10.68,0.206,2.999,1.328,7.44,0.2251,160.816,0.0,1
152.9,1,2,24.03,8,17.6,-28.6,8.214,0.0,1.206,6.59,0.2509,11.179,2.5942597984264337e-29,1
145.8,1,2,23.29,12,5.3,-29.38,9.832,0.0,1.487,6.6,0.245,11.714,5.413000963516069e-32,1
177.2,1,2,10.85,13,-12.8,-32.75,12.087,0.0,1.051,7.43,0.232,5.972,1.1711322842047324e-09,0
14.1,0,1,5.71,1,5.3,-10.97,0.366,0.0,1.608,6.64,0.2269,180.435,0.0,1
107.4,1,1,20.87,7,27.2,-44.37,5.433,0.0,1.754,7.29,0.2503,2.297,0.010810576495771333,0
32.9,0,1,9.03,2,0.7,-16.9,1.893,0.0,1.155,7.1,0.2206,51.39,0.0,1
89.4,1,1,4.09,3,-29.6,-33.3,3.733,0.606,1.038,6.43,0.2267,10.185,1.1532861598395422e-24,1
104.5,1,1,13.79,5,-26.3,-37.41,4.759,0.0,1.336,6.35,0.2399,5.829,2.7923063862574057e-09,0
152.9,1,2,12.24,18,11.1,-29.01,14.552,0.0,1.109,6.26,0.2226,11.003,1.8468440634149862e-28,1
65.1,1,1,21.25,3,14.1,-28.14,3.147,0.0,1.1,7.07,0.2294,17.82,2.4594355209305044e-71,1
111.7,1,2,18.23,7,-3.9,-23.36,5.268,0.0,1.021,6.55,0.2381,23.31,1.7724990536631917e-120,1
70.1,1,1,21.9,15,-14.2,-39.21,11.44,0.0,2.191,6.83,0.2492,4.738,1.079808012751082e-06,0
56.0,0,1,18.37,0,16.5,-24.3,2.2,0.0,1.009,7.35,0.2349,5.957,1.2810655867369847e-09,0
187.7,1,2,16.05,6,-10.2,-30.37,5.91,0.0,1.113,7.31,0.2326,8.681,1.957435362464084e-18,1
135.8,1,2,12.5,4,-25.2,-22.22,3.289,0.0,2.247,7.57,0.2227,20.706,1.5205188736759877e-95,1
10.6,0,1,24.69,1,-3.4,-10.12,0.422,0.0,1.055,8.58,0.2469,213.442,0.0,1
148.3,1,2,23.98,15,5.0,-30.75,11.663,0.0,1.287,7.05,0.238,9.338,4.930178412028686e-21,1
74.0,1,1,21.22,5,32.8,-32.11,5.779,0.0,1.086,7.75,0.2233,9.47,1.3969277188689972e-21,1
60.4,0,1,19.38,8,8.5,-31.54,7.979,0.0,1.194,7.71,0.2465,1.282,0.099949565066557,0
164.9,1,2,14.44,17,-16.5,-32.55,16.17,0.0,1.21,7.17,0.2255,7.313,1.30959106603937e-13,1
42.0,0,1,6.49,2,24.1,-19.55,2.444,0.0,1.31,6.76,0.2252,24.64,2.370072856058911e-134,1
61.2,0,1,21.89,4,-11.1,-26.95,2.53,0.0,1.744,8.46,0.2476,3.948,3.93293105262942e-05,0
90.9,1,1,0.27,0,32.4,-28.99,0.0,0.0,1.341,6.56,0.2203,15.44,4.3797094096011804e-54,1
187.7,1,2,5.69,6,-8.9,-30.28,7.135,0.0,1.027,6.78,0.2222,8.808,6.341937456885832e-19,1
102.0,1,1,10.09,8,29.1,-39.78,8.555,0.0,1.04,6.59,0.2351,4.181,1.4488716656454206e-05,0
125.5,1,2,14.65,13,27.1,-26.1,13.225,0.0,1.539,7.18,0.222,15.024,2.5648703390001894e-51,1
101.9,1,1,14.02,7,26.2,-39.42,5.52,0.0,1.52,7.25,0.2369,3.699,0.00010812370759965211,0
152.9,1,2,4.4,4,-27.4,-24.6,5.037,0.0,1.106,7.34,0.2236,17.001,4.032439910836743e-65,1
58.1,0,1,2.62,1,25.2,-23.35,1.217,0.0,3.479,6.71,0.2203,7.55,2.18351065276445e-14,1
122.3,1,2,5.56,3,16.9,-19.76,2.92,0.0,1.051,6.52,0.222,30.052,1.042988033686721e-198,1
96.4,1,1,8.72,9,-8.3,-39.27,9.146,0.0,1.123,7.08,0.2213,4.143,1.714450186083769e-05,0
34.6,0,1,0.35,0,1.9,-15.1,0.0,0.0,1.392,6.83,0.2201,65.941,0.0,1
65.4,1,1,17.31,7,11.6,-30.91,6.576,0.0,1.059,6.35,0.243,12.991,6.856237482523845e-39,1
83.5,1,1,6.19,0,31.3,-27.82,0.0,0.0,1.005,6.83,0.2227,19.539,2.547666085753593e-85,1
90.5,1,1,8.79,7,20.7,-31.76,3.14,0.0,1.174,6.33,0.228,11.533,4.498613121598318e-31,1
29.1,0,1,8.37,1,-2.1,-15.25,1.186,0.0,1.42,6.61,0.2225,53.706,0.0,1
61.2,0,1,12.8,1,12.0,-23.31,1.414,0.0,1.054,6.29,0.2247,8.759,9.820689347159128e-19,1
33.5,0,1,21.49,5,-17.9,-25.18,8.122,0.0,2.68,7.51,0.2317,6.706,1.0026405717164388e-11,0
39.5,0,1,3.73,1,-2.4,-17.31,0.347,0.0,1.487,6.96,0.2254,40.465,0.0,1
106.3,1,1,8.52,7,21.4,-42.12,9.568,0.0,1.014,7.04,0.2227,2.865,0.002086676648082209,0
122.3,1,2,17.3,10,9.4,-25.58,8.205,0.0,1.597,6.92,0.2371,17.247,5.8498113532189073e-67,1
65.1,1,1,1.11,1,20.9,-21.91,0.843,0.0,1.084,6.09,0.2206,30.844,3.3704397541613525e-209,1
169.2,1,2,20.75,22,3.1,-36.09,21.338,0.0,1.098,7.11,0.2244,4.46,4.0931480901040305e-06,0
74.0,1,1,24.05,9,-5.3,-35.19,7.983,0.0,1.435,7.04,0.2401,7.337,1.090697640922326e-13,1
145.8,1,2,15.19,8,18.3,-25.49,7.013,0.0,2.005,7.76,0.2285,13.97,1.1907865461544223e-44,1
23.1,0,1,23.91,3,-23.9,-17.15,3.299,0.0,1.365,7.26,0.2518,45.624,0.0,1
101.2,1,1,10.33,11,33.6,-44.15,10.682,0.0,1.932,6.83,0.2343,2.225,0.013053569771884295,0
10.5,0,1,10.38,0,31.6,-11.14,1.215,0.0,1.208,6.83,0.2289,180.575,0.0,1
145.8,1,2,2.66,4,27.2,-21.96,3.146,0.0,1.148,6.91,0.2212,22.833,1.0874247112624439e-115,1
12.3,0,1,0.89,0,27.5,-9.61,0.0,0.0,1.087,6.58,0.2207,256.67,0.0,1
85.7,1,1,6.11,1,3.2,-30.48,1.537,0.0,1.162,7.43,0.2281,12.765,1.2801705075733462e-37,1
158.9,1,2,11.95,2,2.4,-25.94,4.184,0.0,1.191,7.56,0.2321,14.315,8.827964318244308e-47,1
36.0,0,1,12.69,2,23.3,-16.22,1.649,0.0,1.018,7.39,0.2217,46.071,0.0,1
81.1,1,1,5.44,3,-11.6,-29.44,3.269,0.0,1.788,6.6,0.2208,14.57,2.1688214965172232e-48,1
56.0,0,1,15.32,8,25.2,-26.0,6.516,0.0,1.193,6.61,0.2236,3.863,5.6016212567751765e-05,0
12.0,0,1,4.53,0,-16.9,-12.5,0.935,1.246,1.563,6.57,0.2242,131.441,0.0,1
63.5,0,1,8.16,2,27.1,-25.08,3.232,0.0,1.496,6.71,0.2221,5.271,6.787402868435803e-08,0
91.0,1,1,4.89,0,5.2,-29.74,0.182,0.0,1.138,7.13,0.2219,13.769,1.952062827486024e-43,1
169.8,1,2,17.42,5,24.8,-29.31,2.438,0.0,1.379,6.7,0.2338,11.906,5.538629877402992e-33,1
59.1,0,1,12.91,3,2.1,-24.6,2.946,0.0,1.447,6.96,0.231,6.244,2.1370015825390275e-10,0
125.2,1,2,18.4,7,9.5,-25.34,8.929,0.0,1.206,8.19,0.2428,13.915,2.5731344544621505e-44,1
29.1,0,1,1.43,4,30.2,-17.29,2.54,0.0,1.457,6.99,0.2209,41.668,0.0,1
96.0,1,1,10.63,11,-2.8,-42.29,9.557,0.0,1.16,6.89,0.2325,3.367,0.00037979817265556144,0
108.9,1,1,24.17,9,-15.7,-41.71,7.817,0.0,1.069,7.97,0.2232,2.794,0.002602110350429608,0
135.8,1,2,1.34,0,-24.1,-19.76,0.0,0.0,1.165,6.85,0.2216,28.268,4.253990105178437e-176,1
93.8,1,1,10.46,5,8.3,-36.32,6.286,0.0,1.327,6.87,0.2267,6.35,1.0774424665914886e-10,0
78.8,1,1,1.01,1,9.7,-25.13,0.893,0.0,1.004,6.41,0.2214,23.883,2.325194463364835e-126,1
9.4,0,1,3.67,0,10.3,-9.28,0.0,0.0,1.14,6.78,0.224,287.083,0.0,1
15.0,0,1,11.56,0,-27.6,-12.75,0.0,2.316,1.322,7.61,0.2325,108.628,0.0,1
21.7,0,1,3.94,0,-28.2,-17.18,0.0,4.935,1.064,6.63,0.2259,46.152,0.0,1
42.6,0,1,12.97,4,28.2,-23.19,4.268,0.0,1.791,7.28,0.2248,9.355,4.1627179652363834e-21,1
10.6,0,1,23.07,2,15.2,-11.56,1.031,0.0,1.048,7.16,0.2462,162.742,0.0,1
89.4,1,1,5.01,3,-22.6,-35.78,3.145,2.553,1.52,7.25,0.227,6.87,3.204377327422525e-12,1
22.2,0,1,2.68,0,-25.1,-14.5,0.0,2.011,1.187,6.53,0.2245,84.105,0.0,1
120.6,1,2,20.63,1,-19.5,-19.98,1.638,0.0,1.662,7.69,0.2337,26.754,5.520155509162847e-158,1
16.3,0,1,11.51,3,22.4,-14.49,1.904,0.0,2.132,6.7,0.2315,83.665,0.0,1
57.0,0,1,22.07,3,17.0,-25.06,2.69,0.0,1.341,7.19,0.2262,6.91,2.4313445287273815e-12,1
148.1,1,2,7.65,9,11.5,-26.82,8.987,0.0,1.008,6.62,0.2264,15.323,2.694639551741001e-53,1
63.5,0,1,15.69,8,11.7,-31.94,7.237,0.0,1.841,7.3,0.2305,1.226,0.11011156897338076,0
123.5,1,2,23.08,17,25.8,-28.18,16.905,0.0,1.134,7.67,0.2248,10.986,2.226443350659209e-28,1
81.4,1,1,4.29,2,-8.3,-28.84,1.216,0.0,1.493,6.79,0.2261,17.065,1.3611524257743457e-65,1
169.8,1,2,20.02,8,-9.1,-32.16,7.994,0.0,1.185,6.43,0.2473,7.34,1.0699954260951328e-13,1
67.2,1,1,15.79,5,-2.3,-30.75,5.345,0.0,1.078,7.18,0.2427,12.774,1.1382359929756814e-37,1
136.4,1,2,20.32,8,34.3,-24.27,5.479,0.0,1.119,7.71,0.2255,16.284,6.367769595489366e-60,1
17.9,0,1,4.27,2,6.1,-11.75,1.321,0.0,1.308,6.77,0.2201,148.824,0.0,1
169.2,1,2,10.85,10,5.5,-31.22,8.966,0.0,1.637,6.68,0.2321,8.296,5.405699525890977e-17,1
27.5,0,1,3.22,0,22.6,-14.05,0.449,0.0,1.579,6.61,0.2213,78.292,0.0,1
98.6,1,1,24.0,9,-18.4,-43.1,8.352,0.0,1.772,8.51,0.243,2.007,0.022390811539546338,0
111.7,1,2,1.57,1,-3.6,-16.31,0.563,0.0,1.204,6.85,0.2213,37.595,1.318367963292985e-309,1
76.0,1,1,1.64,0,11.7,-27.79,1.147,0.0,3.241,6.9,0.2214,16.939,1.1697291461278458e-64,1
106.3,1,1,22.45,21,34.2,-54.92,19.683,0.0,1.148,7.76,0.2367,0.35,0.3632803780541376,0
106.3,1,1,7.52,10,-20.0,-37.85,5.832,0.0,1.164,7.27,0.2205,5.018,2.613190409548167e-07,0
22.0,0,1,14.93,0,-0.6,-13.8,0.483,0.0,1.172,6.81,0.226,95.576,0.0,1
33.8,0,1,7.19,1,28.9,-16.4,2.37,0.0,1.038,6.97,0.2299,40.877,0.0,1
38.4,0,1,16.22,1,17.2,-19.28,2.392,0.0,1.551,7.22,0.2303,25.863,8.59775410188399e-148,1
24.4,0,1,4.81,3,9.9,-13.76,1.813,0.0,1.094,6.92,0.2223,83.871,0.0,1
87.1,1,1,11.47,2,-13.3,-30.84,1.79,0.0,1.947,7.45,0.2207,11.126,4.6777123020888203e-29,1
67.2,1,1,13.34,5,-17.8,-27.79,4.548,0.0,1.5,7.16,0.2278,15.565,6.282590144729554e-55,1
124.7,1,2,8.34,1,-5.7,-19.6,0.646,0.0,1.447,6.84,0.2229,33.118,8.059117772448605e-241,1
113.2,1,2,6.29,4,-13.4,-17.99,3.225,0.0,1.805,6.39,0.2252,30.679,5.503609850863998e-207,1
112.3,1,2,3.51,3,22.6,-17.97,1.594,0.0,1.205,6.7,0.2236,34.891,5.085772776949141e-267,1
42.6,0,1,17.65,7,16.8,-23.23,5.843,0.0,1.306,7.02,0.2216,11.574,2.787410597623604e-31,1
68.3,1,1,4.21,6,24.3,-26.91,4.545,0.0,1.055,6.79,0.2245,18.528,6.1686394225861045e-77,1
47.0,0,1,7.3,4,-18.9,-21.64,3.601,0.0,1.289,6.14,0.2206,11.631,1.4324603552489467e-31,1
57.0,0,1,8.42,4,-9.9,-28.61,3.049,3.793,1.486,6.79,0.2288,2.37,0.008905871370763308,0
71.4,1,1,11.36,4,20.0,-28.55,4.197,0.0,1.019,7.5,0.2226,15.222,1.2611533399220728e-52,1
148.1,1,2,17.56,16,-19.4,-30.16,12.954,0.0,1.771,7.9,0.2296,8.605,3.83094751319079e-18,1
113.2,1,2,10.7,6,-20.5,-22.03,5.259,3.787,1.585,6.88,0.2224,24.265,2.2699375643889103e-130,1
30.1,0,1,21.78,3,-5.1,-24.37,4.589,3.287,1.376,7.09,0.2382,8.243,8.379176103131961e-17,1
198.3,1,2,16.99,11,-17.9,-37.81,10.706,4.2,1.158,7.59,0.2405,3.214,0.0006534333346928943,0
131.1,1,2,20.96,24,-24.9,-31.67,18.455,1.613,1.178,6.44,0.2381,8.033,4.753674003150792e-16,1
135.2,1,2,17.91,6,-9.7,-23.45,2.863,0.0,1.199,7.23,0.2445,20.452,2.909980460168206e-93,1
17.6,0,1,3.72,0,26.9,-11.19,0.586,0.0,1.435,6.82,0.2202,168.424,0.0,1
6.0,0,1,24.45,2,-26.3,-9.11,2.308,0.0,1.118,7.5,0.2336,242.966,0.0,1
78.6,1,1,19.66,10,6.8,-36.27,9.229,0.0,1.945,7.24,0.2312,5.944,1.3903692616192191e-09,0
57.0,0,1,14.32,1,6.6,-22.65,1.385,0.0,1.14,6.74,0.2269,11.447,1.2219651966950102e-30,1
83.5,1,1,4.13,1,4.5,-28.02,0.78,0.0,1.333,6.13,0.2226,18.007,8.535300527654804e-73,1
46.6,0,1,4.32,1,2.9,-20.01,0.524,0.0,1.924,6.42,0.2237,18.709,2.0737475963743344e-78,1
63.5,0,1,15.36,11,-28.9,-36.48,10.68,4.131,1.062,7.22,0.225,0.322,0.37382005558466297,0
34.6,0,1,10.4,1,-26.9,-16.57,0.928,0.0,1.903,7.47,0.2237,45.149,0.0,1
20.4,0,1,16.9,1,3.2,-13.32,0.513,0.0,1.283,7.52,0.2236,95.283,0.0,1
56.4,0,1,9.31,2,32.9,-20.17,0.593,0.0,1.097,7.01,0.2242,15.258,7.322733654228941e-53,1
55.1,0,1,12.82,5,-3.5,-23.91,4.037,0.0,1.305,7.49,0.2325,6.425,6.59094910266801e-11,0
6.0,0,1,4.7,0,0.7,-6.98,0.0,0.0,1.051,6.93,0.2236,380.902,0.0,1
46.9,0,1,3.88,2,33.8,-19.52,1.299,0.0,1.064,6.93,0.2217,22.579,3.4875804718492794e-113,1
123.7,1,2,1.89,0,20.6,-19.31,0.0,0.0,2.491,6.86,0.2227,31.096,1.3792758342545069e-212,1
180.4,1,2,20.49,16,20.1,-36.06,16.587,0.0,1.402,7.39,0.2395,4.696,1.3250055828161973e-06,0
10.6,0,1,13.88,0,2.8,-10.8,0.0,0.0,1.283,6.51,0.2256,201.856,0.0,1
101.2,1,1,23.68,16,28.4,-44.06,12.804,0.0,1.521,7.7,0.2216,2.074,0.019018511654285232,0
145.8,1,2,18.74,5,7.8,-25.81,3.691,0.0,1.885,6.64,0.2266,17.024,2.7419859862520006e-65,1
50.7,0,1,19.22,3,12.7,-22.0,2.748,0.0,1.031,7.55,0.2341,10.932,4.067586710716776e-28,1
34.9,0,1,12.73,1,21.2,-16.38,1.205,0.0,1.065,6.78,0.2239,38.84,0.0,1
29.1,0,1,20.39,3,-3.6,-16.68,1.915,0.0,1.089,7.34,0.23,53.639,0.0,1
198.3,1,2,23.55,20,32.0,-40.73,17.049,0.0,1.011,7.42,0.2549,2.071,0.019169006366098064,0
126.5,1,2,18.04,11,34.2,-26.49,9.853,0.0,1.415,7.12,0.2453,15.128,5.261069532415834e-52,1
164.9,1,2,2.64,5,8.2,-25.27,4.214,0.0,1.038,6.37,0.222,17.838,1.8048264576169436e-71,1
169.8,1,2,16.28,21,-15.6,-35.14,18.336,0.0,1.404,6.52,0.2408,5.47,2.2510755159910702e-08,0
42.6,0,1,3.01,0,20.4,-18.69,0.441,0.0,1.101,6.43,0.2213,35.251,1.6478351354121226e-272,1
39.4,0,1,1.93,1,-9.1,-15.77,0.202,0.0,1.036,6.52,0.2223,49.654,0.0,1
19.5,0,1,17.32,1,7.5,-12.84,0.504,0.0,1.076,7.18,0.2433,113.708,0.0,1
11.2,0,1,20.87,5,-24.4,-14.88,3.862,0.0,1.178,7.37,0.2466,76.072,0.0,1
50.5,0,1,3.97,2,22.5,-19.13,1.215,0.0,1.068,6.41,0.2238,22.061,3.713710123436425e-108,1
103.0,1,1,1.85,3,32.3,-35.01,1.766,0.0,1.493,6.79,0.2223,8.457,1.3659334265643357e-17,1
111.7,1,2,22.16,25,-23.9,-26.63,18.77,0.0,1.057,6.85,0.2207,14.218,3.518601311594983e-46,1
58.1,0,1,3.31,0,17.6,-21.88,0.0,0.0,1.582,6.93,0.2219,11.877,7.753560887432261e-33,1
34.5,0,1,0.88,0,26.0,-14.19,0.0,0.0,1.048,6.06,0.221,73.583,0.0,1
137.8,1,2,18.03,25,-22.9,-34.28,20.826,1.754,1.319,6.74,0.2315,6.119,4.702079456691401e-10,0
164.9,1,2,21.19,2,-14.0,-29.97,3.065,4.119,1.282,8.15,0.2262,8.817,5.862385055408519e-19,1
97.4,1,1,12.86,5,-4.5,-36.1,4.319,0.0,1.218,7.16,0.235,6.362,9.961394074998401e-11,0
33.4,0,1,13.5,3,24.4,-19.78,3.487,0.0,1.73,7.29,0.2324,24.078,2.107558549100548e-128,1
75.5,1,1,8.42,3,2.1,-27.55,2.522,0.0,1.311,6.96,0.2266,16.027,4.112420256277194e-58,1
23.5,0,1,5.96,0,-21.1,-13.4,0.843,0.0,1.698,7.1,0.2235,100.382,0.0,1
158.9,1,2,18.88,27,-13.3,-34.42,22.089,0.0,1.273,7.08,0.223,5.624,9.343885373592547e-09,0
119.5,1,2,21.23,23,0.4,-29.38,18.531,0.0,1.231,8.15,0.2475,9.26,1.0251080172792953e-20,1
23.5,0,1,8.03,0,-27.4,-12.97,0.0,0.0,1.569,6.45,0.223,114.311,0.0,1
12.1,0,1,6.85,0,11.0,-10.39,0.761,0.0,1.518,7.19,0.2265,190.671,0.0,1
85.7,1,1,6.69,1,-28.4,-30.0,1.427,0.0,1.093,7.0,0.2235,13.581,2.5845539959791253e-42,1
52.3,0,1,1.26,0,20.8,-19.32,0.0,0.0,1.097,6.83,0.2204,24.679,8.948784181906786e-135,1
89.4,1,1,7.03,0,17.7,-29.94,0.965,0.0,1.375,6.29,0.2247,14.035,4.731331928172701e-45,1
57.0,0,1,0.64,0,26.3,-19.65,0.0,0.0,1.084,6.9,0.2207,19.388,4.880042561340679e-84,1
38.4,0,1,19.71,4,-19.7,-25.56,4.11,3.193,2.708,8.02,0.2272,5.785,3.6256135146031133e-09,0
28.5,0,1,6.4,2,9.2,-15.32,0.995,0.0,1.075,6.1,0.2209,67.24,0.0,1
12.3,0,1,17.25,0,20.8,-9.06,0.0,0.0,1.152,6.56,0.2326,236.902,0.0,1
91.3,1,1,13.58,17,3.5,-43.41,13.293,0.0,2.288,6.61,0.2312,2.351,0.009351289040355747,0
5.4,0,1,20.94,2,-21.5,-10.17,1.61,0.0,1.245,7.27,0.2411,207.491,0.0,1
52.3,0,1,24.01,8,-23.6,-30.37,9.301,0.0,1.151,7.31,0.2367,1.642,0.05034497117955114,0
29.1,0,1,9.18,1,9.4,-14.36,0.331,0.0,1.7,6.95,0.2253,75.428,0.0,1
103.0,1,1,2.21,0,2.3,-33.32,0.665,0.0,1.302,6.96,0.2205,8.84,4.783066303987421e-19,1
65.4,1,1,18.74,9,30.4,-30.84,8.398,0.0,1.573,7.66,0.2284,10.903,5.559329311368178e-28,1
24.4,0,1,0.53,0,24.2,-11.94,0.0,0.0,1.552,6.34,0.2202,116.025,0.0,1
56.0,0,1,5.57,4,17.0,-23.97,3.1,0.0,1.204,6.67,0.2211,6.97,1.5804274853887616e-12,1
47.0,0,1,1.33,1,33.9,-18.47,0.789,0.0,1.246,6.85,0.2219,24.503,6.818270631963214e-133,1
147.0,1,2,22.45,9,15.1,-24.88,6.786,0.0,1.416,8.0,0.2262,15.606,3.335605869428787e-55,1
102.0,1,1,0.13,0,-24.0,-31.9,0.0,0.763,1.617,6.88,0.2206,11.282,8.082310565274441e-30,1
148.3,1,2,12.32,6,-25.0,-25.53,5.76,2.283,1.075,6.9,0.2279,16.759,2.436473899193994e-63,1
14.9,0,1,10.6,0,23.0,-10.88,0.615,0.0,1.809,7.24,0.2287,173.021,0.0,1
115.3,1,2,16.32,7,-6.6,-23.72,9.417,0.0,1.445,6.71,0.2344,21.289,7.111419402566512e-101,1
46.3,0,1,7.24,0,30.1,-17.43,0.0,0.0,1.232,6.8,0.2257,32.031,2.016474936050248e-225,1
83.2,1,1,21.84,8,-22.3,-37.2,7.913,0.0,1.213,8.57,0.2313,4.208,1.2868604826322192e-05,0
34.7,0,1,18.36,6,-17.1,-21.07,4.311,0.0,1.233,7.45,0.2297,15.78,2.128594117693773e-56,1
26.3,0,1,10.81,0,20.3,-15.76,1.063,0.0,1.434,6.43,0.2228,62.846,0.0,1
10.5,0,1,8.95,0,25.1,-10.25,0.0,0.0,1.922,6.58,0.2255,236.923,0.0,1
26.6,0,1,20.4,3,26.4,-20.19,5.293,0.0,1.705,6.97,0.2311,21.987,1.9064533292256663e-107,1
148.3,1,2,18.93,16,-23.6,-33.07,15.163,0.0,1.925,7.99,0.2486,5.359,4.191170355261487e-08,0
45.5,0,1,9.98,3,-5.2,-22.31,1.245,3.236,1.043,6.3,0.2215,11.637,1.3370330579249379e-31,1
83.2,1,1,8.53,5,12.0,-31.22,4.125,0.0,1.618,6.8,0.2274,12.209,1.386415354271104e-34,1
36.9,0,1,0.97,0,29.7,-15.33,0.0,0.0,1.065,6.35,0.2214,63.02,0.0,1
10.3,0,1,2.04,0,-14.5,-12.38,0.0,3.169,1.342,6.57,0.2231,128.92,0.0,1
124.7,1,2,1.35,1,9.0,-19.04,0.854,0.0,1.14,6.76,0.2214,33.687,4.422134374071155e-249,1
33.8,0,1,0.61,0,-20.7,-15.56,0.0,0.0,1.259,6.87,0.2208,62.276,0.0,1
124.7,1,2,3.82,2,18.6,-19.18,1.648,0.0,1.113,6.62,0.2242,30.281,1.0157516894759738e-201,1
164.9,1,2,21.43,20,-21.7,-38.53,20.594,3.135,1.504,8.18,0.2505,2.705,0.0034119576965350655,0
75.4,1,1,19.95,13,35.0,-39.17,11.536,0.0,1.785,6.55,0.2362,5.103,1.6704565390342156e-07,0
103.0,1,1,21.14,9,-24.0,-49.97,11.815,4.802,1.105,6.58,0.2314,0.968,0.1665218887522233,0
63.5,0,1,15.6,9,14.5,-30.44,7.377,0.0,1.063,6.58,0.2203,1.624,0.052142020993401136,0
61.9,0,1,15.6,6,20.5,-25.61,3.408,0.0,1.01,7.0,0.2318,4.211,1.2693180987026534e-05,0
39.5,0,1,3.1,1,-13.2,-22.34,0.761,4.389,1.459,6.86,0.2207,12.28,5.779106858239109e-35,1
131.1,1,2,17.47,10,-13.4,-23.33,8.558,0.0,1.035,7.03,0.2286,19.772,2.6144219268806444e-87,1
65.1,1,1,7.0,6,8.7,-29.13,5.296,0.0,1.229,6.99,0.2265,15.708,6.715190881819824e-56,1
46.6,0,1,12.98,3,11.0,-20.74,2.698,0.0,1.089,6.97,0.2254,17.969,1.7046894898489494e-72,1
5.4,0,1,23.87,1,16.8,-9.81,0.644,0.0,1.572,7.32,0.228,235.703,0.0,1
60.4,0,1,21.77,3,7.7,-27.62,4.462,0.0,1.034,7.26,0.2392,3.721,9.928885436109086e-05,0
83.2,1,1,5.83,2,-18.7,-27.56,0.807,0.0,1.215,6.59,0.221,19.059,2.7487750445435224e-81,1
46.3,0,1,18.42,8,30.1,-28.21,8.165,0.0,1.516,7.89,0.2456,2.987,0.0014064024222375084,0
32.8,0,1,2.6,0,-19.2,-15.42,0.0,1.001,1.069,6.57,0.2242,58.811,0.0,1
113.2,1,2,0.67,1,6.7,-18.34,0.694,0.0,1.536,6.33,0.221,37.091,1.976722901494114e-301,1
56.0,0,1,0.7,0,29.8,-19.25,0.0,0.0,1.335,6.04,0.22,20.345,2.5631771618565013e-92,1
147.0,1,2,4.26,3,29.3,-22.77,3.062,0.0,1.244,6.52,0.22,23.062,5.616259938145686e-118,1
23.5,0,1,17.37,3,-19.1,-16.99,3.098,0.0,1.389,7.63,0.2231,52.161,0.0,1
36.0,0,1,9.08,3,-14.5,-17.79,2.029,0.0,1.321,6.51,0.2328,34.947,7.221580195419328e-268,1
97.4,1,1,0.4,0,9.1,-30.02,0.0,0.0,1.079,6.38,0.2205,14.185,5.656915191762671e-46,1
22.5,0,1,24.7,3,-8.1,-12.79,1.524,0.0,1.111,6.53,0.2208,103.785,0.0,1
60.4,0,1,13.33,4,17.5,-26.29,3.726,0.0,1.064,7.08,0.2214,3.98,3.445986851598061e-05,0
88.9,1,1,9.85,8,4.0,-37.43,7.558,0.0,1.531,7.28,0.2245,5.536,1.5493553766296135e-08,0
61.2,0,1,12.97,6,-12.7,-26.56,5.28,0.0,1.086,6.86,0.2257,4.145,1.7005684133991825e-05,0
11.2,0,1,13.0,1,-3.3,-12.26,1.923,0.0,1.138,6.9,0.2201,158.934,0.0,1
26.6,0,1,11.76,2,14.9,-14.95,1.328,0.0,1.444,7.26,0.2214,75.039,0.0,1
113.2,1,2,15.32,10,21.0,-22.89,8.975,0.0,1.645,6.52,0.2356,22.361,4.719244281322211e-111,1
123.7,1,2,22.14,10,-6.0,-25.49,10.717,0.0,1.35,7.36,0.2398,13.174,6.160793883874839e-40,1
177.2,1,2,7.54,10,-23.2,-30.93,9.03,0.0,2.038,6.55,0.2245,9.883,2.4786938708022545e-23,1
45.4,0,1,12.17,3,-7.0,-23.03,4.349,0.0,1.873,7.04,0.2246,8.932,2.0866760964037294e-19,1
112.3,1,2,0.09,0,11.0,-16.58,0.0,0.0,1.311,6.75,0.2201,39.967,0.0,1
103.0,1,1,21.5,27,19.4,-51.73,17.851,0.0,1.293,6.25,0.2406,0.663,0.25362834095415077,0
89.4,1,1,7.65,3,27.2,-34.14,3.064,0.0,2.268,6.85,0.2235,9.33,5.291004762274107e-21,1
12.1,0,1,6.78,0,32.5,-10.54,0.0,0.0,1.09,6.25,0.2214,244.284,0.0,1
42.0,0,1,24.94,1,4.4,-21.15,1.842,0.0,1.053,8.14,0.2543,15.249,8.315062264942805e-53,1
192.4,1,2,14.61,14,27.2,-35.98,16.338,0.0,1.148,7.34,0.2225,4.28,9.344727086454602e-06,0
22.8,0,1,3.08,0,-13.0,-12.73,0.0,0.0,1.464,6.89,0.2241,135.969,0.0,1
52.3,0,1,6.64,2,6.4,-22.95,2.843,0.0,1.874,6.33,0.2256,9.624,3.154771178505016e-22,1
83.5,1,1,8.83,2,5.1,-29.91,1.588,0.0,1.566,6.59,0.2262,14.278,1.5080158766667384e-46,1
177.2,1,2,24.65,29,20.0,-38.54,22.251,0.0,2.106,7.04,0.2295,3.646,0.00013333845103395505,0
131.1,1,2,10.77,4,20.3,-23.67,4.629,0.0,1.053,7.65,0.2313,19.569,1.4318177866696352e-85,1
24.4,0,1,5.75,0,-11.5,-12.76,0.54,0.0,1.147,6.37,0.2245,100.505,0.0,1
93.8,1,1,14.24,10,27.6,-37.02,7.853,0.0,1.126,7.15,0.2222,5.791,3.49197076576635e-09,0
10.6,0,1,10.12,0,27.9,-8.93,0.0,0.0,1.059,6.91,0.2325,251.659,0.0,1
169.2,1,2,1.37,1,31.6,-23.68,0.271,0.0,1.462,6.56,0.2214,21.66,2.4622539959957156e-104,1
135.2,1,2,21.52,27,-0.3,-34.85,22.037,0.0,1.081,7.17,0.2449,5.826,2.8348242513487644e-09,0
28.5,0,1,0.39,0,34.2,-14.23,0.0,0.0,1.118,6.76,0.2201,97.987,0.0,1
56.0,0,1,22.46,10,21.0,-29.48,7.981,0.0,1.315,8.11,0.2308,1.884,0.02975420551537585,0
152.9,1,2,19.8,17,12.5,-32.7,16.679,0.0,1.142,7.3,0.2298,6.355,1.0396124195902544e-10,0
45.5,0,1,1.9,0,-1.9,-17.48,0.0,0.0,1.093,6.79,0.2205,29.497,1.5897911984596815e-191,1
96.0,1,1,18.09,10,24.8,-45.64,11.588,0.0,1.152,8.19,0.2439,1.492,0.06778767267458048,0
30.6,0,1,19.27,1,19.7,-14.33,0.716,0.0,1.144,8.21,0.2306,80.639,0.0,1
135.8,1,2,15.06,18,8.1,-29.8,18.284,0.0,1.075,6.96,0.2269,9.472,1.371861567521901e-21,1
145.8,1,2,14.44,8,34.8,-26.3,9.743,0.0,1.767,8.05,0.2303,12.36,2.1635595727657653e-35,1
95.8,1,1,1.24,0,-13.8,-29.3,0.483,0.0,1.481,6.54,0.2221,13.846,6.740411334124904e-44,1
135.5,1,2,1.49,0,11.7,-19.73,0.0,0.0,1.056,6.26,0.2208,30.518,7.535094045485952e-205,1
12.3,0,1,18.18,2,-9.1,-18.48,1.758,4.018,1.969,6.11,0.2455,30.49,1.772163282437354e-204,1
23.2,0,1,2.64,0,-0.2,-13.34,0.0,0.0,2.593,6.8,0.2237,100.256,0.0,1
57.0,0,1,6.05,3,-8.0,-22.56,1.595,0.0,1.441,7.03,0.2231,10.263,5.184844307108036e-25,1
147.0,1,2,12.47,14,-8.3,-30.02,15.96,0.0,1.238,7.27,0.2313,8.62,3.3407984778126318e-18,1
45.4,0,1,4.1,1,-5.5,-20.77,0.63,1.986,1.631,6.34,0.2241,16.528,1.1582854172647692e-61,1
112.4,1,2,19.75,5,-26.3,-20.51,5.558,0.0,1.121,6.86,0.229,27.264,5.650821008683344e-164,1
106.3,1,1,20.18,3,-27.4,-45.4,6.617,1.439,1.884,7.01,0.2506,2.016,0.021913460571622367,0
27.5,0,1,21.05,4,17.1,-17.73,4.002,0.0,1.004,6.99,0.2388,29.653,1.5681868935730388e-193,1
21.5,0,1,1.24,0,-9.8,-12.41,0.0,0.0,1.653,6.83,0.2215,130.041,0.0,1
88.9,1,1,10.7,6,-28.6,-35.22,4.59,0.0,1.047,6.73,0.2317,7.804,2.9963717790003147e-15,1
64.6,0,1,21.17,9,-24.7,-33.52,8.716,0.0,1.533,7.14,0.2276,0.825,0.20469540553750504,0
169.8,1,2,9.08,6,-17.3,-26.0,3.526,0.0,1.241,6.83,0.2284,14.073,2.7803433241360092e-45,1
32.9,0,1,17.4,1,-26.9,-17.37,0.594,0.0,1.822,8.34,0.2431,41.139,0.0,1
23.1,0,1,14.73,1,31.5,-16.34,1.373,0.0,2.98,6.85,0.2368,51.315,0.0,1
59.1,0,1,8.68,2,6.9,-25.88,3.611,0.0,1.252,6.37,0.226,5.696,6.148377351980744e-09,0
17.6,0,1,6.91,0,-4.4,-11.26,0.0,0.0,1.3,6.83,0.2257,180.518,0.0,1
52.0,0,1,16.32,4,4.6,-22.49,2.914,0.0,1.224,7.53,0.2357,11.262,1.016003995291021e-29,1
113.2,1,2,3.34,2,-22.7,-17.04,2.135,0.0,1.239,6.71,0.2223,34.642,2.9503891885204387e-263,1
75.5,1,1,21.5,3,15.6,-30.13,2.298,0.0,1.408,7.63,0.2307,13.19,4.985009588065271e-40,1
181.8,1,2,14.41,23,33.0,-36.81,19.567,0.0,1.746,7.41,0.2297,3.845,6.029600944115087e-05,0
102.0,1,1,2.79,4,-21.5,-34.4,2.473,0.0,1.587,6.29,0.2246,9.261,1.0110002610905614e-20,1
123.7,1,2,17.59,7,-20.1,-24.75,8.326,0.0,1.107,7.71,0.2389,15.618,2.752101391463671e-55,1
69.2,1,1,10.78,3,10.9,-27.78,2.18,0.0,1.44,6.71,0.2222,19.822,9.527602406440499e-88,1
106.3,1,1,5.1,1,-20.1,-36.25,3.575,0.0,1.013,6.25,0.2214,7.219,2.619687804340192e-13,1
112.4,1,2,24.03,9,-21.8,-24.53,10.301,0.0,1.422,6.93,0.2254,19.308,2.2846824323188884e-83,1
10.3,0,1,17.99,1,13.6,-11.9,1.284,0.0,2.163,6.54,0.2438,154.78,0.0,1
22.8,0,1,14.82,2,10.2,-14.15,1.007,0.0,2.202,6.15,0.2232,81.029,0.0,1
27.5,0,1,21.22,3,-15.8,-21.58,2.331,4.742,1.257,6.86,0.2347,17.604,1.1385907193373068e-69,1
79.8,1,1,13.6,6,23.5,-31.75,3.496,0.0,1.502,6.56,0.2331,12.46,6.133812022578487e-36,1
88.9,1,1,11.04,8,-23.2,-39.1,6.091,3.164,1.601,6.76,0.2339,4.627,1.8591488903031796e-06,0
71.8,1,1,4.74,0,-8.4,-28.31,0.0,4.383,1.222,6.75,0.2225,16.419,7.03874981529409e-61,1
89.4,1,1,3.83,0,18.0,-28.67,1.796,0.0,1.339,6.73,0.2213,15.393,9.111000511202871e-54,1
12.1,0,1,10.8,1,9.9,-10.74,1.077,0.0,1.609,7.09,0.2217,167.336,0.0,1
22.8,0,1,11.4,1,9.0,-13.29,0.526,0.0,1.385,6.61,0.2214,94.963,0.0,1
198.3,1,2,18.33,16,14.6,-36.58,13.075,0.0,1.433,8.3,0.2242,3.521,0.0002147014954568364,0
142.3,1,2,11.05,3,12.0,-22.99,2.204,0.0,1.473,7.14,0.2314,20.433,4.2508987055385336e-93,1
12.3,0,1,14.83,1,26.8,-10.77,0.517,0.0,1.033,7.49,0.2215,219.356,0.0,1
30.6,0,1,20.81,4,7.0,-16.45,3.181,0.0,1.652,7.5,0.2403,37.877,0.0,1
27.5,0,1,24.83,2,-3.9,-16.15,1.649,0.0,1.083,8.8,0.2521,51.388,0.0,1
71.8,1,1,8.06,3,19.8,-27.08,2.666,0.0,1.548,7.22,0.2263,17.62,8.609382527508787e-70,1
126.5,1,2,22.55,17,-13.1,-27.92,15.566,0.0,1.225,8.22,0.2521,8.853,4.2470118007320087e-19,1
91.3,1,1,20.15,5,19.4,-31.91,3.23,0.0,1.052,7.14,0.234,9.942,1.362012984441573e-23,1
134.9,1,2,1.7,2,-11.8,-20.9,1.37,0.0,1.275,6.6,0.2214,28.991,4.261496466657878e-185,1
89.4,1,1,8.35,7,1.2,-34.81,5.865,0.0,1.335,6.88,0.222,7.684,7.722233775879219e-15,1
192.4,1,2,5.48,2,18.0,-28.27,1.149,0.0,1.696,6.36,0.2252,12.7,2.9669506384427795e-37,1
83.2,1,1,16.61,16,10.8,-40.98,12.422,0.0,1.234,7.85,0.239,2.949,0.0015952444290248382,0
10.3,0,1,13.88,0,-24.4,-12.42,0.461,3.33,1.013,7.81,0.2247,122.082,0.0,1
65.4,1,1,12.37,1,-1.0,-24.24,0.665,0.0,1.24,7.13,0.2314,24.76,1.2199498211282453e-135,1
164.9,1,2,19.09,14,22.8,-32.01,12.453,0.0,1.399,6.64,0.2319,7.4,6.806172846447813e-14,1
108.6,1,1,8.33,2,34.8,-36.14,0.957,0.0,1.122,6.73,0.2323,7.28,1.664097555834449e-13,1
75.4,1,1,9.57,5,0.3,-29.7,3.548,0.0,1.195,6.85,0.2211,15.546,8.458173774066963e-55,1
98.6,1,1,21.64,7,-24.4,-41.91,8.354,1.235,1.076,8.17,0.2332,2.489,0.006408435525253724,0
30.1,0,1,24.31,0,-6.2,-20.2,1.351,2.868,1.912,6.65,0.2352,21.548,2.7799980004595523e-103,1
91.7,1,1,19.41,19,1.8,-48.98,18.348,0.0,1.272,6.83,0.2336,1.143,0.12642867483006304,0
123.5,1,2,5.43,3,-25.2,-19.28,1.871,0.0,1.07,7.08,0.223,29.217,5.83415986656704e-188,1
115.3,1,2,2.82,1,26.2,-17.39,1.642,0.0,1.349,6.74,0.2212,37.282,1.5840131178433893e-304,1
112.3,1,2,5.23,5,5.0,-19.43,3.995,0.0,1.494,6.58,0.2228,33.032,1.397385893240464e-239,1
33.4,0,1,10.57,3,-3.0,-18.31,3.461,0.0,1.321,6.22,0.2226,26.51,3.708070821367862e-155,1
33.5,0,1,5.92,0,-4.2,-14.88,0.817,0.0,1.163,6.49,0.2212,59.922,0.0,1
26.3,0,1,22.53,2,-28.2,-19.02,1.779,0.0,2.3,7.32,0.2507,30.569,1.5905675684129368e-205,1
51.0,0,1,16.77,8,3.7,-28.56,6.745,0.0,1.967,7.61,0.2327,3.064,0.001090721156314895,0
10.3,0,1,10.42,2,0.9,-11.39,1.268,0.0,1.406,6.81,0.2322,158.529,0.0,1
135.5,1,2,6.85,7,-7.5,-22.98,4.973,0.0,1.704,6.7,0.2237,21.807,9.953576647745975e-106,1
76.0,1,1,9.52,5,12.8,-31.87,5.481,0.0,1.259,7.18,0.2333,11.439,1.3333863010576671e-30,1
96.0,1,1,11.9,5,-3.3,-38.99,6.886,0.0,1.735,6.18,0.2346,5.016,2.639231313868968e-07,0
83.2,1,1,17.85,1,7.2,-31.27,0.961,0.0,1.093,7.22,0.2457,12.296,4.785592523629826e-35,1
67.2,1,1,2.23,2,27.5,-25.58,1.424,0.0,1.212,6.91,0.2226,23.895,1.7123572196879117e-126,1
91.3,1,1,21.22,7,-6.3,-40.18,6.32,0.0,1.072,8.04,0.2429,3.714,0.00010195065608372326,0
39.5,0,1,3.19,0,-4.1,-15.43,0.0,0.0,1.082,6.81,0.2229,51.4,0.0,1
88.9,1,1,6.56,5,26.3,-32.69,4.049,0.0,1.074,7.04,0.2278,9.662,2.184699672940733e-22,1
103.0,1,1,24.84,10,-6.7,-42.8,8.473,0.0,1.058,8.37,0.2319,2.153,0.015674200835000568,0
32.5,0,1,4.76,0,-1.4,-14.63,0.0,0.0,1.267,7.16,0.2205,69.593,0.0,1
148.1,1,2,2.53,4,22.1,-24.05,2.803,0.0,1.136,6.82,0.2214,21.245,1.8433944869004956e-100,1
16.5,0,1,15.96,0,8.5,-12.07,0.0,0.0,1.092,7.27,0.2385,150.77,0.0,1
5.9,0,1,9.83,0,30.7,-6.91,0.0,0.0,1.163,6.61,0.2216,395.482,0.0,1
180.4,1,2,2.3,2,0.6,-25.24,1.429,0.0,1.008,6.24,0.2231,17.728,1.2725023885743505e-70,1
75.4,1,1,0.09,1,1.1,-27.0,0.362,0.0,1.654,6.06,0.2201,23.229,1.1543055521437019e-119,1
125.5,1,2,1.98,2,-27.2,-21.53,1.945,3.415,1.346,6.92,0.2229,24.822,2.61171899698579e-136,1
101.9,1,1,13.07,4,-17.2,-37.79,3.842,0.0,1.235,7.31,0.2303,4.905,4.665780740209286e-07,0
46.6,0,1,5.77,1,5.1,-18.14,0.985,0.0,1.427,6.54,0.2273,27.708,2.783471764392705e-169,1
136.4,1,2,19.44,4,-17.8,-26.94,6.13,0.0,1.288,6.73,0.2494,14.337,6.401569131575575e-47,1
46.1,0,1,21.44,2,-0.5,-21.14,2.497,0.0,1.171,7.68,0.246,12.535,2.4147485896877597e-36,1
67.2,1,1,3.62,1,-11.6,-27.3,1.483,2.71,1.394,6.13,0.225,19.494,6.12378992479202e-85,1
88.9,1,1,8.43,0,-28.6,-31.72,0.0,2.629,1.036,6.91,0.231,10.863,8.684029595227565e-28,1
74.0,1,1,3.66,0,0.9,-25.19,0.0,0.0,1.285,6.24,0.2225,26.22,7.91139600330306e-152,1
103.0,1,1,7.17,2,12.0,-35.65,1.931,0.0,1.546,7.38,0.2238,7.125,5.192127216818124e-13,1
152.9,1,2,5.98,10,-8.0,-25.33,5.247,0.0,1.247,6.9,0.2252,16.506,1.6506595214041222e-61,1
56.6,0,1,19.67,3,20.5,-25.15,3.051,0.0,1.595,7.38,0.2261,5.662,7.478346206496078e-09,0
16.3,0,1,8.64,1,-20.5,-13.49,1.96,0.0,1.065,6.63,0.2261,116.517,0.0,1
42.0,0,1,12.39,1,-24.1,-18.25,0.538,0.0,1.233,7.03,0.2229,34.761,4.7866302920604617e-265,1
16.3,0,1,16.85,1,30.8,-12.74,1.968,0.0,1.905,7.66,0.2276,107.866,0.0,1
69.2,1,1,20.56,6,29.9,-30.27,6.94,0.0,1.117,8.18,0.2417,10.265,5.042347463935057e-25,1
91.7,1,1,7.53,5,-3.6,-32.26,3.088,0.0,1.413,6.83,0.2209,10.642,9.498624639069895e-27,1
5.4,0,1,5.23,1,-2.7,-7.37,0.439,0.0,1.249,6.35,0.2273,352.177,0.0,1
108.6,1,1,24.46,1,25.3,-42.51,6.929,0.0,1.207,7.4,0.2218,2.582,0.004913030256994174,0
10.3,0,1,8.0,1,4.5,-11.18,0.565,0.0,2.13,7.22,0.223,200.546,0.0,1
38.4,0,1,16.78,3,-22.4,-23.35,5.705,0.0,1.461,7.87,0.2446,8.397,2.2836675304043096e-17,1
102.0,1,1,16.95,6,-22.5,-44.02,6.672,2.565,1.105,8.08,0.2426,2.112,0.01732252318895314,0
145.8,1,2,12.85,1,-21.5,-22.5,1.4,0.0,1.064,7.03,0.2223,22.178,2.801316406886679e-109,1
24.4,0,1,5.71,1,20.7,-12.56,0.582,0.0,1.062,6.65,0.2275,110.196,0.0,1
15.0,0,1,3.54,0,9.1,-12.01,0.0,0.0,2.711,6.44,0.2245,162.593,0.0,1
9.4,0,1,12.18,2,-10.5,-10.12,0.961,0.0,1.255,7.31,0.229,203.214,0.0,1
22.8,0,1,12.77,3,-19.5,-14.89,2.104,0.0,1.155,7.1,0.237,66.917,0.0,1
10.5,0,1,19.33,1,-22.0,-10.52,0.731,0.0,1.018,7.35,0.2345,181.664,0.0,1
180.4,1,2,17.75,26,18.2,-36.53,22.458,0.0,1.086,7.43,0.2239,3.682,0.0001159238094195732,0
19.5,0,1,22.8,0,27.6,-13.89,0.839,0.0,1.178,8.65,0.2277,102.466,0.0,1
83.5,1,1,24.27,20,4.5,-45.31,15.584,0.0,2.052,8.27,0.2321,1.62,0.052564620693141426,0
112.4,1,2,18.2,8,20.2,-21.61,5.962,0.0,1.298,7.96,0.2293,21.484,1.0951595105157578e-102,1
33.4,0,1,1.91,0,-11.6,-19.82,0.0,4.665,1.494,6.86,0.2224,20.825,1.2977019750720725e-96,1
11.2,0,1,10.13,1,8.1,-9.4,0.728,0.0,1.62,7.02,0.2233,222.312,0.0,1
10.3,0,1,15.22,0,-1.5,-9.93,0.0,0.0,1.149,7.03,0.2371,221.938,0.0,1
28.9,0,1,14.75,0,-24.3,-15.89,0.686,0.0,1.665,6.91,0.2327,58.853,0.0,1
59.1,0,1,4.54,1,1.7,-23.28,1.03,0.0,1.378,6.51,0.2241,10.282,4.244803059910379e-25,1
106.3,1,1,14.57,4,25.0,-41.36,5.452,0.0,1.333,6.52,0.2355,3.675,0.0001188580018998297,0
36.0,0,1,8.74,3,-26.6,-18.83,2.095,0.0,1.261,6.62,0.2309,31.256,9.376820231663428e-215,1
102.0,1,1,8.47,4,1.0,-37.27,4.701,0.0,1.214,7.4,0.2249,5.216,9.144926312177319e-08,0
81.1,1,1,20.85,12,26.8,-41.16,12.232,0.0,1.08,7.82,0.2414,3.034,0.0012073699347518768,0
35.8,0,1,10.55,0,21.4,-15.57,0.0,0.0,1.134,6.72,0.2207,68.176,0.0,1
46.9,0,1,13.18,0,2.1,-20.94,1.354,0.0,1.087,7.54,0.2352,15.03,2.3485773464158117e-51,1
6.0,0,1,14.07,1,-18.9,-10.07,0.999,0.0,1.659,6.39,0.2365,226.089,0.0,1
107.4,1,1,14.07,2,25.2,-36.53,0.994,0.0,1.195,6.85,0.2405,6.63,1.6745624558686763e-11,0
198.3,1,2,5.33,12,-20.0,-32.3,9.953,0.0,1.056,7.38,0.2218,6.915,2.3355230019445904e-12,1
46.9,0,1,14.99,0,-12.0,-18.03,0.225,0.0,1.067,7.53,0.2232,28.668,4.7262145838700976e-181,1
44.0,0,1,8.37,0,-21.9,-17.96,0.0,0.0,1.891,6.74,0.232,30.468,3.443162900692801e-204,1
22.2,0,1,16.38,1,-0.2,-15.99,1.6,0.0,1.14,6.56,0.2282,72.634,0.0,1
30.1,0,1,3.64,0,10.9,-13.17,0.0,0.0,1.065,6.43,0.2233,88.232,0.0,1
80.8,1,1,24.85,6,23.8,-37.05,5.965,0.0,1.283,7.04,0.2556,5.782,3.689896152744819e-09,0
152.9,1,2,19.3,4,-0.0,-25.84,2.746,0.0,1.357,7.23,0.2396,16.109,1.0989495499740305e-58,1
39.5,0,1,10.43,2,33.1,-18.65,1.639,0.0,1.565,6.47,0.2241,29.204,8.664770137842453e-188,1
102.0,1,1,7.53,1,8.7,-31.95,0.653,0.0,1.177,7.1,0.2214,9.411,2.449240419705195e-21,1
12.1,0,1,9.7,1,9.3,-10.34,0.423,0.0,1.048,7.04,0.225,186.782,0.0,1
28.5,0,1,18.03,2,-18.6,-19.79,1.511,2.987,1.442,8.31,0.2384,18.955,2.008075166003423e-80,1
67.2,1,1,16.39,9,-17.6,-31.94,6.949,0.0,1.204,7.37,0.2437,9.803,5.475543401058749e-23,1
169.2,1,2,17.55,14,7.5,-30.32,11.358,0.0,1.069,7.02,0.2217,9.587,4.539683320812587e-22,1
124.7,1,2,22.22,27,16.9,-31.36,23.299,0.0,2.241,7.27,0.2344,7.73,5.3876349479078614e-15,1
36.9,0,1,11.41,5,-16.7,-20.09,3.139,0.0,1.049,6.89,0.2341,20.215,3.622750616556087e-91,1
26.3,0,1,16.74,4,1.5,-17.46,3.203,0.0,1.861,7.71,0.2419,37.83,0.0,1
187.7,1,2,11.04,14,-6.8,-35.52,12.986,0.0,1.723,6.33,0.2343,5.161,1.231392403166361e-07,0
164.9,1,2,15.95,11,-1.5,-31.36,12.179,0.0,1.209,6.96,0.2386,8.242,8.492266758498458e-17,1
125.5,1,2,11.87,5,-15.6,-21.55,5.166,1.577,1.554,7.03,0.2236,22.049,4.929868111342424e-108,1
55.1,0,1,19.42,6,-20.9,-26.09,4.091,0.0,1.77,7.75,0.2306,5.017,2.6218824122342905e-07,0
131.1,1,2,0.13,0,-9.2,-20.21,0.0,0.829,1.067,6.96,0.2203,29.576,1.539497659791367e-192,1
32.8,0,1,5.39,2,26.5,-16.15,1.352,0.0,1.389,6.51,0.2211,51.477,0.0,1
42.0,0,1,7.41,1,22.3,-17.58,0.51,0.0,1.328,6.17,0.2244,34.588,1.9246749690668067e-262,1
38.4,0,1,23.63,7,-23.4,-23.23,7.284,0.0,1.502,7.7,0.228,7.537,2.4113702874510415e-14,1
7.1,0,1,12.68,0,-24.3,-11.78,0.0,2.41,1.442,6.76,0.2261,167.55,0.0,1
49.7,0,1,9.11,1,2.0,-18.87,0.383,0.0,1.595,7.46,0.2309,17.339,1.19265066140902e-67,1
12.3,0,1,10.11,1,-12.0,-13.41,1.351,0.0,2.428,6.69,0.2306,122.184,0.0,1
135.8,1,2,11.3,2,23.5,-22.07,3.675,0.0,1.226,6.84,0.2201,23.258,5.893512165577575e-120,1
20.4,0,1,21.7,0,1.6,-12.14,0.0,0.0,1.066,7.17,0.2504,105.543,0.0,1
75.5,1,1,24.06,4,25.4,-32.8,4.163,0.0,1.215,7.58,0.239,9.775,7.235641327153828e-23,1
43.9,0,1,21.1,3,-23.0,-21.91,3.38,0.0,1.024,6.7,0.2412,11.561,3.256270235190376e-31,1
135.2,1,2,21.04,20,33.1,-32.14,16.545,0.0,1.096,6.9,0.2396,7.761,4.214209502931666e-15,1
12.3,0,1,4.98,1,19.9,-10.78,0.506,0.0,1.39,6.56,0.2205,200.025,0.0,1
22.8,0,1,6.72,2,17.6,-13.39,1.626,0.0,1.798,6.55,0.229,91.646,0.0,1
42.6,0,1,14.9,1,31.1,-20.71,1.634,0.0,1.484,7.49,0.2353,19.925,1.2273799919772391e-88,1
141.4,1,2,16.4,21,0.6,-30.29,15.964,0.0,1.736,7.82,0.2263,8.298,5.278749115191641e-17,1
36.9,0,1,5.07,1,-20.3,-16.83,1.938,0.0,1.372,6.27,0.2211,41.176,0.0,1
91.0,1,1,18.66,8,2.3,-41.62,9.901,0.0,1.133,7.67,0.2478,2.688,0.0035981274231076657,0
14.1,0,1,5.0,1,23.0,-10.94,0.453,0.0,1.195,6.81,0.227,173.945,0.0,1
28.9,0,1,6.58,0,25.9,-14.05,0.0,0.0,1.822,6.98,0.2271,81.291,0.0,1
91.3,1,1,7.67,8,1.8,-35.85,7.1,0.0,1.125,7.32,0.2262,6.083,5.881062124686899e-10,0
50.5,0,1,21.15,5,17.6,-24.36,3.769,0.0,1.281,7.25,0.2388,6.066,6.539073163252378e-10,0
32.8,0,1,18.3,1,-13.9,-20.12,0.473,1.828,3.082,7.57,0.2338,19.537,2.6526080423072534e-85,1
78.5,1,1,13.27,7,-15.0,-37.4,4.45,3.684,2.947,7.05,0.2374,5.845,2.5402877772539363e-09,0
119.5,1,2,20.49,6,8.1,-23.38,5.775,0.0,1.591,7.22,0.2428,21.068,7.862967850346073e-99,1
76.8,1,1,20.32,2,-2.6,-29.85,1.486,0.0,1.778,7.81,0.2222,12.977,8.209436072828426e-39,1
56.0,0,1,9.75,2,-19.5,-23.59,1.384,1.119,1.058,6.27,0.2252,8.791,7.417256431287847e-19,1
71.8,1,1,19.54,5,19.5,-32.54,5.371,0.0,1.182,7.14,0.2412,9.71,1.3609872126082456e-22,1
55.1,0,1,5.16,0,4.6,-22.07,0.895,0.0,1.795,6.43,0.2276,11.641,1.272687661279677e-31,1
56.6,0,1,12.58,0,3.8,-23.54,1.42,0.0,1.537,7.62,0.2343,8.274,6.484438550637966e-17,1
61.9,0,1,2.96,1,-17.7,-25.33,0.506,4.204,1.337,6.58,0.2226,4.981,3.158804933468474e-07,0
93.8,1,1,10.67,4,-14.3,-34.77,4.584,0.0,1.403,6.58,0.2326,7.772,3.8604394996554636e-15,1
56.9,0,1,13.01,2,15.0,-23.79,3.109,0.0,1.018,7.84,0.2341,7.051,8.870225654253551e-13,1
119.5,1,2,2.0,0,25.4,-18.76,0.609,0.0,1.347,6.52,0.2221,34.272,1.016659204365352e-257,1
35.8,0,1,11.57,2,-18.5,-16.83,1.303,0.0,1.496,6.62,0.2368,33.962,4.044834431439579e-253,1
135.5,1,2,16.29,5,22.8,-24.82,4.68,0.0,1.079,6.67,0.2351,17.804,3.28252780793057e-71,1
60.4,0,1,15.35,3,21.2,-26.33,2.809,0.0,1.111,7.46,0.2319,5.158,1.2448297758489593e-07,0
11.4,0,1,1.36,0,23.0,-9.27,0.0,0.0,1.575,6.66,0.2215,225.685,0.0,1
131.1,1,2,2.38,1,7.8,-19.47,2.029,0.0,1.178,6.9,0.2232,28.695,2.2156441635272438e-181,1
125.2,1,2,8.78,4,-7.1,-22.37,2.119,4.249,1.967,6.92,0.2284,21.927,7.146954973048066e-107,1
16.3,0,1,21.07,0,20.1,-11.18,0.0,0.0,1.164,6.52,0.2206,159.048,0.0,1
96.0,1,1,21.74,2,1.2,-31.94,1.649,0.0,1.136,8.14,0.2224,9.62,3.280131215745351e-22,1
131.1,1,2,7.74,4,-15.6,-23.28,4.293,2.51,1.199,7.41,0.23,19.261,5.6713237559516654e-83,1
108.9,1,1,17.97,1,-3.8,-37.76,2.924,0.0,1.128,6.47,0.2337,5.543,1.4846051564453072e-08,0
169.8,1,2,14.43,11,-0.2,-31.84,11.65,0.0,1.059,6.93,0.2414,7.924,1.1517105057660812e-15,1
79.8,1,1,24.59,9,2.8,-39.91,12.145,0.0,1.26,8.13,0.228,3.802,7.18229466225077e-05,0
76.0,1,1,2.37,0,28.3,-26.09,0.0,0.0,2.264,6.85,0.2225,20.829,1.1800352905413783e-96,1
103.0,1,1,13.7,4,-3.3,-36.51,4.888,0.0,1.234,7.37,0.2287,5.469,2.2580636840622528e-08,0
181.8,1,2,14.81,26,-11.5,-35.39,20.851,0.0,1.206,7.12,0.2207,4.471,3.888291207790537e-06,0
159.0,1,2,7.69,3,32.6,-25.09,2.588,0.0,1.065,6.86,0.2242,17.896,6.330042949182676e-72,1
12.1,0,1,1.17,0,-14.3,-9.61,0.0,0.0,1.234,6.24,0.2206,246.728,0.0,1
45.1,0,1,1.3,0,-29.3,-21.77,0.264,3.69,1.064,6.28,0.2216,15.75,3.4404829963219574e-56,1
76.0,1,1,11.34,4,25.2,-29.29,2.849,0.0,1.326,7.73,0.2348,12.323,3.4044075379391934e-35,1
74.0,1,1,17.31,10,32.0,-36.16,10.291,0.0,1.029,7.71,0.2458,5.609,1.0160566348342518e-08,0
78.8,1,1,17.5,3,14.3,-29.55,1.864,0.0,1.123,7.17,0.2345,14.844,3.822554772493839e-50,1
88.9,1,1,4.52,0,-3.5,-29.09,0.0,0.0,1.741,7.06,0.2264,14.319,8.363842376876863e-47,1
23.1,0,1,21.45,2,5.3,-15.04,0.988,0.0,1.291,6.35,0.2481,70.494,0.0,1
119.5,1,2,9.43,15,24.1,-26.38,13.478,0.0,1.726,7.39,0.2228,14.939,9.186528316682847e-51,1
45.1,0,1,24.11,2,27.5,-21.81,2.443,0.0,1.184,8.37,0.221,13.751,2.517373631960685e-43,1
28.5,0,1,2.95,0,-23.3,-13.32,0.0,0.0,1.01,6.75,0.2243,93.129,0.0,1
119.5,1,2,20.91,7,26.4,-22.3,5.956,0.0,1.428,7.83,0.238,21.572,1.6609516683220338e-103,1
47.0,0,1,22.71,7,10.1,-25.37,4.048,0.0,1.109,8.13,0.2465,5.958,1.27589177509858e-09,0
90.9,1,1,20.57,11,-27.9,-41.37,11.204,0.0,1.025,7.53,0.2405,2.803,0.0025347529945684804,0
91.3,1,1,20.22,9,-22.9,-37.93,7.205,0.0,1.134,8.07,0.2273,4.476,3.8059131818300924e-06,0
43.9,0,1,9.03,2,-27.0,-23.97,3.437,2.807,1.938,6.53,0.2267,7.966,8.18293325166072e-16,1
14.9,0,1,17.83,2,31.7,-12.58,1.428,0.0,1.086,7.17,0.2294,123.966,0.0,1
10.6,0,1,14.48,0,-2.3,-10.71,0.0,0.0,1.909,6.4,0.2351,194.249,0.0,1
56.0,0,1,10.61,8,16.5,-26.04,6.13,0.0,1.274,7.36,0.2209,5.128,1.463419701551684e-07,0
55.1,0,1,24.83,7,-29.9,-27.64,6.286,0.0,1.073,6.64,0.2372,3.497,0.00023548327855921352,0
89.4,1,1,7.26,2,21.6,-30.75,1.401,0.0,1.432,6.92,0.2227,13.164,7.115580567261023e-40,1
9.4,0,1,10.33,0,1.3,-10.15,0.125,0.0,1.542,6.81,0.231,238.15,0.0,1
58.1,0,1,22.57,12,30.0,-32.52,8.62,0.0,1.381,6.59,0.2357,1.052,0.14645520817024987,0
33.4,0,1,7.23,5,3.9,-17.8,2.593,0.0,1.249,6.71,0.2276,32.508,4.1077774954350665e-232,1
142.3,1,2,3.82,4,21.3,-22.49,4.145,0.0,1.225,6.26,0.2245,24.704,4.86304164986685e-135,1
21.7,0,1,7.75,1,10.9,-11.27,0.378,0.0,1.223,6.76,0.2289,134.213,0.0,1
22.2,0,1,18.98,1,3.8,-16.32,2.959,0.0,1.193,6.65,0.2463,50.026,0.0,1
86.6,1,1,21.5,16,31.6,-44.77,14.566,0.0,1.248,7.16,0.2232,2.196,0.014041167162694606,0
146.9,1,2,2.86,0,2.2,-20.84,0.0,0.0,1.471,6.3,0.2204,28.179,5.220582386342658e-175,1
97.4,1,1,15.54,3,28.0,-38.6,6.434,0.0,1.054,7.84,0.2254,4.855,6.028710658884534e-07,0
33.4,0,1,14.18,7,-27.7,-20.09,4.104,0.0,1.087,6.83,0.2302,22.38,3.071277691552334e-111,1
63.5,0,1,16.72,0,12.7,-25.64,0.957,0.0,1.037,8.13,0.2325,5.718,5.398572652272007e-09,0
34.6,0,1,16.78,5,29.3,-19.49,3.323,0.0,1.27,6.87,0.2426,26.042,8.221228972957712e-150,1
55.1,0,1,23.99,4,28.5,-25.51,2.558,0.0,1.284,6.82,0.2555,5.525,1.6498813298536998e-08,0
45.0,0,1,8.66,1,1.5,-17.64,0.594,0.0,1.061,6.95,0.2244,31.145,2.95057335804963e-213,1
56.0,0,1,7.49,0,0.7,-22.63,0.887,0.0,1.344,7.01,0.2307,11.973,2.4466046793809276e-33,1
10.3,0,1,14.53,0,22.7,-9.2,0.0,0.0,1.163,6.75,0.2255,226.549,0.0,1
71.8,1,1,10.74,7,-8.2,-33.8,7.121,1.542,1.546,7.04,0.2231,9.716,1.282605516135998e-22,1
33.8,0,1,11.84,0,30.9,-13.17,0.0,0.0,1.036,6.98,0.2323,80.874,0.0,1
91.3,1,1,1.73,0,-13.7,-27.34,0.0,0.0,1.176,7.06,0.2213,16.098,1.3267838283714606e-58,1
9.4,0,1,3.71,0,-25.2,-8.73,0.0,0.0,1.133,6.43,0.2249,307.099,0.0,1
102.0,1,1,23.38,20,20.2,-53.72,17.355,0.0,1.039,7.7,0.2518,0.473,0.3180987017308501,0
46.6,0,1,1.71,0,-3.7,-17.96,0.0,0.0,1.265,7.11,0.2215,29.899,1.0122200499412184e-196,1
79.8,1,1,14.75,6,-6.9,-34.42,5.805,0.0,1.209,7.3,0.2394,7.69,7.369480875608111e-15,1
113.2,1,2,18.86,9,-9.1,-22.54,7.192,0.0,1.073,7.1,0.2291,22.366,4.22933553784846e-111,1
34.7,0,1,0.3,0,33.7,-13.63,0.0,0.0,1.022,6.14,0.22,87.696,0.0,1
46.1,0,1,5.57,0,7.2,-17.74,0.0,0.0,1.505,6.24,0.2246,29.812,1.3681701552832273e-195,1
125.2,1,2,9.43,0,34.5,-20.59,0.0,0.0,1.207,6.27,0.2336,30.082,4.1344759002607615e-199,1
8.1,0,1,12.67,0,-7.7,-8.71,0.0,0.0,1.249,7.16,0.2319,260.463,0.0,1
33.5,0,1,8.54,3,-3.1,-17.07,1.8,0.0,1.61,7.52,0.2294,43.461,0.0,1
102.0,1,1,16.22,14,-16.2,-43.25,8.62,0.0,1.483,7.82,0.2425,2.431,0.007537984416688131,0
27.5,0,1,5.66,1,-2.0,-14.96,1.033,0.0,2.078,7.12,0.2266,59.013,0.0,1
39.5,0,1,0.64,0,-26.0,-16.2,0.0,0.0,1.164,6.35,0.2211,55.144,0.0,1
49.7,0,1,0.04,0,-30.0,-18.5,0.0,0.0,1.082,6.76,0.2206,30.024,2.389074134434084e-198,1
14.9,0,1,8.64,1,-0.6,-12.85,0.952,0.0,1.503,6.32,0.2243,126.604,0.0,1
106.3,1,1,9.04,8,18.5,-41.66,8.425,0.0,1.235,7.05,0.2279,3.28,0.0005190497376576561,0
171.3,1,2,23.72,24,-1.6,-40.24,22.237,0.0,1.077,6.5,0.2515,2.938,0.0016501866059568902,0
22.5,0,1,1.12,0,3.7,-11.88,0.0,0.0,1.064,6.08,0.2207,153.271,0.0,1
91.3,1,1,13.25,6,-1.0,-35.32,5.33,0.0,1.239,6.82,0.2364,6.633,1.6460701119468043e-11,0
90.9,1,1,14.45,9,4.2,-36.11,5.844,0.0,1.037,6.44,0.2358,6.725,8.760659400936121e-12,1
42.6,0,1,17.48,4,20.4,-24.61,3.956,0.0,2.78,6.78,0.2287,8.262,7.147801373858034e-17,1
124.7,1,2,15.97,13,22.2,-26.21,13.201,0.0,1.092,7.11,0.2355,15.625,2.4690907434639744e-55,1
11.2,0,1,0.2,0,24.5,-10.08,0.0,0.0,1.859,6.08,0.2201,239.219,0.0,1
56.4,0,1,15.8,10,-16.2,-27.86,7.718,0.0,1.095,7.03,0.2286,2.8,0.0025528940660397292,0
67.2,1,1,8.06,1,-0.2,-24.3,1.01,0.0,1.301,6.85,0.2284,25.512,7.273235173374881e-144,1
131.8,1,2,19.32,12,24.0,-27.47,10.921,0.0,1.33,8.47,0.2245,11.68,8.103305904284218e-32,1
20.4,0,1,4.71,0,31.2,-12.55,0.621,0.0,1.792,6.81,0.2247,109.073,0.0,1
76.0,1,1,17.91,12,5.3,-38.65,11.991,0.0,1.37,7.36,0.2241,4.385,5.79861769569915e-06,0
52.5,0,1,15.64,5,2.0,-23.59,3.012,0.0,1.805,7.11,0.2315,7.835,2.3412999176200023e-15,1
58.1,0,1,16.31,3,19.7,-24.05,2.131,0.0,1.348,7.16,0.2386,7.04,9.646430046698487e-13,1
158.9,1,2,4.4,5,34.5,-26.31,3.191,0.0,1.249,7.16,0.2244,15.019,2.7415598665925977e-51,1
98.6,1,1,16.73,13,-2.3,-39.18,8.193,0.0,1.431,6.39,0.2296,4.699,1.306370957899299e-06,0
34.9,0,1,18.42,9,-19.3,-22.1,5.534,0.0,1.281,7.95,0.2328,14.613,1.1591034852480238e-48,1
158.9,1,2,12.24,0,24.2,-24.86,0.526,0.0,1.121,7.59,0.2245,17.243,6.36183309288262e-67,1
23.1,0,1,8.51,0,16.2,-14.43,1.769,0.0,1.818,6.85,0.2253,76.424,0.0,1
96.0,1,1,4.16,4,-20.6,-34.65,2.123,0.858,2.026,6.43,0.2261,9.059,6.596944493310868e-20,1
47.0,0,1,7.25,3,-9.0,-22.04,2.565,0.0,1.617,6.5,0.2293,13.342,6.62368388950833e-41,1
58.1,0,1,19.1,5,6.0,-24.32,3.542,0.0,1.08,6.98,0.2228,7.024,1.078374946876757e-12,1
152.9,1,2,10.24,4,17.5,-24.66,3.598,0.0,1.416,6.81,0.2228,17.602,1.1937379239010938e-69,1
55.1,0,1,17.57,11,20.7,-27.11,8.066,0.0,1.883,7.83,0.221,2.523,0.005825153099576675,0
23.5,0,1,18.5,0,-19.9,-12.44,0.0,0.0,1.316,7.57,0.2319,101.988,0.0,1
14.9,0,1,16.85,3,-15.9,-17.82,1.931,4.497,1.395,6.56,0.2413,42.091,0.0,1
49.7,0,1,16.84,1,18.4,-22.94,1.183,0.0,2.79,7.94,0.2346,9.964,1.0983554581964021e-23,1
135.5,1,2,15.27,29,-22.5,-31.03,20.826,0.0,1.21,7.75,0.2258,7.591,1.5881874752810092e-14,1
13.1,0,1,12.96,0,2.4,-9.92,0.0,0.0,1.211,6.98,0.2277,191.572,0.0,1
116.9,1,2,4.95,4,5.5,-20.02,4.171,0.0,1.591,6.5,0.2207,29.902,9.315615498241171e-197,1
22.5,0,1,21.07,2,-7.9,-17.79,3.191,1.288,1.149,7.07,0.2323,33.625,3.620887165518498e-248,1
63.5,0,1,24.11,3,21.8,-29.42,5.24,0.0,1.24,7.2,0.2335,2.075,0.019007090160200933,0
63.5,0,1,11.66,6,-26.4,-31.74,6.711,2.294,1.269,6.17,0.2252,1.243,0.10701394224645039,0
113.4,1,2,23.33,25,20.5,-29.17,21.463,0.0,1.186,7.8,0.2274,9.522,8.521213107412244e-22,1
34.7,0,1,24.95,9,12.0,-26.96,10.665,0.0,2.305,6.61,0.2281,3.524,0.0002126003672642083,0
26.3,0,1,12.15,0,3.0,-12.56,0.311,0.0,1.111,7.36,0.2226,108.178,0.0,1
137.8,1,2,18.11,3,26.7,-22.91,2.172,0.0,1.493,8.12,0.2237,20.42,5.582444937425439e-93,1
22.5,0,1,16.09,0,-16.9,-17.31,0.0,4.405,1.134,6.93,0.244,37.545,8.51170562251439e-309,1
22.2,0,1,5.93,0,22.1,-12.66,0.0,0.0,1.729,7.18,0.2258,117.736,0.0,1
86.6,1,1,1.18,0,-17.8,-31.41,0.701,2.82,1.609,6.78,0.2215,11.742,3.892587593021851e-32,1
10.5,0,1,11.33,0,34.4,-10.38,0.0,0.0,1.462,6.43,0.2267,221.304,0.0,1
19.5,0,1,19.68,3,-27.9,-17.26,3.36,0.0,1.605,7.59,0.2255,48.771,0.0,1
69.5,1,1,8.13,1,6.0,-24.98,0.359,0.0,1.969,6.75,0.2259,24.101,1.2309294803195228e-128,1
5.9,0,1,19.61,1,-19.1,-9.27,0.262,0.0,1.228,6.79,0.2314,233.137,0.0,1
83.2,1,1,16.37,9,-3.5,-36.3,7.975,0.0,1.342,7.12,0.226,6.758,7.003646167228893e-12,1
85.7,1,1,17.39,12,-20.4,-40.12,10.617,0.0,1.133,6.85,0.2402,3.871,5.415293876102356e-05,0
26.6,0,1,7.14,0,-17.4,-12.82,0.0,0.0,1.067,6.23,0.2229,101.14,0.0,1
78.6,1,1,11.75,0,-26.0,-30.1,0.351,2.218,1.507,7.07,0.2332,13.568,3.096939381252435e-42,1
122.3,1,2,4.54,0,-29.5,-19.02,0.627,0.0,1.229,6.61,0.2215,36.478,1.2500624579391484e-291,1
88.9,1,1,6.16,3,16.8,-33.64,3.314,0.0,1.118,6.81,0.2246,10.034,5.378266053668657e-24,1
60.4,0,1,2.25,1,-0.5,-23.3,1.492,0.0,2.32,6.98,0.2223,8.805,6.56986999173125e-19,1
108.6,1,1,3.17,2,-27.0,-36.06,0.977,0.0,2.228,6.47,0.2238,7.159,4.0734428665532314e-13,1
101.2,1,1,5.26,4,31.0,-36.94,4.085,0.0,1.538,6.94,0.2277,6.05,7.237964116318597e-10,0
10.3,0,1,14.51,0,13.3,-11.01,0.0,0.0,1.87,7.28,0.2298,177.777,0.0,1
108.6,1,1,11.03,6,-12.8,-38.78,4.996,0.0,1.472,7.17,0.2265,4.319,7.847267612243671e-06,0
145.8,1,2,6.67,7,-1.5,-24.78,5.546,0.0,1.139,6.96,0.2275,17.059,1.5065028729525846e-65,1
5.4,0,1,21.53,1,1.8,-7.0,0.156,0.0,1.355,6.59,0.2221,364.271,0.0,1
65.1,1,1,13.13,6,7.0,-26.2,2.598,0.0,1.635,6.92,0.2297,19.458,1.2496883546172732e-84,1
122.3,1,2,23.08,26,25.7,-31.85,23.046,0.0,1.32,7.42,0.2502,7.16,4.02442192777756e-13,1
145.8,1,2,15.87,15,8.3,-27.75,12.747,0.0,1.121,7.43,0.2263,12.238,9.767339219265804e-35,1
46.9,0,1,0.39,0,33.6,-17.84,0.0,0.0,1.114,6.05,0.2203,33.288,2.902545638449133e-243,1
23.5,0,1,22.84,5,17.2,-17.39,4.282,0.0,1.096,7.98,0.2256,34.209,9.001466734839568e-257,1
76.0,1,1,21.44,3,34.3,-30.59,3.831,0.0,1.061,7.87,0.2504,10.786,2.01329957061935e-27,1
135.5,1,2,15.88,13,5.8,-28.25,13.552,0.0,1.189,6.47,0.2402,10.85,1.0001688745380301e-27,1
147.0,1,2,13.37,17,14.1,-30.14,13.156,0.0,1.076,7.28,0.2354,9.411,2.4512305745330565e-21,1
177.2,1,2,11.32,6,18.0,-28.25,6.186,0.0,1.252,7.09,0.2225,10.533,3.0502746067389115e-26,1
69.5,1,1,12.05,1,19.1,-25.43,0.816,0.0,1.139,6.98,0.2291,23.206,1.9835305990360075e-119,1
34.9,0,1,19.23,4,-28.4,-25.58,4.798,4.002,1.564,6.5,0.2267,5.742,4.665256445279013e-09,0
100.3,1,1,12.83,9,-21.7,-41.71,10.071,0.0,1.078,6.38,0.2381,3.089,0.0010051643568038176,0
147.0,1,2,4.4,1,-15.2,-22.92,3.013,0.0,1.371,6.6,0.2264,21.971,2.7001369992517014e-107,1
135.2,1,2,1.45,1,-12.4,-21.61,0.819,0.0,1.503,6.27,0.2218,27.165,8.522384855619797e-163,1
164.9,1,2,3.15,0,28.8,-23.86,0.617,0.0,1.014,6.41,0.2231,22.409,1.5904564441460332e-111,1
55.1,0,1,6.29,1,17.0,-21.9,1.59,0.0,2.147,6.99,0.2223,11.514,5.5883234625785125e-31,1
103.0,1,1,9.19,9,-20.7,-41.98,5.982,4.017,1.07,7.04,0.2214,3.33,0.00043448297189586867,0
180.4,1,2,22.31,28,-2.3,-43.61,29.209,0.0,1.98,7.53,0.2481,1.799,0.036030456866944505,0
16.5,0,1,5.98,0,-14.2,-13.0,0.0,2.728,1.046,7.1,0.2224,102.084,0.0,1
22.5,0,1,7.99,1,23.9,-11.99,0.23,0.0,1.166,6.09,0.2232,136.18,0.0,1
23.1,0,1,5.58,1,29.7,-13.63,0.441,0.0,1.518,7.0,0.2221,109.644,0.0,1
52.5,0,1,13.64,2,-19.3,-23.91,3.075,0.0,1.183,7.95,0.2275,7.863,1.8739437601696622e-15,1
152.8,1,2,15.43,11,-2.9,-26.67,7.836,0.0,1.3,6.9,0.2276,14.563,2.415360048528235e-48,1
75.5,1,1,13.3,6,31.9,-31.63,5.271,0.0,1.07,7.5,0.2251,9.901,2.0596213734969427e-23,1
98.6,1,1,23.8,4,12.7,-34.73,2.895,0.0,1.868,8.71,0.2246,6.475,4.72728565284856e-11,0
131.1,1,2,24.88,20,26.4,-31.95,20.131,0.0,1.442,8.32,0.249,6.367,9.647131035720907e-11,0
181.8,1,2,20.93,18,-6.7,-38.24,16.267,2.516,1.162,7.65,0.2498,3.159,0.0007926967021225495,0
113.2,1,2,20.13,14,-16.4,-26.65,13.894,0.0,1.28,6.94,0.2249,15.12,5.953504984090274e-52,1
7.1,0,1,9.15,0,14.9,-8.77,0.0,0.0,1.052,7.14,0.2279,290.735,0.0,1
29.1,0,1,14.49,2,-21.1,-19.86,2.297,3.7,1.132,7.02,0.23,20.051,9.942544742396701e-90,1
36.9,0,1,8.79,0,24.6,-15.86,0.0,0.0,1.411,6.7,0.2259,44.519,0.0,1
131.8,1,2,19.61,28,19.1,-34.47,25.436,0.0,1.517,7.93,0.2422,4.58,2.321070688065402e-06,0
34.5,0,1,4.3,0,-10.2,-16.35,0.0,0.0,1.497,6.81,0.2251,55.258,0.0,1
158.9,1,2,5.42,3,2.4,-26.37,4.173,0.0,1.283,7.12,0.2205,16.937,1.1959293202731758e-64,1
125.8,1,2,0.97,0,21.9,-19.81,0.593,0.0,1.248,6.89,0.2213,31.257,8.85415632493955e-215,1
125.2,1,2,15.22,8,30.8,-24.07,6.874,0.0,1.353,7.21,0.2203,20.698,1.823705291364019e-95,1
12.0,0,1,17.21,0,-7.1,-11.16,0.795,0.0,1.127,7.94,0.2315,187.885,0.0,1
119.5,1,2,0.08,0,21.3,-18.78,0.0,0.0,1.342,6.69,0.22,33.835,3.0537676569749136e-251,1
32.5,0,1,12.77,1,-17.4,-17.93,1.416,0.874,1.256,6.34,0.2331,39.759,0.0,1
112.4,1,2,9.42,4,28.7,-19.75,4.527,0.0,1.287,7.26,0.2259,28.867,1.567448421469034e-183,1
14.9,0,1,19.81,0,14.6,-12.46,1.276,0.0,1.185,7.1,0.2242,129.904,0.0,1
21.1,0,1,0.97,0,-20.1,-11.29,0.484,0.0,1.881,6.97,0.2209,128.043,0.0,1
64.6,0,1,1.21,1,18.1,-22.16,0.318,0.0,1.009,6.88,0.2205,10.648,8.888216252192774e-27,1
74.0,1,1,15.51,3,17.1,-29.53,3.244,0.0,1.805,7.42,0.2352,12.794,8.81603879782194e-38,1
88.9,1,1,14.79,13,18.2,-43.35,13.447,0.0,2.111,6.23,0.2349,2.576,0.004990323193326875,0
159.3,1,2,20.78,19,-7.6,-34.05,15.609,3.599,1.044,6.38,0.2373,6.171,3.4027010262383307e-10,0
57.0,0,1,14.81,4,18.1,-26.73,3.656,0.0,1.419,6.94,0.2373,4.567,2.475120228551613e-06,0
12.3,0,1,23.73,0,23.7,-9.96,0.0,0.0,1.432,7.36,0.2208,229.749,0.0,1
101.9,1,1,7.86,5,-7.4,-38.71,5.952,1.226,1.037,6.59,0.2279,4.802,7.869268056707945e-07,0
93.8,1,1,9.95,5,-16.5,-39.37,6.053,0.0,1.689,6.51,0.2301,5.661,7.528444016976106e-09,0
32.8,0,1,24.44,2,27.7,-18.43,1.732,0.0,1.244,7.54,0.2369,31.886,2.0605122635985615e-223,1
21.7,0,1,2.69,0,10.3,-11.78,0.0,0.0,1.555,6.5,0.2234,118.666,0.0,1
22.8,0,1,19.9,2,-0.1,-13.33,2.039,0.0,1.04,7.43,0.2222,97.064,0.0,1
22.5,0,1,0.29,0,27.2,-12.42,0.0,0.0,1.362,6.61,0.2203,132.688,0.0,1
111.7,1,2,12.16,5,-21.2,-20.87,5.79,1.296,1.221,6.89,0.2262,25.234,8.576269762850702e-141,1
135.8,1,2,3.84,3,22.7,-21.54,2.174,0.0,1.237,7.11,0.2202,25.143,8.421769812667078e-140,1
56.9,0,1,14.97,1,1.9,-22.23,1.343,0.0,1.002,6.88,0.2205,12.717,2.372899446306534e-37,1
108.9,1,1,19.95,6,-27.2,-42.37,6.694,0.0,1.101,7.18,0.2279,2.994,0.001377873599401288,0
42.6,0,1,0.83,0,33.2,-17.8,0.587,0.0,1.278,6.85,0.2207,37.886,0.0,1
51.0,0,1,4.09,0,20.6,-19.78,0.0,0.0,2.324,6.38,0.2238,18.265,7.838246107962715e-75,1
159.3,1,2,8.57,7,-16.0,-25.83,3.666,1.456,1.123,7.33,0.2218,14.381,3.4159987638167683e-47,1
119.5,1,2,6.39,3,30.0,-20.03,3.038,0.0,1.037,6.14,0.2228,31.96,1.9325654858612503e-224,1
27.5,0,1,9.58,1,30.8,-13.82,0.532,0.0,1.203,6.79,0.2215,87.383,0.0,1
75.5,1,1,23.8,8,22.0,-36.35,9.031,0.0,1.202,6.86,0.2499,6.151,3.8408651501379603e-10,0
89.4,1,1,2.53,1,-21.7,-30.4,1.159,0.0,1.231,7.11,0.2237,13.154,8.101522937138466e-40,1
23.1,0,1,10.58,2,-17.9,-16.21,2.316,0.0,1.754,6.94,0.2236,55.018,0.0,1
63.5,0,1,11.43,3,19.0,-29.11,4.101,0.0,1.551,6.87,0.2354,2.64,0.004149109582669761,0
125.2,1,2,7.01,5,29.4,-21.18,2.595,0.0,1.445,6.53,0.2209,27.643,1.6786688796009242e-168,1
32.9,0,1,6.96,1,-16.0,-16.73,2.404,0.0,1.197,6.37,0.2259,36.496,6.517135621941879e-292,1
10.6,0,1,17.87,0,-0.0,-10.51,0.0,0.0,1.144,7.48,0.2392,233.292,0.0,1
71.8,1,1,15.45,2,-19.9,-30.56,2.133,1.054,1.947,7.67,0.2297,12.49,4.221548519366256e-36,1
89.4,1,1,20.32,12,1.1,-45.12,16.093,0.0,1.83,7.5,0.2229,1.592,0.05564118273086497,0
142.3,1,2,10.13,1,11.8,-21.59,0.568,0.0,1.149,7.02,0.2316,23.298,2.3022504924411187e-120,1
17.9,0,1,15.17,0,-28.8,-10.52,0.0,0.829,1.048,7.12,0.2385,161.063,0.0,1
12.5,0,1,22.34,0,11.8,-11.13,0.0,0.0,1.621,7.86,0.231,171.546,0.0,1
96.4,1,1,21.28,9,11.6,-39.6,8.082,0.0,1.116,7.42,0.2207,3.93,4.2430320722723755e-05,0
56.0,0,1,23.0,15,-0.4,-34.95,12.494,0.0,1.048,8.26,0.2518,0.539,0.2950156309646522,0
27.5,0,1,6.72,1,28.2,-15.73,2.365,0.0,1.512,6.77,0.2208,54.689,0.0,1
35.8,0,1,24.64,8,-21.2,-25.07,5.745,0.968,1.63,7.74,0.2301,7.117,5.518843902808419e-13,1
7.1,0,1,20.41,1,-26.7,-13.74,0.47,3.736,1.512,7.31,0.2339,99.332,0.0,1
71.8,1,1,19.87,9,2.2,-33.72,6.745,0.0,1.46,7.2,0.2333,9.067,6.093228246843778e-20,1
56.9,0,1,16.69,9,4.6,-28.93,6.902,0.0,1.559,7.21,0.2331,2.364,0.009040458198069349,0
169.2,1,2,24.58,16,-12.7,-32.18,14.411,0.0,1.065,6.87,0.228,7.405,6.536929635724436e-14,1
19.5,0,1,11.04,2,32.5,-14.45,1.121,0.0,2.051,6.43,0.2264,86.514,0.0,1
148.1,1,2,18.54,19,-13.5,-31.65,14.734,0.0,1.212,7.83,0.2462,6.958,1.720596856721587e-12,1
36.9,0,1,17.47,1,-12.4,-23.84,1.379,4.787,1.311,7.21,0.2435,8.77,8.964391826315314e-19,1
88.9,1,1,18.3,15,22.7,-46.57,16.298,0.0,1.633,7.53,0.2225,1.485,0.06875648076159975,0
19.5,0,1,18.79,3,30.0,-14.31,1.596,0.0,1.196,7.16,0.242,83.419,0.0,1
159.0,1,2,4.77,5,4.8,-25.39,3.441,0.0,1.402,6.54,0.2239,17.734,1.1411915336838846e-70,1
21.1,0,1,8.73,1,-28.8,-13.73,0.752,0.0,1.561,6.78,0.221,117.637,0.0,1
71.4,1,1,9.81,2,-6.9,-29.17,3.548,0.0,2.087,6.65,0.2317,15.271,5.924715589742092e-53,1
33.8,0,1,18.7,3,-15.4,-19.56,2.698,0.0,1.117,7.16,0.2247,26.262,2.6244092618234874e-152,1
104.5,1,1,17.91,3,3.2,-36.03,2.496,0.0,1.04,7.24,0.2265,6.319,1.3168556684187118e-10,0
43.9,0,1,20.83,13,14.4,-27.59,9.216,0.0,1.043,7.44,0.2224,3.86,5.668663942428952e-05,0
198.3,1,2,19.71,11,-4.5,-34.36,7.936,0.0,2.774,6.98,0.2427,4.903,4.7103879986354967e-07,0
19.5,0,1,14.9,4,4.9,-17.18,3.632,0.0,1.358,7.15,0.2358,46.396,0.0,1
152.9,1,2,3.5,2,19.4,-23.8,0.898,0.0,3.005,6.37,0.2244,22.853,6.766868224605326e-116,1
108.6,1,1,15.89,11,-14.0,-47.58,11.154,0.0,2.275,7.16,0.2324,1.36,0.08692377697789383,0
71.4,1,1,22.18,7,-17.3,-31.58,5.22,0.0,1.118,8.5,0.2347,9.818,4.7102885943300084e-23,1
60.4,0,1,16.08,6,22.4,-26.36,4.019,0.0,1.441,7.6,0.2333,4.123,1.8705533704646976e-05,0
102.0,1,1,22.39,12,-27.6,-47.69,11.574,4.16,1.146,7.67,0.2208,1.197,0.11555757497775809,0
83.5,1,1,24.98,20,-20.2,-58.09,21.549,4.573,2.531,7.05,0.2495,0.238,0.40609922213280925,0
28.9,0,1,8.98,0,-29.2,-14.8,1.239,0.0,1.521,6.91,0.2317,67.422,0.0,1
39.4,0,1,18.08,6,6.1,-22.06,4.443,0.0,1.35,7.3,0.2216,15.014,2.9878668949243593e-51,1
63.5,0,1,13.5,2,9.0,-29.64,4.377,0.0,1.415,6.52,0.2384,2.029,0.02125409225931823,0
14.9,0,1,11.37,1,4.5,-11.03,0.308,0.0,1.755,6.81,0.227,180.253,0.0,1
141.4,1,2,6.0,3,-3.1,-23.73,3.24,0.0,1.656,6.65,0.2222,21.768,2.3317605953327376e-105,1
36.9,0,1,6.15,1,4.4,-16.69,0.834,0.0,1.962,6.32,0.2204,38.423,0.0,1
28.9,0,1,4.62,1,-17.4,-20.42,1.465,4.704,1.631,7.2,0.2272,18.355,1.5024425302344215e-75,1
102.0,1,1,15.79,12,23.7,-45.51,10.542,0.0,1.667,7.26,0.2357,1.862,0.031323156286276944,0
79.5,1,1,3.55,2,33.8,-27.31,1.178,0.0,1.157,6.85,0.2233,18.309,3.4905988326081887e-75,1
113.4,1,2,10.78,9,5.1,-23.3,7.251,0.0,3.059,7.62,0.2224,19.709,9.051130798395886e-87,1
48.3,0,1,13.08,6,-5.7,-26.79,6.026,0.0,1.264,7.08,0.2359,5.252,7.54192454620431e-08,0
102.0,1,1,10.96,12,21.5,-45.99,12.487,0.0,2.315,7.01,0.2297,1.592,0.05571161723364004,0
23.1,0,1,21.37,1,-17.5,-14.75,1.628,0.938,1.329,7.68,0.2318,66.321,0.0,1
152.8,1,2,11.08,5,-9.1,-26.61,4.696,3.651,2.484,7.16,0.2306,13.268,1.7813471175814887e-40,1
42.0,0,1,2.07,0,31.1,-17.52,0.0,0.0,2.41,6.84,0.2204,39.091,0.0,1
81.4,1,1,24.8,8,-17.9,-36.75,6.002,0.0,1.654,7.31,0.2362,5.615,9.8387284619714e-09,0
152.8,1,2,21.12,24,-22.7,-35.93,26.788,0.0,1.632,7.61,0.2254,3.873,5.377831397959062e-05,0
23.4,0,1,16.5,0,5.5,-12.18,0.0,0.0,1.117,8.08,0.2228,126.102,0.0,1
158.6,1,2,18.91,8,8.2,-29.17,7.403,0.0,1.003,6.46,0.2482,11.282,8.026344263279919e-30,1
6.0,0,1,3.2,0,8.8,-8.33,0.0,0.0,1.685,6.74,0.2214,296.496,0.0,1
56.0,0,1,19.15,5,-19.3,-25.16,3.863,0.0,1.589,6.77,0.2207,6.365,9.74912732291834e-11,0
131.1,1,2,5.19,3,16.9,-20.86,2.457,0.0,2.027,6.45,0.2217,26.857,3.473561016473641e-159,1
23.5,0,1,12.22,3,-14.3,-13.84,1.909,0.0,1.299,7.03,0.227,85.354,0.0,1
14.9,0,1,4.45,0,31.6,-9.38,0.0,0.0,1.152,6.44,0.2201,215.901,0.0,1
135.8,1,2,18.84,16,-15.2,-29.35,12.236,0.87,1.58,7.02,0.2381,10.891,6.369006543474214e-28,1
52.0,0,1,6.15,3,-28.9,-21.23,1.676,0.0,1.491,7.34,0.2254,13.927,2.167231728693071e-44,1
169.2,1,2,6.33,3,6.9,-26.73,3.666,0.0,1.153,7.07,0.2232,14.833,4.486936883533873e-50,1
30.6,0,1,2.73,0,-16.8,-17.69,0.0,2.746,1.714,6.7,0.224,41.014,0.0,1
7.1,0,1,18.02,1,10.9,-8.85,0.899,0.0,1.042,7.02,0.2266,306.877,0.0,1
131.1,1,2,7.4,7,-15.1,-23.31,5.898,1.463,1.053,6.88,0.2213,20.956,8.296880960949301e-98,1
91.7,1,1,12.96,8,-2.2,-37.99,8.712,0.0,1.636,7.12,0.2221,5.256,7.37663844723417e-08,0
42.6,0,1,8.31,1,-18.3,-22.77,0.586,4.939,1.169,6.97,0.2302,9.912,1.848375390090636e-23,1
35.8,0,1,19.37,5,-2.1,-19.63,3.485,0.0,1.944,6.71,0.2299,17.822,2.3758159161947635e-71,1
34.5,0,1,5.66,2,-21.1,-18.86,1.014,1.675,1.063,6.56,0.2281,30.893,7.494903892192914e-210,1
72.7,1,1,23.52,13,-8.0,-35.9,10.166,0.0,1.278,6.34,0.223,6.875,3.1010542273616483e-12,1
103.0,1,1,8.03,2,-17.1,-35.54,0.76,1.046,1.405,7.25,0.2269,6.833,4.166128381199582e-12,1
68.5,1,1,2.6,0,23.0,-23.63,0.0,0.0,1.246,6.91,0.2211,28.681,3.2740929364361983e-181,1
34.5,0,1,6.01,1,17.4,-16.11,1.663,0.0,1.093,6.79,0.2285,48.69,0.0,1
19.5,0,1,1.85,0,-19.2,-10.07,0.0,0.0,1.097,6.2,0.2217,177.143,0.0,1
50.7,0,1,11.72,6,-24.6,-27.46,5.677,2.565,1.064,7.0,0.2253,3.442,0.0002892251474534808,0
108.6,1,1,6.26,1,-28.3,-36.18,1.28,0.0,1.581,6.59,0.2209,7.243,2.1983997955677524e-13,1
135.5,1,2,22.15,10,-15.3,-27.71,7.852,4.874,1.094,8.07,0.2365,10.343,2.259935123583156e-25,1
56.0,0,1,12.93,7,1.2,-25.13,5.236,0.0,1.154,6.91,0.223,6.513,3.684334426532007e-11,0
50.5,0,1,5.83,3,-4.0,-21.24,2.316,0.0,1.167,6.67,0.2207,14.729,2.1126439560627887e-49,1
17.9,0,1,11.28,2,33.1,-12.4,1.606,0.0,1.031,7.22,0.2225,116.268,0.0,1
10.6,0,1,4.9,1,21.5,-10.24,0.563,0.0,1.45,6.91,0.2238,209.533,0.0,1
21.5,0,1,4.47,0,-24.9,-15.03,0.0,3.362,1.237,6.34,0.2222,71.996,0.0,1
70.1,1,1,7.52,4,-19.7,-29.48,2.633,3.382,1.228,6.87,0.2252,13.773,1.840129659592148e-43,1
69.2,1,1,2.71,0,-28.3,-23.37,0.0,0.0,1.34,6.31,0.2227,29.111,1.287512046370028e-186,1
87.1,1,1,4.72,1,-21.0,-28.1,0.688,0.0,1.656,6.85,0.2208,15.747,3.626309785006218e-56,1
26.3,0,1,23.45,4,4.4,-19.08,4.358,0.0,1.276,6.57,0.2396,25.252,5.446735772238785e-141,1
78.8,1,1,16.67,6,-25.0,-32.47,4.272,0.0,1.242,6.27,0.2317,12.021,1.370078872638097e-33,1
17.6,0,1,23.03,4,-26.1,-15.91,3.872,0.0,1.052,7.18,0.2397,50.641,0.0,1
63.5,0,1,6.42,1,-22.3,-25.36,0.855,2.052,1.033,6.7,0.2272,5.32,5.1778342906289233e-08,0
101.2,1,1,21.43,11,13.5,-46.55,12.3,0.0,1.572,7.18,0.2428,1.377,0.08429012785161627,0
75.4,1,1,9.06,5,-28.7,-31.08,4.759,0.0,1.232,6.92,0.23,12.868,3.419244136663991e-38,1
34.5,0,1,3.6,1,33.0,-16.07,0.886,0.0,1.005,6.74,0.2204,52.177,0.0,1
51.0,0,1,20.12,6,-5.2,-27.95,4.692,0.531,1.134,7.55,0.2474,3.507,0.00022677265954604254,0
135.8,1,2,1.49,2,-8.1,-20.66,1.137,0.0,1.526,6.68,0.222,26.68,4.017061139399733e-157,1
76.8,1,1,10.12,9,0.9,-34.37,7.541,0.0,1.362,7.28,0.2333,7.834,2.370713555779496e-15,1
123.7,1,2,20.48,7,3.7,-23.07,7.458,0.0,1.026,6.99,0.2253,21.276,9.385041018802701e-101,1
58.1,0,1,15.43,3,-2.7,-25.47,3.648,0.0,1.448,6.95,0.2336,5.529,1.6095911360849362e-08,0
7.1,0,1,12.95,0,1.6,-9.8,0.332,0.0,1.709,7.87,0.2381,248.639,0.0,1
123.7,1,2,8.84,2,-7.9,-19.97,1.629,0.0,1.075,6.91,0.2325,28.268,4.332306859487323e-176,1
39.4,0,1,1.88,0,-9.1,-16.42,0.206,0.0,1.182,6.65,0.2212,48.285,0.0,1
17.6,0,1,24.77,6,-28.2,-16.76,5.578,0.0,1.013,6.98,0.2523,46.3,0.0,1
71.4,1,1,4.37,2,13.7,-25.18,0.936,0.0,1.141,7.17,0.223,21.934,6.220006013697046e-107,1
10.6,0,1,6.38,0,10.1,-9.3,0.0,0.0,1.538,6.62,0.2208,231.213,0.0,1
97.4,1,1,5.9,5,13.5,-36.01,5.388,0.0,1.2,6.63,0.2286,7.045,9.288778307183972e-13,1
47.0,0,1,22.7,6,31.2,-25.73,6.958,0.0,1.117,6.8,0.2305,4.996,2.922412101855315e-07,0
39.4,0,1,19.09,1,0.8,-17.96,0.308,0.0,1.569,7.44,0.2283,29.773,4.316028151459973e-195,1
75.4,1,1,11.43,6,27.3,-32.97,6.886,0.0,1.052,7.67,0.2354,8.457,1.3756135598013401e-17,1
71.8,1,1,23.89,11,-1.1,-39.38,12.02,0.0,1.071,7.41,0.2467,4.251,1.066038649923616e-05,0
131.1,1,2,1.32,3,1.0,-20.8,2.129,0.0,1.68,6.14,0.2207,29.041,1.009819162893732e-185,1
20.4,0,1,22.34,4,11.1,-16.15,2.19,0.0,1.199,8.09,0.2468,55.935,0.0,1
135.5,1,2,1.51,0,-16.0,-21.01,0.0,0.0,1.778,6.22,0.2204,29.195,1.1157181620038761e-187,1
152.8,1,2,9.78,2,-15.9,-25.34,2.107,0.0,1.36,6.77,0.2288,17.519,5.122909771290548e-69,1
52.3,0,1,1.35,0,3.1,-19.95,0.0,0.0,1.71,6.54,0.2205,19.834,7.631043824932301e-88,1
97.4,1,1,24.97,10,-25.5,-40.8,7.626,0.0,1.398,6.98,0.2413,3.46,0.0002697076562205565,0
108.9,1,1,22.86,13,-14.6,-46.05,12.1,0.0,1.674,7.45,0.2316,1.63,0.05154645739723952,0
65.4,1,1,14.62,11,21.6,-33.09,7.804,0.0,1.786,7.42,0.2358,8.476,1.167917493757792e-17,1
12.1,0,1,5.45,1,0.1,-11.27,0.852,0.0,1.268,7.03,0.2252,197.448,0.0,1
34.7,0,1,6.92,0,-28.3,-17.58,0.635,2.611,1.186,6.76,0.228,32.507,4.216546103621299e-232,1
21.5,0,1,11.24,1,-26.1,-13.24,0.418,0.0,1.028,6.22,0.2325,105.734,0.0,1
81.1,1,1,8.07,3,29.8,-30.7,3.324,0.0,1.243,6.87,0.2291,13.303,1.118532322369973e-40,1
59.1,0,1,0.53,0,32.2,-21.71,0.0,0.0,2.009,6.24,0.2208,12.655,5.267454936527494e-37,1
61.2,0,1,16.41,6,11.7,-26.96,4.483,0.0,1.123,7.32,0.2309,3.336,0.000424696789167654,0
12.0,0,1,15.34,0,-18.0,-9.8,0.0,0.0,1.378,7.04,0.2378,199.272,0.0,1
124.7,1,2,22.61,11,-6.1,-23.89,10.319,0.0,1.218,7.86,0.2276,17.836,1.867994634120139e-71,1
11.2,0,1,11.92,4,-10.1,-10.34,2.094,0.0,1.05,7.36,0.2374,183.163,0.0,1
32.5,0,1,8.62,2,21.0,-14.98,0.72,0.0,1.034,7.05,0.231,61.46,0.0,1
46.6,0,1,12.79,3,4.9,-20.55,1.872,0.0,2.331,7.5,0.2219,14.161,7.958646383337874e-46,1
56.0,0,1,4.87,0,20.7,-21.52,0.439,0.0,1.427,6.66,0.2258,14.283,1.4015005885697815e-46,1
51.0,0,1,15.64,1,-6.6,-22.12,3.025,0.0,1.125,7.15,0.2338,11.035,1.2970675292918367e-28,1
34.6,0,1,19.25,2,26.5,-17.12,2.008,0.0,1.264,6.85,0.2316,41.314,0.0,1
87.1,1,1,3.84,2,-2.1,-29.56,1.374,0.0,1.109,6.86,0.2207,15.058,1.518462316216219e-51,1
46.9,0,1,7.96,0,-2.9,-19.52,0.614,0.0,1.001,6.92,0.2275,27.288,2.9381297806349294e-164,1
158.6,1,2,21.7,15,1.8,-31.28,12.273,0.0,1.01,7.66,0.237,7.5,3.1809795681832036e-14,1
152.9,1,2,12.64,6,8.5,-29.53,9.473,0.0,1.774,6.4,0.2358,11.099,6.320997392998488e-29,1
91.7,1,1,13.3,3,28.1,-35.03,4.347,0.0,1.116,6.54,0.2279,7.937,1.0381639319571735e-15,1
52.3,0,1,18.06,4,-0.2,-25.3,2.742,0.0,1.684,7.37,0.2341,7.311,1.3269200647684013e-13,1
67.3,1,1,14.45,8,30.5,-31.65,6.651,0.0,1.429,6.91,0.2293,12.046,1.0140629466432997e-33,1
55.1,0,1,1.74,1,-4.4,-22.01,1.424,0.0,1.455,6.6,0.2203,14.305,1.0209411532282461e-46,1
49.7,0,1,20.1,6,-8.9,-29.58,8.152,0.0,2.233,7.8,0.2341,1.929,0.02685068315649035,0
87.1,1,1,23.07,18,-10.8,-48.44,14.415,3.205,1.087,7.92,0.2533,0.963,0.16775333964295525,0
9.4,0,1,1.33,0,-28.6,-8.91,0.0,0.0,1.116,6.52,0.2206,301.597,0.0,1
36.6,0,1,3.03,0,25.2,-17.27,0.486,0.0,1.723,6.27,0.2233,44.161,0.0,1
34.9,0,1,17.55,4,-24.8,-20.82,4.651,0.0,1.589,6.24,0.2316,17.449,1.7528723714699197e-68,1
64.6,0,1,15.11,4,-8.3,-24.45,2.976,0.0,1.304,7.43,0.2242,5.233,8.34295282193577e-08,0
56.4,0,1,9.56,2,-13.7,-22.69,1.541,0.0,1.296,6.94,0.2301,10.058,4.232484099193782e-24,1
36.0,0,1,13.48,2,18.4,-18.68,0.784,0.0,3.327,7.65,0.2275,25.202,1.9013176828788544e-140,1
22.2,0,1,17.58,3,30.6,-16.78,2.852,0.0,1.592,6.72,0.2462,41.924,0.0,1
17.9,0,1,12.61,4,23.1,-14.96,2.72,0.0,2.575,6.48,0.2298,61.957,0.0,1
152.8,1,2,3.5,4,-9.2,-24.12,2.355,1.797,2.457,6.83,0.2224,19.056,2.940872228794048e-81,1
108.9,1,1,2.24,2,-0.4,-34.99,2.074,0.0,1.027,6.75,0.2232,7.475,3.850804843256739e-14,1
34.9,0,1,10.97,3,-13.9,-17.57,1.328,0.0,1.41,7.12,0.225,38.605,0.0,1
6.0,0,1,23.07,0,30.1,-8.39,0.0,0.0,1.12,8.0,0.2536,317.637,0.0,1
125.8,1,2,13.94,3,-22.3,-23.39,3.693,0.0,2.067,7.73,0.2366,19.775,2.421087234254152e-87,1
48.3,0,1,8.96,1,31.9,-21.34,1.254,0.0,2.206,6.76,0.2273,13.85,6.358952431813669e-44,1
30.6,0,1,22.72,1,22.9,-17.43,0.262,0.0,2.536,8.08,0.2327,34.604,1.0939103648249205e-262,1
39.4,0,1,9.72,3,16.3,-16.73,1.288,0.0,1.192,6.39,0.221,38.601,0.0,1
102.0,1,1,12.73,6,20.3,-37.72,4.91,0.0,1.148,6.86,0.238,5.461,2.3688054701457535e-08,0
102.0,1,1,2.91,1,-7.9,-34.6,2.262,1.925,1.04,6.63,0.2229,7.792,3.2935238875586376e-15,1
116.9,1,2,18.44,3,-10.8,-20.63,3.119,0.0,1.288,7.41,0.2347,25.462,2.578776454962473e-143,1
23.2,0,1,17.51,2,-5.2,-15.34,2.595,0.0,1.547,6.98,0.2373,60.763,0.0,1
45.5,0,1,19.86,1,-18.2,-21.06,1.341,0.0,1.375,6.92,0.2468,15.408,7.275755931198622e-54,1
67.2,1,1,8.13,2,18.5,-22.31,0.899,0.0,1.216,7.39,0.2236,28.052,1.9078518332749396e-173,1
88.9,1,1,10.9,1,0.9,-31.91,1.518,0.0,1.166,6.45,0.2285,12.556,1.840350208367045e-36,1
10.6,0,1,4.21,0,27.6,-8.75,0.0,0.0,1.4,6.36,0.2252,257.296,0.0,1
148.3,1,2,24.11,23,27.1,-34.19,17.846,0.0,1.408,7.52,0.252,5.163,1.217182761461764e-07,0
126.5,1,2,2.15,0,-19.9,-20.68,0.744,4.893,1.898,6.06,0.2227,27.683,5.603095939252081e-169,1
52.0,0,1,16.23,6,-15.8,-25.01,3.178,0.0,1.659,7.16,0.2346,6.363,9.872056970895133e-11,0
60.4,0,1,17.63,6,-3.3,-27.3,4.69,0.0,1.008,6.67,0.2304,3.418,0.00031527091898905394,0
28.9,0,1,3.94,0,-22.3,-15.06,0.553,1.094,1.387,7.04,0.2219,61.142,0.0,1
87.1,1,1,9.13,8,14.8,-38.36,9.135,0.0,1.461,6.46,0.2288,5.8,3.3103295858908832e-09,0
95.8,1,1,1.08,0,17.9,-29.79,0.0,0.0,1.822,6.11,0.2212,13.613,1.6800911667057716e-42,1
65.1,1,1,13.92,5,16.9,-26.51,3.07,0.0,1.361,6.58,0.2301,21.107,3.4484363895895384e-99,1
64.6,0,1,24.87,10,0.6,-35.52,10.366,0.0,1.477,7.63,0.2553,0.423,0.33625464702799857,0
52.3,0,1,10.75,2,24.8,-21.86,2.038,0.0,1.179,6.35,0.2225,11.871,8.366538780275868e-33,1
135.2,1,2,24.75,9,9.4,-25.86,8.104,0.0,1.463,6.45,0.2392,15.907,2.852532967327676e-57,1
101.2,1,1,3.16,0,34.6,-31.84,0.0,0.0,1.079,6.28,0.2232,12.084,6.429029220552574e-34,1
68.5,1,1,9.81,4,23.0,-31.4,5.738,0.0,1.292,7.06,0.2339,12.765,1.281715605478195e-37,1
147.0,1,2,22.55,9,16.9,-29.47,10.501,0.0,1.375,6.56,0.2289,11.278,8.44980970964346e-30,1
44.0,0,1,21.92,7,-22.0,-24.18,7.087,0.0,1.024,7.35,0.2285,8.039,4.529799168996753e-16,1
104.5,1,1,8.09,0,24.1,-33.34,0.63,0.0,1.139,6.38,0.2259,9.688,1.696351382127919e-22,1
91.7,1,1,16.97,7,-10.1,-44.62,13.449,0.0,1.428,6.72,0.2381,1.973,0.02423654967307139,0
85.7,1,1,22.15,12,-2.8,-38.97,11.487,0.0,1.051,7.58,0.2305,3.949,3.9290527038742724e-05,0
44.0,0,1,19.17,9,0.1,-22.16,4.826,0.0,1.041,6.85,0.2346,10.162,1.4585541770525887e-24,1
32.5,0,1,15.71,2,-8.5,-17.87,1.877,0.0,1.031,7.35,0.2232,37.834,0.0,1
80.8,1,1,3.81,3,-23.0,-29.19,3.756,0.0,1.162,6.58,0.2258,14.228,3.0601240901616414e-46,1
91.3,1,1,1.83,0,-17.0,-29.86,0.608,0.0,1.205,6.44,0.2209,15.862,5.822425568860388e-57,1
119.5,1,2,15.37,10,22.2,-24.3,8.572,0.0,1.638,7.19,0.2258,17.91,4.9494306530716e-72,1
56.4,0,1,12.51,8,12.4,-25.95,6.26,0.0,1.072,6.47,0.228,4.107,2.0021477701258135e-05,0
79.5,1,1,5.95,5,31.3,-32.81,5.975,0.0,1.056,6.78,0.2212,10.617,1.2368597258476302e-26,1
134.9,1,2,7.32,2,23.4,-22.74,3.621,0.0,1.625,6.79,0.2305,22.189,2.2022463694551287e-109,1
96.0,1,1,9.8,3,-3.9,-33.71,1.564,0.0,2.275,7.03,0.2297,8.928,2.17819741551425e-19,1
11.2,0,1,12.39,1,21.1,-13.5,0.306,0.0,2.659,6.54,0.2323,130.196,0.0,1
5.9,0,1,9.76,0,7.5,-7.36,0.0,0.0,1.066,6.24,0.2229,350.316,0.0,1
142.3,1,2,9.68,5,-11.4,-23.76,3.797,1.961,1.221,6.74,0.2252,19.784,2.060984397294625e-87,1
46.3,0,1,2.89,0,33.4,-16.75,0.0,0.0,1.144,6.68,0.2208,37.086,2.3584584426023377e-301,1
124.7,1,2,21.64,6,30.4,-21.78,5.164,0.0,1.314,8.24,0.2226,20.525,6.471578901372296e-94,1
58.1,0,1,15.23,6,-22.7,-29.47,6.065,0.0,1.159,7.08,0.2303,2.643,0.004114455431066832,0
60.0,0,1,3.65,1,24.6,-21.57,0.259,0.0,1.168,6.33,0.2225,14.764,1.2582718699737623e-49,1
76.0,1,1,10.6,0,-25.0,-29.17,1.751,0.0,1.082,7.11,0.2312,15.908,2.810522081738749e-57,1
47.0,0,1,10.42,2,30.4,-19.45,1.293,0.0,1.632,7.09,0.2269,22.489,2.6816016717981984e-112,1
113.2,1,2,15.02,17,10.6,-24.04,11.516,0.0,1.162,6.53,0.2423,18.695,2.726317952935932e-78,1
23.5,0,1,15.22,4,-19.2,-15.62,2.48,1.068,1.177,7.67,0.2315,54.307,0.0,1
147.0,1,2,16.13,9,23.1,-26.36,8.317,0.0,1.54,7.39,0.2309,14.518,4.6659789480056185e-48,1
111.7,1,2,17.45,2,3.5,-19.08,3.594,0.0,1.163,6.22,0.227,32.36,5.039548939704366e-230,1
34.7,0,1,2.58,0,-26.1,-15.4,0.0,0.0,1.303,7.03,0.2229,65.077,0.0,1
23.5,0,1,7.62,0,21.9,-12.72,0.0,0.0,1.455,6.51,0.2293,133.267,0.0,1
38.4,0,1,0.43,0,21.2,-16.05,0.0,0.0,1.053,6.78,0.2206,51.45,0.0,1
93.8,1,1,11.37,0,1.3,-29.46,0.607,0.0,1.043,6.46,0.2224,14.295,1.1715445091772902e-46,1
36.0,0,1,10.74,1,17.5,-20.1,4.012,0.0,2.345,6.78,0.2204,19.435,1.9663575803812904e-84,1
27.5,0,1,18.36,1,-27.4,-17.52,1.01,0.0,1.478,7.81,0.2475,40.124,0.0,1
135.5,1,2,4.18,2,-9.3,-21.18,1.172,0.0,1.085,7.08,0.2228,25.03,1.4491755518677877e-138,1
78.6,1,1,15.79,2,13.8,-31.97,3.849,0.0,1.167,8.12,0.236,10.069,3.779965614353186e-24,1
52.5,0,1,7.67,2,-15.0,-21.59,0.972,0.0,1.154,6.57,0.2312,15.01,3.172623592771322e-51,1
26.6,0,1,9.55,1,-0.7,-13.15,1.202,0.0,1.174,6.59,0.2204,83.094,0.0,1
120.6,1,2,17.98,24,30.6,-29.65,20.603,0.0,1.303,7.75,0.2246,9.27,9.283547126280106e-21,1
152.8,1,2,1.79,3,23.7,-22.13,2.059,0.0,1.314,6.78,0.2221,22.454,5.899812416583948e-112,1
26.6,0,1,8.57,2,6.3,-16.27,1.792,0.0,1.434,6.62,0.2288,60.783,0.0,1
49.7,0,1,9.78,1,7.5,-19.39,0.826,0.0,1.219,7.24,0.2266,21.213,3.6086282438972116e-100,1
59.1,0,1,17.89,4,27.7,-27.06,3.619,0.0,2.266,6.91,0.2457,3.812,6.90343342464377e-05,0
81.1,1,1,4.98,4,26.1,-31.32,3.733,0.0,2.165,6.85,0.2249,12.174,2.12820919897641e-34,1
141.4,1,2,23.69,35,-24.3,-38.09,32.087,0.0,1.056,7.13,0.2215,3.231,0.0006160223190368275,0
158.9,1,2,24.94,38,0.3,-41.72,36.909,0.0,1.109,7.38,0.2238,1.974,0.02420174933733919,0
13.1,0,1,20.47,1,-17.6,-15.06,2.945,0.0,1.298,6.44,0.2475,77.983,0.0,1
44.0,0,1,7.49,4,-24.6,-21.17,2.444,0.0,2.116,7.12,0.2313,15.281,5.150097300213839e-53,1
187.7,1,2,16.6,14,-11.0,-36.28,15.197,2.256,1.183,7.61,0.2263,3.941,4.0648577899071487e-05,0
56.0,0,1,2.08,0,9.7,-20.18,0.0,0.0,1.423,6.71,0.2207,19.834,7.637112444237644e-88,1
11.2,0,1,21.78,2,21.6,-12.02,1.486,0.0,1.164,8.19,0.2214,134.034,0.0,1
103.0,1,1,12.9,4,29.3,-34.73,2.79,0.0,1.653,6.65,0.2222,7.854,2.0222895721975717e-15,1
52.3,0,1,4.41,2,-2.5,-21.01,1.131,0.0,1.939,6.36,0.2217,14.585,1.7616651690079835e-48,1
5.4,0,1,8.19,0,-2.5,-9.08,0.0,0.0,2.281,7.19,0.2312,265.435,0.0,1
76.0,1,1,20.02,1,-20.0,-31.02,0.58,1.672,1.838,7.58,0.2245,11.793,2.1304148649218346e-32,1
45.5,0,1,21.76,3,-17.3,-25.46,2.694,3.096,1.301,7.96,0.2229,7.128,5.101528611033776e-13,1
102.0,1,1,12.99,8,-23.3,-40.77,7.094,0.0,2.228,6.88,0.2396,3.212,0.0006595734556507881,0
131.1,1,2,12.01,10,33.4,-23.89,7.99,0.0,1.47,7.17,0.222,18.211,2.129848223879838e-74,1
30.6,0,1,18.77,2,-21.7,-15.97,2.264,0.0,1.665,7.42,0.2252,50.278,0.0,1
80.8,1,1,20.65,6,19.2,-38.02,7.953,0.0,1.596,7.61,0.2363,4.764,9.498272026061064e-07,0
68.5,1,1,19.12,5,-9.3,-35.21,4.858,4.526,1.04,7.02,0.228,7.856,1.979286987046132e-15,1
181.8,1,2,9.61,13,4.9,-31.63,9.815,0.0,1.613,7.0,0.226,7.487,3.524403869615355e-14,1
57.0,0,1,16.05,3,26.7,-24.46,2.306,0.0,1.232,6.78,0.23,7.144,4.54817806563036e-13,1
5.9,0,1,21.43,0,30.9,-9.33,0.0,0.0,1.207,7.67,0.2385,244.244,0.0,1
106.3,1,1,3.79,2,-14.4,-39.24,2.489,3.345,1.182,6.93,0.2204,4.635,1.7807158468017025e-06,0
101.2,1,1,9.7,5,29.2,-36.64,3.32,0.0,1.015,6.86,0.2318,6.288,1.6075178104799002e-10,0
68.5,1,1,1.42,0,-13.6,-23.35,0.0,0.0,1.056,6.31,0.221,30.898,6.284013363212208e-210,1
44.0,0,1,10.22,4,22.3,-22.6,3.757,0.0,1.326,6.23,0.2353,12.016,1.4726283370058463e-33,1
32.5,0,1,19.31,1,-29.0,-24.35,2.747,4.279,1.689,7.7,0.2454,7.489,3.469088165405398e-14,1
23.5,0,1,4.93,0,4.8,-13.55,1.586,0.0,1.432,6.77,0.2201,77.351,0.0,1
112.4,1,2,13.55,11,17.2,-22.84,10.017,0.0,1.033,7.5,0.2371,19.204,1.7017355462599195e-82,1
74.0,1,1,0.91,0,24.5,-24.18,0.0,0.0,1.063,6.98,0.2203,25.555,2.4064752749153426e-144,1
71.4,1,1,22.44,4,24.7,-29.77,5.719,0.0,1.054,8.45,0.22,11.963,2.7905699337810398e-33,1
106.3,1,1,20.5,15,-10.6,-46.13,13.81,0.0,1.124,7.67,0.2216,1.499,0.06687943262306698,0
75.5,1,1,13.11,1,25.5,-27.6,1.402,0.0,1.606,7.54,0.2369,17.001,4.012026353040175e-65,1
134.9,1,2,17.64,20,-9.0,-30.52,16.246,3.042,1.102,6.64,0.2295,8.895,2.933017697239978e-19,1
148.1,1,2,2.6,3,-14.8,-22.36,2.121,0.0,1.571,6.18,0.2216,24.808,3.688873616297113e-136,1
98.6,1,1,21.13,2,-29.9,-36.28,2.521,0.0,1.187,8.08,0.2461,6.087,5.757768585977015e-10,0
34.5,0,1,17.88,2,-14.7,-17.84,2.366,0.0,1.383,6.74,0.2469,32.174,2.0421378209775647e-227,1
135.2,1,2,3.0,4,-22.3,-22.73,3.747,0.965,1.411,6.61,0.2245,22.787,3.0626946222336405e-115,1
158.9,1,2,24.52,11,13.9,-30.48,9.371,0.0,1.582,8.18,0.2554,7.802,3.0457213629022487e-15,1
101.9,1,1,0.56,0,-20.6,-30.07,0.0,0.0,1.079,6.49,0.2205,13.889,3.716625011221958e-44,1
67.3,1,1,15.71,5,8.0,-29.29,4.062,0.0,2.021,7.41,0.2296,13.686,6.1236229619922845e-43,1
126.5,1,2,4.29,1,-21.8,-21.16,1.854,1.045,1.245,6.14,0.222,29.449,6.51484689757445e-191,1
19.5,0,1,17.98,1,15.8,-15.37,2.069,0.0,2.103,6.89,0.2367,65.04,0.0,1
126.5,1,2,1.76,1,-11.4,-20.95,1.496,0.0,1.545,6.38,0.2228,29.919,5.613632346633044e-197,1
100.3,1,1,2.03,2,-9.9,-35.41,2.558,0.0,1.691,6.19,0.2231,7.856,1.975853936207035e-15,1
50.5,0,1,11.66,4,11.6,-22.84,3.219,0.0,1.223,6.85,0.2316,11.461,1.0306382704733097e-30,1
86.6,1,1,24.85,12,31.0,-44.15,14.199,0.0,1.077,7.23,0.2489,1.959,0.02506682628327205,0
90.9,1,1,6.91,7,34.5,-35.47,5.039,0.0,1.735,7.16,0.2291,6.951,1.8071782715109184e-12,1
34.6,0,1,15.31,1,-6.8,-19.88,1.314,2.59,1.203,8.05,0.2303,22.019,9.432068304302983e-108,1
7.1,0,1,12.96,2,31.5,-10.68,1.598,0.0,1.331,7.22,0.2308,195.16,0.0,1
36.0,0,1,21.05,5,9.8,-19.86,3.563,0.0,1.019,6.23,0.2476,19.322,1.75871296434361e-83,1
17.9,0,1,7.21,0,28.9,-10.48,0.0,0.0,1.352,6.68,0.2242,172.274,0.0,1
76.8,1,1,13.87,4,-28.2,-30.56,4.46,0.0,1.157,6.12,0.2284,14.274,1.599103830047214e-46,1
46.3,0,1,23.77,4,-27.8,-24.25,3.409,0.0,1.097,8.22,0.2503,7.086,6.911585100755616e-13,1
102.0,1,1,8.31,4,-25.2,-39.48,5.849,0.0,1.358,7.2,0.2314,4.149,1.6703737972876516e-05,0
34.5,0,1,10.99,5,22.3,-20.21,4.761,0.0,1.236,7.12,0.2325,21.117,2.7786825843582868e-99,1
96.4,1,1,22.22,6,-21.0,-36.92,3.794,0.0,1.603,7.38,0.236,6.289,1.594631235485835e-10,0
71.4,1,1,8.31,0,-18.5,-29.84,0.0,4.07,1.509,6.77,0.2255,15.279,5.3013224405965415e-53,1
38.4,0,1,9.52,3,8.1,-18.09,1.298,0.0,1.355,7.07,0.2217,32.381,2.581158374410819e-230,1
32.5,0,1,7.6,0,32.2,-14.85,0.0,0.0,1.003,7.17,0.2237,70.902,0.0,1
42.0,0,1,20.24,5,6.9,-18.75,3.133,0.0,1.126,7.76,0.227,24.386,1.1992471009608537e-131,1
136.4,1,2,23.26,24,17.6,-32.03,20.375,0.0,1.043,6.71,0.2265,8.368,2.924799825642314e-17,1
119.5,1,2,15.78,6,-17.8,-22.62,4.767,3.249,1.085,6.91,0.2381,19.698,1.1312575088149487e-86,1
95.8,1,1,15.59,11,29.4,-37.88,6.375,0.0,1.342,6.88,0.2354,5.099,1.7075855279521866e-07,0
42.0,0,1,9.75,3,-26.4,-20.28,2.046,0.918,1.126,7.16,0.2215,20.731,9.037984256477353e-96,1
79.5,1,1,0.31,1,-11.6,-25.3,0.236,0.0,1.553,6.69,0.2203,22.529,1.0872760085527666e-112,1
192.4,1,2,4.35,5,-0.5,-31.48,7.126,0.0,1.091,6.46,0.2224,8.502,9.278058915650438e-18,1
159.3,1,2,3.69,4,-15.3,-28.69,4.674,4.77,2.542,6.65,0.2227,11.677,8.396293454334383e-32,1
101.9,1,1,2.9,3,13.1,-33.19,1.907,0.0,1.035,6.48,0.2237,9.252,1.1041965262547455e-20,1
88.9,1,1,16.35,6,14.1,-39.92,9.606,0.0,1.268,7.54,0.221,4.161,1.5856894952080795e-05,0
5.9,0,1,3.41,1,-16.2,-8.29,1.065,0.0,1.354,6.99,0.2215,283.911,0.0,1
131.1,1,2,2.14,0,-29.4,-22.69,0.746,4.71,1.58,6.99,0.2234,23.155,6.442968659249629e-119,1
9.4,0,1,9.56,1,-25.2,-6.98,0.376,0.0,1.131,6.84,0.2258,320.553,0.0,1
20.4,0,1,6.23,1,-30.0,-15.2,1.237,0.0,3.051,6.53,0.2227,72.739,0.0,1
32.8,0,1,3.65,0,28.9,-15.72,0.0,0.0,1.372,7.0,0.2232,67.385,0.0,1
83.5,1,1,3.65,3,10.4,-30.57,2.135,0.0,2.077,6.86,0.2253,11.751,3.4835458711867067e-32,1
45.4,0,1,6.41,1,-21.0,-20.27,1.465,0.0,1.716,6.78,0.2294,20.206,4.323245491076068e-91,1
115.3,1,2,13.42,10,-24.0,-23.32,8.576,0.0,1.506,6.88,0.2311,21.554,2.4471375192160296e-103,1
14.9,0,1,18.95,1,23.1,-11.25,0.565,0.0,1.175,6.87,0.223,151.607,0.0,1
108.9,1,1,21.32,12,22.7,-43.98,8.806,0.0,2.344,7.43,0.2247,2.127,0.01669198780707428,0
33.8,0,1,18.79,5,30.3,-20.41,5.58,0.0,1.279,6.64,0.2288,18.542,4.74426403939016e-77,1
171.3,1,2,15.71,4,-19.6,-29.2,3.345,3.142,2.038,7.33,0.2407,9.682,1.8066483348842663e-22,1
83.2,1,1,22.69,2,3.9,-32.56,2.108,0.0,1.198,6.91,0.2472,10.196,1.0366297598605825e-24,1
10.6,0,1,12.99,3,-22.1,-14.03,2.318,0.0,2.217,6.56,0.2395,96.297,0.0,1
141.4,1,2,15.83,5,21.7,-27.41,7.539,0.0,1.101,7.28,0.232,12.713,2.4910919698585227e-37,1
12.0,0,1,10.29,0,-3.2,-10.48,0.0,0.0,2.343,6.98,0.229,193.915,0.0,1
72.7,1,1,8.18,3,15.2,-26.08,1.819,0.0,1.911,7.51,0.2239,18.835,1.967970009384682e-79,1
14.9,0,1,8.29,0,-28.0,-11.35,0.868,0.0,1.316,6.63,0.2269,160.413,0.0,1
16.3,0,1,3.71,1,20.6,-11.17,0.603,0.0,1.495,6.88,0.224,169.515,0.0,1
78.5,1,1,19.91,17,-15.1,-39.93,13.414,0.0,1.014,8.24,0.2215,3.233,0.0006115837918145685,0
10.6,0,1,1.38,0,24.8,-9.09,0.0,0.0,1.053,6.58,0.2218,300.236,0.0,1
141.4,1,2,16.87,13,-17.9,-30.05,11.136,0.0,1.599,6.82,0.2359,10.547,2.6357228830795266e-26,1
106.3,1,1,21.61,1,21.4,-38.53,1.902,0.0,1.173,6.51,0.2301,5.598,1.0834260246673687e-08,0
131.8,1,2,12.44,14,-21.3,-27.34,14.365,0.0,1.051,7.46,0.2264,13.306,1.0644132936547648e-40,1
131.8,1,2,1.76,2,13.1,-19.7,1.1,0.0,1.128,6.88,0.2226,29.607,6.129042644953148e-193,1
97.4,1,1,10.71,10,20.7,-37.06,5.516,0.0,2.338,6.49,0.2248,6.264,1.8816249516368028e-10,0
35.8,0,1,8.58,2,-4.9,-18.93,2.813,0.0,1.115,7.07,0.2273,30.54,3.8223786612579208e-205,1
137.8,1,2,24.64,27,-14.1,-35.56,28.224,0.0,1.417,7.91,0.2336,4.434,4.627724784233939e-06,0
80.8,1,1,17.28,6,-7.6,-36.2,4.411,4.802,1.222,7.0,0.2345,6.032,8.072963953575312e-10,0
11.4,0,1,18.03,2,-10.7,-10.79,0.865,0.0,1.184,8.34,0.2317,174.227,0.0,1
63.5,0,1,12.9,1,11.1,-26.6,2.808,0.0,1.535,7.68,0.2294,5.091,1.7848714218609786e-07,0
100.3,1,1,17.74,7,-27.1,-44.06,6.852,4.049,1.174,6.86,0.2227,2.542,0.005512122444399746,0
119.5,1,2,18.06,17,-27.3,-27.4,14.243,4.335,1.534,6.78,0.2223,12.896,2.366689573199186e-38,1
34.7,0,1,1.66,0,-11.3,-16.15,0.0,0.0,2.331,6.29,0.2223,44.065,0.0,1
97.4,1,1,5.57,0,-12.0,-36.2,0.702,3.82,1.498,6.32,0.2273,7.131,4.972454602123619e-13,1
45.5,0,1,0.32,0,-18.5,-21.12,0.0,3.315,1.095,6.98,0.2208,15.824,1.0697646135193435e-56,1
56.0,0,1,12.75,4,16.6,-25.08,4.617,0.0,1.05,7.72,0.2317,5.279,6.496512917605323e-08,0
34.6,0,1,21.89,3,-28.5,-16.98,1.477,0.0,1.949,8.02,0.2305,30.524,6.323888217599648e-205,1
81.1,1,1,15.24,4,30.1,-32.07,3.605,0.0,1.149,7.36,0.24,10.13,2.038879797283392e-24,1
22.0,0,1,12.51,1,19.2,-12.5,0.354,0.0,1.356,7.04,0.2378,117.871,0.0,1
28.5,0,1,23.15,2,-3.8,-16.85,1.5,0.0,1.018,7.68,0.2303,45.51,0.0,1
14.9,0,1,4.31,0,25.8,-9.83,0.0,0.0,1.06,6.28,0.2227,214.41,0.0,1
26.3,0,1,1.87,0,10.2,-12.8,0.0,0.0,1.206,6.87,0.2214,115.173,0.0,1
164.9,1,2,22.93,14,7.1,-33.12,13.263,0.0,1.122,6.11,0.2349,7.241,2.2348733546802635e-13,1
142.3,1,2,22.57,30,-9.7,-34.88,24.024,1.32,1.792,7.22,0.24,4.446,4.383640106497879e-06,0
30.6,0,1,17.07,4,13.1,-20.01,3.926,0.0,1.085,6.2,0.2431,29.158,3.2730111569178984e-187,1
103.0,1,1,6.15,4,-20.9,-37.59,4.494,0.536,1.277,6.81,0.2289,5.628,9.107239280232228e-09,0
33.8,0,1,24.24,2,4.1,-18.21,1.497,0.0,1.122,6.26,0.2238,32.1,2.1777462915672965e-226,1
33.5,0,1,19.13,4,-22.5,-18.71,2.469,0.0,1.034,7.93,0.241,39.292,0.0,1
22.2,0,1,16.85,0,-1.1,-12.45,0.581,0.0,1.337,7.09,0.2233,123.15,0.0,1
120.6,1,2,5.57,2,10.1,-19.54,1.453,0.0,1.981,6.16,0.2227,32.549,1.0990726883055482e-232,1
131.8,1,2,12.83,7,-19.9,-24.78,8.618,0.0,1.15,7.51,0.228,16.368,1.6259128379037935e-60,1
12.1,0,1,20.56,0,-15.6,-10.29,0.0,0.0,1.339,6.45,0.2484,189.718,0.0,1
98.6,1,1,21.51,12,22.9,-41.79,10.111,0.0,1.03,6.87,0.2317,3.074,0.0010564542443736082,0
36.9,0,1,14.04,5,-13.4,-25.99,6.572,1.805,1.094,7.22,0.2329,5.695,6.181162070677516e-09,0
111.7,1,2,13.07,7,-23.8,-20.88,4.328,0.0,1.066,6.65,0.2329,29.689,5.366055125133607e-194,1
23.5,0,1,17.44,0,-8.5,-14.26,0.441,0.0,2.029,7.51,0.2296,93.439,0.0,1
100.3,1,1,13.21,9,30.8,-40.96,10.291,0.0,1.094,7.1,0.2338,3.231,0.0006169378015789245,0
91.0,1,1,10.44,9,15.1,-38.75,8.073,0.0,1.319,6.85,0.2283,4.732,1.1126782934229575e-06,0
135.8,1,2,2.14,0,7.4,-21.48,0.0,0.0,1.104,6.45,0.221,28.306,1.4590929881268465e-176,1
125.2,1,2,3.15,4,24.6,-19.41,2.072,0.0,1.091,7.18,0.2222,29.013,2.2837127548740107e-185,1
90.5,1,1,19.01,3,12.9,-35.41,4.09,0.0,1.899,6.59,0.2258,7.489,3.478171716734252e-14,1
44.0,0,1,0.62,1,22.7,-18.81,1.166,0.0,1.365,6.53,0.22,27.358,4.369693437781603e-165,1
50.7,0,1,1.31,2,12.7,-20.85,2.127,0.0,1.365,6.16,0.2207,14.971,5.717958263438077e-51,1
91.0,1,1,22.62,7,26.2,-39.95,7.661,0.0,1.076,6.73,0.2511,4.524,3.0314362618976415e-06,0
34.6,0,1,17.6,2,10.6,-17.32,1.597,0.0,1.024,7.3,0.23,35.879,3.2044966012323006e-282,1
32.9,0,1,0.11,0,-12.8,-18.3,0.0,3.195,1.161,6.16,0.2204,32.199,9.072796310593484e-228,1
106.3,1,1,7.8,4,-27.3,-34.86,2.664,0.0,1.394,6.39,0.2215,8.086,3.092367035843302e-16,1
12.3,0,1,19.08,2,-23.2,-16.92,4.706,0.0,1.575,8.18,0.2339,55.437,0.0,1
46.1,0,1,10.44,2,3.3,-21.94,2.13,0.0,2.04,6.67,0.2246,12.441,7.857480387776013e-36,1
34.9,0,1,11.72,3,33.2,-18.79,2.516,0.0,1.269,6.41,0.2273,27.318,1.2889028987953042e-164,1
43.9,0,1,11.47,5,19.4,-21.55,4.062,0.0,1.644,7.56,0.232,13.009,5.4039737185562174e-39,1
33.5,0,1,5.05,1,20.4,-16.75,0.912,0.0,1.228,6.62,0.2223,49.577,0.0,1
34.7,0,1,18.03,2,13.1,-17.44,0.818,0.0,1.514,7.02,0.2237,36.715,2.1346972125104954e-295,1
74.0,1,1,2.58,1,28.7,-24.29,1.253,0.0,1.145,6.84,0.2202,22.128,8.46964795507408e-109,1
78.5,1,1,12.68,7,17.8,-32.47,5.78,0.0,1.544,7.01,0.2257,10.668,7.21264211438203e-27,1
123.7,1,2,4.25,0,-13.2,-19.29,0.435,1.542,1.427,7.02,0.2248,29.858,3.4162302438774266e-196,1
88.9,1,1,1.16,0,2.5,-27.87,0.0,0.0,1.056,6.19,0.2208,18.24,1.2521527656813138e-74,1
50.5,0,1,3.58,0,-3.7,-18.61,0.215,0.0,1.854,6.58,0.2254,21.856,3.4133828323519516e-106,1
68.5,1,1,21.73,9,-19.2,-40.09,11.092,3.261,1.229,6.53,0.2278,4.025,2.8502800821400393e-05,0
136.4,1,2,4.4,6,-15.5,-24.15,4.776,2.509,1.056,6.83,0.2263,19.1,1.2679536367013804e-81,1
17.6,0,1,6.96,2,-11.5,-13.85,1.59,2.143,1.452,6.75,0.2288,81.049,0.0,1
81.4,1,1,3.45,3,-18.7,-30.36,4.509,0.0,1.032,6.81,0.2244,12.416,1.0686246337112098e-35,1
158.9,1,2,18.39,17,-15.9,-34.22,16.191,0.0,1.091,6.42,0.2395,6.319,1.3170037258061914e-10,0
72.7,1,1,11.14,2,29.6,-26.09,2.544,0.0,1.334,6.36,0.2203,22.52,1.3116085218259723e-112,1
159.3,1,2,23.59,15,-7.7,-34.42,15.342,0.0,1.376,6.97,0.2474,6.01,9.259727260912403e-10,0
42.0,0,1,16.61,2,23.8,-21.02,3.632,0.0,1.746,7.33,0.2252,13.654,9.49522572938253e-43,1
141.4,1,2,13.28,25,-25.8,-31.54,18.631,0.0,1.356,6.81,0.2265,8.622,3.2816342393876593e-18,1
78.6,1,1,16.42,15,33.8,-38.0,12.19,0.0,1.114,7.13,0.2254,4.861,5.827866637860362e-07,0
47.0,0,1,1.01,0,19.7,-18.59,0.0,0.0,1.218,6.15,0.2207,31.647,4.213025529875527e-220,1
12.1,0,1,23.77,2,28.9,-11.38,1.895,0.0,1.164,7.49,0.2276,127.042,0.0,1
65.1,1,1,23.91,5,4.2,-31.91,5.097,0.0,1.571,7.15,0.2506,11.429,1.499660626024005e-30,1
71.8,1,1,6.9,3,11.2,-27.08,2.012,0.0,1.664,7.17,0.227,17.596,1.3313881077556162e-69,1
46.3,0,1,15.71,3,-6.5,-22.75,3.099,2.299,1.291,7.75,0.2353,7.242,2.2096408310692186e-13,1
63.5,0,1,5.05,1,-1.9,-23.91,0.382,0.0,1.067,6.76,0.2256,8.477,1.1523566708173932e-17,1
63.5,0,1,13.69,1,18.8,-23.83,1.206,0.0,1.096,7.26,0.2265,7.545,2.258021650850449e-14,1
169.8,1,2,19.27,26,-26.8,-38.39,22.815,0.0,1.188,7.68,0.2365,3.121,0.0008997894877506427,0
14.9,0,1,23.5,0,-27.6,-11.81,0.0,0.931,1.141,6.69,0.2432,116.44,0.0,1
116.9,1,2,8.48,6,26.9,-22.22,6.878,0.0,1.084,7.29,0.2272,22.002,1.3778024254540632e-107,1
91.0,1,1,17.34,3,-22.8,-34.39,2.9,0.0,1.897,6.93,0.2355,8.251,7.832667138778221e-17,1
51.0,0,1,17.91,5,16.9,-24.03,4.741,0.0,1.34,7.51,0.2217,8.984,1.30703043498821e-19,1
12.1,0,1,5.53,1,-17.0,-13.44,0.986,1.889,1.497,7.2,0.2241,103.147,0.0,1
159.0,1,2,15.73,4,-6.2,-27.63,6.266,0.0,1.098,7.17,0.2338,12.098,5.40735436648141e-34,1
115.3,1,2,16.39,3,-10.9,-22.25,4.197,3.953,3.537,7.23,0.2229,22.553,6.323677474812879e-113,1
71.4,1,1,19.1,2,1.9,-27.92,3.104,0.0,1.458,8.34,0.2252,13.951,1.5613339047260222e-44,1
177.2,1,2,25.0,28,23.7,-39.32,22.434,0.0,1.648,8.34,0.2413,2.382,0.008615186257379327,0
131.8,1,2,1.01,0,26.9,-19.03,0.0,0.0,1.308,6.95,0.2203,31.056,4.737457423111341e-212,1
152.8,1,2,5.06,3,-15.6,-23.55,3.096,0.0,1.424,7.14,0.2242,19.677,1.6938993169212787e-86,1
70.1,1,1,3.63,1,-8.1,-30.19,1.233,3.461,2.241,6.93,0.2214,14.302,1.0626603400991836e-46,1
57.0,0,1,3.86,0,24.4,-20.59,0.0,0.0,1.433,7.02,0.221,15.823,1.0808915408472416e-56,1
56.0,0,1,11.36,2,-24.2,-27.45,2.247,3.476,1.617,7.48,0.234,2.953,0.001571549318329038,0
39.5,0,1,21.96,3,-22.4,-20.09,1.9,0.0,1.743,7.49,0.2471,20.104,3.3989264408179727e-90,1
50.7,0,1,11.22,8,1.2,-23.41,4.423,0.0,1.098,7.12,0.2256,8.38,2.6404585560527987e-17,1
23.4,0,1,16.71,2,21.4,-13.72,1.846,0.0,1.271,7.53,0.2281,78.859,0.0,1
83.5,1,1,9.41,6,-8.2,-33.96,6.042,0.0,1.033,6.95,0.226,8.974,1.4316260758492835e-19,1
85.7,1,1,7.99,4,-25.5,-31.81,3.753,0.0,1.098,6.74,0.2229,11.053,1.0552282092024704e-28,1
46.1,0,1,20.86,2,32.9,-21.27,2.474,0.0,1.52,7.62,0.2372,14.889,1.937368847308445e-50,1
57.0,0,1,16.39,0,31.0,-26.43,4.397,0.0,1.117,6.67,0.2439,3.849,5.9337476227348115e-05,0
103.0,1,1,8.77,6,12.4,-40.97,6.383,0.0,1.037,7.09,0.23,3.612,0.00015219866633664448,0
16.5,0,1,22.85,4,14.3,-15.75,3.208,0.0,1.135,7.52,0.2296,55.936,0.0,1
180.4,1,2,12.46,15,30.7,-33.81,15.748,0.0,1.389,7.19,0.2266,5.544,1.4744654037302973e-08,0
141.4,1,2,4.71,1,11.9,-21.13,1.289,0.0,1.372,6.75,0.2214,24.872,7.540451142813637e-137,1
135.2,1,2,12.08,6,21.2,-25.27,6.916,0.0,1.67,6.74,0.2327,17.617,9.1665581833105e-70,1
44.0,0,1,16.87,5,0.1,-23.07,3.497,0.0,1.74,7.48,0.2286,11.445,1.244202228276059e-30,1
123.7,1,2,9.18,10,-15.2,-22.21,6.201,0.0,1.42,6.83,0.2324,22.625,1.2324268352326477e-113,1
103.0,1,1,21.09,6,24.1,-43.95,6.07,0.0,4.298,7.42,0.2428,2.133,0.016450439744491778,0
22.5,0,1,13.33,2,14.5,-13.7,1.065,0.0,1.043,6.42,0.2272,99.151,0.0,1
78.6,1,1,11.69,7,-11.2,-37.98,7.835,3.704,1.061,6.73,0.227,4.868,5.644557703544961e-07,0
122.3,1,2,21.47,15,10.5,-27.1,15.57,0.0,1.226,7.69,0.2243,12.331,3.065418879446498e-35,1
72.7,1,1,11.57,3,23.1,-26.44,1.952,0.0,1.313,7.28,0.2282,19.364,7.713670942501044e-84,1
68.3,1,1,10.36,1,-12.4,-23.74,0.355,0.0,1.183,6.78,0.2347,25.728,2.8522998055407814e-146,1
34.6,0,1,2.59,1,19.9,-16.49,0.721,0.0,1.844,6.22,0.2225,50.255,0.0,1
13.1,0,1,9.06,0,-25.3,-9.55,0.0,0.0,1.021,7.43,0.2271,219.028,0.0,1
96.0,1,1,9.93,3,10.6,-33.09,2.105,0.0,2.506,6.94,0.2261,8.451,1.4420608035240627e-17,1
56.0,0,1,4.52,6,34.9,-23.43,3.22,0.0,1.259,6.98,0.2241,8.874,3.5277365954227807e-19,1
131.8,1,2,14.7,3,26.3,-22.15,2.256,0.0,1.0,7.49,0.24,22.154,4.811725423042047e-109,1
108.9,1,1,3.6,1,26.9,-35.05,1.202,0.0,1.415,6.7,0.2221,6.939,1.972189335482743e-12,1
76.8,1,1,5.59,2,14.2,-27.85,1.133,0.0,2.538,6.5,0.2252,18.317,3.0391038351688518e-75,1
124.7,1,2,14.03,7,-0.0,-22.98,6.138,0.0,1.575,7.17,0.2407,20.602,1.3105441800074595e-94,1
137.8,1,2,6.72,2,14.0,-21.31,2.012,0.0,1.181,6.42,0.226,26.845,4.851820002153616e-159,1
134.9,1,2,15.99,9,-9.1,-23.74,6.922,0.0,2.48,6.48,0.2368,18.567,2.963618331566927e-77,1
135.8,1,2,17.26,8,5.9,-28.87,12.103,0.0,1.584,6.88,0.2428,11.249,1.1649914871930033e-29,1
50.7,0,1,7.53,1,5.1,-20.98,0.742,0.0,1.076,6.9,0.2252,14.852,3.363346899479867e-50,1
125.5,1,2,2.18,1,5.3,-19.85,1.843,0.0,1.752,6.29,0.2202,30.251,2.5442480001518847e-201,1
78.8,1,1,12.24,10,-3.2,-35.34,8.017,0.0,2.717,6.48,0.2281,7.283,1.6379921996628634e-13,1
39.4,0,1,2.32,2,-7.1,-16.21,0.747,0.0,1.089,7.01,0.2206,52.882,0.0,1
56.4,0,1,12.88,5,-8.5,-30.13,2.844,4.741,1.845,6.48,0.2373,1.655,0.0489490658857462,0
34.9,0,1,18.16,8,-15.4,-20.77,6.015,0.0,1.169,7.08,0.2419,16.026,4.226884937747029e-58,1
22.0,0,1,15.51,2,-1.5,-15.65,1.205,0.0,2.138,7.22,0.2378,56.764,0.0,1
32.8,0,1,11.21,2,-22.3,-16.45,1.182,0.0,1.01,6.94,0.2274,51.74,0.0,1
11.4,0,1,23.65,2,28.6,-11.48,1.141,0.0,1.117,8.38,0.2467,153.01,0.0,1
36.6,0,1,2.54,3,-25.5,-22.09,2.16,4.892,1.054,6.79,0.2227,13.294,1.2578621763386693e-40,1
97.4,1,1,22.0,15,24.4,-49.87,17.998,0.0,1.248,7.0,0.2235,0.971,0.1657290782818201,0
15.0,0,1,20.0,0,-14.3,-12.38,0.0,0.0,2.73,7.65,0.2249,128.04,0.0,1
56.0,0,1,10.49,1,25.5,-25.79,0.884,0.0,3.837,6.78,0.233,4.869,5.599920634783578e-07,0
89.4,1,1,3.82,0,16.8,-30.08,0.0,0.0,2.002,6.05,0.225,14.992,4.1570565420488624e-51,1
147.0,1,2,3.9,5,29.9,-23.45,4.234,0.0,1.023,7.25,0.2238,20.19,5.955076944602489e-91,1
52.5,0,1,23.05,8,26.6,-30.96,10.537,0.0,1.057,7.05,0.2286,1.552,0.06036325902453334,0
19.5,0,1,5.84,0,15.6,-12.06,0.0,0.0,1.003,6.56,0.2279,154.762,0.0,1
5.4,0,1,21.85,0,-20.1,-9.17,1.155,0.0,1.368,7.14,0.2491,281.928,0.0,1
22.5,0,1,12.58,1,5.7,-14.27,1.042,0.0,1.121,6.72,0.2334,80.758,0.0,1
43.9,0,1,11.54,5,-7.9,-27.43,4.855,4.491,1.263,6.64,0.2334,3.561,0.0001847952112730879,0
103.0,1,1,15.49,11,27.6,-44.25,12.245,0.0,1.641,7.28,0.2225,2.011,0.022145123475223502,0
52.5,0,1,5.38,0,26.7,-20.48,1.505,0.0,1.13,6.47,0.2261,16.034,3.688145140027949e-58,1
17.6,0,1,10.71,1,-9.6,-13.52,1.833,0.0,1.325,6.47,0.2343,88.865,0.0,1
56.0,0,1,23.46,4,13.7,-28.61,4.218,0.0,2.286,7.61,0.2439,2.868,0.002066159047560768,0
12.1,0,1,5.96,1,-8.0,-11.72,0.615,0.0,2.059,6.89,0.2285,162.706,0.0,1
22.5,0,1,23.04,0,14.1,-15.09,0.59,0.0,1.625,8.07,0.2231,87.277,0.0,1
122.3,1,2,24.86,17,9.9,-25.58,14.513,0.0,1.264,7.6,0.2259,13.301,1.1434878481188488e-40,1
136.4,1,2,1.3,3,3.2,-20.94,1.953,0.0,1.399,6.37,0.2219,27.816,1.4027937378886549e-170,1
15.0,0,1,13.28,2,27.1,-12.66,1.708,0.0,1.264,7.69,0.2375,113.834,0.0,1
10.6,0,1,4.3,0,-14.0,-11.49,0.0,0.983,1.711,6.51,0.222,180.468,0.0,1
158.6,1,2,15.54,20,21.8,-33.92,16.695,0.0,1.21,7.31,0.2417,5.875,2.114548214436682e-09,0
17.9,0,1,24.74,3,14.8,-16.55,2.953,0.0,1.536,7.01,0.2219,49.574,0.0,1
146.9,1,2,22.42,10,-11.7,-26.84,8.572,0.0,1.365,8.28,0.2355,12.33,3.1036196564065915e-35,1
98.6,1,1,23.12,25,-2.6,-52.99,20.75,0.0,1.508,7.52,0.2268,0.573,0.2832396299143983,0
112.3,1,2,5.33,0,-25.5,-18.92,0.0,0.0,2.236,6.87,0.2279,33.439,1.8547587994637532e-245,1
192.4,1,2,13.56,18,8.8,-38.33,15.866,0.0,1.679,6.71,0.2403,3.407,0.00032793146357910094,0
187.7,1,2,5.87,2,27.7,-26.98,0.982,0.0,1.895,6.72,0.221,14.118,1.464915141424477e-45,1
57.0,0,1,22.49,4,-22.3,-30.75,3.53,3.364,1.627,6.43,0.2502,1.563,0.05907303935287706,0
198.3,1,2,4.78,4,-21.4,-29.91,3.601,3.836,1.106,6.27,0.2209,9.21,1.628151301667081e-20,1
64.6,0,1,3.85,2,0.8,-24.24,1.618,0.0,1.145,6.18,0.2254,7.28,1.673051858004433e-13,1
159.0,1,2,0.3,0,-11.7,-22.31,0.0,0.0,1.403,6.97,0.2207,22.967,4.939585367501475e-117,1
43.9,0,1,4.55,0,-12.0,-17.57,0.0,0.0,1.451,6.73,0.2257,33.296,2.194662924117966e-243,1
10.3,0,1,4.74,0,11.5,-7.8,0.0,0.0,1.203,6.76,0.2202,322.517,0.0,1
87.1,1,1,1.94,1,-3.3,-28.43,1.851,0.0,1.199,6.77,0.2208,16.256,1.0100984105615597e-59,1
97.4,1,1,21.69,8,24.9,-41.14,7.746,0.0,1.448,7.17,0.2374,3.155,0.0008028305274652843,0
159.0,1,2,19.5,4,-2.1,-27.58,4.781,0.0,1.147,7.85,0.2331,12.431,8.896553357220159e-36,1
56.4,0,1,6.36,0,10.0,-20.9,0.625,0.0,1.504,6.79,0.2242,14.598,1.4386601461553398e-48,1
8.1,0,1,19.58,0,-4.1,-8.92,0.0,0.0,1.457,7.67,0.2404,280.462,0.0,1
93.8,1,1,10.55,4,-13.4,-34.44,4.633,0.0,1.358,6.46,0.2226,8.862,3.9249441114794305e-19,1
115.3,1,2,19.39,12,0.6,-24.83,10.697,0.0,1.039,7.89,0.2384,15.794,1.7120840559755783e-56,1
74.0,1,1,8.08,2,16.8,-26.23,1.157,0.0,1.039,6.86,0.2218,20.989,4.109352501709936e-98,1
120.6,1,2,14.12,11,31.9,-23.8,10.945,0.0,1.241,7.4,0.2256,16.853,4.976507874516682e-64,1
198.3,1,2,9.54,5,-27.3,-31.93,5.321,1.556,1.016,7.19,0.229,7.165,3.8760118766054853e-13,1
5.4,0,1,4.69,0,4.6,-9.58,0.504,0.0,2.275,6.31,0.2249,252.708,0.0,1
85.7,1,1,14.64,8,11.3,-37.56,7.098,0.0,2.709,6.74,0.2251,5.252,7.522033211566535e-08,0
115.3,1,2,18.77,12,-24.4,-21.5,8.822,0.0,1.436,7.07,0.2292,23.955,4.107410056208927e-127,1
43.9,0,1,18.83,1,23.9,-19.44,0.659,0.0,1.191,7.12,0.2415,20.952,8.924089336173348e-98,1
17.9,0,1,8.91,0,-12.1,-11.7,0.0,0.61,1.146,6.68,0.228,155.388,0.0,1
146.9,1,2,12.97,11,26.9,-27.58,11.0,0.0,1.524,6.7,0.226,12.611,9.149936826911694e-37,1
23.5,0,1,19.09,6,5.9,-18.48,5.461,0.0,1.162,8.31,0.2357,26.591,4.284555286011072e-156,1
60.4,0,1,1.36,1,-20.1,-25.01,0.188,4.65,1.041,6.71,0.2207,5.479,2.139232141043773e-08,0
64.6,0,1,1.8,2,18.0,-23.87,2.069,0.0,1.027,7.04,0.2211,8.431,1.7066722214844804e-17,1
101.9,1,1,9.41,3,-19.8,-37.68,4.415,0.0,1.13,6.89,0.2315,5.372,3.902790216981437e-08,0
102.0,1,1,5.59,5,16.8,-35.67,5.091,0.0,1.314,6.64,0.2274,6.618,1.8243991278777657e-11,0
67.2,1,1,9.37,0,22.5,-25.31,0.83,0.0,1.302,6.99,0.2201,24.123,7.200018576822912e-129,1
93.8,1,1,2.34,0,7.4,-28.4,0.0,0.0,1.217,7.04,0.2225,15.287,4.681448905262592e-53,1
152.8,1,2,14.8,8,-12.4,-28.41,11.373,0.0,1.045,7.01,0.2205,11.498,6.751043927611293e-31,1
34.5,0,1,16.79,2,-1.6,-18.69,2.426,0.0,1.697,7.3,0.2388,26.801,1.585763162070244e-158,1
32.8,0,1,19.8,6,4.3,-22.09,5.414,0.0,1.132,7.38,0.2452,15.418,6.151827717743363e-54,1
192.4,1,2,16.26,32,13.3,-43.65,26.634,0.0,1.317,7.89,0.2425,1.328,0.09209467255713316,0
124.7,1,2,9.91,3,11.2,-21.83,3.895,0.0,2.837,6.48,0.2214,25.791,5.530121246860147e-147,1
134.9,1,2,23.37,8,-4.0,-24.98,7.791,0.0,1.618,7.15,0.2205,16.168,4.2122192429475355e-59,1
22.0,0,1,18.16,6,19.3,-15.97,4.42,0.0,1.125,7.32,0.23,44.704,0.0,1
12.0,0,1,13.19,0,20.1,-9.28,0.578,0.0,1.004,7.27,0.225,232.928,0.0,1
8.1,0,1,5.17,0,15.3,-9.53,0.0,0.0,1.205,6.64,0.2232,264.058,0.0,1
78.6,1,1,16.22,2,-12.3,-28.48,1.829,0.0,1.218,6.91,0.2243,17.459,1.4704706124039339e-68,1
136.4,1,2,14.79,11,0.5,-27.19,13.215,0.0,1.441,7.01,0.2371,12.723,2.199619098399602e-37,1
169.2,1,2,17.08,24,-1.9,-36.71,22.234,0.0,1.134,6.62,0.2368,4.543,2.773661862861087e-06,0
125.8,1,2,19.53,2,23.1,-21.1,2.325,0.0,2.046,6.97,0.2316,24.824,2.443828001709349e-136,1
69.5,1,1,22.88,10,22.5,-35.34,7.89,0.0,1.039,7.56,0.2441,6.684,1.163584296401057e-11,0
119.5,1,2,23.73,15,26.3,-25.14,13.829,0.0,1.308,6.9,0.2322,17.223,8.966925278784817e-67,1
124.7,1,2,15.75,18,-15.0,-28.73,17.39,0.0,1.123,8.14,0.2338,10.198,1.0079226818877834e-24,1
91.0,1,1,24.15,18,18.6,-47.77,16.262,0.0,1.003,7.86,0.2364,1.359,0.08703606887497417,0
63.5,0,1,22.79,5,26.6,-27.71,3.991,0.0,1.042,7.06,0.2314,3.138,0.0008515023889299811,0
14.9,0,1,0.07,0,-19.2,-10.6,0.0,0.0,1.162,6.12,0.2204,214.061,0.0,1
32.8,0,1,15.94,4,-27.4,-20.17,4.068,0.646,1.436,6.09,0.2281,20.738,7.833439361459393e-96,1
104.5,1,1,4.46,4,-23.1,-37.69,4.646,0.0,1.317,6.42,0.2236,5.797,3.36711708823649e-09,0
65.1,1,1,7.38,1,9.4,-23.64,1.631,0.0,1.073,6.83,0.2233,25.115,1.6988860854915835e-139,1
9.4,0,1,7.44,0,-2.6,-8.84,0.0,0.0,1.08,6.53,0.2309,280.599,0.0,1
187.7,1,2,12.08,24,-17.3,-34.65,19.111,0.0,1.042,7.34,0.2237,4.768,9.312765314387555e-07,0
51.0,0,1,0.27,0,4.3,-18.19,0.447,0.0,1.383,6.53,0.2202,27.674,7.080449308243043e-169,1
21.5,0,1,5.89,2,21.1,-12.74,1.366,0.0,1.357,6.42,0.2261,102.419,0.0,1
17.9,0,1,0.73,1,25.6,-10.68,0.821,0.0,1.18,6.67,0.2203,156.274,0.0,1
30.1,0,1,16.26,3,18.9,-16.2,1.661,0.0,1.097,6.69,0.2323,42.181,0.0,1
43.9,0,1,22.23,7,27.6,-22.48,4.03,0.0,1.148,7.18,0.244,12.521,2.875873614707266e-36,1
44.0,0,1,24.94,5,9.3,-23.37,3.708,0.0,1.047,8.12,0.256,10.848,1.0207588447195849e-27,1
58.1,0,1,11.21,11,24.4,-31.42,10.668,0.0,1.374,6.39,0.2291,1.075,0.14126799878028606,0
61.9,0,1,6.5,3,-2.9,-24.14,1.442,0.0,2.194,7.38,0.2272,6.628,1.7062044713855367e-11,0
23.5,0,1,21.33,2,25.4,-14.42,1.853,0.0,1.415,7.48,0.2459,68.038,0.0,1
56.4,0,1,2.83,1,28.2,-21.79,1.018,0.0,1.458,6.73,0.2215,13.523,5.6891367852874005e-42,1
98.6,1,1,24.36,11,14.6,-43.3,9.824,0.0,1.066,8.42,0.2367,2.2,0.01388719488336972,0
113.4,1,2,17.87,18,-2.0,-25.26,11.879,0.0,1.133,7.77,0.2432,16.86,4.4134543739597116e-64,1
36.0,0,1,12.6,1,-11.7,-17.28,0.573,0.0,1.618,7.21,0.2323,45.148,0.0,1
52.3,0,1,2.42,0,-8.9,-17.97,0.0,0.0,1.069,6.75,0.2202,27.041,2.4646906950098113e-161,1
16.3,0,1,0.45,0,-21.4,-14.39,0.0,4.416,1.138,6.32,0.221,83.97,0.0,1
50.5,0,1,13.61,1,-26.9,-21.26,1.09,0.0,1.177,7.59,0.2288,14.549,2.981218810947583e-48,1
88.9,1,1,10.35,7,-3.1,-38.29,7.115,0.0,2.374,7.24,0.2312,5.379,3.7443505457292394e-08,0
148.3,1,2,21.07,23,-27.2,-39.14,25.725,4.707,1.639,6.92,0.2314,3.117,0.0009132736672258132,0
27.5,0,1,16.06,3,27.2,-14.64,1.184,0.0,1.087,7.38,0.2327,70.076,0.0,1
131.1,1,2,10.8,3,12.2,-21.22,2.419,0.0,1.099,6.58,0.2279,25.981,4.107605341976631e-149,1
34.7,0,1,5.65,0,24.8,-16.34,0.348,0.0,1.58,6.91,0.2206,48.705,0.0,1
103.0,1,1,12.01,3,-1.1,-37.08,3.074,0.0,2.024,7.05,0.2271,5.297,5.8804416566188144e-08,0
58.1,0,1,4.07,2,-15.4,-22.01,0.773,0.0,1.106,7.05,0.2218,13.952,1.523915064206707e-44,1
111.7,1,2,16.68,3,-11.1,-22.92,5.333,2.155,1.735,6.73,0.2352,22.659,5.6933384755517424e-114,1
152.8,1,2,15.14,4,25.6,-24.37,3.185,0.0,1.052,7.43,0.2418,17.195,1.4501233315777227e-66,1
86.6,1,1,20.25,9,-22.1,-41.14,9.817,0.0,1.187,7.37,0.2441,3.474,0.0002567905487849081,0
75.5,1,1,11.24,0,15.4,-27.13,0.775,0.0,1.191,6.48,0.2354,19.025,5.269113209555452e-81,1
90.5,1,1,6.97,5,-15.3,-31.07,2.627,0.0,1.17,6.25,0.2255,12.958,1.0629630635015744e-38,1
36.0,0,1,20.91,3,-7.0,-25.82,3.621,4.727,1.537,7.4,0.2217,6.327,1.249030425375435e-10,0
58.1,0,1,17.27,2,-29.8,-24.51,2.307,0.0,2.16,7.09,0.2269,6.793,5.497448013714551e-12,1
33.5,0,1,17.67,5,1.1,-21.8,6.028,0.0,1.194,7.23,0.2327,12.768,1.2372713954702208e-37,1
87.1,1,1,13.2,7,-21.7,-34.39,5.615,0.0,1.064,7.26,0.2275,7.987,6.909384687912543e-16,1
131.8,1,2,21.9,20,25.9,-30.71,16.395,0.0,1.418,7.46,0.2351,8.028,4.966995126162907e-16,1
131.1,1,2,5.69,2,-23.6,-20.71,2.206,0.0,1.198,7.07,0.2279,25.553,2.5274863095243355e-144,1
59.1,0,1,10.04,3,-13.7,-26.41,2.995,1.127,1.602,6.79,0.2205,4.809,7.601633211007105e-07,0
10.5,0,1,19.91,1,-29.0,-11.11,1.262,0.0,2.412,6.57,0.2269,166.629,0.0,1
51.0,0,1,3.32,0,34.5,-20.41,1.169,0.0,1.846,6.37,0.2248,15.697,7.929544658653611e-56,1
91.7,1,1,20.2,8,11.7,-42.11,9.741,0.0,1.18,7.98,0.2383,2.887,0.001943380146464701,0
16.3,0,1,8.81,3,11.8,-13.85,2.13,0.0,2.119,6.98,0.2249,107.113,0.0,1
68.3,1,1,3.14,1,3.7,-23.96,0.802,0.0,1.515,6.66,0.221,24.975,5.67654658054423e-138,1
13.1,0,1,1.98,0,26.4,-8.55,0.0,0.0,1.048,6.14,0.2213,245.687,0.0,1
36.9,0,1,21.08,8,-20.6,-22.73,6.388,0.0,1.095,6.69,0.246,12.306,4.1928870698180043e-35,1
22.0,0,1,19.47,4,21.5,-17.52,2.855,0.0,1.7,6.59,0.2486,42.134,0.0,1
69.5,1,1,7.2,4,22.5,-27.38,3.538,0.0,1.025,6.65,0.2228,19.043,3.7415892032844505e-81,1
30.1,0,1,2.91,0,-27.7,-12.87,0.0,0.0,1.174,6.41,0.2241,91.858,0.0,1
7.1,0,1,6.18,0,-21.4,-7.95,0.0,0.0,1.049,6.75,0.2208,363.8,0.0,1
148.3,1,2,5.32,3,5.6,-23.81,2.657,0.0,1.303,6.26,0.226,22.92,1.4627359841879196e-116,1
98.6,1,1,18.33,13,-24.1,-45.2,10.133,0.0,1.069,6.51,0.2436,2.429,0.00757746441199911,0
11.2,0,1,5.39,0,-11.6,-9.76,0.0,1.073,1.052,6.9,0.2227,210.402,0.0,1
72.7,1,1,5.4,4,-3.8,-27.92,2.269,0.0,2.661,7.01,0.2258,16.699,6.708942294638346e-63,1
148.1,1,2,0.81,2,-19.8,-21.01,1.434,0.0,1.39,6.62,0.2216,24.535,3.095876178829497e-133,1
88.9,1,1,14.92,11,15.8,-39.24,7.99,0.0,2.142,7.22,0.2349,3.982,3.4188711101679384e-05,0
86.6,1,1,17.22,19,2.2,-42.03,13.718,0.0,1.29,7.18,0.2353,2.794,0.0026054216378015665,0
21.5,0,1,16.34,1,11.6,-11.89,0.799,0.0,1.149,6.93,0.222,114.335,0.0,1
28.9,0,1,14.21,1,0.8,-14.78,1.068,0.0,1.266,7.19,0.2246,75.281,0.0,1
28.9,0,1,24.15,0,-3.2,-14.05,0.382,0.0,1.128,7.75,0.2299,77.954,0.0,1
14.9,0,1,11.82,0,2.0,-9.9,0.0,0.0,1.065,6.11,0.2229,230.488,0.0,1
47.0,0,1,21.5,3,28.5,-21.14,2.347,0.0,1.175,7.09,0.223,14.815,5.850807536430078e-50,1
50.7,0,1,16.15,5,-4.3,-24.93,4.049,0.0,2.049,6.79,0.2414,6.024,8.51871369359875e-10,0
65.4,1,1,2.1,2,11.7,-24.86,1.794,0.0,2.097,6.97,0.2206,24.302,9.442447080671065e-131,1
12.3,0,1,20.25,0,24.2,-11.53,0.0,0.0,1.502,7.63,0.2462,203.407,0.0,1
67.2,1,1,14.61,7,10.4,-31.11,6.039,0.0,1.24,7.24,0.2405,11.008,1.7503431496197037e-28,1
70.1,1,1,16.34,3,-15.3,-31.07,4.545,0.551,1.126,6.82,0.2305,13.088,1.9260466149598476e-39,1
42.0,0,1,4.51,2,-22.1,-23.29,1.276,4.743,1.213,6.89,0.2224,11.403,2.0099977709733254e-30,1
26.6,0,1,10.94,1,8.4,-14.76,1.078,0.0,1.203,7.21,0.2331,76.512,0.0,1
45.5,0,1,22.01,8,17.3,-25.55,5.141,0.0,2.107,6.72,0.2523,6.189,3.0309567427644266e-10,0
192.4,1,2,5.39,2,20.0,-29.01,5.104,0.0,1.03,7.23,0.2212,10.121,2.222153547190335e-24,1
46.3,0,1,0.0,0,15.1,-17.19,0.0,0.0,1.55,6.3,0.22,28.877,1.1550960388180919e-183,1
75.4,1,1,6.44,3,-29.8,-30.36,2.473,2.907,1.328,7.24,0.228,11.292,7.210870645080385e-30,1
46.1,0,1,12.19,7,20.3,-25.17,8.137,0.0,1.061,6.86,0.2201,5.701,5.957063431986162e-09,0
137.8,1,2,20.53,9,9.3,-25.14,5.454,0.0,1.218,7.4,0.2317,15.528,1.1191508076886907e-54,1
76.0,1,1,16.08,9,34.2,-33.13,7.023,0.0,1.101,7.53,0.223,9.114,3.964622152950819e-20,1
22.5,0,1,22.98,2,19.7,-15.26,1.919,0.0,1.032,8.56,0.2481,70.725,0.0,1
57.0,0,1,11.39,7,-2.0,-25.06,3.755,0.0,1.04,7.44,0.2245,5.173,1.1530193406919201e-07,0
83.5,1,1,9.77,2,13.9,-30.18,1.922,0.0,1.481,6.49,0.2291,13.559,3.523096698191434e-42,1
30.1,0,1,5.79,2,10.0,-16.77,1.584,0.0,1.362,7.02,0.225,56.878,0.0,1
35.8,0,1,5.45,1,-8.1,-16.11,0.705,0.0,1.154,7.16,0.2278,46.23,0.0,1
70.1,1,1,18.4,6,4.7,-30.86,5.571,0.0,1.314,8.1,0.2222,10.185,1.1521419472101361e-24,1
180.4,1,2,2.01,2,-16.7,-27.96,1.115,1.902,1.8,6.17,0.2218,13.192,4.849906538941313e-40,1
20.4,0,1,6.07,1,-24.3,-12.68,1.152,0.0,1.412,6.27,0.2286,106.542,0.0,1
26.6,0,1,22.15,6,17.6,-21.42,5.094,0.0,1.333,8.44,0.2376,19.608,6.571887096435333e-86,1
51.0,0,1,14.42,3,-5.0,-24.88,3.878,0.0,1.351,7.39,0.2409,5.976,1.1401798799278305e-09,0
36.9,0,1,1.16,0,19.1,-16.01,0.0,0.0,1.487,6.28,0.2204,59.071,0.0,1
135.2,1,2,17.61,20,1.7,-30.05,16.612,0.0,1.542,7.13,0.2327,9.554,6.22716789226962e-22,1
43.9,0,1,12.67,6,22.6,-24.87,5.868,0.0,1.123,6.71,0.2353,7.628,1.1883270101277939e-14,1
12.5,0,1,21.36,1,18.1,-12.68,1.326,0.0,1.365,7.82,0.2343,124.783,0.0,1
65.4,1,1,17.06,4,19.7,-27.18,3.131,0.0,1.533,7.11,0.2264,18.687,3.178583080084381e-78,1
43.9,0,1,0.11,0,-2.1,-16.26,0.0,0.0,1.006,6.9,0.2201,46.536,0.0,1
147.0,1,2,5.14,9,32.5,-26.36,7.418,0.0,1.174,6.57,0.2265,14.461,1.0705649036751526e-47,1
102.0,1,1,6.45,3,-3.7,-34.98,2.28,0.0,1.085,6.97,0.2214,7.712,6.192588733970839e-15,1
159.3,1,2,17.56,26,21.6,-36.54,23.985,0.0,1.172,7.18,0.2235,4.029,2.798963970651488e-05,0
23.5,0,1,12.73,2,1.8,-15.05,1.415,0.0,1.473,6.65,0.2274,69.759,0.0,1
12.1,0,1,18.69,1,-14.7,-11.31,0.351,0.0,1.172,6.73,0.2463,191.116,0.0,1
33.4,0,1,12.82,5,10.9,-19.91,2.77,0.0,1.519,7.35,0.2311,26.139,6.598207074910142e-151,1
52.5,0,1,8.18,1,0.5,-21.71,1.126,0.0,1.247,6.9,0.2245,12.793,8.941856787216139e-38,1
115.3,1,2,2.59,3,-12.8,-19.64,4.312,0.0,1.004,7.14,0.2238,29.422,1.4325685875954588e-190,1
148.3,1,2,5.07,1,-5.1,-22.42,3.141,0.0,1.049,7.13,0.2223,20.955,8.441152318423748e-98,1
125.8,1,2,10.02,10,-19.6,-25.6,8.595,3.709,1.34,6.61,0.2208,17.396,4.4473299022266625e-68,1
12.0,0,1,13.79,3,34.2,-11.64,2.397,0.0,1.046,6.41,0.2274,154.841,0.0,1
96.0,1,1,23.47,10,11.8,-52.97,18.183,0.0,1.233,8.17,0.2422,0.514,0.30351905037502236,0
112.4,1,2,5.99,2,-18.7,-18.69,1.874,0.0,1.165,6.6,0.2284,34.539,1.049841613806625e-261,1
107.4,1,1,16.65,2,19.7,-38.61,2.958,0.0,2.609,6.34,0.2356,5.013,2.685441821868798e-07,0
192.4,1,2,3.81,0,9.1,-27.27,0.0,0.0,1.799,6.52,0.2233,13.206,4.045591744000279e-40,1
88.9,1,1,17.84,4,17.0,-36.26,3.109,0.0,2.852,6.67,0.2393,7.209,2.81064997049075e-13,1
131.8,1,2,0.28,0,8.0,-19.59,0.0,0.0,1.05,6.2,0.2201,32.32,1.8255337075623376e-229,1
42.0,0,1,16.4,0,-26.1,-18.21,0.48,0.0,1.184,7.15,0.2424,29.447,6.785441137141774e-191,1
136.4,1,2,4.08,3,-16.8,-23.54,3.375,1.347,1.488,6.59,0.2239,21.878,2.11991495477078e-106,1
146.9,1,2,4.51,4,20.0,-23.65,4.409,0.0,1.439,7.22,0.2236,20.995,3.66162806256626e-98,1
19.5,0,1,13.97,1,19.0,-14.06,0.749,0.0,2.994,6.85,0.2334,66.71,0.0,1
23.5,0,1,9.39,0,19.0,-12.05,0.0,0.0,1.142,6.76,0.2214,127.02,0.0,1
26.6,0,1,11.78,0,-29.0,-16.44,0.411,2.197,1.742,6.63,0.2317,49.915,0.0,1
80.8,1,1,7.72,3,22.3,-29.58,3.213,0.0,1.689,6.49,0.2214,14.908,1.4556685238408062e-50,1
135.8,1,2,23.84,22,-1.5,-35.73,22.629,0.0,1.298,6.57,0.2379,5.21,9.4183958562777e-08,0
80.8,1,1,7.27,5,15.1,-32.08,4.517,0.0,1.651,7.4,0.229,10.143,1.7788332668329374e-24,1
69.5,1,1,13.55,5,-12.3,-27.44,4.103,0.0,1.074,7.5,0.2232,16.349,2.216048247707268e-60,1
38.4,0,1,21.36,6,20.0,-21.8,4.425,0.0,1.425,6.77,0.2329,12.144,3.0726831157623253e-34,1
12.5,0,1,16.6,3,33.8,-11.55,1.37,0.0,1.124,7.17,0.2357,155.34,0.0,1
63.5,0,1,8.07,2,-13.5,-25.31,2.941,0.0,1.207,6.64,0.2281,5.271,6.800044937895659e-08,0
27.5,0,1,13.81,1,21.0,-15.37,0.555,0.0,1.329,6.6,0.2234,74.715,0.0,1
43.9,0,1,2.07,0,9.3,-17.62,0.0,0.0,2.004,6.56,0.221,33.957,4.842533409205843e-253,1
21.5,0,1,13.64,3,-12.2,-14.83,2.877,0.0,1.153,7.28,0.2206,64.879,0.0,1
100.3,1,1,10.78,7,-10.9,-39.47,7.075,0.0,1.677,6.61,0.2331,3.965,3.676697043463652e-05,0
108.9,1,1,18.95,15,17.6,-51.41,14.659,0.0,1.208,7.21,0.2431,0.748,0.22729430854638355,0
69.5,1,1,21.2,3,-11.5,-29.22,3.097,0.0,1.685,7.3,0.2372,13.217,3.50396006503607e-40,1
75.5,1,1,4.99,2,-26.9,-27.85,1.453,0.0,1.277,6.55,0.2279,18.077,2.4004264173319264e-73,1
79.5,1,1,2.04,1,26.8,-27.93,0.926,0.0,1.12,6.16,0.2203,21.128,2.1816130319835748e-99,1
19.5,0,1,9.76,2,8.3,-13.45,1.929,0.0,1.41,7.43,0.2294,98.664,0.0,1
164.9,1,2,13.35,8,19.3,-30.4,10.332,0.0,1.271,7.11,0.224,9.631,2.9630242126383905e-22,1
123.5,1,2,9.42,3,9.2,-19.66,0.947,0.0,1.091,6.98,0.2249,30.667,7.951662779338437e-207,1
135.5,1,2,15.71,15,3.6,-25.4,10.55,0.0,1.023,6.23,0.221,17.709,1.7825787401721174e-70,1
52.0,0,1,12.64,2,20.0,-21.88,1.845,0.0,1.096,6.27,0.2226,12.695,3.1445505569998333e-37,1
108.6,1,1,23.42,7,-27.9,-44.23,8.201,0.0,1.052,6.37,0.2334,2.413,0.007907333326685775,0
169.2,1,2,10.23,7,-9.7,-29.86,8.658,3.02,1.235,6.88,0.229,9.784,6.615874361309664e-23,1
52.3,0,1,2.06,0,10.8,-18.6,0.0,0.0,1.08,6.15,0.2215,23.004,2.137709721781794e-117,1
51.0,0,1,7.55,2,31.4,-20.96,1.063,0.0,1.227,6.89,0.2311,15.412,6.828877899847062e-54,1
22.8,0,1,15.15,1,-4.4,-13.74,1.052,0.0,1.068,6.75,0.2383,93.338,0.0,1
33.5,0,1,6.4,1,33.4,-15.09,0.949,0.0,1.086,6.56,0.2205,59.356,0.0,1
69.5,1,1,6.72,1,19.1,-24.67,0.665,0.0,1.076,6.66,0.2203,24.931,1.7295422739700376e-137,1
180.4,1,2,8.49,2,1.5,-27.5,1.087,0.0,1.15,6.41,0.2315,13.686,6.158621326191924e-43,1
123.5,1,2,18.65,20,-2.1,-32.41,21.447,0.0,1.478,7.58,0.2348,7.249,2.0981883572380648e-13,1
23.5,0,1,23.5,2,-21.6,-15.55,1.128,0.0,1.061,7.04,0.2552,58.481,0.0,1
23.5,0,1,8.76,1,10.0,-13.74,2.323,0.0,1.022,6.79,0.2205,86.476,0.0,1
16.3,0,1,4.89,0,-26.6,-11.49,0.0,0.0,1.251,6.44,0.2273,184.715,0.0,1
134.9,1,2,10.52,4,-2.1,-22.62,4.034,0.0,1.057,6.41,0.2306,23.264,5.108155854791577e-120,1
95.8,1,1,8.8,6,-14.5,-37.33,6.513,0.0,1.021,6.94,0.2266,5.738,4.78663445503851e-09,0
11.4,0,1,24.75,0,32.2,-12.03,0.905,0.0,1.334,6.57,0.23,127.948,0.0,1
55.1,0,1,11.6,4,-6.4,-25.37,3.64,0.0,2.264,7.24,0.229,5.049,2.2190787043672705e-07,0
23.1,0,1,16.98,2,1.8,-14.29,1.475,0.0,1.069,7.91,0.2378,73.033,0.0,1
52.5,0,1,22.84,3,-5.6,-24.4,2.333,1.46,1.086,6.9,0.2278,8.168,1.5735241534963688e-16,1
24.4,0,1,15.73,2,-21.1,-18.49,2.363,1.868,1.043,7.71,0.24,35.093,4.360185785267067e-270,1
21.5,0,1,6.23,3,-7.1,-15.1,1.933,0.0,1.128,7.17,0.2281,83.337,0.0,1
55.1,0,1,15.19,4,20.6,-27.87,4.783,0.0,1.535,7.45,0.2346,3.124,0.0008909254426427602,0
78.8,1,1,10.05,5,10.4,-31.94,4.89,0.0,1.702,7.29,0.2278,10.623,1.1644569526938676e-26,1
52.5,0,1,10.56,2,-1.6,-22.61,1.574,0.0,1.165,7.28,0.2344,11.347,3.816205696792443e-30,1
159.0,1,2,24.48,4,23.3,-26.61,3.622,0.0,1.265,6.87,0.2333,13.083,2.0696480980727394e-39,1
120.6,1,2,6.96,6,-29.7,-23.02,5.998,0.0,1.219,7.11,0.2271,22.191,2.093699188775209e-109,1
42.6,0,1,11.72,4,23.7,-20.98,2.687,0.0,1.913,7.01,0.2278,17.141,3.6775896233068113e-66,1
33.4,0,1,4.0,2,-26.1,-18.59,0.853,3.448,1.051,6.28,0.2224,32.128,8.913108230542474e-227,1
80.8,1,1,4.46,0,26.6,-25.62,0.687,0.0,1.01,6.86,0.2262,19.47,9.923784787494399e-85,1
8.1,0,1,15.09,1,31.6,-10.02,0.646,0.0,1.014,6.96,0.2258,241.313,0.0,1
112.4,1,2,18.78,15,23.2,-23.25,12.571,0.0,1.022,7.54,0.2379,17.946,2.564882389327353e-72,1
21.1,0,1,15.91,3,-28.7,-19.04,3.516,3.461,1.136,7.44,0.2272,28.404,9.089928367181383e-178,1
56.9,0,1,8.23,2,4.2,-24.39,1.862,0.0,1.985,6.45,0.2275,7.198,3.059182824920706e-13,1
81.4,1,1,1.49,0,23.9,-27.09,0.0,0.0,1.394,6.78,0.2217,20.115,2.7038715091486793e-90,1
125.8,1,2,11.76,6,5.4,-22.33,4.6,0.0,1.587,7.44,0.228,22.275,3.1979990595740313e-110,1
10.5,0,1,12.61,0,-6.6,-10.14,0.0,0.0,1.398,6.23,0.2283,202.55,0.0,1
125.2,1,2,19.27,1,0.6,-20.25,0.872,0.0,1.179,7.28,0.2342,26.614,2.3205350638446005e-156,1
56.6,0,1,16.01,4,-24.8,-28.9,2.478,3.299,1.024,7.09,0.2334,2.726,0.0032067560388720183,0
56.4,0,1,21.78,2,2.3,-28.76,4.586,0.0,2.137,7.21,0.2367,2.98,0.0014400426598345274,0
91.7,1,1,19.57,20,-28.2,-48.48,13.743,4.089,1.773,7.45,0.2252,1.167,0.12161076546239341,0
47.0,0,1,9.15,2,11.9,-19.35,2.054,0.0,1.272,6.7,0.2282,20.651,4.8293013126569124e-95,1
123.5,1,2,15.81,14,-4.6,-27.25,14.832,0.0,1.818,6.93,0.2381,12.233,1.0322171063542615e-34,1
90.5,1,1,18.68,15,-17.6,-46.33,12.997,0.0,1.706,8.1,0.2409,1.567,0.0585161713637816,0
47.0,0,1,23.92,5,-28.9,-25.43,5.087,0.0,1.801,8.36,0.2443,5.154,1.2745192261168125e-07,0
123.7,1,2,10.56,7,29.9,-23.7,7.569,0.0,1.223,6.85,0.2262,21.713,7.780685663716447e-105,1
45.5,0,1,16.21,2,6.2,-22.63,3.25,0.0,1.473,8.02,0.233,11.088,7.175920500922573e-29,1
177.2,1,2,9.82,20,12.1,-34.26,14.771,0.0,1.34,6.76,0.2316,6.262,1.9064229199236037e-10,0
83.2,1,1,18.45,15,20.7,-40.75,11.909,0.0,1.928,7.74,0.2238,3.468,0.0002619964350588791,0
45.5,0,1,22.8,5,10.7,-23.0,3.266,0.0,1.029,7.42,0.2364,10.337,2.401118714009335e-25,1
177.2,1,2,22.98,20,-3.1,-36.4,18.612,0.0,1.01,7.04,0.2361,3.926,4.315449745508834e-05,0
46.1,0,1,3.93,0,10.8,-18.84,0.288,0.0,1.584,7.09,0.2237,24.655,1.6436221769065264e-134,1
158.9,1,2,5.1,13,-13.6,-26.54,7.63,0.0,1.061,6.78,0.2258,13.859,5.573568872073647e-44,1
83.5,1,1,18.87,4,6.5,-30.53,3.639,0.0,1.166,6.84,0.2262,12.3,4.5139968542595194e-35,1
22.2,0,1,15.78,2,-16.6,-12.97,1.074,0.0,1.08,7.39,0.2247,114.942,0.0,1
181.8,1,2,22.63,40,29.6,-44.83,35.844,0.0,1.275,7.44,0.2252,1.31,0.09501876061731168,0
177.2,1,2,7.85,8,3.1,-29.15,6.032,0.0,1.506,6.91,0.2275,10.354,2.0163540040933342e-25,1
56.9,0,1,21.2,9,-14.8,-28.18,7.501,0.0,1.146,7.18,0.2393,2.323,0.010084486041543371,0
116.9,1,2,17.09,15,11.6,-23.32,11.856,0.0,1.303,6.66,0.2246,19.842,6.492679008164132e-88,1
135.2,1,2,4.89,2,-24.1,-21.7,2.467,0.0,1.284,6.67,0.2249,26.355,2.2337167260492155e-153,1
45.0,0,1,3.16,0,-1.8,-17.08,0.0,0.0,1.47,6.11,0.2238,34.614,7.75118791546807e-263,1
79.8,1,1,17.57,3,26.3,-30.3,3.737,0.0,1.178,7.28,0.2239,12.366,1.9978555655327965e-35,1
5.4,0,1,3.96,0,19.9,-7.4,0.0,0.0,1.305,6.96,0.2212,354.74,0.0,1
126.5,1,2,19.86,8,15.7,-24.22,6.654,0.0,1.248,7.01,0.2266,20.41,6.853408693255262e-93,1
108.6,1,1,13.93,8,0.6,-41.22,6.838,0.0,1.182,7.24,0.2339,3.482,0.00024920142209246493,0
16.3,0,1,11.92,1,-1.0,-14.29,1.306,0.0,2.86,7.51,0.236,81.552,0.0,1
148.1,1,2,6.89,7,-29.3,-24.08,6.634,0.0,1.183,6.65,0.2211,18.086,2.0536929764194872e-73,1
36.0,0,1,24.6,5,9.0,-25.25,6.232,0.0,1.838,7.9,0.2517,6.269,1.8158632975603955e-10,0
16.3,0,1,18.05,2,7.5,-12.72,2.067,0.0,1.089,6.4,0.2312,105.515,0.0,1
17.6,0,1,19.45,0,-29.7,-16.05,0.867,2.272,1.466,8.26,0.2449,57.589,0.0,1
30.6,0,1,19.22,3,-21.1,-19.29,3.465,0.0,1.774,6.99,0.2444,22.86,5.745816502523446e-116,1
91.3,1,1,14.6,8,-29.2,-35.95,5.12,0.0,1.134,6.81,0.2347,6.997,1.303662825036857e-12,1
22.5,0,1,23.49,7,-13.5,-17.78,4.652,0.0,1.475,7.76,0.2288,39.72,0.0,1
131.1,1,2,14.6,6,-29.7,-22.96,6.575,0.0,1.293,7.13,0.2212,19.109,1.064714192978656e-81,1
80.8,1,1,13.0,10,-2.9,-37.2,9.128,0.0,1.725,7.84,0.2234,5.323,5.092471472382036e-08,0
136.4,1,2,6.84,7,1.0,-25.56,7.332,0.0,1.026,7.08,0.2233,17.219,9.591867451783862e-67,1
75.4,1,1,7.04,4,-1.6,-28.79,3.087,0.0,1.281,6.4,0.2282,16.34,2.5693716866007327e-60,1
152.8,1,2,18.42,24,-17.0,-34.65,21.606,0.0,1.71,7.94,0.2401,4.578,2.3486825282639086e-06,0
83.5,1,1,8.37,3,4.0,-30.57,2.606,0.0,1.637,6.91,0.2266,12.761,1.3607937974739398e-37,1
76.8,1,1,18.22,11,22.9,-31.65,6.347,0.0,1.042,6.37,0.2209,11.843,1.1684336224141405e-32,1
17.9,0,1,23.82,1,-11.1,-11.99,1.947,0.0,1.105,7.47,0.2244,143.259,0.0,1
146.9,1,2,10.98,13,-9.7,-29.23,11.916,0.0,2.768,6.63,0.2355,11.018,1.5627209618813833e-28,1
169.2,1,2,2.43,0,5.3,-23.38,0.0,0.0,1.348,6.91,0.2226,19.999,2.8052154956016564e-89,1
23.5,0,1,16.66,2,-14.8,-15.75,2.179,0.0,1.029,6.87,0.2432,66.967,0.0,1
111.7,1,2,0.24,0,-8.0,-17.16,0.0,0.0,1.624,6.46,0.2204,39.771,0.0,1
8.1,0,1,19.68,0,-0.6,-10.1,0.0,0.0,1.39,8.04,0.2216,209.055,0.0,1
36.0,0,1,13.14,0,-4.9,-17.19,0.0,0.0,1.487,6.37,0.2355,46.643,0.0,1
30.6,0,1,12.24,3,23.2,-18.66,3.209,0.0,1.299,7.1,0.2382,36.138,2.9150132177419293e-286,1
12.5,0,1,14.24,0,25.2,-12.11,0.0,0.0,1.619,6.98,0.2309,138.886,0.0,1
67.3,1,1,12.91,6,-3.8,-27.86,3.766,0.0,1.278,6.69,0.2218,17.794,3.915579650788519e-71,1
123.7,1,2,8.09,6,-0.9,-21.55,4.873,0.0,1.152,7.1,0.2278,23.41,1.675409519365866e-121,1
126.5,1,2,7.04,2,32.2,-19.91,1.485,0.0,1.158,6.67,0.228,28.391,1.293301526164969e-177,1
34.9,0,1,10.38,1,2.7,-15.19,0.556,0.0,1.117,6.12,0.2329,58.54,0.0,1
78.6,1,1,22.37,19,34.5,-44.6,17.137,0.0,1.913,7.61,0.2452,1.833,0.033399206917904434,0
113.2,1,2,3.38,0,19.6,-17.05,0.0,0.0,1.004,6.97,0.225,37.175,8.623988743060267e-303,1
71.8,1,1,8.12,5,-12.8,-30.35,4.497,0.0,2.194,7.08,0.2249,13.601,1.9666840915152877e-42,1
102.0,1,1,4.81,3,-15.1,-33.53,2.494,0.0,1.577,6.95,0.2256,8.324,4.242534566975531e-17,1
86.6,1,1,10.68,2,-19.7,-35.92,6.081,0.0,1.801,6.89,0.232,6.495,4.161783266755871e-11,0
26.3,0,1,3.34,1,22.4,-14.17,0.553,0.0,1.18,6.69,0.2219,102.213,0.0,1
91.7,1,1,19.02,8,-10.1,-39.6,8.875,0.0,1.44,7.65,0.2457,3.4,0.0003368276204219429,0
33.8,0,1,2.59,0,13.9,-15.77,0.0,0.0,1.615,6.68,0.2209,59.215,0.0,1
177.2,1,2,16.63,15,5.1,-34.0,12.486,0.0,1.186,7.27,0.2369,6.664,1.3297217198110343e-11,0
78.8,1,1,6.69,2,23.7,-27.63,1.606,0.0,1.465,7.1,0.2241,17.539,3.606979486194558e-69,1
119.5,1,2,11.8,2,18.8,-19.45,2.605,0.0,1.562,6.36,0.225,29.762,6.086412096619274e-195,1
42.0,0,1,5.0,2,-25.9,-19.22,2.339,0.0,1.419,6.55,0.2214,23.761,4.2681036894640787e-125,1
16.3,0,1,18.26,1,-8.0,-11.62,0.745,0.0,1.004,6.33,0.2204,180.943,0.0,1
27.5,0,1,23.71,5,3.8,-20.61,4.755,0.0,1.259,6.42,0.228,21.46,1.841389314440029e-102,1
120.6,1,2,5.54,1,22.2,-17.92,2.131,0.0,1.132,6.63,0.226,33.217,3.0136431566461175e-242,1
97.4,1,1,23.83,15,16.4,-44.71,11.868,0.0,1.117,7.43,0.2368,1.83,0.033588623118540446,0
88.9,1,1,8.13,2,5.7,-31.05,2.19,0.0,1.062,6.86,0.2293,11.529,4.737498334772969e-31,1
134.9,1,2,13.95,17,22.5,-27.75,13.033,0.0,1.007,7.29,0.2403,12.147,2.965338860837144e-34,1
120.6,1,2,17.54,9,-1.7,-25.36,9.454,0.0,1.148,7.36,0.224,16.99,4.85748348989592e-65,1
5.4,0,1,4.98,0,-26.4,-11.89,0.0,4.507,1.198,6.94,0.2231,120.489,0.0,1
123.7,1,2,11.12,11,26.6,-23.16,7.689,0.0,1.221,6.26,0.2234,23.282,3.35164221635419e-120,1
131.1,1,2,1.7,2,4.2,-21.13,2.306,0.0,1.143,6.2,0.2215,27.231,1.3983120606450514e-163,1
79.5,1,1,17.43,6,22.5,-33.41,4.637,0.0,1.856,7.15,0.24,9.094,4.787516325770053e-20,1
33.8,0,1,10.42,0,-4.5,-15.11,0.0,0.0,1.047,7.3,0.2234,63.31,0.0,1
38.4,0,1,22.29,4,8.3,-24.03,4.586,0.0,1.059,7.94,0.2467,9.632,2.9216070900656187e-22,1
169.2,1,2,6.85,15,-8.5,-29.04,10.403,1.635,1.389,6.55,0.2206,10.198,1.0081033832020163e-24,1
14.9,0,1,23.09,1,-3.4,-11.82,1.019,0.0,1.496,6.79,0.2425,145.199,0.0,1
65.1,1,1,3.53,1,-20.4,-23.41,0.342,0.0,1.387,7.05,0.2249,29.089,2.5018410043277372e-186,1
8.1,0,1,15.17,0,18.2,-10.04,0.649,0.0,1.184,6.56,0.2409,209.692,0.0,1
12.0,0,1,7.7,1,-11.8,-12.03,0.345,1.606,1.284,6.97,0.2243,142.342,0.0,1
93.8,1,1,4.54,0,-10.4,-32.67,1.249,1.691,1.208,6.33,0.2209,10.333,2.4977215922332635e-25,1
57.0,0,1,2.35,3,-7.0,-25.77,1.731,2.399,1.333,6.41,0.2219,5.626,9.208782092874633e-09,0
28.9,0,1,16.39,0,-1.9,-14.27,0.0,0.0,1.275,7.17,0.2315,78.826,0.0,1
10.3,0,1,5.83,0,7.5,-9.65,0.0,0.0,1.086,6.81,0.2255,275.847,0.0,1
23.5,0,1,14.32,0,14.4,-13.62,1.024,0.0,1.53,7.66,0.2325,86.876,0.0,1
11.4,0,1,24.49,2,13.9,-11.98,1.976,0.0,1.008,6.85,0.2273,121.332,0.0,1
108.9,1,1,7.9,9,-2.5,-40.01,6.819,0.0,1.104,7.45,0.2206,3.64,0.0001361999868617797,0
76.0,1,1,0.87,0,1.3,-25.44,0.0,0.0,1.026,6.16,0.2213,25.884,5.080705775227906e-148,1
32.9,0,1,3.57,0,-20.9,-14.95,0.124,0.0,1.019,6.45,0.2226,75.615,0.0,1
26.6,0,1,2.98,0,3.9,-14.28,0.0,0.0,2.594,6.49,0.2226,76.636,0.0,1
56.4,0,1,11.58,2,27.0,-24.77,2.224,0.0,1.09,7.65,0.2206,7.91,1.291196496624751e-15,1
152.9,1,2,18.62,7,-0.1,-25.77,5.981,0.0,1.362,6.17,0.2249,16.921,1.587507173766673e-64,1
87.1,1,1,7.41,5,31.0,-33.36,3.523,0.0,2.928,7.19,0.2255,8.913,2.486533178103364e-19,1
93.8,1,1,3.65,2,-19.9,-32.08,1.552,0.0,1.762,6.33,0.2229,12.098,5.39472756428798e-34,1
21.5,0,1,16.02,1,17.9,-16.07,1.499,0.0,2.517,7.53,0.2259,56.971,0.0,1
44.0,0,1,7.53,1,16.0,-17.81,0.575,0.0,1.01,6.48,0.2291,34.316,2.2581880386320015e-258,1
22.2,0,1,14.38,1,14.3,-15.37,1.485,0.0,2.237,6.99,0.2396,64.919,0.0,1
43.9,0,1,23.34,0,13.1,-19.02,0.0,0.0,1.247,7.59,0.2302,29.698,4.041624755002582e-194,1
104.5,1,1,7.28,3,-28.5,-38.63,3.949,0.746,1.698,7.35,0.2281,4.604,2.069608759007532e-06,0
27.5,0,1,12.81,3,18.2,-16.77,2.121,0.0,2.198,7.49,0.2231,43.898,0.0,1
52.0,0,1,20.17,1,2.5,-24.4,3.026,0.0,1.35,8.2,0.2232,7.713,6.1659172611556e-15,1
34.7,0,1,17.29,4,4.1,-19.07,2.879,0.0,1.167,6.78,0.2246,26.147,5.388668279324279e-151,1
115.3,1,2,18.79,12,-26.7,-25.36,13.651,0.0,1.047,8.04,0.2247,14.764,1.2447648623436515e-49,1
158.9,1,2,19.31,16,-17.8,-30.36,15.423,0.0,1.007,8.15,0.2345,8.062,3.758588666704619e-16,1
23.5,0,1,13.5,1,29.2,-15.18,1.084,0.0,1.393,6.95,0.2242,71.862,0.0,1
69.2,1,1,13.4,8,-9.5,-32.7,6.766,0.0,1.317,6.7,0.2253,11.175,2.695347684811553e-29,1
146.9,1,2,17.97,9,-4.4,-26.28,10.409,0.0,1.152,6.82,0.2261,13.971,1.17707757153091e-44,1
22.2,0,1,17.44,5,-17.7,-23.58,4.179,4.862,1.945,6.99,0.2372,9.45,1.6908462779700039e-21,1
12.1,0,1,16.75,1,11.1,-11.63,0.449,0.0,1.246,6.85,0.2432,157.332,0.0,1
27.5,0,1,9.55,1,18.1,-14.2,0.843,0.0,1.98,6.59,0.224,72.005,0.0,1
26.3,0,1,20.71,6,29.9,-20.2,5.524,0.0,1.66,6.8,0.2276,17.881,8.299817959367883e-72,1
46.9,0,1,5.91,1,6.5,-19.19,1.314,0.0,1.066,6.45,0.2211,22.025,8.282357791409649e-108,1
76.8,1,1,3.89,1,-12.1,-26.27,0.459,0.0,1.453,6.76,0.226,20.861,6.020734514398937e-97,1
32.5,0,1,8.63,2,-25.4,-17.92,2.964,0.0,1.656,6.4,0.2312,33.582,1.5552786691352675e-247,1
81.1,1,1,6.35,2,-12.7,-29.15,1.576,0.0,1.368,6.52,0.2237,16.241,1.3035041392241766e-59,1
159.3,1,2,16.58,4,10.2,-26.21,4.585,0.0,1.748,7.24,0.2205,15.442,4.2399203183034575e-54,1
72.7,1,1,5.78,4,33.3,-27.09,2.779,0.0,1.026,6.41,0.2246,20.322,4.121502032962133e-92,1
48.3,0,1,16.41,1,-24.9,-22.75,1.36,2.898,1.01,7.19,0.2253,9.403,2.658096082073659e-21,1
42.0,0,1,12.83,1,-4.8,-17.86,0.862,0.0,1.527,6.65,0.2204,29.056,6.520869419790177e-186,1
111.7,1,2,3.81,2,13.4,-16.9,1.027,0.0,1.109,6.32,0.2222,41.647,0.0,1
14.9,0,1,6.46,0,7.3,-12.05,0.0,0.0,2.055,6.83,0.2264,185.296,0.0,1
91.0,1,1,13.04,7,12.4,-37.47,6.908,0.0,1.053,6.2,0.2354,6.166,3.4915240984563027e-10,0
52.0,0,1,18.33,6,0.1,-26.74,5.531,0.0,1.771,7.0,0.2271,4.599,2.1180951977701926e-06,0
10.3,0,1,9.96,0,-12.6,-10.42,0.462,0.0,1.766,6.93,0.2275,192.787,0.0,1
169.2,1,2,5.82,4,1.4,-28.34,7.005,0.0,1.037,7.13,0.2264,11.034,1.306860089926798e-28,1
45.5,0,1,7.38,1,-5.2,-19.95,0.578,0.0,1.736,6.68,0.2311,23.928,7.756614788201745e-127,1
79.5,1,1,2.38,1,16.1,-26.31,0.804,0.0,1.236,6.18,0.2233,22.332,9.012852415283745e-111,1
52.3,0,1,0.63,0,-18.8,-20.71,0.0,1.97,1.139,6.91,0.2207,15.753,3.288140715642967e-56,1
67.2,1,1,24.33,9,2.2,-30.67,6.936,0.0,1.208,6.5,0.2351,12.607,9.66264564599958e-37,1
44.0,0,1,2.41,0,32.3,-18.68,0.0,0.0,1.558,6.61,0.2234,31.333,8.172658585546135e-216,1
103.0,1,1,3.12,2,4.6,-33.41,0.849,0.0,1.778,7.02,0.2226,9.088,5.05624585185967e-20,1
21.1,0,1,21.77,0,-14.6,-16.63,0.443,2.283,1.053,6.39,0.2207,56.178,0.0,1
147.0,1,2,16.59,5,30.8,-26.41,5.077,0.0,1.036,6.81,0.2378,15.604,3.41689906608463e-55,1
72.7,1,1,10.9,2,-14.1,-27.24,1.787,0.0,1.222,7.31,0.2279,18.216,1.9109256109464637e-74,1
45.4,0,1,16.23,11,18.8,-28.27,8.111,0.0,1.254,7.6,0.2385,2.982,0.0014327948622593087,0
113.2,1,2,23.37,31,-22.9,-32.27,22.907,0.0,1.316,7.07,0.2525,7.347,1.0141641337910095e-13,1
112.4,1,2,2.48,1,25.4,-17.15,0.646,0.0,1.857,6.53,0.2214,37.394,2.4063362314430006e-306,1
12.1,0,1,6.09,1,-18.3,-13.9,0.289,4.644,1.113,6.42,0.2246,81.335,0.0,1
131.1,1,2,21.51,5,-4.4,-22.38,3.656,0.0,1.048,6.86,0.2343,22.436,8.820076217110116e-112,1
21.1,0,1,19.52,2,32.8,-15.62,2.93,0.0,1.087,7.73,0.2313,58.891,0.0,1
148.1,1,2,24.86,25,7.7,-35.97,24.345,0.0,1.683,8.26,0.238,3.802,7.165848666837549e-05,0
148.3,1,2,7.85,6,-12.8,-24.99,5.981,0.0,1.678,6.82,0.2276,15.816,1.2158297734521776e-56,1
108.6,1,1,23.62,18,-30.0,-49.12,13.959,0.0,1.074,8.01,0.2209,0.972,0.16559505074510716,0
91.0,1,1,8.59,6,-29.6,-37.44,6.467,0.0,1.42,6.37,0.2318,6.435,6.161955260994386e-11,0
79.5,1,1,17.88,4,-12.2,-36.09,8.082,0.0,1.404,7.18,0.2436,5.754,4.369164026837316e-09,0
106.3,1,1,22.07,4,4.2,-37.11,3.284,0.0,1.603,8.13,0.2261,5.158,1.2496001590678948e-07,0
43.9,0,1,4.27,1,1.5,-18.18,0.951,0.0,1.056,7.21,0.2208,30.051,1.0613777250809488e-198,1
36.6,0,1,5.14,2,29.9,-17.0,0.871,0.0,1.056,7.01,0.2255,44.742,0.0,1
46.1,0,1,14.52,3,19.7,-21.26,2.097,0.0,1.691,7.52,0.2407,16.076,1.8689443836787898e-58,1
142.3,1,2,21.1,14,30.1,-28.24,11.375,0.0,1.472,7.55,0.2247,10.291,3.864672697265289e-25,1
46.3,0,1,1.97,1,3.3,-19.41,1.804,0.0,1.138,6.17,0.2224,25.303,1.4975810144179914e-141,1
63.5,0,1,21.27,3,-1.0,-27.91,4.249,0.0,1.414,6.12,0.2503,2.791,0.002625337664157908,0
56.6,0,1,8.58,1,6.8,-21.69,1.267,0.0,1.311,6.62,0.2305,11.759,3.163611102691555e-32,1
30.1,0,1,10.16,0,-5.8,-17.62,0.761,2.621,1.289,6.82,0.2285,32.72,4.053087981785793e-235,1
5.9,0,1,8.5,1,-16.3,-11.14,0.889,2.279,1.391,6.3,0.2321,191.525,0.0,1
32.9,0,1,22.79,7,24.4,-22.15,5.851,0.0,1.258,8.08,0.2204,12.587,1.2387246316748292e-36,1
113.4,1,2,3.27,2,14.2,-18.72,1.178,0.0,1.311,6.63,0.2242,36.154,1.6183636139486815e-286,1
50.7,0,1,14.36,4,-8.8,-23.73,4.043,0.0,1.21,8.0,0.2351,7.277,1.7014751081461343e-13,1
10.6,0,1,3.7,0,-1.0,-8.6,0.0,0.0,1.419,6.62,0.2222,281.744,0.0,1
135.2,1,2,23.21,14,-15.3,-28.06,12.714,0.0,1.214,6.65,0.2503,11.914,4.99795464824825e-33,1
10.3,0,1,19.95,1,6.6,-11.87,1.111,0.0,2.076,7.9,0.2421,134.531,0.0,1
106.3,1,1,5.85,0,-6.7,-38.04,4.039,1.357,1.518,7.29,0.2271,4.341,7.089030708248871e-06,0
56.9,0,1,7.44,2,26.9,-22.54,0.92,0.0,1.114,6.45,0.2232,13.611,1.71577866076031e-42,1
63.5,0,1,9.54,5,4.3,-28.38,5.056,0.0,1.03,6.59,0.2282,3.07,0.0010718396665498691,0
134.9,1,2,10.14,11,-3.2,-24.68,7.237,0.0,1.233,7.1,0.2255,17.957,2.1123876174812965e-72,1
11.4,0,1,20.43,0,18.7,-9.66,0.0,0.0,1.064,7.47,0.2401,214.449,0.0,1
75.4,1,1,14.11,4,28.8,-29.27,3.954,0.0,1.14,7.75,0.2357,13.102,1.6108947387466483e-39,1
49.7,0,1,10.7,2,23.1,-22.37,2.556,0.0,1.808,6.96,0.2304,11.872,8.279197825662295e-33,1
34.6,0,1,17.99,0,2.2,-17.4,0.0,0.0,1.538,7.82,0.2437,37.829,0.0,1
79.5,1,1,11.45,4,-6.8,-30.57,3.839,0.0,1.46,7.05,0.2223,12.755,1.4626142249524947e-37,1
65.1,1,1,3.21,0,13.0,-23.86,0.646,0.0,1.001,6.11,0.2227,28.265,4.621941382076388e-176,1
22.5,0,1,2.69,0,23.1,-12.54,0.0,0.0,1.465,6.06,0.2222,127.787,0.0,1
65.4,1,1,8.15,4,33.6,-26.92,3.95,0.0,1.236,6.21,0.2292,20.013,2.1042886520631365e-89,1
33.8,0,1,15.07,5,-0.3,-19.74,4.424,0.0,1.43,6.66,0.2309,23.491,2.511843792571056e-122,1
11.2,0,1,3.37,0,13.4,-9.24,0.0,0.0,1.056,6.41,0.2213,308.979,0.0,1
95.8,1,1,13.75,4,-10.9,-35.95,6.782,0.0,1.456,7.37,0.2255,6.341,1.1389592503280206e-10,0
93.8,1,1,6.74,2,-24.3,-32.56,2.136,0.0,1.76,6.8,0.2239,10.908,5.283049395209649e-28,1
30.1,0,1,17.39,2,-13.6,-18.92,2.477,0.0,1.842,6.69,0.2311,30.539,4.018510106630989e-205,1
12.0,0,1,0.71,0,-29.1,-9.24,0.0,0.0,1.003,6.63,0.2213,265.172,0.0,1
180.4,1,2,11.73,14,3.1,-33.68,12.754,0.0,1.492,7.07,0.2274,6.049,7.308044510901117e-10,0
46.9,0,1,1.31,2,-5.7,-23.45,1.364,3.841,1.238,6.11,0.2205,9.426,2.1309613825144403e-21,1
14.1,0,1,8.26,1,14.1,-11.85,0.931,0.0,1.599,6.71,0.2217,140.204,0.0,1
6.0,0,1,0.39,0,10.0,-8.83,0.0,0.0,1.159,6.6,0.2204,407.934,0.0,1
134.9,1,2,11.73,7,-19.1,-24.99,9.269,0.0,1.469,7.49,0.2223,16.859,4.5429743193522725e-64,1
137.8,1,2,19.18,18,13.8,-30.17,17.132,0.0,1.35,6.42,0.2285,9.667,2.080708016280816e-22,1
26.6,0,1,2.51,0,-17.8,-12.85,0.0,0.0,1.051,6.65,0.2212,107.337,0.0,1
106.3,1,1,18.38,3,-29.6,-37.06,2.142,1.842,1.676,7.6,0.2229,5.122,1.5097757501163962e-07,0
36.6,0,1,14.6,4,33.1,-18.47,2.126,0.0,1.13,6.96,0.2394,33.305,1.6369827246216383e-243,1
69.5,1,1,12.62,10,-28.2,-29.22,5.761,0.0,1.03,6.34,0.2219,16.472,2.911636190093411e-61,1
102.0,1,1,14.99,9,-7.8,-41.4,6.493,1.417,1.303,7.38,0.2255,3.098,0.0009754704586486558,0
34.7,0,1,8.4,1,11.4,-16.79,2.665,0.0,1.029,6.45,0.2221,43.06,0.0,1
65.1,1,1,17.76,5,-5.9,-29.54,3.066,0.0,1.882,7.32,0.2428,13.703,4.8894477763133274e-43,1
49.7,0,1,19.49,0,-5.2,-25.72,3.002,2.33,1.09,7.52,0.2463,4.893,4.970576402456284e-07,0
30.6,0,1,19.46,4,17.0,-18.87,3.924,0.0,1.026,6.62,0.2362,24.912,2.7533079768177277e-137,1
52.5,0,1,6.74,1,9.1,-19.63,0.804,0.0,1.078,6.88,0.2271,21.126,2.300573428181106e-99,1
45.4,0,1,16.35,2,3.7,-22.16,2.472,0.0,1.126,7.45,0.2407,13.165,6.965087404825276e-40,1
108.6,1,1,3.7,1,27.6,-35.42,0.425,0.0,1.106,6.57,0.2217,8.032,4.784292303621887e-16,1
20.4,0,1,12.39,1,-23.0,-15.45,0.627,1.639,1.935,7.34,0.2301,57.387,0.0,1
83.5,1,1,0.07,1,0.5,-27.9,0.692,0.0,2.08,6.57,0.22,17.722,1.426465009456121e-70,1
89.4,1,1,4.84,5,-14.5,-36.22,6.835,0.0,1.373,7.16,0.2221,6.485,4.4397637189812175e-11,0
100.3,1,1,15.79,0,-27.6,-36.02,0.0,2.92,1.355,7.03,0.233,6.465,5.075565325968453e-11,0
16.5,0,1,21.86,2,33.6,-12.71,2.308,0.0,1.598,8.18,0.231,100.15,0.0,1
83.2,1,1,1.23,1,17.7,-29.36,0.414,0.0,1.709,6.15,0.2203,18.329,2.4311593594298543e-75,1
91.7,1,1,13.96,6,-15.9,-35.27,7.555,0.0,1.09,7.36,0.2223,6.842,3.893590789022637e-12,1
24.4,0,1,15.92,1,-3.8,-14.78,1.058,0.0,1.867,6.19,0.2404,72.406,0.0,1
152.8,1,2,23.31,28,-15.3,-37.44,24.501,0.0,1.318,6.93,0.2466,3.883,5.162016568527543e-05,0
106.3,1,1,16.38,7,14.5,-45.65,10.266,0.0,1.483,7.05,0.2393,1.822,0.03419312563025545,0
104.5,1,1,2.58,1,-7.2,-37.41,1.244,4.734,1.095,7.01,0.2228,5.659,7.60021468782363e-09,0
52.3,0,1,3.67,0,29.8,-20.93,0.51,0.0,1.102,6.13,0.221,16.679,9.314838099002612e-63,1
51.0,0,1,15.89,2,-16.5,-23.03,2.247,0.0,1.722,7.6,0.2379,9.297,7.24953416804382e-21,1
52.0,0,1,5.39,0,-7.3,-21.36,0.0,0.0,1.606,6.94,0.2246,17.788,4.387732043151479e-71,1
101.2,1,1,23.21,15,30.6,-44.08,12.681,0.0,1.747,8.17,0.2205,1.917,0.02763339276792311,0
69.2,1,1,23.02,3,27.5,-32.52,7.482,0.0,1.156,8.09,0.2217,8.958,1.6514597793723726e-19,1
22.8,0,1,23.72,2,-10.9,-16.96,1.212,2.394,1.0,7.21,0.228,50.727,0.0,1
43.9,0,1,7.32,5,1.4,-21.82,3.812,0.0,1.354,7.37,0.2287,13.31,1.0135529184702141e-40,1
22.2,0,1,17.92,3,27.4,-14.07,1.803,0.0,1.163,7.4,0.2361,89.267,0.0,1
91.0,1,1,16.58,4,13.6,-36.69,6.054,0.0,1.118,7.01,0.2349,6.757,7.050857338234466e-12,1
10.5,0,1,0.89,0,11.4,-9.1,0.0,0.0,1.053,6.72,0.2213,314.005,0.0,1
63.5,0,1,6.64,2,12.9,-23.64,1.879,0.0,1.348,7.0,0.2249,7.172,3.693567217495105e-13,1
60.0,0,1,5.17,0,29.9,-20.99,0.0,0.0,1.049,6.91,0.2236,15.462,3.152518188695824e-54,1
32.8,0,1,9.27,3,3.6,-17.24,2.134,0.0,1.137,6.72,0.2264,38.733,0.0,1
55.1,0,1,23.83,7,-18.2,-26.19,5.799,0.0,1.29,6.91,0.2315,4.49,3.565148282991516e-06,0
91.7,1,1,21.14,6,0.7,-32.82,3.973,0.0,1.874,7.59,0.2269,8.344,3.582316990191847e-17,1
28.5,0,1,7.34,1,17.4,-13.85,0.665,0.0,1.286,7.25,0.2208,77.641,0.0,1
75.5,1,1,13.25,6,2.0,-29.62,3.46,0.0,1.644,7.18,0.2262,13.863,5.292343769489895e-44,1
135.2,1,2,4.81,7,-9.6,-22.99,7.03,0.0,1.432,7.34,0.221,18.527,6.22615660466642e-77,1
26.6,0,1,6.94,1,13.3,-15.63,0.563,0.0,3.722,7.07,0.2216,49.397,0.0,1
71.8,1,1,1.63,0,-0.7,-25.69,0.926,0.0,1.214,6.95,0.2214,22.672,4.238754810169844e-114,1
88.9,1,1,16.07,8,32.6,-37.39,7.001,0.0,1.401,6.79,0.2254,6.162,3.5887779035439916e-10,0
63.5,0,1,16.42,3,-7.1,-31.22,3.205,4.193,1.61,7.2,0.2243,1.516,0.06476168416572264,0
9.4,0,1,20.96,0,16.6,-10.98,0.405,0.0,1.211,7.44,0.2366,194.126,0.0,1
23.5,0,1,21.79,5,6.1,-17.74,3.688,0.0,1.224,7.1,0.2203,36.084,2.0168109059837016e-285,1
71.4,1,1,4.0,5,-25.0,-32.67,3.295,4.379,1.585,6.82,0.2239,9.983,9.00594028352951e-24,1
102.0,1,1,18.58,6,0.5,-39.52,6.591,0.0,1.267,7.02,0.2307,4.276,9.53416317237181e-06,0
90.9,1,1,3.37,0,-28.1,-30.96,1.333,0.0,1.24,6.15,0.222,14.544,3.1799926968796946e-48,1
181.8,1,2,9.34,12,21.3,-30.95,10.65,0.0,1.056,6.57,0.2209,8.454,1.4044640983280897e-17,1
68.5,1,1,12.89,5,17.7,-26.37,4.186,0.0,1.013,7.48,0.2246,17.858,1.2413713646765465e-71,1
107.4,1,1,1.24,3,-26.7,-34.21,1.35,0.0,1.099,6.81,0.2219,8.074,3.389711373029891e-16,1
34.7,0,1,3.92,1,2.5,-17.86,1.969,0.0,1.517,6.84,0.2225,36.741,8.165376634246144e-296,1
46.6,0,1,6.78,0,32.5,-18.61,0.0,0.0,1.041,6.75,0.2265,28.445,2.796643844315713e-178,1
91.7,1,1,3.19,4,-11.5,-33.4,3.454,0.0,1.655,7.22,0.2243,9.54,7.128190165718695e-22,1
71.4,1,1,23.35,5,28.8,-30.52,2.955,0.0,1.211,6.77,0.2495,13.631,1.3057137240380406e-42,1
69.5,1,1,7.21,1,-20.2,-28.57,0.621,3.106,2.212,6.8,0.2292,15.344,1.9563942078983683e-53,1
78.5,1,1,12.53,5,-29.6,-33.35,4.81,2.623,1.153,7.34,0.2232,8.346,3.523492073044556e-17,1
152.8,1,2,24.91,36,4.5,-41.23,30.987,0.0,1.697,7.57,0.2461,1.921,0.02734364765685873,0
112.3,1,2,14.17,11,-14.4,-23.24,11.485,0.0,1.093,6.92,0.2242,19.684,1.4770979270286466e-86,1
72.7,1,1,10.29,8,27.1,-33.32,6.039,0.0,1.791,7.28,0.2299,9.196,1.860601533571729e-20,1
76.0,1,1,23.24,7,13.8,-34.19,7.562,0.0,1.194,7.62,0.2351,7.53,2.534552323400324e-14,1
9.4,0,1,5.56,0,14.6,-9.85,0.0,0.0,1.275,6.45,0.2278,253.985,0.0,1
169.8,1,2,4.49,1,13.8,-26.24,2.2,0.0,1.015,7.16,0.2226,15.124,5.6565936333023775e-52,1
147.0,1,2,13.38,19,14.1,-34.17,19.355,0.0,1.673,7.31,0.2363,5.47,2.246568402534153e-08,0
177.2,1,2,10.68,9,18.6,-28.83,6.436,0.0,1.125,6.89,0.2236,11.218,1.6589713239078435e-29,1
46.6,0,1,19.92,2,13.5,-22.41,3.227,0.0,1.317,7.54,0.2207,10.117,2.334022874398294e-24,1
145.8,1,2,1.05,0,24.2,-21.27,0.464,0.0,1.137,6.54,0.2212,26.402,6.535919185250985e-154,1
50.7,0,1,15.44,3,6.3,-24.52,2.975,0.0,1.452,7.18,0.2364,7.823,2.573317874269027e-15,1
88.9,1,1,17.77,4,-7.2,-37.33,5.516,2.839,1.126,7.94,0.2252,4.704,1.2768202945241657e-06,0
125.2,1,2,24.3,12,0.3,-29.25,15.212,0.0,1.56,6.09,0.2277,12.118,4.229939496496555e-34,1
131.8,1,2,3.64,4,-1.4,-21.38,2.783,0.0,1.119,7.11,0.2249,25.314,1.1190097080646063e-141,1
78.6,1,1,6.16,1,-8.4,-27.34,0.625,0.0,1.836,7.1,0.2242,18.01,8.158626141676382e-73,1
34.5,0,1,23.31,0,-3.0,-16.18,0.517,0.0,1.134,7.68,0.2399,52.154,0.0,1
14.1,0,1,15.77,1,-5.0,-11.92,1.008,0.0,1.284,6.71,0.2228,150.21,0.0,1
10.5,0,1,0.95,0,-22.8,-8.89,0.0,0.0,1.075,6.77,0.2206,277.591,0.0,1
91.3,1,1,1.93,1,24.0,-28.75,0.793,0.0,1.362,6.99,0.2222,14.795,7.924650289810858e-50,1
198.3,1,2,19.64,3,19.2,-33.06,3.693,0.0,1.288,7.47,0.2292,6.457,5.3336614189077736e-11,0
23.4,0,1,14.19,4,-8.1,-19.02,4.246,1.915,1.009,6.81,0.2358,27.239,1.1333073651068142e-163,1
56.4,0,1,14.14,4,31.4,-28.21,5.819,0.0,2.513,7.64,0.2221,2.819,0.0024055617258513227,0
69.2,1,1,22.0,8,31.7,-29.51,5.209,0.0,1.129,7.8,0.2205,13.201,4.325378231173876e-40,1
19.5,0,1,6.03,0,25.7,-11.61,0.0,0.0,1.053,6.35,0.2238,161.52,0.0,1
45.1,0,1,4.01,2,-28.1,-22.65,2.172,3.831,1.158,6.6,0.2229,9.315,6.097518228196558e-21,1
101.2,1,1,15.35,4,-5.9,-40.74,6.205,0.0,1.393,6.35,0.2423,4.156,1.6215756876993605e-05,0
26.6,0,1,22.06,4,-0.3,-17.89,4.356,0.0,1.622,7.44,0.221,31.421,5.191736012777896e-217,1
52.0,0,1,6.63,4,16.7,-21.11,2.329,0.0,1.14,6.41,0.2261,12.202,1.5107215805730567e-34,1
89.4,1,1,17.03,0,11.3,-30.84,0.0,0.0,1.374,7.04,0.241,12.365,2.0180168531537157e-35,1
87.1,1,1,3.81,2,14.1,-29.37,1.306,0.0,1.412,6.24,0.222,15.963,1.1494126730777895e-57,1
135.5,1,2,4.3,5,19.9,-23.06,4.24,0.0,1.045,6.84,0.2244,20.401,8.248553031433713e-93,1
152.9,1,2,22.54,23,31.6,-36.51,22.853,0.0,1.173,7.99,0.2467,3.921,4.4065687337027706e-05,0
159.3,1,2,2.95,3,5.8,-24.66,3.909,0.0,1.669,6.87,0.2213,16.6,3.46115254844342e-62,1
36.9,0,1,0.61,0,28.8,-16.04,0.0,0.0,1.401,6.09,0.2207,53.771,0.0,1
147.0,1,2,19.37,6,23.0,-26.03,6.075,0.0,1.42,7.98,0.2482,12.755,1.4680586162749328e-37,1
38.4,0,1,9.06,1,-8.0,-17.39,0.187,0.0,1.715,6.75,0.2244,43.746,0.0,1
56.4,0,1,9.92,3,22.9,-21.97,1.383,0.0,1.489,6.81,0.2229,10.891,6.384652724417534e-28,1
107.4,1,1,20.0,16,-22.4,-55.16,17.468,0.0,1.369,7.56,0.2479,0.415,0.3392454445148504,0
135.5,1,2,4.5,3,-19.7,-22.75,3.326,2.829,1.073,6.46,0.2205,22.464,4.711386300248525e-112,1
36.0,0,1,16.26,4,34.5,-20.41,3.527,0.0,1.099,7.06,0.2233,21.62,5.862049312241237e-104,1
198.3,1,2,7.84,9,-2.1,-34.45,10.78,0.0,1.034,6.55,0.2246,6.371,9.396616307036955e-11,0
11.4,0,1,2.61,0,-0.1,-9.89,0.0,0.0,1.488,6.13,0.2227,236.544,0.0,1
158.9,1,2,17.19,8,31.8,-28.74,6.246,0.0,1.33,6.72,0.244,11.417,1.727907927616708e-30,1
52.5,0,1,7.97,5,-6.5,-26.16,6.214,0.0,1.823,6.49,0.2265,4.69,1.3641337622309383e-06,0
187.7,1,2,21.67,19,-14.6,-38.61,18.799,0.0,1.252,6.64,0.2457,3.166,0.0007738968704298241,0
75.5,1,1,22.98,10,-24.9,-35.74,9.048,0.0,1.555,6.99,0.2298,6.735,8.173557042351382e-12,1
12.3,0,1,21.23,1,4.0,-12.15,2.519,0.0,1.038,8.24,0.2419,128.054,0.0,1
112.4,1,2,8.06,2,-17.0,-18.14,1.917,0.0,2.212,6.93,0.2234,34.669,1.1543786756669423e-263,1
87.1,1,1,5.91,4,-25.8,-32.57,4.674,0.0,1.032,7.0,0.2281,10.142,1.790822958974506e-24,1
14.1,0,1,22.32,1,22.8,-13.86,1.475,0.0,1.523,7.89,0.232,81.39,0.0,1
169.8,1,2,11.32,15,-8.6,-35.69,16.619,4.903,2.101,6.84,0.2325,4.214,1.2548825423057357e-05,0
68.3,1,1,17.69,0,7.7,-25.74,1.653,0.0,1.023,7.99,0.2303,20.65,4.8498374552878384e-95,1
32.8,0,1,20.68,5,-23.2,-20.23,4.633,0.0,1.864,8.09,0.2384,19.312,2.1224582848304498e-83,1
103.0,1,1,6.94,1,2.9,-33.75,1.822,0.0,1.299,6.28,0.2266,9.556,6.106706564001396e-22,1
50.7,0,1,2.98,5,11.1,-22.35,3.723,0.0,1.013,6.84,0.221,10.61,1.3433325759097977e-26,1
20.4,0,1,15.62,2,-0.8,-13.0,1.413,0.0,1.579,7.3,0.227,87.929,0.0,1
192.4,1,2,14.75,7,-8.1,-34.73,8.823,3.475,1.105,7.36,0.2259,5.04,2.332347286674326e-07,0
9.4,0,1,6.76,0,-9.8,-9.71,0.0,0.0,1.615,7.14,0.2246,251.857,0.0,1
22.5,0,1,14.62,1,-22.9,-13.42,0.669,0.0,1.371,6.87,0.2215,125.622,0.0,1
70.1,1,1,19.76,14,-22.5,-36.04,9.882,0.0,1.201,6.9,0.2498,5.918,1.6327084001046015e-09,0
56.0,0,1,8.75,3,2.2,-23.16,2.702,0.0,1.458,6.35,0.2238,9.591,4.349350811183926e-22,1
46.3,0,1,6.06,1,-21.0,-23.5,1.07,3.04,1.377,6.77,0.2244,11.619,1.6479202627149508e-31,1
146.9,1,2,18.13,21,-15.5,-32.57,18.301,1.26,1.224,7.26,0.2278,6.1,5.296087368089395e-10,0
125.5,1,2,19.65,21,-19.3,-27.23,16.659,0.0,1.255,7.11,0.2319,12.443,7.59070118534759e-36,1
21.5,0,1,23.86,1,22.2,-14.45,1.749,0.0,1.23,8.16,0.2524,89.237,0.0,1
12.5,0,1,3.69,0,-0.8,-9.42,0.0,0.0,1.139,6.47,0.2239,234.441,0.0,1
39.5,0,1,22.23,6,5.9,-23.47,5.442,0.0,1.54,7.66,0.2366,8.976,1.4019844908496697e-19,1
43.9,0,1,19.13,4,7.9,-19.71,2.276,0.0,1.169,6.6,0.2396,18.22,1.7905344440132134e-74,1
65.1,1,1,17.55,6,-4.2,-29.97,6.279,0.0,1.113,7.15,0.2331,14.175,6.569358453086691e-46,1
46.3,0,1,7.83,2,-10.6,-18.94,1.838,0.0,1.153,6.81,0.2226,22.629,1.1237741548747147e-113,1
152.9,1,2,0.55,0,-5.1,-21.5,0.0,0.0,1.235,6.85,0.2203,25.092,3.012052823881604e-139,1
101.9,1,1,12.69,14,4.8,-43.37,8.942,0.0,1.488,7.3,0.2293,2.798,0.0025690453944725205,0
64.6,0,1,7.14,2,-6.7,-24.61,1.764,0.0,1.4,6.81,0.228,6.263,1.8877569248933178e-10,0
35.8,0,1,7.25,5,-21.1,-19.24,3.752,0.0,1.219,6.65,0.221,26.544,1.5101686466502622e-155,1
12.0,0,1,23.18,1,29.4,-13.76,2.416,0.0,1.217,8.09,0.2329,101.267,0.0,1
83.2,1,1,3.82,2,17.6,-28.84,2.167,0.0,1.105,6.82,0.2208,15.68,1.0413351001605695e-55,1
39.5,0,1,23.36,4,-25.7,-23.55,5.113,0.0,1.71,6.6,0.2435,10.326,2.6941352727824244e-25,1
79.8,1,1,12.6,9,28.9,-37.6,10.427,0.0,1.26,7.29,0.2241,5.161,1.229223141222566e-07,0
34.9,0,1,20.96,3,-18.9,-16.44,1.867,0.0,1.025,7.42,0.2314,36.445,4.132109723959831e-291,1
136.4,1,2,7.09,11,-23.6,-24.82,7.475,0.0,1.205,6.8,0.2248,17.725,1.3563515061711393e-70,1
90.9,1,1,15.85,11,-18.7,-39.07,10.131,0.0,1.048,7.33,0.2304,4.04,2.6768507536086548e-05,0
135.8,1,2,13.91,12,30.6,-26.84,12.239,0.0,1.018,7.38,0.2315,13.142,9.49171991422552e-40,1
88.9,1,1,23.1,10,-15.6,-47.8,16.886,0.698,1.988,7.2,0.2241,1.301,0.09668801164153629,0
55.1,0,1,4.48,3,21.2,-22.42,2.14,0.0,1.131,6.08,0.2254,12.037,1.1347951023017518e-33,1
78.8,1,1,5.11,1,11.8,-27.1,1.72,0.0,1.291,6.88,0.2242,19.411,3.0853888874849917e-84,1
78.8,1,1,23.72,23,3.7,-44.1,14.853,0.0,1.025,6.37,0.2391,2.555,0.0053077693436459,0
28.5,0,1,2.45,0,-6.2,-13.3,0.0,0.0,1.276,6.17,0.2212,97.948,0.0,1
12.0,0,1,15.87,0,-24.0,-10.9,0.0,0.528,1.158,7.3,0.2206,154.435,0.0,1
177.2,1,2,1.51,1,16.2,-25.75,0.339,0.0,1.547,6.56,0.2214,17.64,6.045446813397429e-70,1
6.0,0,1,1.92,0,-4.3,-9.5,0.0,0.0,2.968,6.27,0.2215,242.242,0.0,1
147.0,1,2,14.93,7,4.8,-25.31,6.33,0.0,1.359,6.47,0.2289,18.254,9.684828884929357e-75,1
125.5,1,2,13.78,12,-26.6,-24.76,9.844,2.295,1.519,7.25,0.2318,16.005,5.932487699842963e-58,1
192.4,1,2,14.33,20,20.4,-40.42,20.593,0.0,1.141,6.18,0.2352,2.992,0.0013846093723450304,0
146.9,1,2,11.84,4,15.0,-24.18,3.985,0.0,1.258,7.14,0.2297,19.316,1.9882617417924674e-83,1
135.5,1,2,18.56,24,4.4,-35.32,25.821,0.0,2.817,7.68,0.232,4.551,2.66940385983879e-06,0
79.8,1,1,24.8,15,2.3,-43.83,15.241,0.0,1.199,7.25,0.2569,2.148,0.015844436454865173,0
135.2,1,2,6.89,9,-8.1,-25.27,7.457,0.0,1.304,6.85,0.2262,15.82,1.1335269207318505e-56,1
12.3,0,1,8.09,1,-7.7,-15.05,0.232,3.292,2.668,6.37,0.2235,77.916,0.0,1
152.8,1,2,8.08,6,-25.5,-25.61,2.539,0.0,1.211,6.97,0.2232,17.333,1.3328627650169754e-67,1
152.9,1,2,19.08,13,14.6,-31.38,13.758,0.0,1.52,7.43,0.2336,7.474,3.9008073548966356e-14,1
106.3,1,1,8.7,2,-27.1,-40.28,4.026,2.902,1.006,6.52,0.2223,4.361,6.481468904741537e-06,0
126.5,1,2,16.92,26,-29.9,-33.06,22.141,4.752,1.546,6.41,0.2213,7.275,1.7344310851343386e-13,1
10.3,0,1,11.15,0,-28.0,-11.9,1.626,0.0,2.192,7.14,0.2299,158.732,0.0,1
22.0,0,1,15.2,0,-16.8,-16.59,0.417,4.031,1.12,7.69,0.2297,49.883,0.0,1
111.7,1,2,20.73,7,7.1,-24.38,7.491,0.0,1.66,7.16,0.2452,18.27,7.122476724634877e-75,1
17.9,0,1,12.85,0,14.3,-11.51,0.0,0.0,1.4,6.91,0.2201,155.3,0.0,1
49.7,0,1,11.88,0,-2.7,-19.48,0.599,0.0,1.263,7.33,0.2328,19.155,4.375347539618353e-82,1
75.4,1,1,6.67,3,-3.4,-29.88,4.59,0.0,1.367,7.51,0.2272,13.463,1.2926994156280222e-41,1
24.4,0,1,12.9,0,7.5,-14.79,0.962,0.0,1.312,7.12,0.2362,71.457,0.0,1
30.1,0,1,6.56,2,8.8,-16.42,2.288,0.0,1.116,6.53,0.228,47.22,0.0,1
158.9,1,2,21.09,35,24.9,-38.05,23.829,0.0,1.237,8.04,0.2507,3.145,0.0008302516255586623,0
126.5,1,2,9.72,3,23.2,-20.04,2.893,0.0,1.364,6.74,0.2219,28.834,3.983262168736543e-183,1
46.1,0,1,3.23,1,23.5,-18.83,0.48,0.0,1.295,6.59,0.2216,25.583,1.1924705770101468e-144,1
23.4,0,1,6.0,1,24.9,-13.5,0.291,0.0,1.099,6.2,0.2286,100.28,0.0,1
122.3,1,2,13.36,10,27.2,-25.8,10.582,0.0,1.0,6.37,0.2366,16.875,3.455493678723205e-64,1
56.4,0,1,22.91,9,6.1,-31.07,7.445,0.0,1.023,7.95,0.2479,1.417,0.07817976581218972,0
91.3,1,1,7.51,2,8.7,-30.38,0.95,0.0,1.124,6.72,0.2264,13.086,1.9729478555432964e-39,1
8.1,0,1,6.61,0,17.3,-9.22,0.0,0.0,1.554,7.13,0.2294,227.831,0.0,1
123.5,1,2,10.16,2,-17.1,-20.83,1.358,3.277,1.688,6.22,0.2269,28.07,1.1228591603624566e-173,1
39.4,0,1,24.19,5,-6.6,-23.07,5.281,0.0,1.597,6.51,0.2326,9.685,1.7526478275103015e-22,1
56.4,0,1,21.13,10,29.3,-36.4,13.36,0.0,1.359,8.16,0.2513,0.353,0.3621775130006757,0
43.9,0,1,3.74,0,4.0,-17.46,0.0,0.0,1.326,6.85,0.2219,34.65,2.2467107572217793e-263,1
192.4,1,2,15.34,6,-26.6,-31.43,3.884,0.0,1.33,7.44,0.2413,7.651,9.949759570588595e-15,1
64.6,0,1,19.8,4,-3.6,-29.18,4.795,0.0,1.365,6.62,0.2315,2.078,0.018870827867780278,0
14.9,0,1,19.2,3,-19.5,-14.5,2.616,0.0,1.037,7.77,0.2413,86.449,0.0,1
116.9,1,2,12.22,6,-6.8,-20.69,5.073,0.0,1.312,6.94,0.229,25.544,3.207111291381105e-144,1
30.1,0,1,18.3,2,5.4,-15.04,1.046,0.0,1.004,7.18,0.2363,77.94,0.0,1
50.7,0,1,14.59,7,2.8,-25.43,5.098,0.0,1.089,7.28,0.2398,6.3,1.4843562572713413e-10,0
101.2,1,1,5.04,2,1.9,-33.98,1.909,0.0,1.256,6.44,0.2255,9.362,3.9036045090200134e-21,1
21.1,0,1,1.4,0,-28.8,-12.84,0.646,0.0,1.868,6.15,0.2223,116.871,0.0,1
43.9,0,1,9.24,3,-1.1,-21.51,2.869,0.0,1.567,7.1,0.2263,13.164,7.107192022455821e-40,1
72.7,1,1,1.55,1,-28.1,-28.71,0.662,2.777,1.032,6.46,0.2208,18.505,9.459329513501758e-77,1
152.9,1,2,9.88,8,-3.7,-26.08,7.593,0.0,1.112,6.68,0.2337,15.575,5.40171912794894e-55,1
10.3,0,1,20.72,0,12.1,-9.25,0.0,0.0,1.449,8.19,0.2504,226.677,0.0,1
72.7,1,1,21.11,5,-21.8,-29.1,4.396,0.0,1.092,6.43,0.2295,15.52,1.2671729862628962e-54,1
83.2,1,1,0.85,0,29.6,-26.41,0.0,0.0,1.191,6.74,0.2211,21.603,8.502629217418948e-104,1
79.5,1,1,1.74,0,11.0,-25.45,0.0,0.0,1.232,6.17,0.2215,23.167,4.9491471755851137e-119,1
145.8,1,2,16.75,22,-15.9,-33.59,19.667,0.0,1.364,6.79,0.2294,7.004,1.2413350031526432e-12,1
17.9,0,1,12.5,1,-4.4,-11.86,0.31,0.0,1.505,6.8,0.2206,167.204,0.0,1
79.5,1,1,3.73,0,-23.7,-28.83,0.0,2.729,1.327,6.56,0.225,16.689,7.856181663094028e-63,1
5.9,0,1,20.14,0,-28.6,-8.68,0.0,0.0,1.291,7.39,0.2503,253.024,0.0,1
32.8,0,1,5.41,0,29.5,-15.16,0.0,0.0,1.232,7.16,0.2217,63.373,0.0,1
23.2,0,1,1.95,0,13.9,-11.28,0.0,0.0,1.271,6.77,0.22,135.615,0.0,1
85.7,1,1,18.74,8,20.7,-36.94,8.606,0.0,1.083,6.74,0.2292,5.981,1.1078890418615706e-09,0
146.9,1,2,15.2,13,10.4,-29.39,11.905,0.0,1.14,7.48,0.2408,9.957,1.1763960019728675e-23,1
75.4,1,1,9.86,1,28.9,-27.68,0.879,0.0,2.812,7.33,0.2328,17.174,2.0780476255817559e-66,1
169.2,1,2,17.32,13,28.2,-31.22,11.084,0.0,1.471,6.45,0.2314,8.296,5.376811081905873e-17,1
30.6,0,1,22.78,7,-26.2,-23.47,6.963,0.0,1.026,7.56,0.2485,11.16,3.2117349398050715e-29,1
112.4,1,2,0.85,1,-17.7,-17.4,0.324,0.0,1.437,6.41,0.2207,38.826,0.0,1
21.1,0,1,15.69,7,-4.3,-15.62,5.33,0.0,1.002,8.01,0.2336,50.194,0.0,1
115.3,1,2,5.45,4,-7.8,-21.92,3.767,3.915,1.151,6.56,0.2257,26.707,1.946826435930977e-157,1
124.7,1,2,11.85,0,4.2,-21.51,0.944,0.0,1.948,6.77,0.222,26.096,2.0218919236890898e-150,1
33.4,0,1,10.6,0,-12.7,-20.83,0.0,4.775,1.58,7.23,0.2227,18.896,6.2027743387826656e-80,1
91.0,1,1,9.75,5,21.8,-35.88,5.804,0.0,1.236,6.5,0.2212,7.013,1.1651989202668068e-12,1
198.3,1,2,4.76,10,-29.5,-32.27,7.375,1.346,1.042,6.78,0.2277,7.558,2.053429342516782e-14,1
46.9,0,1,20.07,4,21.4,-22.71,4.025,0.0,1.225,8.17,0.2317,12.951,1.1570259220368176e-38,1
45.0,0,1,9.49,1,-4.4,-20.7,1.893,0.0,1.578,6.8,0.2246,19.603,7.292403817411824e-86,1
75.4,1,1,22.18,6,-29.7,-35.3,5.848,0.753,2.264,7.3,0.2321,7.521,2.725699904695166e-14,1
135.8,1,2,8.87,1,25.1,-21.45,0.941,0.0,1.934,6.3,0.2329,25.819,2.745819039518439e-147,1
83.2,1,1,20.99,4,-1.0,-34.65,4.741,0.0,1.955,7.15,0.2208,7.527,2.587829060725946e-14,1
181.8,1,2,13.61,20,17.1,-40.03,20.698,0.0,2.492,7.1,0.2389,2.85,0.002188431443138485,0
47.0,0,1,9.64,1,27.1,-19.71,0.411,0.0,1.029,6.51,0.2283,24.122,7.348546024563752e-129,1
65.1,1,1,17.6,5,-27.8,-24.89,1.875,0.0,1.284,7.22,0.2348,22.644,7.937590154833017e-114,1
171.3,1,2,19.67,24,-13.0,-35.38,18.06,0.0,1.511,7.45,0.2305,4.786,8.51611293412347e-07,0
11.4,0,1,12.07,2,-22.3,-10.38,1.309,0.0,1.103,7.37,0.221,192.832,0.0,1
39.5,0,1,10.64,3,-23.6,-24.84,3.664,4.489,1.876,6.64,0.234,6.081,5.984721655295133e-10,0
58.1,0,1,14.44,0,31.5,-21.96,0.0,0.0,1.611,7.44,0.2314,12.509,3.318532142692312e-36,1
113.4,1,2,14.63,8,22.4,-21.12,7.158,0.0,1.065,6.6,0.2201,26.287,1.356619662896629e-152,1
124.7,1,2,10.64,1,-6.3,-20.44,1.121,0.0,1.434,7.0,0.2314,29.096,2.008386576695464e-186,1
60.4,0,1,18.94,3,14.7,-23.27,1.75,0.0,1.046,7.27,0.232,8.639,2.8459780646060446e-18,1
78.6,1,1,9.99,5,29.8,-31.06,4.292,0.0,1.124,7.28,0.2259,12.473,5.222052717179725e-36,1
131.1,1,2,11.32,14,-15.6,-25.6,14.35,0.0,1.854,7.68,0.2214,13.814,1.0420552239468837e-43,1
187.7,1,2,15.13,10,-29.1,-34.16,10.847,0.0,1.413,7.75,0.2359,5.357,4.2412641419513825e-08,0
145.8,1,2,24.67,21,23.6,-32.7,16.934,0.0,1.935,7.76,0.244,6.465,5.0650824581987585e-11,0
135.5,1,2,6.52,6,17.0,-23.23,4.427,0.0,1.226,7.42,0.2295,20.191,5.85794310161778e-91,1
28.9,0,1,5.8,0,-19.6,-18.35,0.931,3.358,1.079,6.6,0.2213,33.643,1.946273151010406e-248,1
125.8,1,2,4.42,5,1.8,-21.07,3.341,0.0,1.053,6.76,0.2263,26.69,3.037204034708834e-157,1
107.4,1,1,17.24,16,-19.6,-49.21,15.116,0.0,1.065,7.82,0.2328,0.965,0.1673386014413526,0
142.3,1,2,11.23,7,9.2,-26.0,9.637,0.0,1.321,7.61,0.2209,13.783,1.6024285461368395e-43,1
124.7,1,2,9.72,7,12.1,-24.07,6.206,0.0,1.807,6.91,0.231,20.526,6.260572402734541e-94,1
97.4,1,1,5.1,3,-12.0,-35.62,3.547,0.0,1.153,6.49,0.2234,8.289,5.696353701000332e-17,1
33.8,0,1,22.28,5,20.8,-20.95,3.902,0.0,2.363,7.18,0.223,16.205,2.340793532284512e-59,1
159.3,1,2,11.08,3,0.8,-26.32,4.678,0.0,2.047,7.01,0.2221,14.276,1.5453707952648091e-46,1
5.9,0,1,15.19,0,15.9,-8.82,0.0,0.0,1.27,6.64,0.242,333.604,0.0,1
158.6,1,2,2.81,1,11.6,-23.87,3.118,0.0,1.209,6.24,0.2228,20.452,2.883760820243037e-93,1
12.3,0,1,2.7,1,-0.7,-9.93,0.49,0.0,1.111,6.43,0.2239,235.83,0.0,1
6.0,0,1,1.68,0,-11.0,-8.58,0.0,0.0,1.344,6.13,0.2222,365.233,0.0,1
102.0,1,1,9.18,7,-16.7,-42.05,8.937,0.0,1.577,6.68,0.229,2.941,0.0016361138446133094,0
93.8,1,1,11.82,12,18.5,-37.4,8.814,0.0,1.099,6.74,0.2221,5.035,2.384796614848834e-07,0
146.9,1,2,6.11,3,11.7,-23.56,4.335,0.0,1.878,6.96,0.2241,20.363,1.77016377942204e-92,1
131.1,1,2,8.74,7,-11.7,-23.36,10.122,0.0,1.036,7.56,0.2234,16.511,1.5338056946921618e-61,1
137.8,1,2,0.16,0,32.9,-20.32,0.893,0.0,1.419,6.93,0.22,28.569,8.109383341106208e-180,1
102.0,1,1,8.78,6,22.7,-35.82,3.962,0.0,1.321,7.6,0.2265,6.409,7.336844452508397e-11,0
47.0,0,1,2.98,2,-21.8,-21.52,1.534,1.417,1.305,7.01,0.2218,14.893,1.820689001454105e-50,1
137.8,1,2,3.21,6,-19.4,-22.82,4.091,0.0,1.185,6.51,0.225,23.979,2.29825723611916e-127,1
52.3,0,1,0.11,0,5.4,-19.07,0.0,0.0,1.6,6.04,0.22,24.359,2.3329505996546744e-131,1
45.0,0,1,17.41,5,-23.3,-21.3,3.041,0.0,1.194,7.5,0.2212,15.176,2.5384726548866286e-52,1
33.5,0,1,23.28,10,32.7,-23.95,6.831,0.0,1.117,6.26,0.2418,8.684,1.9044730288630703e-18,1
192.4,1,2,15.54,10,11.5,-30.65,7.245,0.0,1.302,7.5,0.2222,7.98,7.318460190854854e-16,1
112.4,1,2,2.41,1,-25.7,-16.02,0.396,0.0,1.334,6.57,0.2225,38.452,0.0,1
86.6,1,1,24.74,9,-1.2,-40.31,9.01,0.0,1.591,7.02,0.2503,3.451,0.0002791983681255793,0
61.9,0,1,24.39,12,-15.6,-30.36,8.478,0.0,1.191,8.33,0.2249,1.443,0.074529257368909,0
80.8,1,1,11.71,8,1.9,-32.33,3.348,0.0,2.66,7.09,0.2212,10.485,5.069101150276105e-26,1
23.2,0,1,2.7,0,-13.9,-12.29,0.0,0.0,1.026,7.03,0.2241,128.667,0.0,1
24.4,0,1,18.02,3,24.1,-16.12,2.894,0.0,1.282,7.19,0.2432,54.447,0.0,1
123.7,1,2,24.04,5,16.9,-21.54,3.634,0.0,1.727,7.13,0.2289,25.549,2.8163337567032056e-144,1
88.9,1,1,19.47,17,28.9,-43.1,14.092,0.0,1.336,7.28,0.2341,2.321,0.010153209363441607,0
146.9,1,2,15.61,2,-17.1,-23.55,2.029,0.0,1.525,6.61,0.224,22.926,1.2930998525501185e-116,1
7.1,0,1,15.27,0,-4.9,-8.26,0.0,0.0,1.775,6.62,0.2393,277.565,0.0,1
104.5,1,1,24.45,8,22.4,-46.64,11.235,0.0,2.634,7.63,0.227,1.622,0.052419818964456494,0
28.9,0,1,1.83,0,-5.7,-13.41,0.0,0.0,1.545,6.63,0.2224,86.33,0.0,1
137.8,1,2,3.74,1,-5.4,-21.95,0.704,0.0,1.204,6.8,0.2215,25.468,2.247281313633326e-143,1
39.5,0,1,20.77,3,34.1,-19.96,2.686,0.0,1.395,7.51,0.2234,18.38,9.521486392812916e-76,1
10.3,0,1,3.63,0,20.1,-8.38,0.0,0.0,1.445,6.54,0.2212,270.105,0.0,1
56.4,0,1,9.58,1,26.0,-24.79,3.103,0.0,1.273,7.56,0.2278,8.312,4.7021446081314147e-17,1
42.6,0,1,7.04,3,-3.5,-19.91,1.969,0.0,1.771,6.71,0.2294,20.027,1.5952982804537232e-89,1
69.5,1,1,6.09,3,8.1,-24.31,1.959,0.0,1.059,6.68,0.2204,22.27,3.6290794713310706e-110,1
81.1,1,1,0.64,0,-0.7,-26.56,0.0,0.0,1.352,6.69,0.2202,19.655,2.6199258808792034e-86,1
96.0,1,1,14.16,8,-0.7,-38.45,5.69,0.0,1.106,7.51,0.2318,4.446,4.382154619666996e-06,0
47.0,0,1,10.03,0,-21.7,-19.39,0.713,0.0,1.626,6.52,0.2218,21.606,7.908408771126843e-104,1
13.1,0,1,13.79,3,24.7,-13.95,2.347,0.0,1.392,7.15,0.2272,124.641,0.0,1
76.8,1,1,7.61,0,-4.6,-25.2,0.748,0.0,1.067,6.79,0.2244,22.285,2.6028150519514604e-110,1
26.6,0,1,23.54,12,7.8,-22.26,8.181,0.0,1.43,7.61,0.2372,11.289,7.396545869263612e-30,1
181.8,1,2,14.78,16,25.7,-36.38,16.01,0.0,1.147,7.07,0.2359,4.483,3.681394408590262e-06,0
164.9,1,2,24.03,13,20.3,-30.47,11.98,0.0,1.244,7.64,0.2289,8.487,1.0632338951799065e-17,1
78.5,1,1,8.75,4,-17.1,-31.8,4.651,0.0,1.448,6.63,0.2246,11.401,2.068708458815391e-30,1
32.9,0,1,0.06,0,10.2,-13.92,0.0,0.0,1.525,6.17,0.22,78.962,0.0,1
50.7,0,1,19.53,8,2.2,-26.76,5.019,0.0,1.225,7.08,0.2315,4.459,4.121977767691295e-06,0
91.7,1,1,20.68,2,-13.1,-38.6,2.374,4.662,1.14,7.14,0.2425,4.717,1.1961337472309024e-06,0
52.3,0,1,1.47,1,-27.3,-20.13,0.473,0.0,1.168,6.08,0.2206,19.048,3.3897421289488825e-81,1
61.2,0,1,15.63,1,10.9,-24.78,1.441,0.0,1.243,7.63,0.2235,6.598,2.0773863598942883e-11,0
136.4,1,2,16.53,2,20.7,-21.55,2.416,0.0,1.055,6.53,0.2234,25.197,2.185653177402627e-140,1
76.8,1,1,3.64,3,31.2,-25.38,1.879,0.0,1.063,6.79,0.2229,20.432,4.306440883745095e-93,1
63.5,0,1,13.81,5,-6.9,-28.57,3.458,0.0,2.51,6.52,0.2219,3.148,0.0008210406537987702,0
88.9,1,1,6.08,3,-4.1,-29.47,1.351,0.0,1.004,7.42,0.2208,13.367,4.71799019609601e-41,1
75.5,1,1,0.41,0,-19.4,-25.48,0.0,0.0,1.74,6.53,0.2209,22.466,4.432781579100953e-112,1
46.9,0,1,21.67,8,34.0,-26.18,4.737,0.0,2.317,6.89,0.2519,4.933,4.0421494333650525e-07,0
69.2,1,1,12.29,7,25.2,-27.78,4.513,0.0,1.517,7.26,0.2207,16.428,5.997487701664493e-61,1
48.3,0,1,19.54,6,32.2,-28.73,8.691,0.0,1.351,6.96,0.225,2.361,0.009114298449282918,0
93.8,1,1,18.07,14,2.2,-44.18,12.731,0.0,1.274,8.09,0.2338,1.963,0.024805911318729654,0
75.5,1,1,24.84,3,-16.4,-29.71,2.072,0.0,1.231,7.53,0.2539,12.723,2.210446846990839e-37,1
61.9,0,1,10.95,5,7.3,-27.57,5.125,0.0,1.086,6.97,0.2283,3.081,0.0010305501866157466,0
32.5,0,1,10.69,1,-5.8,-15.94,0.497,0.0,1.429,6.44,0.2262,60.672,0.0,1
34.7,0,1,7.04,1,-7.4,-19.41,0.386,3.128,1.391,6.88,0.229,26.629,1.5599176758606262e-156,1
43.9,0,1,15.63,1,-24.6,-24.93,2.821,2.648,1.402,7.42,0.2386,7.338,1.0819159758032612e-13,1
28.5,0,1,12.15,0,-25.2,-15.99,0.515,0.0,1.054,6.99,0.2351,67.261,0.0,1
91.3,1,1,18.22,6,-5.4,-36.08,5.792,0.0,1.269,7.04,0.2265,6.044,7.519312656053498e-10,0
91.0,1,1,8.91,1,30.2,-29.1,0.628,0.0,1.006,6.79,0.2287,14.239,2.6165181857812332e-46,1
52.5,0,1,3.27,3,17.0,-19.44,1.491,0.0,1.086,6.4,0.2209,19.466,1.0646618953474024e-84,1
43.9,0,1,21.56,8,19.4,-26.44,8.184,0.0,1.135,7.59,0.2348,4.273,9.638493629772413e-06,0
96.0,1,1,20.7,13,-14.8,-45.21,12.82,0.0,1.238,8.48,0.2463,1.615,0.053106043640327706,0
49.7,0,1,8.78,4,17.7,-21.96,2.896,0.0,1.068,6.5,0.2305,11.985,2.1316369133777324e-33,1
159.3,1,2,17.26,4,-3.6,-24.93,3.0,0.0,1.134,6.8,0.2344,17.262,4.527399275661021e-67,1
69.5,1,1,12.31,4,-26.1,-28.97,4.181,0.0,1.49,7.37,0.2347,14.101,1.8639982372800352e-45,1
124.7,1,2,19.02,21,-4.3,-28.79,19.454,0.0,1.222,7.49,0.222,10.99,2.136911851570452e-28,1
147.0,1,2,9.75,3,-21.5,-23.95,1.801,0.0,1.167,6.91,0.2326,18.628,9.546722983431194e-78,1
171.3,1,2,13.39,9,25.5,-30.55,7.67,0.0,1.946,7.07,0.236,8.697,1.6966124391000854e-18,1
125.5,1,2,1.45,1,24.6,-20.33,0.416,0.0,1.288,6.33,0.2216,32.662,2.7300440859614993e-234,1
26.3,0,1,4.37,0,-11.3,-15.27,0.0,2.863,1.002,6.4,0.2212,59.323,0.0,1
180.4,1,2,19.54,20,9.8,-38.13,24.641,0.0,1.323,7.68,0.2263,2.911,0.0018026115638573492,0
75.4,1,1,9.54,0,-6.4,-26.33,1.035,0.0,1.16,7.25,0.2233,21.782,1.703586447993e-105,1
14.9,0,1,0.88,0,-20.0,-13.12,0.0,3.813,1.425,6.18,0.2213,93.724,0.0,1
45.4,0,1,4.19,0,12.2,-17.15,0.0,0.0,1.004,6.21,0.2218,37.348,1.3756928589893696e-305,1
181.8,1,2,10.29,6,19.4,-28.56,5.573,0.0,1.198,6.4,0.222,10.565,2.1664998003916616e-26,1
91.0,1,1,17.95,3,20.4,-33.44,2.889,0.0,1.445,7.99,0.2352,7.798,3.140325117441958e-15,1
181.8,1,2,9.09,3,-20.3,-28.22,3.362,0.0,1.529,7.13,0.2253,11.643,1.2454450755129778e-31,1
91.7,1,1,18.63,10,3.3,-40.75,9.667,0.0,1.208,7.22,0.2334,3.302,0.00047959674746522187,0
123.5,1,2,21.45,4,-28.4,-23.12,3.871,0.0,1.742,7.09,0.2441,21.588,1.1683186293680075e-103,1
36.9,0,1,8.53,1,-24.1,-18.53,1.497,1.507,1.191,7.16,0.2234,27.221,1.822216198118963e-163,1
63.5,0,1,20.01,7,-24.7,-33.68,8.524,0.0,1.046,7.23,0.2477,0.894,0.18567779811416146,0
14.1,0,1,3.17,0,-26.3,-14.11,0.0,3.767,1.454,6.55,0.2239,90.093,0.0,1
88.9,1,1,10.38,11,-8.3,-40.3,10.585,0.0,1.315,7.7,0.2329,3.597,0.0001612491445011402,0
46.9,0,1,2.44,1,-6.8,-18.59,0.566,0.0,1.068,6.23,0.2216,30.0,4.887611316802241e-198,1
187.7,1,2,1.31,4,15.4,-28.01,3.879,0.0,1.63,6.71,0.2212,12.13,3.6675891676093584e-34,1
38.4,0,1,1.61,0,-8.6,-16.25,0.0,1.432,1.197,6.85,0.2221,44.017,0.0,1
83.5,1,1,2.62,2,-20.9,-27.38,1.391,0.0,1.107,6.46,0.2206,18.952,2.128821034768311e-80,1
10.3,0,1,20.89,2,31.5,-11.54,1.271,0.0,1.047,6.89,0.2315,137.806,0.0,1
56.6,0,1,13.59,0,26.9,-21.55,1.742,0.0,1.134,7.06,0.2223,11.489,7.489089914873391e-31,1
90.9,1,1,23.68,15,-21.9,-43.72,12.586,0.0,1.041,8.11,0.2489,2.2,0.013920561412670179,0
146.9,1,2,13.45,6,-6.4,-24.94,3.13,0.0,1.229,6.97,0.2397,17.417,3.052111561652714e-68,1
36.0,0,1,15.72,1,-19.1,-20.36,0.471,2.257,1.579,7.47,0.2417,20.785,2.9474690127399926e-96,1
112.3,1,2,4.61,1,32.3,-18.47,1.362,0.0,1.942,6.3,0.2264,35.528,9.120727592898771e-277,1
39.4,0,1,13.51,1,-6.9,-19.8,2.644,0.0,1.07,7.76,0.2277,24.78,7.345535126386597e-136,1
15.0,0,1,9.63,0,-23.6,-14.11,0.568,2.388,1.799,7.52,0.228,90.11,0.0,1
52.0,0,1,23.29,3,17.2,-24.25,4.099,0.0,1.336,6.9,0.2336,6.441,5.931558151212848e-11,0
43.9,0,1,23.35,4,16.3,-19.86,2.844,0.0,1.763,7.19,0.2328,19.464,1.1161840714009351e-84,1
142.3,1,2,4.96,0,-14.3,-21.85,0.952,0.0,1.182,6.75,0.2204,25.63,3.534714039457366e-145,1
36.9,0,1,15.5,4,-9.1,-22.33,3.416,1.074,1.155,7.35,0.2339,13.659,8.859986664359612e-43,1
45.1,0,1,15.95,3,-3.0,-20.58,2.692,0.0,1.334,6.86,0.2395,14.677,4.501221999352775e-49,1
50.7,0,1,14.06,0,-12.6,-19.9,0.891,0.0,1.243,7.92,0.2286,18.779,5.643759603664844e-79,1
56.6,0,1,3.11,2,-11.2,-21.89,1.256,0.0,1.023,6.86,0.2242,11.67,9.095662846893973e-32,1
91.3,1,1,16.35,6,22.1,-36.35,5.382,0.0,1.227,6.91,0.231,7.161,3.999786167962984e-13,1
19.5,0,1,19.98,2,18.9,-17.12,3.622,0.0,1.028,7.31,0.2392,49.58,0.0,1
63.5,0,1,8.63,1,15.0,-23.5,1.069,0.0,1.333,6.52,0.2202,8.018,5.378045071496795e-16,1
23.5,0,1,12.86,1,14.6,-14.46,1.243,0.0,1.039,6.79,0.232,97.832,0.0,1
15.0,0,1,2.91,0,3.9,-10.0,0.0,0.0,1.12,6.74,0.2213,212.66,0.0,1
28.5,0,1,23.27,2,-7.2,-22.57,1.245,4.654,1.235,7.13,0.2481,14.726,2.208388735235752e-49,1
63.5,0,1,2.74,0,16.8,-22.54,0.62,0.0,1.993,6.15,0.22,9.58,4.869420392615328e-22,1
23.4,0,1,5.21,0,-22.4,-14.87,0.0,2.229,1.398,6.59,0.2213,75.681,0.0,1
32.8,0,1,7.46,0,-20.8,-16.54,0.0,0.639,2.312,6.6,0.2296,48.029,0.0,1
181.8,1,2,20.64,12,-21.8,-35.33,13.511,0.0,1.261,6.62,0.2343,5.324,5.073709469822092e-08,0
78.5,1,1,17.52,9,17.6,-35.56,7.814,0.0,1.323,7.69,0.227,6.727,8.674769768101277e-12,1
76.8,1,1,0.18,0,8.5,-24.64,0.0,0.0,1.146,6.41,0.22,24.083,1.866997121221391e-128,1
100.3,1,1,4.59,1,-0.7,-34.49,1.631,0.0,2.433,6.63,0.2225,8.512,8.553704208825464e-18,1
47.0,0,1,18.75,3,1.0,-23.69,3.581,0.0,1.332,7.61,0.2423,8.853,4.261094108124663e-19,1
81.1,1,1,10.1,6,23.8,-33.98,7.43,0.0,1.526,7.46,0.228,7.844,2.1853240186545104e-15,1
134.9,1,2,0.66,0,-22.1,-21.07,0.0,3.152,1.153,6.36,0.2206,25.967,5.7799338723017195e-149,1
5.9,0,1,24.1,0,-5.1,-8.66,0.0,0.0,1.243,7.17,0.2336,295.219,0.0,1
169.8,1,2,3.78,2,19.4,-25.27,1.691,0.0,1.242,6.33,0.222,17.536,3.837603241140932e-69,1
10.5,0,1,12.76,0,12.8,-8.92,0.0,0.0,1.198,7.48,0.222,268.357,0.0,1
71.8,1,1,6.21,1,-1.7,-24.31,1.367,0.0,1.65,6.28,0.2235,24.15,3.72904252929286e-129,1
63.5,0,1,18.44,3,-15.4,-30.08,6.068,0.0,1.959,7.54,0.2241,1.719,0.04282942988740785,0
107.4,1,1,19.42,21,31.5,-54.59,18.006,0.0,1.164,7.33,0.2407,0.349,0.36367862071103285,0
10.3,0,1,9.93,0,-3.5,-9.45,0.0,0.0,1.025,7.07,0.2234,286.473,0.0,1
56.4,0,1,16.46,9,27.1,-27.86,6.111,0.0,1.12,7.13,0.2271,3.257,0.0005627451901281139,0
10.3,0,1,22.73,0,20.6,-9.5,0.0,0.0,1.051,8.02,0.2252,231.581,0.0,1
22.0,0,1,20.37,0,26.0,-11.02,0.0,0.0,1.096,6.92,0.2443,136.289,0.0,1
136.4,1,2,10.37,4,-28.9,-22.45,2.501,0.0,2.142,7.69,0.235,20.47,1.980962884424957e-93,1
135.2,1,2,11.04,7,1.0,-24.9,6.911,0.0,1.071,7.26,0.2232,16.618,2.5722537204055688e-62,1
6.0,0,1,22.17,0,-13.1,-12.64,0.0,4.162,1.075,7.56,0.2378,121.246,0.0,1
36.9,0,1,0.86,0,-12.2,-16.0,0.0,0.0,1.56,6.15,0.2214,50.673,0.0,1
148.3,1,2,0.57,1,-12.5,-23.82,0.548,4.053,1.295,7.01,0.2211,19.651,2.8349663700114572e-86,1
26.3,0,1,5.14,0,-4.7,-14.13,0.321,0.0,1.325,6.51,0.2212,79.88,0.0,1
125.5,1,2,20.69,10,-3.3,-26.21,9.268,0.0,1.038,7.48,0.2387,13.881,4.143329169781235e-44,1
12.1,0,1,3.83,0,11.2,-9.62,0.0,0.0,1.19,6.9,0.2229,255.173,0.0,1
56.0,0,1,7.13,1,-10.5,-24.97,0.272,4.479,1.1,6.8,0.2246,6.332,1.209989509007377e-10,0
98.6,1,1,15.73,4,-12.3,-36.55,2.227,0.0,1.406,7.03,0.2395,6.642,1.542203296862362e-11,0
34.9,0,1,4.61,0,-6.6,-15.34,0.0,0.0,1.042,6.84,0.2203,64.685,0.0,1
83.5,1,1,7.58,1,14.6,-29.12,2.144,0.0,1.021,6.95,0.2296,14.572,2.1206309905061038e-48,1
79.5,1,1,11.67,4,-30.0,-32.38,3.74,1.627,1.939,6.98,0.2247,10.154,1.5865424710197329e-24,1
85.7,1,1,5.7,3,18.6,-28.88,1.313,0.0,1.162,6.62,0.2212,16.584,4.512624450097942e-62,1
32.8,0,1,24.81,11,-8.0,-26.99,9.517,0.0,1.21,7.51,0.2436,4.992,2.983942409508998e-07,0
52.5,0,1,4.09,0,7.5,-20.68,0.0,0.0,1.925,6.28,0.2258,16.575,5.3081185940765305e-62,1
56.0,0,1,21.25,2,19.5,-24.63,2.891,0.0,1.155,7.12,0.2365,8.477,1.1531623834674801e-17,1
85.7,1,1,11.75,6,3.2,-36.03,6.015,0.0,1.024,6.75,0.237,7.479,3.737525076688424e-14,1
56.9,0,1,3.23,2,12.1,-23.6,2.047,0.0,2.064,6.64,0.223,8.598,4.0622293242452e-18,1
108.6,1,1,2.96,4,29.8,-35.85,2.379,0.0,1.423,6.66,0.2226,7.18,3.485582925150386e-13,1
125.8,1,2,12.51,11,-28.1,-23.73,9.276,0.0,1.108,7.11,0.224,19.056,2.9524553632978044e-81,1
158.9,1,2,8.84,4,-7.3,-25.73,4.432,1.45,1.305,6.6,0.2221,16.367,1.6576432193161475e-60,1
91.0,1,1,5.87,0,30.2,-29.36,0.0,0.0,1.002,7.0,0.2255,14.852,3.3851585367061014e-50,1
181.8,1,2,23.97,10,24.4,-31.57,6.94,0.0,1.595,7.2,0.2222,7.991,6.697530614868922e-16,1
96.0,1,1,11.58,1,10.1,-36.37,2.43,0.0,3.315,6.74,0.2369,6.433,6.274638444988254e-11,0
10.5,0,1,23.22,1,-15.1,-9.52,0.5,0.0,1.002,8.12,0.23,245.002,0.0,1
34.5,0,1,4.1,1,-8.5,-19.28,0.528,4.29,1.118,6.86,0.223,23.5,2.0224634660958254e-122,1
67.3,1,1,4.59,5,25.8,-25.99,2.74,0.0,1.024,6.51,0.2213,21.338,2.5451540896609782e-101,1
22.0,0,1,14.9,2,15.4,-13.34,1.179,0.0,1.434,7.01,0.2301,95.945,0.0,1
23.5,0,1,6.75,0,-11.4,-12.78,0.0,0.0,1.158,7.05,0.2226,115.426,0.0,1
10.3,0,1,4.62,0,-21.4,-10.22,0.0,0.0,2.515,7.11,0.2262,222.013,0.0,1
187.7,1,2,2.37,2,20.8,-26.38,1.475,0.0,1.124,6.61,0.2202,15.25,8.198290817021419e-53,1
125.8,1,2,1.91,0,7.5,-18.66,0.0,0.0,1.155,6.78,0.2212,34.017,6.227086298941848e-254,1
72.7,1,1,18.83,1,32.6,-27.92,1.441,0.0,2.09,7.78,0.2417,15.117,6.289016545556588e-52,1
35.8,0,1,7.05,0,-3.6,-18.35,1.308,0.0,1.309,6.85,0.2294,35.152,5.476135474110099e-271,1
112.4,1,2,24.46,3,-7.3,-20.49,2.623,0.0,1.131,6.63,0.2556,26.413,4.871143674063533e-154,1
68.3,1,1,4.58,0,-11.1,-25.11,0.0,0.0,2.052,6.39,0.2206,24.601,6.106056560902268e-134,1
50.5,0,1,8.86,0,1.3,-18.72,0.0,0.0,1.749,7.2,0.2217,22.067,3.299510109614271e-108,1
111.7,1,2,9.37,12,-9.0,-22.18,9.052,0.0,1.084,6.54,0.2237,23.984,2.0359981554917278e-127,1
120.6,1,2,12.5,10,-25.2,-27.77,8.187,4.258,1.217,6.9,0.2384,14.765,1.2357205144702964e-49,1
125.5,1,2,21.77,11,-9.7,-27.19,6.58,2.14,1.904,7.38,0.2518,12.997,6.329744414949174e-39,1
8.1,0,1,20.87,2,-15.8,-10.7,1.026,0.0,1.576,7.21,0.2383,184.022,0.0,1
26.6,0,1,0.25,0,23.0,-12.82,0.0,0.0,1.159,6.37,0.2203,111.69,0.0,1
13.1,0,1,10.23,2,-14.7,-11.98,1.281,0.0,1.34,7.54,0.2275,159.904,0.0,1
14.9,0,1,20.7,1,-0.2,-12.07,0.783,0.0,1.694,8.04,0.2481,152.635,0.0,1
56.0,0,1,0.0,0,13.7,-20.41,0.0,0.0,1.409,6.81,0.22,18.593,1.8268275893027405e-77,1
50.5,0,1,13.34,4,-20.3,-22.26,2.314,0.0,1.806,7.08,0.2365,10.936,3.8637031503717174e-28,1
69.5,1,1,6.49,0,4.5,-24.9,1.69,0.0,1.026,6.42,0.2246,24.483,1.1242508415577527e-132,1
14.9,0,1,10.32,0,25.1,-10.57,0.0,0.0,1.31,6.92,0.227,200.777,0.0,1
125.2,1,2,10.51,2,8.0,-20.61,0.776,0.0,1.488,7.59,0.229,26.162,3.575659368946604e-151,1
79.5,1,1,9.79,3,1.4,-31.05,3.641,0.0,1.583,7.39,0.227,12.47,5.412360126046266e-36,1
68.5,1,1,22.3,2,24.5,-29.69,2.112,0.0,1.062,7.86,0.2486,13.216,3.5326508514532623e-40,1
88.9,1,1,13.41,9,31.6,-37.99,8.242,0.0,1.778,7.03,0.2248,5.184,1.0871340331287415e-07,0
13.1,0,1,22.59,1,23.4,-12.06,0.384,0.0,1.849,8.04,0.2243,166.47,0.0,1
103.0,1,1,18.17,2,-3.5,-36.72,1.543,0.0,1.012,7.87,0.2375,5.416,3.0395256770167676e-08,0
198.3,1,2,8.78,12,9.8,-33.35,10.404,0.0,1.63,6.63,0.2299,6.11,4.971278126084074e-10,0
33.5,0,1,12.34,2,4.2,-16.96,1.69,0.0,1.437,7.2,0.2292,39.726,0.0,1
65.1,1,1,9.75,1,-10.3,-26.39,1.812,0.0,1.623,7.35,0.2297,21.274,9.905582189847543e-101,1
116.9,1,2,20.71,7,-1.7,-22.96,6.998,0.0,1.048,7.35,0.235,21.605,8.142016434563818e-104,1
98.6,1,1,4.69,3,23.9,-32.92,2.536,0.0,1.55,6.76,0.2259,9.463,1.498232718376738e-21,1
50.5,0,1,23.41,1,-10.5,-23.33,1.207,0.0,1.173,7.22,0.2452,8.797,7.056171334876268e-19,1
34.6,0,1,14.51,2,27.8,-20.72,4.011,0.0,1.594,7.15,0.2409,18.052,3.821797437681666e-73,1
112.3,1,2,15.29,9,34.4,-22.96,7.882,0.0,1.245,6.99,0.2339,22.693,2.6177738030349363e-114,1
34.7,0,1,12.92,3,-10.1,-17.84,2.656,0.0,1.459,7.32,0.2333,33.328,7.600929740146204e-244,1
88.9,1,1,13.86,11,-22.0,-46.85,11.799,4.068,2.103,7.44,0.2315,1.541,0.06160646325259809,0
103.0,1,1,16.69,10,32.2,-43.94,10.443,0.0,1.198,6.5,0.2336,2.853,0.002167334275697088,0
108.6,1,1,16.38,1,-18.9,-38.65,2.042,1.065,1.466,7.0,0.2223,4.691,1.3620059059184147e-06,0
14.1,0,1,5.35,0,20.1,-8.46,0.0,0.0,1.024,6.93,0.2236,246.035,0.0,1
56.0,0,1,14.56,4,-27.5,-26.21,5.538,0.0,1.468,6.86,0.2257,4.084,2.217595772272944e-05,0
78.5,1,1,8.87,3,-14.7,-32.62,1.975,4.925,1.278,6.17,0.2332,10.865,8.501140128743946e-28,1
87.1,1,1,15.93,15,-13.1,-45.53,14.787,0.0,1.509,6.9,0.2417,1.856,0.031717705242761504,0
141.4,1,2,13.7,14,-10.7,-28.1,12.174,0.0,1.211,7.2,0.2286,11.862,9.276782371111212e-33,1
135.8,1,2,4.49,0,29.8,-21.37,1.811,0.0,2.66,6.31,0.2207,28.061,1.4472702162069549e-173,1
67.3,1,1,18.37,2,-18.6,-26.26,0.654,0.0,1.488,7.63,0.231,20.004,2.556751240745271e-89,1
103.0,1,1,11.43,6,-18.7,-37.36,5.466,0.0,1.181,7.69,0.2374,4.591,2.2051306173038695e-06,0
171.3,1,2,13.79,18,15.0,-34.34,17.506,0.0,2.927,7.43,0.2214,5.83,2.7794990279497193e-09,0
9.4,0,1,16.82,2,31.9,-10.51,1.342,0.0,1.148,7.72,0.2427,201.364,0.0,1
50.5,0,1,16.32,1,-4.7,-22.01,1.934,0.0,1.173,7.37,0.2227,12.047,1.0083024537581055e-33,1
164.9,1,2,18.72,10,20.3,-29.68,9.917,0.0,1.12,7.53,0.2356,9.129,3.463413438619618e-20,1
76.0,1,1,5.17,3,-28.0,-30.76,3.026,2.037,1.054,6.53,0.2273,13.397,3.160528749652859e-41,1
33.5,0,1,2.76,0,23.6,-15.06,0.0,0.0,1.319,7.02,0.2226,61.868,0.0,1
103.0,1,1,16.73,9,17.0,-39.78,8.225,0.0,1.552,7.43,0.2244,3.54,0.00020032924309354997,0
49.7,0,1,5.9,2,28.3,-20.13,2.171,0.0,1.221,6.32,0.2288,16.551,7.927885417056556e-62,1
102.0,1,1,2.87,3,11.4,-32.85,1.441,0.0,1.001,6.35,0.2237,9.278,8.651409533042392e-21,1
42.6,0,1,3.28,1,31.2,-19.21,2.272,0.0,1.228,7.13,0.2207,23.81,1.301477355444283e-125,1
45.4,0,1,7.82,1,-4.7,-19.25,0.277,0.0,1.388,6.92,0.2262,25.78,7.372385309170832e-147,1
102.0,1,1,24.79,8,17.6,-41.47,6.449,0.0,1.713,7.96,0.2441,2.577,0.0049867192754456426,0
36.0,0,1,3.93,1,17.2,-16.49,1.396,0.0,1.075,6.84,0.2235,44.655,0.0,1
64.6,0,1,7.46,4,-12.5,-26.17,2.851,0.0,1.217,6.72,0.2242,5.007,2.7578450469701466e-07,0
44.0,0,1,23.02,9,29.8,-27.29,8.38,0.0,1.427,7.9,0.2482,3.105,0.0009520313181169811,0
107.4,1,1,24.08,9,20.6,-41.47,6.336,0.0,1.071,6.37,0.2301,3.608,0.00015427104370203663,0
71.4,1,1,5.72,4,26.3,-31.65,5.994,0.0,1.026,7.11,0.2226,11.766,2.9073268127456185e-32,1
134.9,1,2,22.01,5,-6.4,-25.55,6.318,0.0,1.243,6.92,0.2382,16.063,2.309971248966639e-58,1
5.9,0,1,3.47,0,24.7,-8.6,0.0,0.0,1.653,6.8,0.2203,337.973,0.0,1
97.4,1,1,19.04,5,-9.5,-35.36,5.07,0.0,1.467,7.35,0.2224,6.786,5.760709161417925e-12,1
125.8,1,2,0.33,1,32.7,-17.88,0.796,0.0,1.031,6.17,0.2205,36.063,4.391157416030863e-285,1
93.8,1,1,10.17,1,-28.4,-34.67,1.231,2.975,1.205,6.75,0.2272,8.209,1.119756610939662e-16,1
34.7,0,1,6.18,0,10.2,-15.68,0.661,0.0,1.115,6.28,0.2252,60.828,0.0,1
42.0,0,1,17.6,1,-22.7,-19.7,0.45,0.998,1.164,6.55,0.2466,21.871,2.4486727596646054e-106,1
96.0,1,1,0.4,0,16.7,-29.35,0.0,0.0,1.238,6.82,0.2206,15.324,2.6287886557371926e-53,1
125.2,1,2,11.62,11,-6.4,-27.16,9.155,3.738,1.448,7.09,0.2336,14.517,4.6999261458056225e-48,1
36.0,0,1,17.42,0,26.6,-17.25,0.0,0.0,1.076,7.16,0.2353,44.35,0.0,1
34.7,0,1,1.17,1,26.7,-15.62,0.513,0.0,1.352,6.81,0.2204,52.87,0.0,1
13.1,0,1,22.44,4,-6.1,-13.44,1.7,0.0,1.48,6.79,0.2262,103.092,0.0,1
27.5,0,1,9.03,2,22.6,-14.3,0.929,0.0,1.073,6.47,0.2216,74.721,0.0,1
104.5,1,1,4.13,3,14.3,-34.02,1.705,0.0,1.014,6.41,0.2223,9.313,6.2233126141741975e-21,1
96.4,1,1,5.64,1,-2.3,-31.41,0.854,0.0,1.784,6.48,0.2223,11.619,1.6485585223859993e-31,1
126.5,1,2,8.47,3,-7.7,-21.48,2.221,0.0,1.13,7.0,0.2309,25.865,8.174073292218405e-148,1
116.9,1,2,4.96,1,-16.3,-21.42,1.362,4.071,1.573,6.38,0.2272,28.712,1.3437292027869982e-181,1
146.9,1,2,12.76,11,-25.9,-27.08,9.232,0.0,1.14,7.01,0.2321,13.245,2.4254453588901588e-40,1
106.3,1,1,15.82,3,3.6,-38.54,3.607,0.0,2.03,7.26,0.2355,4.595,2.161527194643423e-06,0
26.6,0,1,10.84,0,5.1,-13.15,0.0,0.0,1.371,7.4,0.2287,96.147,0.0,1
106.3,1,1,10.68,9,-1.1,-42.6,9.875,0.0,2.249,6.34,0.2218,2.992,0.0013859989604235279,0
22.2,0,1,19.54,2,31.8,-16.22,2.287,0.0,1.529,7.66,0.2451,54.498,0.0,1
147.0,1,2,7.53,11,-29.1,-29.44,9.684,3.919,1.154,6.77,0.221,11.896,6.221741754760991e-33,1
56.9,0,1,15.57,7,25.3,-30.42,8.875,0.0,1.023,7.45,0.2358,1.883,0.029839588265787656,0
61.2,0,1,22.32,7,22.1,-27.0,5.669,0.0,1.066,7.11,0.2256,3.338,0.0004221435350373013,0
141.4,1,2,5.54,0,19.3,-20.62,0.0,0.0,1.292,6.32,0.2265,27.983,1.3017688034776438e-172,1
169.2,1,2,15.5,14,4.1,-31.01,10.951,0.0,1.513,6.79,0.2351,8.923,2.263989697216733e-19,1
70.1,1,1,23.7,14,-17.6,-41.23,13.058,3.616,1.087,6.83,0.2291,3.291,0.0004999885311661618,0
51.0,0,1,13.24,4,26.1,-23.7,4.047,0.0,1.414,7.55,0.2354,6.83,4.246680231087536e-12,1
59.1,0,1,24.42,11,18.4,-32.9,11.111,0.0,1.851,7.99,0.2487,0.713,0.23806156337484946,0
158.6,1,2,7.75,14,24.1,-27.83,11.079,0.0,1.086,7.12,0.2258,11.071,8.627917218638811e-29,1
28.9,0,1,14.11,1,-14.7,-16.33,0.804,0.0,1.278,6.93,0.2319,54.517,0.0,1
27.5,0,1,7.78,0,6.0,-14.04,0.626,0.0,1.095,6.35,0.2212,80.74,0.0,1
76.8,1,1,0.09,0,-3.0,-24.66,0.0,0.0,1.226,6.67,0.2201,24.757,1.3154195352247942e-135,1
10.6,0,1,24.93,0,11.6,-11.04,0.559,0.0,1.46,6.47,0.2447,150.375,0.0,1
69.2,1,1,6.0,0,18.9,-24.85,0.544,0.0,2.764,7.25,0.2206,21.805,1.0337183855700033e-105,1
28.9,0,1,24.33,4,-18.7,-23.09,5.534,2.261,1.611,8.07,0.2335,9.084,5.2180201775214477e-20,1
71.8,1,1,16.33,5,-18.7,-33.09,6.739,0.0,1.044,6.43,0.2314,10.454,6.994141298841875e-26,1
116.9,1,2,22.6,7,-27.2,-22.26,4.931,0.0,1.053,7.08,0.2446,21.716,7.183618250377037e-105,1
56.4,0,1,24.18,6,-19.8,-29.93,7.111,0.0,1.558,8.04,0.2338,1.991,0.023239086788742883,0
26.6,0,1,14.2,0,-14.4,-15.83,1.649,0.0,1.031,7.48,0.24,58.997,0.0,1
88.9,1,1,24.99,4,-25.3,-36.15,3.997,0.676,1.702,7.14,0.2506,6.497,4.110482618414338e-11,0
146.9,1,2,19.18,14,-6.9,-31.42,14.153,1.697,1.836,8.33,0.2346,6.531,3.268925371054903e-11,0
148.1,1,2,13.1,11,13.9,-27.11,10.999,0.0,1.748,6.91,0.234,11.859,9.718331928893378e-33,1
136.4,1,2,16.37,12,21.5,-23.93,6.964,0.0,1.522,7.07,0.2276,17.493,8.160948066021018e-69,1
71.8,1,1,4.86,4,-7.5,-25.73,2.083,0.0,1.148,6.34,0.2237,21.966,3.030278995567918e-107,1
10.5,0,1,0.28,0,-24.6,-8.69,0.0,0.0,1.065,6.33,0.2207,297.351,0.0,1
23.1,0,1,6.42,0,19.4,-12.88,0.625,0.0,1.3,6.32,0.2227,114.43,0.0,1
5.4,0,1,10.87,0,-4.6,-9.12,0.0,0.0,2.241,6.84,0.2339,259.473,0.0,1
10.3,0,1,5.7,2,-13.7,-10.2,0.578,0.0,1.116,6.33,0.225,212.356,0.0,1
169.2,1,2,12.85,10,0.6,-28.92,7.999,0.0,1.038,7.5,0.2289,10.256,5.577272585794593e-25,1
123.7,1,2,16.45,4,33.0,-22.21,3.127,0.0,1.137,7.47,0.2278,21.833,5.602737199614534e-106,1
12.0,0,1,16.39,3,-5.8,-12.53,2.505,0.0,1.43,7.63,0.242,133.354,0.0,1
131.8,1,2,22.34,11,32.4,-25.99,9.921,0.0,1.268,7.54,0.2303,14.805,6.76681488085569e-50,1
123.5,1,2,24.16,20,-13.5,-30.28,18.626,0.0,1.325,7.21,0.2248,9.901,2.0611855656354818e-23,1
78.6,1,1,22.27,18,-23.1,-43.67,13.575,2.657,1.09,7.01,0.2234,2.509,0.006057099918917128,0
119.5,1,2,15.5,6,-19.8,-26.56,10.668,2.907,1.011,7.36,0.2404,14.006,7.188739333207542e-45,1
14.9,0,1,5.14,0,20.3,-10.77,0.0,0.0,1.761,6.32,0.2225,216.647,0.0,1
88.9,1,1,23.59,3,4.9,-36.92,4.816,0.0,1.106,7.73,0.2429,5.269,6.841088154971734e-08,0
88.9,1,1,4.37,4,7.8,-34.79,2.57,0.0,3.258,6.69,0.2265,8.801,6.751535047370756e-19,1
75.4,1,1,3.79,4,32.9,-28.67,2.774,0.0,1.462,7.0,0.2215,16.881,3.116530955647004e-64,1
30.1,0,1,7.94,4,2.8,-17.4,3.075,0.0,1.622,6.93,0.2275,32.308,2.681934561548606e-229,1
122.3,1,2,14.34,6,-22.4,-23.09,6.933,0.0,1.788,7.64,0.2322,20.083,5.205574494505672e-90,1
21.1,0,1,17.04,3,16.7,-18.61,3.447,0.0,3.276,7.61,0.2217,27.52,5.07927997833876e-167,1
113.4,1,2,0.33,0,-16.5,-16.92,0.0,0.0,1.409,6.25,0.2205,37.955,0.0,1
13.1,0,1,19.45,1,7.8,-11.86,0.331,0.0,1.589,7.29,0.2237,134.835,0.0,1
89.4,1,1,4.38,3,25.5,-31.06,2.658,0.0,1.202,6.55,0.2216,13.38,3.948459199618825e-41,1
152.9,1,2,7.41,3,1.0,-24.29,2.877,0.0,1.532,6.33,0.2296,19.203,1.7498317630444798e-82,1
108.9,1,1,8.05,10,-9.6,-42.57,9.276,0.0,1.004,7.27,0.2242,2.491,0.006368910697126485,0
36.9,0,1,8.31,3,7.4,-19.76,4.466,0.0,1.003,6.96,0.2203,21.557,2.2969058505799137e-103,1
95.8,1,1,19.01,10,-21.7,-40.4,6.979,0.0,1.196,6.34,0.2457,4.23,1.1694977790903355e-05,0
50.7,0,1,1.02,0,-10.0,-19.37,0.78,0.0,1.131,6.55,0.2216,22.696,2.456395692398986e-114,1
79.8,1,1,4.91,6,2.8,-31.36,4.994,0.0,1.168,7.0,0.224,11.857,9.847413644751892e-33,1
49.7,0,1,0.56,0,-13.5,-19.28,0.0,0.0,1.414,6.65,0.2206,26.906,9.276422734638534e-160,1
27.5,0,1,19.46,2,-27.4,-16.77,1.944,0.0,1.156,6.66,0.2443,38.687,0.0,1
23.5,0,1,24.59,1,8.0,-16.83,2.537,0.0,2.868,7.13,0.2236,43.47,0.0,1
55.1,0,1,16.49,2,-3.9,-26.35,3.888,0.0,2.391,7.61,0.2352,4.363,6.423637767909751e-06,0
70.1,1,1,14.75,2,-4.6,-29.07,2.724,0.0,2.442,7.22,0.2234,15.749,3.5143429002293963e-56,1
88.9,1,1,22.7,7,34.8,-38.69,6.489,0.0,1.269,6.65,0.2493,5.111,1.603629478650227e-07,0
90.9,1,1,6.37,3,-22.7,-33.33,2.648,0.0,2.16,6.5,0.2278,10.122,2.216258516960192e-24,1
148.3,1,2,1.66,5,-20.0,-22.11,2.498,0.0,1.018,6.7,0.2226,22.664,5.1247462527471065e-114,1
27.5,0,1,12.75,1,27.0,-15.8,1.115,0.0,1.332,7.41,0.2385,58.336,0.0,1
71.8,1,1,6.51,1,-21.5,-26.12,0.423,0.0,1.515,7.13,0.2282,22.184,2.439227824151069e-109,1
131.8,1,2,11.28,7,29.6,-25.68,9.624,0.0,1.323,6.33,0.2245,16.571,5.684780799676043e-62,1
65.1,1,1,11.41,10,13.7,-27.8,5.55,0.0,1.04,7.29,0.2306,16.058,2.520452060714721e-58,1
56.9,0,1,7.97,2,4.3,-23.6,1.398,0.0,1.509,6.37,0.2312,10.001,7.549008899915849e-24,1
12.0,0,1,12.16,1,-11.9,-14.99,1.199,2.905,1.488,7.24,0.2237,89.307,0.0,1
107.4,1,1,9.5,9,-6.6,-39.01,4.567,1.115,1.388,6.09,0.2229,4.339,7.1566442768088406e-06,0
90.9,1,1,2.83,2,23.7,-31.46,2.465,0.0,1.095,6.67,0.2232,12.298,4.6645331941256776e-35,1
78.6,1,1,21.67,15,-26.3,-42.2,13.789,0.0,1.326,8.26,0.241,2.535,0.005621307706432833,0
27.5,0,1,17.53,0,20.0,-14.43,0.0,0.0,1.386,7.04,0.2319,100.033,0.0,1
60.0,0,1,1.03,0,23.8,-21.46,0.0,0.0,1.111,6.68,0.2201,14.011,6.678125132923974e-45,1
32.8,0,1,2.89,2,15.9,-16.91,1.365,0.0,2.584,7.17,0.2233,43.227,0.0,1
33.5,0,1,2.41,0,-26.5,-14.14,0.0,0.0,1.0,6.88,0.2218,74.68,0.0,1
35.8,0,1,1.54,0,18.3,-16.39,0.379,0.0,1.153,6.87,0.2221,60.428,0.0,1
59.1,0,1,1.48,0,17.0,-21.36,0.0,0.0,1.817,6.21,0.2213,14.24,2.5896206160944037e-46,1
60.4,0,1,3.93,1,-29.1,-23.93,1.06,0.776,1.709,6.13,0.225,6.761,6.8567627270431554e-12,1
5.9,0,1,21.2,1,28.0,-8.55,0.543,0.0,1.204,7.61,0.2258,301.423,0.0,1
137.8,1,2,20.71,26,-21.4,-32.66,20.982,0.0,1.45,8.06,0.2414,6.025,8.47546141816563e-10,0
56.0,0,1,19.58,6,32.5,-28.49,5.913,0.0,1.728,7.16,0.2484,2.817,0.0024244194060017116,0
65.1,1,1,15.37,3,-25.4,-24.9,2.168,0.0,1.341,6.47,0.2257,24.172,2.1802867974963353e-129,1
19.5,0,1,18.09,0,-14.5,-13.17,0.0,0.0,1.695,6.64,0.2404,134.406,0.0,1
78.8,1,1,18.46,3,14.9,-31.46,3.657,0.0,1.392,7.35,0.2313,12.241,9.397690525959563e-35,1
113.2,1,2,22.23,19,-21.1,-27.49,18.4,0.0,1.498,6.97,0.2238,12.297,4.6746149863578163e-35,1
147.0,1,2,18.31,5,-18.0,-27.08,3.736,3.911,1.207,7.47,0.2449,12.569,1.5575650339534403e-36,1
97.4,1,1,18.41,9,-29.3,-41.24,7.111,0.0,1.2,7.25,0.2326,3.209,0.0006649127037988182,0
113.2,1,2,20.1,9,23.7,-24.98,10.606,0.0,1.288,7.5,0.2305,16.555,7.409548912212208e-62,1
12.0,0,1,13.91,1,-27.6,-9.67,0.987,0.0,1.427,7.22,0.2371,217.684,0.0,1
16.3,0,1,5.33,0,11.1,-11.65,0.579,0.0,1.424,6.94,0.2201,156.142,0.0,1
63.5,0,1,2.11,2,7.8,-23.7,0.884,0.0,1.057,6.97,0.2219,7.752,4.520555536319308e-15,1
108.9,1,1,10.48,8,3.2,-42.83,6.533,0.0,1.369,6.96,0.2208,2.948,0.0015969438742283709,0
61.9,0,1,2.29,1,-5.6,-22.85,0.627,0.0,1.316,6.18,0.2234,10.065,3.955481882785777e-24,1
187.7,1,2,4.23,2,-10.5,-28.88,2.661,1.933,1.043,6.18,0.2259,11.875,8.020453964587951e-33,1
86.6,1,1,0.6,1,32.2,-28.11,0.627,0.0,1.156,6.62,0.2206,18.46,2.1630433072346283e-76,1
78.5,1,1,7.51,1,21.0,-27.86,1.029,0.0,1.462,6.77,0.2259,17.95,2.381766955417061e-72,1
78.8,1,1,24.25,3,30.0,-30.37,1.423,0.0,1.544,7.75,0.2484,11.315,5.52347490221865e-30,1
32.8,0,1,9.47,1,17.7,-16.51,0.907,0.0,1.264,6.86,0.23,56.233,0.0,1
42.6,0,1,6.02,0,23.9,-15.75,0.0,0.0,1.056,6.8,0.2239,43.232,0.0,1
159.0,1,2,10.09,9,32.7,-27.25,8.956,0.0,1.042,7.1,0.2224,12.818,6.489751092952783e-38,1
102.0,1,1,7.53,8,-0.5,-37.71,4.11,0.0,1.083,6.83,0.2295,5.692,6.269707322920846e-09,0
112.3,1,2,16.85,10,28.9,-23.16,8.2,0.0,1.606,6.84,0.2375,19.904,1.893604255393384e-88,1
46.6,0,1,15.86,2,-27.2,-19.52,1.378,0.633,1.101,7.28,0.228,21.933,6.255129299405551e-107,1
39.4,0,1,0.68,0,-23.0,-20.04,0.0,4.163,1.038,6.47,0.2209,20.048,1.0507538269212073e-89,1
42.0,0,1,12.78,3,1.9,-20.91,3.061,0.0,1.587,6.77,0.234,16.254,1.0423168976644207e-59,1
56.4,0,1,0.9,0,-0.5,-20.11,0.387,0.0,1.346,6.18,0.2209,17.134,4.161469582784554e-66,1
22.8,0,1,16.93,2,-1.5,-15.56,1.724,0.0,1.741,7.05,0.2434,58.321,0.0,1
34.6,0,1,23.4,0,4.9,-16.51,0.976,0.0,1.577,7.32,0.221,53.471,0.0,1
83.2,1,1,22.69,12,5.0,-40.2,11.315,0.0,1.117,6.65,0.2414,4.266,9.945287930914795e-06,0
148.3,1,2,5.14,5,26.6,-25.05,5.459,0.0,1.41,7.31,0.223,16.615,2.69539906787685e-62,1
152.9,1,2,18.57,14,-7.5,-31.05,13.765,0.0,1.151,7.95,0.2282,7.497,3.26697498418773e-14,1
45.4,0,1,19.83,1,-9.4,-20.64,0.987,0.0,1.195,7.18,0.247,16.597,3.689451514043372e-62,1
123.5,1,2,21.61,12,15.6,-24.96,9.527,0.0,1.951,8.05,0.2339,14.415,2.0675923424086557e-47,1
115.3,1,2,6.49,1,12.2,-19.13,0.233,0.0,1.344,6.69,0.2241,34.353,6.436839168640731e-259,1
169.2,1,2,11.27,13,23.9,-30.54,12.362,0.0,1.089,6.97,0.2247,8.999,1.1373650742531437e-19,1
113.4,1,2,5.54,3,-9.9,-19.99,2.086,2.315,1.512,7.07,0.2264,27.833,8.65316922444194e-171,1
86.6,1,1,0.61,0,-29.6,-27.33,0.0,0.0,1.647,6.53,0.221,19.213,1.4338427338554447e-82,1
17.9,0,1,16.48,3,31.4,-16.13,3.188,0.0,1.92,6.57,0.2297,50.727,0.0,1
102.0,1,1,10.79,6,-27.1,-41.44,3.867,4.015,1.181,6.8,0.2317,3.412,0.00032196767026983935,0
87.1,1,1,6.2,0,14.2,-29.12,0.0,0.0,1.679,6.43,0.2258,16.147,5.985188771855155e-59,1
23.5,0,1,21.18,4,-9.1,-17.9,3.119,0.0,2.465,7.68,0.2518,34.199,1.2706238474267866e-256,1
7.1,0,1,12.39,0,-2.5,-9.35,0.616,0.0,2.33,7.3,0.2258,224.662,0.0,1
23.5,0,1,24.87,3,24.5,-16.65,2.347,0.0,1.078,7.74,0.2548,48.071,0.0,1
17.9,0,1,19.83,1,-2.7,-12.29,0.221,0.0,1.35,7.93,0.235,140.788,0.0,1
34.7,0,1,21.73,0,-20.6,-16.4,0.301,1.067,1.488,6.96,0.2213,43.567,0.0,1
6.0,0,1,19.33,0,19.0,-10.08,0.331,0.0,1.372,7.69,0.2408,255.962,0.0,1
56.6,0,1,2.65,0,-28.7,-20.72,0.0,0.0,1.003,6.54,0.2221,18.799,3.849127728805766e-79,1
10.5,0,1,1.63,0,-12.1,-8.71,0.0,0.0,2.235,6.31,0.2224,226.895,0.0,1
32.8,0,1,22.88,3,5.0,-18.1,2.031,0.0,1.416,8.31,0.2341,28.917,3.701845388258896e-184,1
91.0,1,1,3.45,2,-1.5,-29.45,1.24,0.0,1.187,6.6,0.2206,14.823,5.21116399754442e-50,1
169.8,1,2,9.78,11,10.3,-29.9,10.55,0.0,1.031,6.46,0.2299,10.681,6.258488539507273e-27,1
61.9,0,1,15.25,1,-5.2,-23.13,1.335,0.0,1.814,7.16,0.2279,8.373,2.8014618819026764e-17,1
22.8,0,1,5.3,0,-4.6,-12.15,0.0,0.0,1.33,6.86,0.225,120.43,0.0,1
108.9,1,1,5.63,0,-7.3,-36.97,0.0,3.412,1.096,6.3,0.2226,6.66,1.3668514785286364e-11,0
46.1,0,1,11.66,4,27.7,-22.04,3.315,0.0,1.017,6.44,0.2259,13.287,1.3791050938674464e-40,1
152.9,1,2,9.02,5,-28.9,-24.22,4.395,0.0,1.29,6.64,0.2277,17.969,1.7160244612762782e-72,1
42.0,0,1,16.91,4,31.1,-21.83,4.586,0.0,1.003,6.66,0.233,13.519,6.040082494010344e-42,1
46.9,0,1,1.88,0,-6.7,-19.39,0.0,0.0,1.021,6.54,0.2229,29.035,1.1805299540373495e-185,1
34.9,0,1,12.22,0,-6.3,-16.99,0.688,0.0,1.676,7.42,0.23,44.544,0.0,1
198.3,1,2,4.36,8,17.2,-30.62,5.012,0.0,1.081,6.92,0.2239,10.298,3.606540615543577e-25,1
97.4,1,1,15.17,4,-4.8,-35.74,2.975,0.0,1.125,6.8,0.2396,7.107,5.930155624823662e-13,1
67.2,1,1,2.91,0,10.1,-23.75,1.35,0.0,1.013,7.03,0.22,26.917,6.898087824229323e-160,1
34.5,0,1,4.94,0,28.7,-14.78,0.0,0.0,1.039,6.99,0.227,61.952,0.0,1
34.6,0,1,20.1,1,25.0,-18.91,2.347,0.0,1.396,6.52,0.2301,26.966,1.8539195892999784e-160,1
43.9,0,1,5.88,0,3.5,-17.98,0.0,0.0,1.06,6.35,0.2273,39.661,0.0,1
95.8,1,1,18.43,12,16.6,-44.61,11.611,0.0,1.962,7.32,0.2364,1.998,0.022864488222575436,0
12.3,0,1,6.83,1,-4.5,-9.78,1.017,0.0,1.301,6.3,0.2288,216.434,0.0,1
108.9,1,1,5.88,5,20.4,-37.91,4.327,0.0,1.688,7.15,0.2234,4.538,2.844373733297365e-06,0
136.4,1,2,7.48,6,-18.9,-23.92,5.792,0.0,1.106,6.34,0.23,20.767,4.32870728099589e-96,1
78.6,1,1,22.02,7,-27.0,-34.51,6.425,0.0,1.253,6.92,0.2513,7.803,3.015520019503644e-15,1
36.9,0,1,9.93,1,5.1,-17.48,1.455,0.0,1.038,6.66,0.2244,38.155,0.0,1
20.4,0,1,6.09,0,-16.0,-12.8,0.0,0.0,1.249,6.63,0.226,130.098,0.0,1
46.1,0,1,13.42,1,17.4,-21.27,2.098,0.0,1.45,6.5,0.2242,15.091,9.315907488720618e-52,1
57.0,0,1,9.64,3,-23.4,-25.43,3.695,0.0,1.704,6.49,0.23,5.268,6.893791602150055e-08,0
42.6,0,1,19.75,5,-29.4,-22.84,3.353,0.0,1.326,8.21,0.2481,9.495,1.0957969096174553e-21,1
115.3,1,2,24.76,9,13.9,-24.36,9.376,0.0,1.085,7.09,0.2441,17.909,4.975607466090645e-72,1
11.4,0,1,13.16,1,2.6,-11.31,1.298,0.0,1.912,7.59,0.2345,131.192,0.0,1
145.8,1,2,11.29,2,31.9,-23.76,4.076,0.0,1.614,6.51,0.2349,19.463,1.1295681237464646e-84,1
36.9,0,1,8.58,3,-13.9,-19.23,2.308,0.0,1.038,6.54,0.229,30.128,1.0503962333266373e-199,1
159.3,1,2,24.33,11,-22.0,-29.42,10.318,0.0,1.272,7.09,0.2296,10.968,2.7317908703233455e-28,1
46.3,0,1,12.08,3,-28.5,-19.75,1.653,0.0,1.004,7.28,0.2326,18.785,5.042521050767455e-79,1
125.2,1,2,4.45,4,-1.1,-22.57,5.194,0.0,1.341,6.64,0.2262,25.659,1.68823477669463e-145,1
17.6,0,1,24.23,1,-23.4,-16.21,0.543,2.745,1.838,8.1,0.2468,56.847,0.0,1
180.4,1,2,24.02,5,20.4,-29.61,6.494,0.0,1.432,7.84,0.2297,9.092,4.844381710312098e-20,1
187.7,1,2,10.89,9,-25.3,-32.04,7.341,0.0,1.329,7.02,0.2352,7.863,1.882548111159549e-15,1
180.4,1,2,8.7,14,29.8,-34.08,13.993,0.0,1.615,6.16,0.2321,6.698,1.056783515165935e-11,0
108.9,1,1,17.01,9,5.2,-44.99,10.138,0.0,1.682,7.01,0.226,2.003,0.02259537626425766,0
135.8,1,2,20.72,10,15.3,-29.24,11.799,0.0,2.239,7.0,0.2314,10.483,5.162163247511599e-26,1
152.9,1,2,12.46,13,-21.5,-26.48,7.917,0.0,2.41,6.24,0.2225,14.239,2.6149182157718516e-46,1
12.3,0,1,8.27,1,-24.2,-9.97,0.6,0.0,1.123,6.78,0.232,217.86,0.0,1
11.2,0,1,7.53,0,-7.0,-10.18,0.0,0.0,1.247,6.62,0.2267,272.198,0.0,1
148.1,1,2,8.16,6,3.8,-25.15,5.377,0.0,1.427,6.34,0.224,18.238,1.2905453006847672e-74,1
8.1,0,1,2.95,0,7.4,-9.35,0.0,0.0,1.599,6.55,0.2212,272.653,0.0,1
79.5,1,1,19.47,11,-8.6,-38.11,9.062,0.0,1.065,6.61,0.2367,5.533,1.573732007180928e-08,0
181.8,1,2,2.62,5,-12.3,-27.26,2.706,0.0,1.178,6.47,0.2241,14.327,7.423749894897792e-47,1
68.5,1,1,9.96,3,33.8,-26.6,2.044,0.0,1.118,6.9,0.2269,19.827,8.694788601284063e-88,1
33.4,0,1,20.87,3,-12.3,-20.63,3.518,0.0,1.286,7.99,0.251,17.364,7.69349431371599e-68,1
34.5,0,1,10.1,2,-21.0,-16.08,2.201,0.0,1.019,6.5,0.2317,43.996,0.0,1
125.5,1,2,7.37,4,-6.6,-21.18,2.683,0.0,1.467,7.04,0.2279,26.925,5.6469639062381585e-160,1
135.5,1,2,23.71,20,-10.2,-27.32,17.14,0.0,1.056,8.58,0.2257,10.352,2.0393240836186548e-25,1
125.8,1,2,3.16,3,-2.6,-20.39,2.478,0.0,1.062,7.0,0.221,27.566,1.4205181819337262e-167,1
81.4,1,1,22.12,2,10.5,-32.22,2.597,0.0,1.339,7.62,0.2445,9.241,1.2267165450984658e-20,1
72.7,1,1,1.55,1,9.2,-25.12,0.777,0.0,1.345,6.38,0.2204,25.016,2.053924071392516e-138,1
131.1,1,2,10.34,10,15.4,-25.4,8.655,0.0,1.994,6.67,0.2285,17.912,4.783265747395471e-72,1
16.5,0,1,15.79,0,-19.8,-12.01,0.318,0.0,1.045,7.19,0.2325,139.11,0.0,1
65.1,1,1,9.25,3,-27.0,-25.39,2.023,0.0,1.422,6.49,0.2306,22.195,1.9317443346250778e-109,1
81.1,1,1,13.37,2,21.4,-29.55,1.196,0.0,1.115,7.51,0.231,14.877,2.3320105624409916e-50,1
44.0,0,1,5.1,0,-15.9,-18.17,0.0,0.0,1.296,7.0,0.222,35.217,5.4269283871777636e-272,1
169.8,1,2,14.23,13,-9.5,-29.83,9.501,0.0,1.492,6.87,0.2369,9.396,2.84416880790555e-21,1
33.5,0,1,3.36,1,-0.4,-16.3,1.031,0.0,1.431,6.56,0.224,44.449,0.0,1
113.2,1,2,19.9,12,16.6,-22.86,10.583,0.0,1.51,8.01,0.2212,19.098,1.3207945194056503e-81,1
113.4,1,2,14.59,2,-19.4,-20.55,2.503,0.0,1.461,6.43,0.2323,28.895,6.804280138702533e-184,1
148.1,1,2,12.05,14,28.7,-29.17,16.223,0.0,1.158,6.82,0.2215,11.357,3.4220109895864274e-30,1
20.4,0,1,1.37,0,-9.1,-11.51,0.0,0.0,1.201,6.76,0.2204,157.157,0.0,1
23.2,0,1,12.49,2,33.9,-14.74,1.246,0.0,1.283,7.0,0.2211,82.717,0.0,1
23.1,0,1,14.09,0,-11.4,-14.67,0.0,1.995,1.022,7.37,0.2363,66.703,0.0,1
71.8,1,1,6.64,0,17.2,-24.45,0.0,0.0,1.592,6.49,0.2257,25.065,5.935644069753062e-139,1
79.5,1,1,16.94,3,-5.5,-33.53,2.967,2.715,1.453,7.36,0.233,8.509,8.80549284999091e-18,1
104.5,1,1,1.92,1,24.4,-34.16,0.738,0.0,1.856,7.01,0.2206,7.806,2.9578864077686496e-15,1
90.9,1,1,5.22,2,0.1,-31.87,1.613,0.0,1.246,6.68,0.2202,12.738,1.8191880551828263e-37,1
78.5,1,1,18.44,7,26.6,-32.19,5.319,0.0,1.598,7.71,0.2262,9.517,8.900700139400265e-22,1
59.1,0,1,3.68,2,19.0,-22.52,1.156,0.0,1.388,6.55,0.2218,10.308,3.2382767349918473e-25,1
145.8,1,2,6.14,6,8.1,-26.33,8.83,0.0,2.384,6.68,0.228,13.442,1.7232013109878676e-41,1
125.2,1,2,16.27,12,-13.8,-24.32,10.089,0.0,1.052,7.73,0.2239,16.727,4.156551276168574e-63,1
158.6,1,2,18.22,19,-13.1,-34.33,20.949,0.856,1.26,7.37,0.226,5.203,9.78629776528063e-08,0
112.3,1,2,1.29,0,34.4,-17.25,0.0,0.0,1.209,6.55,0.2203,38.486,0.0,1
56.4,0,1,3.16,1,30.2,-20.78,0.953,0.0,1.02,7.0,0.2237,14.103,1.8085908563079925e-45,1
42.0,0,1,11.15,2,-21.0,-18.45,0.723,0.0,1.288,6.96,0.2228,34.613,8.123326503355269e-263,1
9.4,0,1,14.82,0,-16.7,-12.25,0.0,1.758,1.759,6.67,0.2226,140.905,0.0,1
60.0,0,1,11.34,1,-23.1,-23.31,1.455,0.0,1.077,7.1,0.2291,8.464,1.2912214915277286e-17,1
78.6,1,1,16.18,5,-16.9,-36.43,3.86,4.714,1.074,7.35,0.2326,5.863,2.268197063482972e-09,0
126.5,1,2,18.9,19,-11.1,-25.84,14.156,0.0,1.109,7.1,0.2328,14.328,7.298052416827831e-47,1
63.5,0,1,23.74,5,24.4,-33.42,6.646,0.0,1.141,7.33,0.2504,0.995,0.1598339748288619,0
27.5,0,1,8.75,0,-23.8,-13.39,0.432,0.0,1.035,7.05,0.2278,88.604,0.0,1
96.4,1,1,4.08,5,27.3,-33.54,3.904,0.0,1.284,6.88,0.2201,8.674,2.0823332040501138e-18,1
29.1,0,1,6.6,0,33.2,-14.0,0.0,0.0,1.356,6.86,0.2231,81.459,0.0,1
14.1,0,1,3.7,0,-11.7,-10.3,0.0,0.0,1.437,6.4,0.2245,207.827,0.0,1
91.3,1,1,9.86,3,-0.3,-32.81,3.445,0.0,1.379,7.1,0.2221,10.047,4.737414591251583e-24,1
96.0,1,1,21.81,8,4.4,-40.32,8.444,0.0,1.361,6.61,0.2477,3.519,0.00021663057610332376,0
60.0,0,1,8.68,2,-16.6,-24.61,1.105,0.0,2.333,7.1,0.227,7.453,4.56255051397465e-14,1
22.2,0,1,3.72,0,17.6,-11.7,0.0,0.0,1.525,6.89,0.2218,137.161,0.0,1
55.1,0,1,13.07,2,7.7,-22.14,1.375,0.0,2.248,7.63,0.2243,9.954,1.2130613494888367e-23,1
75.4,1,1,24.8,6,-22.7,-30.72,4.359,0.0,1.016,6.24,0.2324,12.821,6.255086495229234e-38,1
134.9,1,2,4.7,4,28.2,-21.34,3.035,0.0,1.491,6.42,0.2204,25.736,2.323208696448003e-146,1
159.3,1,2,19.45,11,-10.4,-28.07,8.652,0.0,1.027,7.81,0.2365,10.291,3.850254021574949e-25,1
60.0,0,1,20.58,4,-19.8,-26.99,3.832,0.0,1.548,8.39,0.2283,3.127,0.000883061802598476,0
58.1,0,1,10.03,6,33.8,-28.45,6.764,0.0,1.095,6.56,0.2332,2.467,0.006812009280413793,0
83.5,1,1,15.49,6,-23.3,-33.12,5.949,0.0,1.212,6.45,0.2238,10.366,1.778671616709359e-25,1
56.9,0,1,10.81,5,-26.1,-27.26,5.025,0.0,1.426,6.99,0.228,4.614,1.9768155003150803e-06,0
23.2,0,1,6.56,0,-14.6,-11.52,0.0,0.0,1.07,7.07,0.2274,141.77,0.0,1
24.4,0,1,10.65,2,-9.2,-15.83,3.348,0.0,1.096,6.47,0.2322,55.196,0.0,1
81.1,1,1,2.38,2,-1.8,-27.01,0.662,0.0,1.318,6.99,0.2208,18.684,3.330067885700555e-78,1
36.0,0,1,17.67,2,14.5,-18.54,1.026,0.0,1.683,7.58,0.2452,26.966,1.8418104050171282e-160,1
12.1,0,1,20.73,2,-6.2,-13.22,2.283,0.0,1.64,7.05,0.2496,95.199,0.0,1
135.8,1,2,7.68,1,6.4,-21.62,0.766,0.0,1.26,6.79,0.2248,24.457,2.1288891005185715e-132,1
23.5,0,1,14.16,4,-29.6,-17.19,2.895,1.311,1.085,8.01,0.2303,40.85,0.0,1
125.8,1,2,5.8,9,-5.0,-22.62,6.729,0.0,2.042,6.4,0.223,22.005,1.2885464061688756e-107,1
125.8,1,2,3.19,3,31.4,-20.28,2.676,0.0,1.466,6.39,0.2219,31.409,7.675787133106264e-217,1
187.7,1,2,16.59,17,20.4,-35.9,15.444,0.0,1.772,7.68,0.2397,4.05,2.5635917583339366e-05,0
60.0,0,1,3.35,0,18.2,-22.25,0.0,0.0,1.799,6.69,0.2226,10.726,3.835313935086279e-27,1
69.2,1,1,19.55,5,-10.2,-29.8,3.109,0.0,1.109,6.83,0.2464,14.269,1.7163198875853499e-46,1
45.5,0,1,6.79,5,1.7,-23.96,5.316,0.0,1.15,6.99,0.2242,8.683,1.9288133547626832e-18,1
46.9,0,1,20.46,5,24.9,-28.16,7.263,0.0,1.113,8.16,0.2413,3.44,0.00029038252192420253,0
103.0,1,1,9.21,4,27.2,-37.2,3.215,0.0,1.181,6.92,0.2301,6.412,7.189086260241527e-11,0
152.9,1,2,9.22,3,16.2,-23.21,3.085,0.0,1.461,6.46,0.2246,21.194,5.41499298890981e-100,1
36.6,0,1,18.76,3,-0.3,-20.39,2.621,0.0,1.153,7.17,0.2457,18.728,1.4572656940745967e-78,1
71.8,1,1,12.76,2,-25.2,-27.09,1.268,0.0,1.294,7.13,0.2302,18.714,1.9092227357229222e-78,1
125.2,1,2,5.02,2,-22.2,-22.08,2.961,2.005,1.529,6.86,0.2243,25.195,2.283899852136683e-140,1
65.4,1,1,21.26,3,-30.0,-28.7,4.71,0.0,1.088,7.28,0.2222,15.458,3.3204450535595874e-54,1
141.4,1,2,8.5,8,-6.7,-27.13,7.424,0.0,3.216,7.05,0.231,13.495,8.365402683803431e-42,1
10.3,0,1,2.57,0,-28.5,-10.58,0.0,1.938,1.214,6.49,0.2229,189.6,0.0,1
52.5,0,1,10.4,5,-1.7,-25.04,4.531,0.0,1.21,7.45,0.2236,7.918,1.2110797575349e-15,1
23.5,0,1,14.35,1,8.8,-14.13,1.523,0.0,1.28,7.47,0.2268,80.71,0.0,1
30.1,0,1,15.25,0,8.7,-14.84,0.559,0.0,1.036,7.57,0.2284,67.622,0.0,1
21.5,0,1,20.89,3,6.1,-14.74,1.728,0.0,1.481,7.84,0.2461,83.362,0.0,1
98.6,1,1,13.54,2,-15.3,-37.75,3.863,0.0,1.552,6.72,0.2367,5.654,7.85156851543475e-09,0
44.0,0,1,5.59,2,3.7,-21.78,3.316,0.0,2.461,6.76,0.2245,12.402,1.280276973423347e-35,1
10.3,0,1,6.54,0,33.7,-9.94,0.0,0.0,1.067,6.95,0.2277,245.291,0.0,1
23.5,0,1,2.52,1,-1.1,-12.3,0.222,0.0,1.155,6.91,0.2222,118.04,0.0,1
26.6,0,1,18.4,3,26.8,-18.33,2.673,0.0,1.449,7.43,0.2241,36.391,2.958884674332937e-290,1
63.5,0,1,2.65,0,-5.2,-23.58,1.657,0.0,1.981,6.81,0.221,7.36,9.217760530214983e-14,1
6.0,0,1,15.15,1,10.5,-9.13,0.45,0.0,1.074,7.67,0.2274,294.174,0.0,1
8.1,0,1,14.92,0,1.3,-10.19,0.447,0.0,1.524,6.61,0.2251,190.91,0.0,1
52.0,0,1,19.64,3,14.8,-23.09,1.782,0.0,1.294,8.34,0.2465,9.617,3.3979636413287812e-22,1
26.6,0,1,1.87,0,28.3,-12.7,0.0,0.0,1.007,6.61,0.2205,116.771,0.0,1
103.0,1,1,5.07,0,-1.3,-33.62,0.323,0.0,1.546,6.39,0.2208,10.178,1.24520648082772e-24,1
134.9,1,2,22.74,23,19.2,-32.17,17.852,0.0,1.203,6.89,0.2485,7.785,3.4807878906876137e-15,1
135.5,1,2,14.31,6,27.4,-24.75,7.511,0.0,1.274,7.18,0.223,17.496,7.63021271588098e-69,1
63.5,0,1,11.44,4,21.3,-23.63,2.18,0.0,1.177,6.54,0.2201,7.79,3.3599273763192884e-15,1
113.2,1,2,18.69,13,-28.4,-25.53,11.002,0.0,1.487,7.23,0.2396,15.911,2.678344982577837e-57,1
19.5,0,1,22.56,5,-30.0,-16.02,2.51,0.0,1.169,7.29,0.2257,60.904,0.0,1
67.2,1,1,6.58,8,27.4,-28.66,4.656,0.0,1.386,6.97,0.2239,16.384,1.2525319417919792e-60,1
51.0,0,1,22.54,1,17.4,-19.9,1.111,0.0,1.036,6.6,0.231,17.258,4.899529089912262e-67,1
22.2,0,1,2.72,0,32.3,-11.16,0.0,0.0,1.087,7.09,0.2239,154.773,0.0,1
5.9,0,1,24.44,0,-11.0,-9.9,0.599,0.0,1.339,8.48,0.2238,232.927,0.0,1
88.9,1,1,4.12,1,21.2,-29.1,0.904,0.0,1.148,6.69,0.2204,15.708,6.645791341973426e-56,1
96.0,1,1,6.66,2,22.1,-32.69,3.102,0.0,1.031,7.05,0.2278,9.679,1.8534718298233136e-22,1
78.8,1,1,2.41,1,25.7,-28.29,0.686,0.0,3.127,6.89,0.2212,17.383,5.567004898672855e-68,1
42.0,0,1,20.09,5,15.0,-23.43,4.492,0.0,1.244,7.34,0.237,9.315,6.118532706586625e-21,1
42.6,0,1,24.61,9,-21.0,-28.38,8.21,1.066,1.069,6.47,0.2208,3.119,0.0009066165731681712,0
76.0,1,1,7.42,2,14.3,-30.45,3.194,0.0,1.897,6.57,0.231,14.338,6.34075832712712e-47,1
198.3,1,2,8.14,6,9.3,-30.08,4.997,0.0,1.672,6.89,0.228,8.404,2.148729389871529e-17,1
68.3,1,1,6.97,3,-8.3,-34.25,6.059,3.998,1.914,6.54,0.227,8.745,1.1138972995612646e-18,1
22.5,0,1,3.87,0,-16.4,-12.68,0.0,0.0,2.126,7.12,0.2247,110.676,0.0,1
93.8,1,1,19.69,6,27.5,-41.43,8.471,0.0,1.564,7.7,0.2307,3.11,0.0009356482490841053,0
22.2,0,1,1.52,0,-20.8,-12.13,0.0,0.0,1.486,6.35,0.2213,142.399,0.0,1
107.4,1,1,24.19,7,-2.6,-39.72,5.721,0.0,2.042,8.18,0.2359,3.241,0.0005957817799928145,0
27.5,0,1,23.18,4,10.5,-20.49,6.038,0.0,1.029,7.73,0.2476,20.632,7.04025942062991e-95,1
70.1,1,1,2.96,0,33.2,-24.75,0.0,0.0,2.031,6.27,0.2204,25.868,7.594481487353349e-148,1
61.9,0,1,13.24,5,13.6,-28.71,7.231,0.0,1.632,6.89,0.2257,2.126,0.016767781556960366,0
38.4,0,1,24.82,6,-10.2,-24.37,4.292,3.128,1.184,7.8,0.2493,8.346,3.52601134855511e-17,1
50.5,0,1,21.32,5,-26.1,-24.39,5.393,0.0,1.071,6.93,0.2227,7.722,5.7460816617891414e-15,1
42.6,0,1,17.88,6,-9.3,-21.35,2.26,0.0,1.706,7.03,0.2456,16.123,8.769701329376895e-59,1
39.4,0,1,0.56,1,-11.0,-16.25,0.171,0.0,1.435,6.78,0.2207,48.577,0.0,1
21.1,0,1,1.71,0,23.2,-12.27,0.0,0.0,1.753,6.51,0.2203,125.414,0.0,1
23.2,0,1,19.85,3,-5.5,-15.38,2.876,0.0,1.465,8.03,0.226,54.184,0.0,1
164.9,1,2,9.41,9,-23.6,-27.48,8.431,0.0,1.204,6.31,0.2234,13.408,2.71956179651505e-41,1
78.8,1,1,16.71,8,26.5,-38.13,10.045,0.0,1.143,7.48,0.2247,5.209,9.501767075872105e-08,0
108.6,1,1,18.48,15,-28.8,-53.62,13.804,4.587,1.144,6.38,0.235,0.628,0.26487409361484837,0
96.4,1,1,10.55,3,-29.8,-38.41,2.483,3.864,1.47,6.2,0.2334,5.502,1.8816984690204166e-08,0
78.8,1,1,3.58,0,0.9,-27.1,0.544,0.0,1.353,7.06,0.2209,18.156,5.706453379462572e-74,1
93.8,1,1,9.67,3,-25.5,-33.47,3.522,0.0,1.009,6.52,0.2212,8.89,3.0644341334915304e-19,1
61.9,0,1,21.78,8,-18.5,-28.22,5.773,0.0,1.064,7.47,0.2215,2.857,0.002136437145634375,0
16.3,0,1,8.28,2,34.0,-13.85,2.741,0.0,1.139,6.19,0.2216,96.522,0.0,1
135.2,1,2,1.57,1,24.9,-19.65,0.323,0.0,1.375,6.95,0.2205,29.801,1.8713298409304635e-195,1
13.1,0,1,23.98,2,19.7,-13.1,1.079,0.0,1.389,8.54,0.2347,106.444,0.0,1
23.4,0,1,17.02,0,13.6,-13.92,1.89,0.0,1.123,6.94,0.2389,79.365,0.0,1
5.9,0,1,13.52,1,-26.9,-11.45,1.183,0.0,1.646,7.0,0.221,199.451,0.0,1
72.7,1,1,20.73,17,24.3,-37.44,12.495,0.0,1.023,6.91,0.2288,5.689,6.391953672591192e-09,0
30.1,0,1,10.28,0,0.6,-17.54,0.0,0.0,3.61,7.68,0.2204,44.844,0.0,1
17.9,0,1,24.63,0,-23.6,-15.43,0.702,3.337,1.155,7.84,0.2571,64.763,0.0,1
7.1,0,1,21.44,1,-10.5,-14.26,0.748,4.742,1.174,7.64,0.2425,84.778,0.0,1
81.1,1,1,7.01,4,2.6,-29.75,3.306,0.0,1.318,6.83,0.2221,13.405,2.835161052306561e-41,1
35.8,0,1,9.28,1,-29.1,-20.0,0.752,3.3,1.385,7.35,0.222,19.487,7.047489431309052e-85,1
180.4,1,2,6.89,5,-13.6,-30.35,7.169,2.091,1.679,6.41,0.2232,9.278,8.648842510550829e-21,1
148.1,1,2,16.48,18,-8.2,-29.42,12.792,0.0,1.071,8.21,0.2384,8.628,3.134886867268878e-18,1
145.8,1,2,15.98,6,0.1,-28.0,6.116,0.0,1.884,7.4,0.2439,12.616,8.635842468833565e-37,1
24.4,0,1,13.06,0,-29.9,-18.58,0.677,4.505,1.374,7.67,0.2258,27.338,7.399618471087317e-165,1
158.9,1,2,24.15,13,6.8,-30.5,11.331,0.0,2.099,6.24,0.2494,9.487,1.1883536548172786e-21,1
57.0,0,1,11.81,2,-17.2,-22.94,2.048,0.0,1.413,7.13,0.2351,7.86,1.9267502630058282e-15,1
50.5,0,1,19.59,7,8.8,-25.14,4.612,0.0,1.03,6.39,0.2399,5.712,5.572849129507662e-09,0
34.7,0,1,16.45,3,-14.5,-26.48,5.008,4.628,2.435,6.83,0.233,5.003,2.820381317607329e-07,0
52.3,0,1,12.95,1,-3.8,-23.04,3.692,0.0,1.034,6.88,0.2381,7.597,1.5180873224836477e-14,1
113.4,1,2,1.05,0,10.5,-17.4,0.0,0.0,1.027,6.59,0.221,37.336,2.161615405066798e-305,1
100.3,1,1,16.44,7,12.7,-41.64,7.815,0.0,1.112,7.11,0.2328,3.488,0.00024297108493190526,0
50.7,0,1,16.06,2,-28.0,-22.83,1.407,0.0,1.196,6.96,0.2353,9.792,6.081414339998303e-23,1
32.5,0,1,3.12,2,4.8,-16.68,1.88,0.0,1.626,6.24,0.2236,50.522,0.0,1
169.8,1,2,19.9,22,23.1,-35.29,21.021,0.0,1.388,7.19,0.2239,4.126,1.8428684511780066e-05,0
50.5,0,1,11.67,4,-16.6,-25.81,2.222,3.639,1.299,6.86,0.2349,5.169,1.1788637445504994e-07,0
5.9,0,1,8.1,0,4.6,-7.71,0.0,0.0,1.113,6.9,0.2303,332.55,0.0,1
69.2,1,1,20.6,7,-0.9,-31.44,5.016,0.0,1.024,8.16,0.2309,11.177,2.6432188993891025e-29,1
60.4,0,1,8.58,3,25.2,-23.91,2.636,0.0,1.05,6.47,0.2208,8.267,6.86072144658908e-17,1
23.1,0,1,15.55,3,-1.5,-15.66,3.288,0.0,1.134,6.57,0.2382,55.749,0.0,1
75.5,1,1,15.45,11,31.3,-34.59,7.601,0.0,1.119,6.89,0.2403,7.906,1.3282341029059091e-15,1
88.9,1,1,1.32,2,12.4,-30.03,1.142,0.0,1.101,6.18,0.2211,15.749,3.496794790778637e-56,1
137.8,1,2,10.57,5,6.5,-25.55,7.263,0.0,1.136,6.54,0.2319,17.412,3.3410037478439314e-68,1
65.1,1,1,5.57,1,-11.0,-29.2,3.123,1.094,2.149,6.88,0.2266,16.676,9.78868472011971e-63,1
187.7,1,2,4.99,7,8.8,-29.84,5.647,0.0,1.574,6.71,0.2222,10.641,9.648829378521032e-27,1
5.9,0,1,16.37,0,-21.5,-9.01,0.841,0.0,1.143,7.11,0.2232,252.807,0.0,1
103.0,1,1,0.29,0,-2.9,-32.93,0.0,0.0,1.613,6.39,0.2204,11.698,6.50466926930959e-32,1
159.0,1,2,24.23,23,-11.5,-34.44,19.319,0.0,1.394,6.19,0.2293,5.777,3.8098740710171525e-09,0
98.6,1,1,9.88,7,13.6,-40.17,9.356,0.0,1.418,6.98,0.2264,3.557,0.00018765418120207815,0
33.4,0,1,7.47,0,19.7,-16.82,0.503,0.0,1.631,6.67,0.2298,54.839,0.0,1
46.1,0,1,23.0,9,30.4,-25.62,6.657,0.0,1.425,7.96,0.2311,5.88,2.0568777616647494e-09,0
78.8,1,1,12.17,3,-15.6,-30.65,3.329,0.0,1.665,6.85,0.2279,11.9,5.9481622868573734e-33,1
76.8,1,1,15.36,10,27.5,-34.51,7.761,0.0,1.268,6.38,0.2207,10.143,1.7723927538048613e-24,1
113.2,1,2,17.4,20,25.0,-26.3,16.427,0.0,1.157,6.29,0.222,16.152,5.510990321032955e-59,1
181.8,1,2,21.79,27,26.1,-39.18,24.326,0.0,1.078,7.47,0.2416,2.549,0.005407882730387067,0
147.0,1,2,3.24,2,18.1,-23.4,3.29,0.0,1.268,7.01,0.2246,20.427,4.8471285531739245e-93,1
78.5,1,1,2.04,0,-12.6,-30.65,0.0,4.444,1.221,6.47,0.2206,14.471,9.301097398465371e-48,1
27.5,0,1,24.84,1,27.1,-16.64,1.035,0.0,1.358,8.59,0.2539,46.216,0.0,1
33.4,0,1,0.22,0,9.0,-15.59,0.0,0.0,1.612,6.88,0.22,58.485,0.0,1
126.5,1,2,17.7,8,18.1,-26.0,8.178,0.0,1.03,7.89,0.2434,14.367,4.1436715379174956e-47,1
67.2,1,1,15.28,3,-16.7,-26.9,2.542,0.0,1.135,7.15,0.2407,18.571,2.7651689461577644e-77,1
49.7,0,1,13.81,4,-19.8,-25.24,4.409,0.0,1.272,7.17,0.221,6.771,6.401927997558754e-12,1
22.5,0,1,19.65,2,-12.0,-18.01,1.47,3.868,1.516,8.26,0.2304,31.688,1.1476339404224008e-220,1
28.9,0,1,24.81,1,3.2,-16.62,0.106,0.0,1.638,7.92,0.228,48.183,0.0,1
101.2,1,1,1.17,1,-2.9,-33.35,0.829,0.0,1.509,6.48,0.2218,10.115,2.367478876213071e-24,1
148.1,1,2,15.36,9,27.7,-26.89,7.035,0.0,1.061,7.57,0.2268,13.167,6.802309691711216e-40,1
96.4,1,1,17.92,12,-29.2,-47.83,13.022,2.114,1.515,7.55,0.2353,1.133,0.12862958297473448,0
75.5,1,1,7.65,2,-24.8,-28.08,2.487,0.0,1.1,6.75,0.2254,17.914,4.603489197009983e-72,1
23.5,0,1,22.32,2,-8.8,-18.9,3.025,1.693,1.021,8.52,0.2378,30.476,2.7304110372172874e-204,1
10.6,0,1,11.42,0,-19.1,-10.05,0.0,0.0,1.18,7.55,0.2319,229.98,0.0,1
32.5,0,1,4.11,0,-3.6,-14.89,0.812,0.0,1.604,7.1,0.2223,51.283,0.0,1
108.6,1,1,21.36,8,16.6,-43.99,5.452,0.0,1.245,7.44,0.2487,2.371,0.008858831130675798,0
32.5,0,1,23.57,2,34.6,-17.36,1.764,0.0,1.061,7.73,0.2282,34.514,2.4599122285733983e-261,1
16.3,0,1,2.49,0,-16.9,-10.97,0.631,0.0,1.49,6.31,0.2236,159.205,0.0,1
63.5,0,1,18.79,15,-12.7,-37.88,10.947,1.522,1.981,6.79,0.2362,0.309,0.37872459678492537,0
5.4,0,1,5.38,0,20.0,-9.24,0.0,0.0,1.737,7.22,0.2275,291.008,0.0,1
56.9,0,1,0.17,0,-12.3,-21.1,0.0,0.596,1.383,6.49,0.2205,13.642,1.124971045016563e-42,1
58.1,0,1,6.52,2,15.7,-22.07,1.814,0.0,1.274,7.23,0.2274,10.559,2.301974939188097e-26,1
51.0,0,1,21.37,3,7.9,-23.99,3.249,0.0,1.24,7.59,0.2308,7.214,2.7142529233740275e-13,1
90.9,1,1,3.53,2,25.6,-29.76,1.567,0.0,1.083,7.15,0.2212,13.023,4.529375471966696e-39,1
50.5,0,1,3.27,1,-27.8,-19.01,0.354,0.0,1.076,6.78,0.225,22.223,1.0184608128199787e-109,1
81.4,1,1,18.48,6,33.7,-36.45,8.053,0.0,1.701,7.24,0.2241,5.96,1.2636302720269206e-09,0
13.1,0,1,10.16,1,32.7,-11.84,1.334,0.0,1.197,6.97,0.2204,142.278,0.0,1
102.0,1,1,3.71,0,-28.5,-31.76,0.0,0.0,1.134,6.28,0.2252,12.281,5.716327150651699e-35,1
93.8,1,1,5.75,2,2.5,-33.05,2.89,0.0,1.9,6.51,0.2271,10.126,2.1203598892814924e-24,1
108.6,1,1,19.87,6,-3.9,-43.42,6.644,0.0,1.107,7.52,0.2474,2.27,0.011596808879070719,0
108.9,1,1,15.58,6,-13.5,-45.38,6.173,0.0,1.842,6.46,0.2377,2.402,0.008151732191028237,0
136.4,1,2,19.02,10,33.6,-28.62,10.568,0.0,1.687,7.97,0.2439,9.937,1.4372631460045587e-23,1
75.5,1,1,2.44,3,-18.7,-33.49,2.792,4.972,1.426,7.0,0.2208,9.513,9.257921273043067e-22,1
35.8,0,1,11.45,3,-12.9,-16.44,1.48,0.0,1.026,7.51,0.2307,45.073,0.0,1
56.0,0,1,19.93,6,-29.5,-31.32,6.665,2.954,1.353,6.88,0.2479,1.478,0.06973333649475195,0
102.0,1,1,6.64,2,7.7,-32.82,1.703,0.0,1.174,6.53,0.229,9.541,7.074359680517463e-22,1
112.4,1,2,4.23,0,26.0,-18.32,0.952,0.0,2.203,6.91,0.2257,34.402,1.1893165791760093e-259,1
136.4,1,2,9.54,4,10.4,-22.38,3.362,0.0,1.185,6.45,0.2302,24.183,1.6767644481839867e-129,1
45.5,0,1,8.33,2,12.4,-18.72,0.987,0.0,1.249,7.27,0.2246,26.739,8.324138881756558e-158,1
20.4,0,1,4.64,0,-25.7,-15.21,0.0,3.317,1.633,6.63,0.2219,67.945,0.0,1
48.3,0,1,23.85,4,16.5,-25.46,4.449,0.0,2.694,7.68,0.2228,5.691,6.3242614094852345e-09,0
30.6,0,1,12.08,1,-3.4,-13.72,0.521,0.0,1.202,6.98,0.2218,80.543,0.0,1
95.8,1,1,15.2,14,0.8,-44.81,13.647,0.0,1.131,6.99,0.2236,2.14,0.01618017178223038,0
46.6,0,1,3.03,0,8.0,-17.24,0.0,0.0,1.152,6.22,0.2226,35.006,9.17651639306771e-269,1
27.5,0,1,15.25,6,33.4,-19.11,4.616,0.0,1.053,6.14,0.2207,26.746,6.877945018972906e-158,1
22.8,0,1,13.88,4,18.6,-17.52,3.27,0.0,2.048,6.16,0.2237,40.008,0.0,1
47.0,0,1,23.3,7,14.5,-24.1,6.037,0.0,1.08,7.05,0.2325,6.658,1.3899714700788916e-11,0
27.5,0,1,10.31,1,-1.9,-15.66,0.826,0.0,2.261,6.65,0.23,64.93,0.0,1
112.4,1,2,19.55,3,-27.8,-23.26,3.513,3.767,1.98,7.66,0.2456,17.834,1.938657582015289e-71,1
152.9,1,2,7.6,11,5.0,-26.57,9.103,0.0,1.577,6.61,0.2247,14.22,3.4452550960903237e-46,1
22.5,0,1,14.47,1,13.0,-13.79,0.669,0.0,1.13,7.72,0.2276,96.298,0.0,1
88.9,1,1,23.17,15,15.8,-44.67,14.122,0.0,1.144,6.86,0.238,2.186,0.014405891065299357,0
67.2,1,1,15.63,8,9.5,-30.5,5.945,0.0,1.552,6.92,0.234,12.868,3.404405983977715e-38,1
30.6,0,1,17.78,1,-10.5,-14.83,0.768,0.0,1.54,6.86,0.2298,55.89,0.0,1
108.9,1,1,21.9,15,-15.6,-51.83,14.541,0.0,1.617,7.21,0.2415,0.633,0.26327830941458225,0
152.9,1,2,23.14,27,-24.1,-38.46,24.226,0.0,1.603,7.85,0.2344,3.162,0.0007842358068715763,0
148.1,1,2,5.21,0,15.7,-22.71,0.956,0.0,1.408,7.06,0.2215,22.592,2.6261227960105245e-113,1
45.5,0,1,4.9,1,33.1,-18.12,0.689,0.0,1.077,6.49,0.2262,33.423,3.198324110640654e-245,1
10.3,0,1,13.76,0,4.1,-8.89,0.0,0.0,1.256,7.55,0.2243,252.289,0.0,1
67.2,1,1,24.89,8,13.8,-29.71,5.794,0.0,1.084,6.51,0.2495,14.053,3.695529943728799e-45,1
28.9,0,1,12.25,3,15.0,-16.67,2.806,0.0,1.542,7.55,0.2308,42.296,0.0,1
26.6,0,1,8.27,0,-19.5,-12.45,0.0,0.0,1.462,7.22,0.2298,102.033,0.0,1
45.1,0,1,13.43,5,-17.5,-25.59,2.055,4.967,1.006,7.5,0.2205,6.055,7.02570581779232e-10,0
52.3,0,1,1.61,0,-16.5,-21.71,0.0,2.056,1.618,6.74,0.2209,13.523,5.7372677993530626e-42,1
61.9,0,1,4.43,1,30.6,-22.99,1.339,0.0,1.439,6.14,0.2229,8.699,1.672764850509478e-18,1
78.8,1,1,3.72,0,-29.0,-24.38,0.0,0.0,1.001,6.28,0.2254,24.662,1.3566186077309045e-134,1
45.5,0,1,0.7,0,5.2,-17.7,0.0,0.0,1.361,6.82,0.2201,34.085,6.218380819959944e-255,1
61.2,0,1,18.06,2,-5.5,-28.18,3.589,2.158,1.445,7.38,0.2354,2.387,0.00849765542916184,0
108.9,1,1,8.14,0,12.9,-35.54,0.0,0.0,1.262,6.93,0.2303,7.565,1.9391893377963877e-14,1
17.6,0,1,4.21,0,-15.7,-10.09,0.0,0.0,1.149,6.37,0.2204,178.635,0.0,1
180.4,1,2,12.81,15,32.5,-31.5,11.524,0.0,1.62,6.93,0.2207,7.931,1.0870079272114527e-15,1
101.2,1,1,8.09,3,-8.5,-34.79,2.274,0.0,1.638,6.82,0.225,7.427,5.554794435202509e-14,1
78.6,1,1,9.83,7,30.2,-31.05,4.829,0.0,1.082,6.43,0.2214,12.923,1.6588274186031321e-38,1
98.6,1,1,7.89,13,8.3,-43.26,11.211,0.0,1.563,6.99,0.221,2.428,0.0075865257026466884,0
147.0,1,2,0.1,0,-3.1,-21.12,0.0,0.0,1.131,6.21,0.2201,29.007,2.663216680721838e-185,1
45.4,0,1,17.21,6,17.7,-25.81,5.334,0.0,1.49,7.95,0.2323,5.853,2.4107421502183783e-09,0
17.9,0,1,2.77,0,5.9,-10.94,0.0,0.0,2.208,6.65,0.2214,153.754,0.0,1
67.3,1,1,5.48,2,-21.0,-22.85,0.85,0.0,1.048,6.64,0.2284,27.692,4.38500414237928e-169,1
45.0,0,1,4.76,0,15.8,-17.59,0.0,0.0,1.146,6.27,0.2232,36.228,1.1214686486635583e-287,1
22.5,0,1,8.28,2,7.7,-15.01,1.84,0.0,1.733,6.23,0.2272,63.646,0.0,1
98.6,1,1,4.0,1,6.8,-34.94,2.598,0.0,1.064,6.86,0.2223,8.12,2.325156405543104e-16,1
49.7,0,1,8.67,1,18.0,-20.6,0.768,0.0,1.059,7.02,0.2214,19.333,1.413243228973763e-83,1
32.5,0,1,6.08,0,12.5,-15.89,0.0,0.0,3.062,6.61,0.2238,49.96,0.0,1
23.5,0,1,1.53,0,-6.2,-16.69,0.0,4.109,1.407,6.4,0.2212,47.374,0.0,1
113.2,1,2,21.76,20,-9.3,-29.59,15.198,1.21,1.138,7.93,0.2513,9.24,1.2319883107646602e-20,1
187.7,1,2,7.64,13,-13.7,-32.5,11.396,0.0,2.446,6.53,0.2305,7.346,1.0231594117658468e-13,1
5.9,0,1,2.38,0,7.4,-7.67,0.0,0.0,1.147,6.73,0.22,359.673,0.0,1
152.9,1,2,13.04,18,-10.5,-31.49,17.995,0.0,1.122,7.57,0.2256,7.972,7.809396602806276e-16,1
28.5,0,1,3.08,0,-22.2,-16.21,0.0,2.81,1.274,6.75,0.2231,54.354,0.0,1
63.5,0,1,19.33,3,20.9,-29.28,5.238,0.0,1.493,7.58,0.2405,2.093,0.018178430952017162,0
45.1,0,1,1.54,0,-16.4,-17.43,0.0,0.0,1.224,6.24,0.2214,36.313,5.075534123772194e-289,1
116.9,1,2,11.62,11,-19.3,-25.98,8.652,2.773,1.004,6.18,0.2328,18.789,4.611361706163256e-79,1
123.5,1,2,23.6,6,25.2,-24.83,6.658,0.0,1.554,8.42,0.2454,16.008,5.642687104326181e-58,1
56.0,0,1,3.97,0,15.6,-22.02,1.366,0.0,1.012,6.3,0.2242,13.345,6.303489977779764e-41,1
115.3,1,2,5.03,1,19.8,-18.67,0.704,0.0,1.264,6.33,0.2219,36.825,3.654773419631054e-297,1
23.1,0,1,15.01,4,-7.2,-16.87,2.969,0.0,1.587,6.73,0.2203,51.752,0.0,1
70.1,1,1,24.5,4,10.1,-30.16,5.764,0.0,1.14,7.18,0.2271,13.622,1.4846365808998993e-42,1
10.3,0,1,9.65,0,30.6,-10.46,0.79,0.0,2.023,6.35,0.2251,190.305,0.0,1
34.7,0,1,16.22,3,-11.6,-20.92,4.193,0.0,1.782,6.89,0.2311,14.402,2.512144796983602e-47,1
88.9,1,1,3.81,1,-25.5,-30.06,1.349,0.0,1.108,6.25,0.221,15.632,2.2015841218923018e-55,1
42.6,0,1,16.03,7,-18.9,-24.32,5.78,0.0,1.087,7.81,0.2371,8.541,6.641806057300016e-18,1
112.3,1,2,6.32,5,28.3,-19.52,4.216,0.0,1.319,6.22,0.2214,34.331,1.3626769229411293e-258,1
126.5,1,2,15.33,18,-11.7,-28.17,16.014,0.0,2.182,7.64,0.2268,11.578,2.6620997770054425e-31,1
20.4,0,1,2.22,0,1.9,-10.46,0.0,0.0,1.118,6.45,0.2211,188.158,0.0,1
59.1,0,1,13.12,3,4.7,-25.64,3.845,0.0,1.488,6.76,0.2316,4.076,2.2956000981617106e-05,0
124.7,1,2,5.94,7,32.4,-22.08,4.913,0.0,1.161,6.69,0.2265,24.69,6.897564461908055e-135,1
51.0,0,1,17.04,9,-10.4,-29.83,9.338,0.0,1.094,6.46,0.2281,2.08,0.018740399870055272,0
85.7,1,1,18.69,1,3.9,-30.84,1.89,0.0,1.259,7.62,0.2435,10.405,1.1736791781473917e-25,1
6.0,0,1,21.2,0,32.3,-9.53,0.389,0.0,1.823,6.94,0.2313,232.019,0.0,1
69.5,1,1,24.81,4,-16.9,-31.31,4.636,0.0,1.796,6.5,0.2504,12.123,3.972215550996477e-34,1
56.0,0,1,11.48,2,8.9,-26.38,5.869,0.0,2.574,6.84,0.2227,4.5,3.397667822024775e-06,0
23.2,0,1,16.76,3,-25.9,-15.73,1.647,0.0,1.406,7.69,0.2295,58.485,0.0,1
17.9,0,1,0.46,0,-12.9,-12.47,0.0,1.333,1.243,6.56,0.2207,121.565,0.0,1
20.4,0,1,22.63,2,-25.5,-17.81,3.593,0.0,1.774,7.79,0.2376,40.481,0.0,1
74.0,1,1,15.39,1,-8.5,-27.45,1.513,0.0,1.326,7.6,0.2285,16.788,1.492843593576039e-63,1
56.6,0,1,10.53,3,-16.6,-24.99,3.988,0.0,1.163,6.25,0.2237,5.07,1.9856974682629116e-07,0
71.4,1,1,10.86,4,21.9,-28.4,3.474,0.0,1.103,7.25,0.2282,17.377,6.138122129169578e-68,1
88.9,1,1,18.95,11,0.1,-38.55,8.621,0.0,1.205,7.25,0.2226,4.369,6.236147928104469e-06,0
96.4,1,1,20.84,7,-3.7,-37.72,5.036,0.0,1.767,8.1,0.2324,4.226,1.1913246369211964e-05,0
50.5,0,1,20.2,8,15.0,-26.28,6.291,0.0,1.391,7.32,0.2221,4.865,5.71933898688851e-07,0
14.9,0,1,12.76,0,31.6,-12.44,0.0,0.0,2.011,6.64,0.2283,143.243,0.0,1
111.7,1,2,9.28,8,-10.4,-21.54,7.846,0.0,1.066,7.47,0.2336,22.733,1.066108936026785e-114,1
65.1,1,1,23.64,8,-25.7,-35.01,8.604,1.646,1.434,8.51,0.2377,6.708,9.891617220165998e-12,0
152.8,1,2,15.85,13,-22.9,-29.74,9.089,2.584,1.581,8.0,0.2344,8.525,7.668649079545614e-18,1
89.4,1,1,13.59,2,25.7,-30.31,1.749,0.0,1.023,7.5,0.2302,11.925,4.398351362703781e-33,1
33.8,0,1,14.96,0,25.0,-16.23,0.0,0.0,1.114,6.9,0.2249,52.236,0.0,1
22.5,0,1,15.75,3,0.9,-14.6,2.189,0.0,1.378,7.91,0.2226,76.617,0.0,1
56.6,0,1,17.83,4,-20.4,-26.47,6.083,0.0,1.007,7.64,0.2293,3.594,0.00016281426310242134,0
107.4,1,1,13.83,10,4.2,-42.46,7.796,0.0,1.095,6.43,0.2307,2.773,0.0027771444135824015,0
26.6,0,1,21.88,2,13.4,-16.78,1.638,0.0,1.152,6.17,0.2429,44.633,0.0,1
180.4,1,2,21.49,39,-8.4,-45.69,34.957,0.0,1.588,7.7,0.241,0.984,0.1624699862946884,0
148.3,1,2,11.06,8,-24.6,-26.33,7.638,0.0,1.13,6.77,0.2292,13.788,1.4960199801239776e-43,1
27.5,0,1,4.21,1,-9.1,-14.46,0.972,0.0,1.038,6.66,0.2224,83.354,0.0,1
50.5,0,1,14.42,5,14.9,-25.3,6.457,0.0,1.092,6.51,0.2256,5.327,4.9964837101414066e-08,0
50.7,0,1,15.52,7,33.6,-23.2,4.775,0.0,1.178,7.65,0.2373,7.703,6.6282481266031546e-15,1
158.6,1,2,13.08,8,-17.6,-31.07,6.948,4.907,1.618,6.19,0.2378,9.463,1.5001820795692057e-21,1
146.9,1,2,22.26,25,29.4,-35.09,20.856,0.0,1.654,8.12,0.2411,4.765,9.453465791008758e-07,0
86.6,1,1,2.33,0,-0.3,-29.03,1.364,0.0,1.435,7.01,0.2204,14.375,3.696421302152841e-47,1
98.6,1,1,7.19,8,13.1,-37.2,7.369,0.0,1.206,6.51,0.2286,5.065,2.0464817111227978e-07,0
24.4,0,1,21.64,5,26.1,-15.98,3.728,0.0,1.022,8.06,0.2392,50.993,0.0,1
86.6,1,1,23.49,7,6.2,-38.27,7.878,0.0,1.494,8.5,0.243,4.004,3.107527856252054e-05,0
61.9,0,1,10.65,1,-26.0,-26.68,4.471,0.0,1.177,6.22,0.2316,3.278,0.0005220310914287757,0
95.8,1,1,4.82,0,-12.7,-36.49,1.226,4.805,1.023,7.12,0.2236,6.702,1.0249442031696208e-11,0
67.2,1,1,10.51,9,22.2,-30.88,6.946,0.0,1.778,6.51,0.228,13.885,3.9320781470692103e-44,1
21.5,0,1,11.4,0,5.9,-11.81,0.0,0.0,1.013,7.19,0.2253,126.848,0.0,1
49.7,0,1,12.99,2,-8.6,-23.41,1.707,0.0,1.553,7.14,0.2324,11.612,1.7985706765077876e-31,1
90.5,1,1,6.86,2,7.9,-32.85,2.274,0.0,1.559,6.57,0.2251,10.64,9.749240448334088e-27,1
103.0,1,1,7.82,1,-12.5,-35.06,2.05,0.0,1.205,6.59,0.2243,7.34,1.0668278587185343e-13,1
60.4,0,1,16.39,7,-14.3,-28.79,5.326,0.0,1.679,6.68,0.226,2.136,0.016351518352120224,0
80.8,1,1,15.54,7,23.8,-33.97,5.782,0.0,1.05,7.8,0.2346,7.675,8.26193967108777e-15,1
72.7,1,1,16.55,1,-4.0,-30.71,0.676,0.0,2.982,7.37,0.2312,13.675,7.170076390256479e-43,1
88.9,1,1,9.43,5,-12.2,-35.4,5.668,0.0,1.434,7.02,0.2231,7.072,7.609651901280367e-13,1
34.9,0,1,8.41,0,-3.4,-15.58,0.345,0.0,1.077,7.04,0.2299,57.01,0.0,1
36.6,0,1,8.79,0,29.8,-16.14,0.499,0.0,1.01,6.29,0.2271,43.808,0.0,1
26.6,0,1,23.78,1,-18.2,-20.18,1.13,4.489,1.222,7.46,0.2429,21.374,1.1562372288753607e-101,1
34.6,0,1,9.88,0,-18.0,-18.19,0.864,2.133,1.046,6.93,0.2287,32.007,4.399739013369094e-225,1
141.4,1,2,15.15,13,-7.0,-29.52,16.953,0.0,1.043,7.38,0.2344,9.694,1.591554541990121e-22,1
68.5,1,1,13.07,8,-26.1,-30.14,5.267,0.0,1.555,7.14,0.2223,13.944,1.7195656494495087e-44,1
34.7,0,1,21.91,6,-25.1,-20.06,3.53,0.0,1.008,6.88,0.2299,21.556,2.3446877952851496e-103,1
135.2,1,2,9.23,1,-29.3,-23.33,4.314,2.111,1.543,7.48,0.2313,19.134,6.554569239471856e-82,1
81.4,1,1,10.85,3,-20.5,-32.01,3.341,0.0,1.907,6.14,0.2334,13.087,1.962949989928215e-39,1
75.4,1,1,21.07,13,11.6,-36.58,10.812,0.0,1.419,7.08,0.2216,5.976,1.1449562347756384e-09,0
111.7,1,2,4.02,6,-17.2,-20.0,6.13,0.0,1.119,6.56,0.2248,28.779,1.9777005213695902e-182,1
45.1,0,1,14.86,7,-5.4,-23.38,5.786,0.0,1.008,6.61,0.2252,8.795,7.143674868173345e-19,1
78.6,1,1,10.0,4,15.9,-31.25,2.664,0.0,2.613,7.02,0.2325,11.683,7.740458859336334e-32,1
35.8,0,1,24.64,3,-27.9,-21.43,5.219,0.0,1.047,8.08,0.2349,17.06,1.472058321289398e-65,1
61.2,0,1,18.03,2,-16.4,-25.23,0.912,0.782,1.098,7.11,0.2284,7.444,4.87839402169035e-14,1
57.0,0,1,0.26,0,34.7,-21.22,0.0,0.0,1.509,6.44,0.2201,14.74,1.783020329418129e-49,1
159.3,1,2,20.99,12,8.8,-30.78,10.468,0.0,1.611,6.9,0.2415,7.885,1.57605965665483e-15,1
34.7,0,1,17.58,3,12.9,-19.18,3.964,0.0,1.476,7.52,0.238,22.434,9.268020369503326e-112,1
131.8,1,2,14.02,6,3.5,-25.18,7.511,0.0,1.025,6.44,0.2326,17.941,2.827521163170857e-72,1
56.4,0,1,5.9,0,32.8,-20.05,0.0,0.0,1.109,6.44,0.2284,19.374,6.374730555937087e-84,1
116.9,1,2,3.73,2,-20.6,-18.29,1.182,0.0,1.242,6.74,0.2221,34.846,2.4744490787534973e-266,1
11.4,0,1,15.71,2,-25.6,-12.96,0.582,2.572,1.443,6.85,0.235,90.802,0.0,1
91.7,1,1,11.0,3,23.1,-30.98,1.325,0.0,1.62,6.96,0.2273,12.493,4.0744665153936806e-36,1
14.9,0,1,21.54,3,-29.7,-13.64,1.377,0.0,1.565,7.41,0.2389,98.733,0.0,1
97.4,1,1,6.56,7,6.5,-35.12,5.111,0.0,1.576,7.21,0.2214,6.722,8.965327040766418e-12,1
181.8,1,2,15.94,5,-29.9,-30.06,5.67,0.0,1.104,6.87,0.2425,9.318,5.9463867594484306e-21,1
14.9,0,1,6.22,0,-7.4,-10.75,0.0,1.026,1.609,7.19,0.2283,158.136,0.0,1
51.0,0,1,15.91,3,12.3,-22.33,1.945,0.0,1.367,6.6,0.2428,13.109,1.4590607939190588e-39,1
125.5,1,2,1.21,2,5.6,-19.35,1.263,0.0,1.17,6.4,0.2213,31.86,4.8332225600902305e-223,1
135.2,1,2,9.79,13,6.4,-27.05,12.435,0.0,1.459,6.78,0.2303,12.234,1.0222944714880467e-34,1
46.9,0,1,4.32,0,-19.8,-17.86,0.0,0.0,1.184,6.34,0.2207,33.059,5.814591011453068e-240,1
90.5,1,1,15.15,15,-10.8,-45.29,9.5,4.164,1.855,6.97,0.2303,2.118,0.017071558685193694,0
108.9,1,1,7.92,3,16.2,-34.95,2.42,0.0,1.4,7.13,0.2204,7.439,5.081497931258813e-14,1
28.9,0,1,19.29,2,-28.5,-16.75,1.726,0.0,1.241,6.95,0.2474,46.664,0.0,1
90.5,1,1,2.86,1,8.7,-28.94,0.804,0.0,1.088,7.01,0.2225,14.903,1.5723393490610992e-50,1
34.5,0,1,13.91,2,3.6,-16.33,1.34,0.0,1.504,6.52,0.2213,45.409,0.0,1
22.2,0,1,14.84,1,-7.6,-13.25,0.254,0.0,1.2,7.14,0.2335,100.818,0.0,1
56.9,0,1,0.55,0,-8.2,-21.14,0.0,1.046,1.288,6.05,0.2207,15.777,2.2247724824154885e-56,1
74.0,1,1,0.9,1,21.9,-24.36,0.703,0.0,1.039,6.65,0.2213,25.299,1.6551896790303742e-141,1
177.2,1,2,7.71,6,-5.2,-28.5,6.226,0.714,1.15,6.7,0.2277,11.683,7.809819035858486e-32,1
78.5,1,1,15.23,3,-24.8,-35.37,3.364,3.212,1.023,6.75,0.239,7.724,5.627908192319187e-15,1
79.5,1,1,24.07,1,32.5,-28.56,0.843,0.0,1.281,7.97,0.248,14.839,4.1078041087322024e-50,1
13.1,0,1,2.27,0,-21.5,-10.06,0.0,0.0,2.859,6.25,0.2229,185.119,0.0,1
64.6,0,1,17.58,2,21.8,-26.6,2.463,0.0,1.504,7.1,0.2229,4.127,1.8368406097911908e-05,0
102.0,1,1,17.32,11,-29.1,-41.4,9.294,0.0,1.691,6.94,0.2293,3.276,0.0005256059637123181,0
46.6,0,1,16.74,0,-6.3,-20.39,1.18,0.0,1.079,7.65,0.239,20.752,5.940346913332093e-96,1
88.9,1,1,12.9,12,3.5,-41.45,11.031,0.0,1.072,6.74,0.2373,3.559,0.0001863584895638848,0
48.3,0,1,24.17,10,-28.1,-32.74,9.622,3.139,1.463,7.13,0.2265,0.996,0.1597121533935033,0
43.9,0,1,12.54,1,17.7,-18.35,1.476,0.0,1.128,6.98,0.22,27.392,1.7291363148031103e-165,1
22.5,0,1,20.96,6,-13.1,-15.56,3.285,0.0,1.41,7.29,0.247,57.123,0.0,1
51.0,0,1,6.56,4,5.2,-22.36,3.383,0.0,1.427,6.73,0.2223,10.041,5.056821827630782e-24,1
142.3,1,2,20.16,15,21.5,-28.52,13.234,0.0,1.242,7.22,0.2359,10.602,1.450998947026664e-26,1
123.5,1,2,24.91,20,8.4,-31.73,17.649,0.0,1.534,7.45,0.257,6.93,2.1010285358270974e-12,1
43.9,0,1,22.75,5,-0.4,-25.59,6.753,0.0,1.473,7.63,0.2455,6.385,8.575076788462444e-11,0
47.0,0,1,7.6,1,-8.2,-19.05,0.201,0.0,1.117,7.18,0.222,29.549,3.4216045211270803e-192,1
116.9,1,2,21.15,13,-27.1,-25.28,11.082,0.0,1.189,7.44,0.25,15.49,2.0219844052812135e-54,1
65.1,1,1,2.38,1,29.3,-25.46,0.795,0.0,1.132,6.59,0.2208,27.71,2.6390694767046836e-169,1
20.4,0,1,16.94,2,8.5,-12.67,1.198,0.0,1.055,6.59,0.241,120.261,0.0,1
95.8,1,1,8.55,1,11.0,-32.15,1.659,0.0,1.022,6.99,0.2201,10.791,1.897511959765257e-27,1
125.8,1,2,16.47,15,-1.4,-28.37,17.267,0.0,1.392,6.9,0.2258,11.295,6.962528674255703e-30,1
126.5,1,2,10.31,14,-5.8,-23.41,9.09,0.0,1.648,6.78,0.2218,20.537,5.008077943960462e-94,1
148.1,1,2,0.23,0,-27.0,-20.83,0.0,0.542,1.765,6.79,0.2207,26.473,9.78744272474976e-155,1
27.5,0,1,5.78,1,-19.0,-16.25,0.491,2.441,1.466,6.19,0.2256,47.554,0.0,1
90.5,1,1,1.06,0,-2.3,-27.78,0.371,0.0,1.342,6.97,0.2212,16.912,1.825029508385696e-64,1
10.3,0,1,10.68,0,-14.3,-9.11,0.0,0.0,1.187,7.16,0.225,240.264,0.0,1
78.6,1,1,21.0,2,-27.1,-35.08,3.839,0.0,2.876,7.96,0.2504,6.803,5.134820962900255e-12,1
27.5,0,1,18.45,1,5.5,-15.2,0.858,0.0,1.263,6.97,0.2204,60.752,0.0,1
33.4,0,1,19.72,2,0.2,-18.37,2.696,0.0,1.012,7.35,0.2294,29.432,1.06443785791482e-190,1
38.4,0,1,20.18,3,-2.6,-18.17,2.321,0.0,1.416,7.49,0.2218,29.362,8.501802466439154e-190,1
10.6,0,1,9.3,1,21.0,-10.53,0.574,0.0,1.008,6.78,0.2251,214.691,0.0,1
103.0,1,1,12.65,0,9.0,-34.79,0.669,0.0,1.082,7.54,0.238,7.018,1.1239594746339026e-12,1
26.6,0,1,12.71,0,-29.9,-15.42,1.658,0.0,1.807,7.38,0.2263,63.686,0.0,1
33.8,0,1,2.83,0,19.5,-15.46,0.0,0.0,1.302,6.35,0.2213,63.896,0.0,1
68.5,1,1,14.95,4,1.4,-28.99,3.581,0.0,1.505,7.51,0.2266,15.098,8.359319816969801e-52,1
32.9,0,1,18.0,3,3.6,-20.57,2.445,0.0,1.907,7.3,0.2423,20.468,2.0858380667394347e-93,1
181.8,1,2,15.27,13,27.8,-29.88,8.593,0.0,1.382,7.06,0.2335,8.466,1.2701033348331481e-17,1
34.7,0,1,18.65,2,-22.9,-21.6,1.798,3.328,1.218,7.43,0.2321,13.105,1.5493881622169543e-39,1
97.4,1,1,2.97,3,9.0,-32.41,3.036,0.0,1.724,6.3,0.2216,9.791,6.171065785546697e-23,1
115.3,1,2,19.04,13,-11.7,-23.52,8.496,0.0,1.759,7.85,0.2397,18.663,4.904689066264632e-78,1
95.8,1,1,5.2,1,-27.6,-33.89,0.655,2.387,1.474,6.58,0.2282,8.823,5.573766098112992e-19,1
164.9,1,2,21.92,10,-1.6,-30.65,10.549,0.0,2.051,7.02,0.2348,9.211,1.6156851107498327e-20,1
64.6,0,1,6.12,2,-11.6,-23.22,0.866,0.0,1.031,7.12,0.2223,8.339,3.748053633809603e-17,1
137.8,1,2,12.3,14,-29.9,-28.21,13.639,0.0,1.037,7.18,0.2279,11.353,3.5988197375926446e-30,1
48.3,0,1,12.18,1,2.0,-20.68,2.25,0.0,1.02,6.45,0.2233,15.667,1.2635444528194394e-55,1
91.7,1,1,6.72,1,-9.8,-31.94,1.495,0.0,1.495,6.66,0.2269,11.03,1.3752733619980215e-28,1
187.7,1,2,9.04,4,-1.8,-29.5,5.235,0.0,1.132,6.1,0.2203,11.998,1.8107024337179407e-33,1
17.6,0,1,4.64,1,-29.2,-10.97,0.478,0.0,1.068,6.78,0.2237,168.37,0.0,1
91.3,1,1,14.25,3,-3.9,-32.25,1.687,0.0,2.462,6.81,0.2207,10.928,4.239130661353346e-28,1
106.3,1,1,22.83,11,0.6,-41.78,9.348,0.0,1.095,6.85,0.2212,3.19,0.0007110523198808833,0
115.3,1,2,7.92,3,0.3,-18.95,2.333,0.0,1.045,6.1,0.2245,33.418,3.78364393140811e-245,1
33.8,0,1,12.7,2,16.6,-16.56,1.078,0.0,1.298,7.74,0.2344,42.131,0.0,1
71.8,1,1,21.55,9,34.4,-34.02,8.093,0.0,1.056,7.28,0.2416,8.454,1.4046361889821692e-17,1
33.5,0,1,11.31,1,-28.2,-19.64,0.494,3.456,1.314,7.04,0.2358,25.575,1.4606692587960947e-144,1
83.5,1,1,20.78,7,-4.3,-38.53,9.439,0.0,1.216,7.88,0.2334,4.277,9.456089387850815e-06,0
42.0,0,1,11.16,0,25.7,-17.72,0.0,0.0,1.221,6.9,0.2227,31.946,3.091160534029098e-224,1
7.1,0,1,11.01,1,10.7,-8.8,0.629,0.0,1.084,6.4,0.2213,285.925,0.0,1
36.0,0,1,3.93,2,33.9,-16.69,0.988,0.0,1.396,6.9,0.2214,44.05,0.0,1
14.1,0,1,3.12,0,16.4,-9.96,0.0,0.0,1.64,6.34,0.2224,228.198,0.0,1
10.5,0,1,15.29,0,17.1,-11.19,0.0,0.0,1.158,6.26,0.2264,185.559,0.0,1
43.9,0,1,20.68,7,-25.1,-29.95,7.215,4.183,1.299,7.06,0.244,2.211,0.013527183740312148,0
34.5,0,1,3.39,2,-12.1,-16.4,1.362,0.0,1.356,6.05,0.2236,47.676,0.0,1
22.0,0,1,22.75,5,7.9,-16.84,4.437,0.0,1.123,6.92,0.2346,33.232,1.848493786607533e-242,1
21.1,0,1,8.97,1,4.0,-13.51,0.287,0.0,2.026,7.37,0.2296,102.682,0.0,1
17.6,0,1,10.63,1,19.6,-14.29,2.759,0.0,1.123,6.95,0.2274,93.403,0.0,1
42.0,0,1,22.36,4,34.6,-20.26,3.505,0.0,1.274,7.11,0.2215,18.868,1.0366762840342734e-79,1
14.1,0,1,22.41,0,-16.6,-13.86,0.0,0.0,1.573,6.57,0.2451,119.591,0.0,1
56.4,0,1,13.12,2,-2.2,-24.17,1.188,0.0,1.822,6.88,0.2331,8.817,5.870456567455487e-19,1
115.3,1,2,6.92,3,26.3,-18.75,2.654,0.0,1.202,6.67,0.2254,31.782,5.792078165077642e-222,1
83.5,1,1,4.3,1,24.5,-25.94,0.57,0.0,1.002,6.35,0.2209,21.024,1.983222159397151e-98,1
56.0,0,1,6.79,1,23.1,-22.05,0.695,0.0,1.22,6.87,0.2252,14.486,7.448851027197311e-48,1
159.0,1,2,19.52,10,10.3,-28.22,8.935,0.0,1.581,7.33,0.2276,11.549,3.7348109290090427e-31,1
60.4,0,1,8.11,1,34.6,-22.28,0.852,0.0,1.45,7.07,0.2318,9.282,8.297128352695966e-21,1
60.0,0,1,17.36,2,-6.7,-28.55,4.241,0.0,1.388,8.09,0.2323,3.008,0.0013169037933278807,0
93.8,1,1,4.88,3,-22.4,-35.75,3.414,1.775,1.34,6.68,0.2262,7.323,1.2142519832045435e-13,1
12.1,0,1,11.96,1,-21.4,-10.76,0.843,0.0,1.957,6.98,0.2307,155.502,0.0,1
88.9,1,1,8.8,3,-1.7,-34.0,4.749,0.0,1.718,7.3,0.2309,7.874,1.713955603534973e-15,1
125.8,1,2,12.59,7,22.3,-21.93,6.041,0.0,1.574,7.4,0.2288,21.877,2.161345134095369e-106,1
22.5,0,1,14.25,3,-0.6,-16.46,2.74,0.0,1.596,7.86,0.2323,55.055,0.0,1
103.0,1,1,24.77,10,9.7,-47.59,14.028,0.0,1.301,6.89,0.2379,1.438,0.07525419687181356,0
23.4,0,1,22.5,4,-6.7,-17.81,3.214,0.0,1.429,7.49,0.252,33.682,5.345411728683565e-249,1
125.2,1,2,17.4,16,16.5,-27.64,14.426,0.0,1.513,6.98,0.2234,12.626,7.618859876788987e-37,1
34.9,0,1,3.84,0,-20.0,-17.08,0.0,1.523,1.042,6.87,0.2224,47.82,0.0,1
13.1,0,1,22.98,0,3.8,-11.33,0.971,0.0,1.167,6.89,0.239,175.031,0.0,1
60.0,0,1,22.31,3,-18.0,-25.82,1.574,0.0,1.934,7.25,0.2234,3.904,4.728656282166482e-05,0
8.1,0,1,22.17,3,0.5,-11.66,2.171,0.0,1.008,6.91,0.248,150.531,0.0,1
56.4,0,1,11.98,4,-2.0,-25.93,4.586,0.0,1.503,6.78,0.2357,3.914,4.5332653591503895e-05,0
123.5,1,2,4.27,2,9.3,-18.85,1.027,0.0,1.005,6.74,0.2213,33.826,4.13086472300159e-251,1
112.3,1,2,18.86,15,3.1,-24.11,12.578,0.0,1.091,7.52,0.2466,17.738,1.0708382854630345e-70,1
33.8,0,1,9.71,0,33.4,-15.9,0.0,0.0,1.068,7.09,0.2289,61.085,0.0,1
113.2,1,2,8.61,12,28.5,-24.34,10.66,0.0,1.355,6.56,0.2277,19.478,8.403015679542928e-85,1
104.5,1,1,9.77,2,-10.9,-34.22,1.09,0.0,1.46,6.38,0.2253,7.991,6.699643066614264e-16,1
56.9,0,1,13.98,10,-22.1,-28.58,7.968,0.0,1.142,7.52,0.2324,2.147,0.015902042210876623,0
83.2,1,1,8.34,2,-25.8,-29.06,1.432,0.837,1.148,6.91,0.2237,15.979,8.886557401436318e-58,1
36.6,0,1,17.25,2,-17.1,-21.3,1.911,2.585,1.074,7.93,0.2212,15.364,1.4327739086316301e-53,1
17.6,0,1,16.19,0,-15.6,-13.95,0.0,1.317,1.815,6.93,0.2382,89.959,0.0,1
11.2,0,1,12.72,0,27.8,-10.98,0.0,0.0,1.848,7.86,0.2383,193.366,0.0,1
81.1,1,1,1.35,0,30.1,-27.13,0.0,0.0,1.128,6.09,0.2202,23.625,1.0792850362896998e-123,1
56.4,0,1,23.41,7,-15.0,-31.62,7.553,1.847,1.047,7.01,0.2412,1.32,0.0933956296981745,0
61.9,0,1,10.29,7,19.3,-27.19,5.889,0.0,1.128,7.11,0.2239,3.289,0.0005023739940692316,0
69.5,1,1,11.24,4,24.3,-28.07,3.806,0.0,1.476,6.67,0.2263,17.561,2.467761244838854e-69,1
119.5,1,2,11.4,7,-5.5,-23.74,9.792,0.0,1.868,6.51,0.2249,19.731,5.8347953680801215e-87,1
55.1,0,1,9.13,2,26.7,-22.29,1.334,0.0,1.873,6.85,0.2209,13.589,2.3310833846098856e-42,1
115.3,1,2,16.86,0,34.3,-21.36,1.99,0.0,1.472,7.63,0.245,25.047,9.494656948767504e-139,1
125.5,1,2,0.35,0,32.9,-16.99,0.0,0.0,1.154,6.53,0.2203,36.32,3.9485510970938184e-289,1
108.9,1,1,21.84,12,18.2,-48.44,11.553,0.0,1.171,7.23,0.2384,1.234,0.10863093735503182,0
111.7,1,2,2.56,2,-5.8,-18.52,2.953,0.0,1.287,6.98,0.2223,33.568,2.4822284551035956e-247,1
91.0,1,1,24.99,14,-15.2,-42.82,12.401,0.0,1.566,7.5,0.2234,2.594,0.004738185947820566,0
45.1,0,1,15.7,5,34.5,-24.01,5.135,0.0,1.288,6.29,0.2293,7.319,1.2503226198404826e-13,1
83.5,1,1,1.66,3,-12.0,-30.95,1.783,1.182,1.208,6.86,0.2225,12.972,8.813365411731228e-39,1
101.9,1,1,14.06,7,-1.5,-41.4,8.35,0.0,1.261,6.62,0.2316,3.553,0.00019035790801828813,0
52.0,0,1,8.28,2,-12.8,-21.83,1.317,0.0,1.594,6.79,0.2252,13.607,1.8132230926850593e-42,1
81.4,1,1,23.83,15,2.2,-41.59,13.358,0.0,1.575,7.81,0.2276,2.661,0.0038946347278435837,0
98.6,1,1,18.89,6,-22.8,-38.6,5.788,0.878,1.138,6.99,0.2275,4.771,9.153229711196117e-07,0
134.9,1,2,12.68,14,22.6,-25.89,9.707,0.0,1.071,6.78,0.2353,16.799,1.2361752198673044e-63,1
56.4,0,1,10.74,4,2.8,-24.56,2.63,0.0,1.667,7.06,0.2303,6.901,2.57854835414033e-12,1
123.7,1,2,24.9,17,-2.7,-27.82,14.805,0.0,1.369,7.22,0.2323,11.442,1.2944869172787683e-30,1
11.4,0,1,16.68,3,-6.4,-11.46,1.279,0.0,1.073,7.82,0.2426,187.319,0.0,1
119.5,1,2,12.85,9,7.7,-22.76,6.36,0.0,1.552,6.43,0.2204,22.833,1.082114352730791e-115,1
50.7,0,1,9.95,1,20.7,-20.68,0.79,0.0,1.092,7.37,0.2314,13.797,1.3355560742549871e-43,1
39.4,0,1,8.11,2,28.7,-17.51,1.373,0.0,1.332,7.4,0.2265,38.655,0.0,1
79.8,1,1,17.64,6,24.7,-33.92,6.16,0.0,1.192,7.01,0.2437,8.251,7.868264686447564e-17,1
169.8,1,2,14.7,10,-1.0,-28.71,6.056,0.0,1.282,7.51,0.2393,9.945,1.324678537922847e-23,1
76.0,1,1,21.2,11,24.2,-38.97,11.952,0.0,1.138,7.98,0.2302,4.104,2.0294278258613514e-05,0
125.8,1,2,13.84,9,4.4,-24.35,6.798,0.0,1.101,7.22,0.2207,20.497,1.154562435047401e-93,1
64.6,0,1,14.56,8,11.5,-30.71,6.411,0.0,1.193,6.99,0.239,1.55,0.06054639209668065,0
148.3,1,2,11.93,5,13.8,-25.98,4.809,0.0,1.372,6.43,0.2348,16.212,2.0908660231905363e-59,1
21.7,0,1,19.07,1,-4.0,-13.59,0.951,0.0,1.263,7.34,0.2247,83.359,0.0,1
63.5,0,1,10.37,1,1.6,-24.17,0.489,0.0,2.486,7.24,0.2283,6.575,2.437165388219703e-11,0
5.9,0,1,21.3,0,15.0,-9.83,0.0,0.0,1.235,7.58,0.232,240.641,0.0,1
17.9,0,1,8.18,2,-10.0,-15.72,1.355,3.526,1.169,7.35,0.2291,52.959,0.0,1
61.9,0,1,17.32,4,18.5,-25.41,2.724,0.0,1.456,7.66,0.2426,4.851,6.156650175447833e-07,0
101.2,1,1,22.32,20,-7.0,-51.82,17.869,0.0,1.445,7.05,0.2411,0.646,0.2592533912247452,0
198.3,1,2,19.23,18,8.1,-37.8,14.773,0.0,1.277,6.67,0.2474,3.64,0.00013637639866864195,0
13.1,0,1,8.57,1,24.4,-10.98,0.764,0.0,1.665,7.04,0.2207,171.289,0.0,1
52.5,0,1,17.66,7,-28.5,-27.01,5.843,0.0,1.267,7.48,0.2311,4.106,2.0129112512243025e-05,0
12.1,0,1,5.17,0,-14.4,-9.59,0.0,0.0,1.075,6.7,0.223,245.049,0.0,1
45.5,0,1,1.45,0,6.5,-17.54,0.0,0.0,1.339,6.27,0.2206,32.761,1.0564682232374093e-235,1
47.0,0,1,19.78,10,-23.1,-31.03,10.502,0.0,1.658,6.67,0.2312,1.571,0.05812706881749623,0
158.9,1,2,20.2,23,-16.6,-34.31,21.602,1.163,1.24,6.95,0.2242,5.677,6.871806527451055e-09,0
93.8,1,1,0.57,0,18.7,-28.97,0.0,0.0,1.161,6.26,0.2204,16.898,2.3163635886679305e-64,1
16.3,0,1,23.69,2,-28.3,-15.38,2.852,0.0,1.447,6.73,0.232,68.482,0.0,1
135.5,1,2,11.15,9,9.7,-26.57,9.201,0.0,1.631,7.67,0.2299,13.85,6.378812960075465e-44,1
46.3,0,1,22.63,4,-27.8,-22.22,2.753,0.0,1.603,7.85,0.235,9.633,2.90479542491936e-22,1
63.5,0,1,19.7,5,-22.5,-29.11,4.195,2.399,1.131,7.16,0.2206,2.18,0.014617279821279118,0
26.3,0,1,22.52,4,-4.6,-18.37,3.226,0.0,1.504,7.85,0.2379,33.221,2.700882966046166e-242,1
78.6,1,1,20.83,9,32.7,-33.41,6.154,0.0,1.307,8.46,0.2372,7.373,8.367524429373906e-14,1
61.9,0,1,24.35,3,5.5,-28.64,3.511,0.0,2.882,6.87,0.2508,2.212,0.01348485860358591,0
115.3,1,2,15.73,6,-9.7,-20.57,7.458,0.0,1.308,6.19,0.227,26.209,1.0386691404730785e-151,1
47.0,0,1,5.68,1,-3.3,-19.62,0.352,0.0,1.051,7.38,0.2264,24.591,7.803427612752112e-134,1
14.1,0,1,9.74,1,7.0,-12.3,0.99,0.0,1.066,7.06,0.2328,125.304,0.0,1
146.9,1,2,18.8,15,10.3,-30.13,17.137,0.0,1.136,7.61,0.2395,7.712,6.187922651332901e-15,1
39.4,0,1,3.92,1,-12.6,-16.99,0.952,0.0,1.24,6.28,0.2209,38.148,0.0,1
36.9,0,1,23.25,2,-17.2,-19.35,1.272,0.0,1.393,6.81,0.235,27.544,2.603600826396919e-167,1
60.0,0,1,5.13,2,2.2,-23.02,1.657,0.0,1.378,6.44,0.2231,8.589,4.389921701787474e-18,1
32.8,0,1,21.9,6,11.9,-18.21,3.878,0.0,1.149,7.67,0.2282,30.061,7.898869492559455e-199,1
27.5,0,1,12.09,4,23.1,-17.8,3.475,0.0,1.482,7.49,0.2262,42.772,0.0,1
9.4,0,1,21.02,3,8.5,-11.85,1.661,0.0,1.18,7.79,0.2421,138.267,0.0,1
19.5,0,1,23.96,7,15.0,-16.63,3.847,0.0,1.462,7.73,0.2336,51.092,0.0,1
65.1,1,1,10.55,1,1.5,-24.75,2.139,0.0,1.259,7.39,0.2232,25.241,7.175336537758356e-141,1
124.7,1,2,17.42,12,6.8,-24.9,8.309,0.0,1.614,7.52,0.2408,16.685,8.434898107128222e-63,1
90.9,1,1,5.67,5,11.3,-33.61,3.709,0.0,1.478,6.32,0.2233,9.349,4.409843170148967e-21,1
76.0,1,1,20.02,8,-14.6,-36.58,7.423,0.0,1.01,7.61,0.2331,5.937,1.452825011037772e-09,0
108.6,1,1,20.5,9,30.7,-45.65,9.065,0.0,1.138,6.86,0.2226,2.109,0.017486084158811744,0
23.5,0,1,7.38,0,-7.6,-12.91,0.0,0.0,1.001,6.5,0.2289,126.791,0.0,1
119.5,1,2,0.6,0,9.3,-18.32,0.0,0.0,1.812,6.89,0.2201,33.247,1.1261682361239474e-242,1
90.5,1,1,10.78,10,6.5,-35.08,6.41,0.0,1.368,7.66,0.2292,6.374,9.230850342530173e-11,0
181.8,1,2,4.25,7,25.5,-30.4,7.15,0.0,2.934,6.38,0.2248,9.53,7.847553180298809e-22,1
46.3,0,1,20.46,9,-22.6,-29.64,7.385,1.8,1.435,8.02,0.2243,2.479,0.006587874787251681,0
67.3,1,1,6.53,1,27.5,-23.79,0.453,0.0,1.293,6.22,0.223,29.615,4.761739515908944e-193,1
33.8,0,1,23.59,6,-21.1,-24.86,6.831,0.0,2.0,7.03,0.2554,8.218,1.0316759951003747e-16,1
67.3,1,1,24.3,9,-20.6,-37.4,12.335,0.0,1.566,7.06,0.2367,5.628,9.104121793415008e-09,0
69.2,1,1,22.72,14,26.0,-37.07,11.503,0.0,1.004,7.78,0.2397,5.224,8.7565949249951e-08,0
5.9,0,1,14.99,0,-13.3,-7.8,0.0,0.0,1.037,7.15,0.2397,383.059,0.0,1
55.1,0,1,6.69,1,9.8,-22.41,0.658,0.0,2.896,6.83,0.229,10.991,2.1203551722687483e-28,1
9.4,0,1,20.18,0,0.1,-10.84,0.0,0.0,1.782,7.83,0.2303,170.646,0.0,1
46.9,0,1,17.54,6,30.7,-25.57,4.846,0.0,1.36,6.38,0.2422,5.481,2.114418428838495e-08,0
68.3,1,1,24.43,12,20.8,-39.84,13.16,0.0,1.311,7.96,0.2319,3.97,3.5990887807095234e-05,0
5.9,0,1,9.43,0,-8.2,-7.97,0.0,0.0,1.144,7.0,0.2316,318.251,0.0,1
34.5,0,1,1.47,0,22.9,-16.39,0.798,0.0,1.647,6.28,0.2218,48.81,0.0,1
34.9,0,1,24.96,2,-15.3,-19.18,2.277,0.0,2.34,7.8,0.242,25.217,1.3104592427516435e-140,1
21.1,0,1,20.96,1,10.0,-15.09,1.541,0.0,2.123,8.08,0.2404,63.452,0.0,1
177.2,1,2,5.54,6,18.9,-28.22,6.035,0.0,1.106,6.69,0.2247,11.7,6.363155961131535e-32,1
45.5,0,1,18.14,4,15.7,-23.51,5.101,0.0,1.521,7.4,0.223,8.503,9.227479044009184e-18,1
11.4,0,1,0.02,0,12.7,-8.88,0.0,0.0,1.307,6.12,0.22,245.364,0.0,1
5.9,0,1,13.95,0,23.9,-7.68,0.0,0.0,1.247,7.33,0.2225,309.213,0.0,1
96.0,1,1,9.07,3,6.2,-35.11,5.376,0.0,1.283,6.8,0.2207,7.394,7.137772597980982e-14,1
56.9,0,1,9.53,0,30.3,-21.88,0.269,0.0,1.462,7.24,0.227,14.724,2.252570798209625e-49,1
123.5,1,2,6.11,3,-20.6,-19.01,2.85,0.0,1.079,6.62,0.2228,30.58,1.134575604779719e-205,1
72.7,1,1,6.87,2,-6.9,-27.16,3.053,0.0,1.177,6.29,0.2237,19.992,3.2172443936782417e-89,1
70.1,1,1,11.37,8,20.9,-29.97,5.23,0.0,1.361,7.11,0.2307,12.624,7.830728901144459e-37,1
192.4,1,2,6.2,10,-10.0,-30.38,7.617,0.0,1.78,6.71,0.2245,8.403,2.1769710220743145e-17,1
78.5,1,1,11.66,1,-1.2,-28.9,0.564,0.0,1.006,7.85,0.2299,15.166,2.976242227259127e-52,1
32.5,0,1,14.43,1,20.2,-16.51,0.94,0.0,1.778,7.07,0.2346,50.483,0.0,1
45.5,0,1,17.78,4,5.0,-24.6,4.707,0.0,1.194,6.9,0.2378,7.709,6.343452563774794e-15,1
103.0,1,1,16.93,6,-17.8,-44.62,4.9,3.913,1.267,6.25,0.2379,2.676,0.003725961599582289,0
45.0,0,1,6.05,1,-18.6,-20.25,0.763,0.0,1.918,6.71,0.2245,23.945,5.148065201102469e-127,1
78.5,1,1,0.98,0,-10.4,-27.98,0.0,0.0,1.911,6.15,0.2212,19.748,4.206573475948307e-87,1
108.6,1,1,20.82,11,-10.3,-45.27,9.232,0.809,1.749,8.42,0.2286,1.467,0.07113254494339112,0
5.4,0,1,21.81,1,-21.1,-9.71,0.483,0.0,1.009,7.64,0.2454,238.581,0.0,1
60.0,0,1,24.47,8,24.3,-29.89,5.636,0.0,1.156,7.25,0.2492,2.098,0.017967945877653782,0
21.1,0,1,23.99,1,-11.6,-14.46,0.667,0.0,1.271,7.42,0.2525,83.694,0.0,1
83.2,1,1,15.85,4,22.1,-35.51,5.604,0.0,1.62,6.74,0.2424,7.477,3.8069582313054744e-14,1
60.0,0,1,22.36,7,33.3,-28.29,4.902,0.0,1.049,6.58,0.2375,3.291,0.0004993966949076982,0
90.9,1,1,11.2,5,-8.4,-34.65,4.241,0.0,1.011,7.09,0.2291,8.113,2.4729990061248656e-16,1
28.9,0,1,19.68,4,33.1,-19.29,4.391,0.0,1.028,7.7,0.2312,26.028,1.1838803639479185e-149,1
113.4,1,2,23.88,5,-17.6,-21.46,4.228,0.0,1.434,6.32,0.2482,27.331,9.002890061621076e-165,1
70.1,1,1,19.91,4,12.1,-30.11,4.756,0.0,1.09,7.47,0.228,12.232,1.045790001181091e-34,1
12.3,0,1,10.39,1,34.4,-10.96,0.832,0.0,1.858,7.2,0.23,170.016,0.0,1
71.4,1,1,9.44,7,22.5,-30.26,5.931,0.0,1.148,6.27,0.228,14.26,1.9463127522845232e-46,1
51.0,0,1,7.29,0,-15.1,-21.49,0.642,1.891,1.536,6.82,0.2234,14.598,1.451733869597296e-48,1
61.2,0,1,9.18,5,-13.3,-26.63,4.188,0.708,1.954,6.99,0.2238,3.385,0.0003556569122435014,0
103.0,1,1,20.51,5,-12.9,-36.77,5.114,0.0,1.149,6.7,0.2252,5.93,1.510926278533305e-09,0
43.9,0,1,17.54,3,31.3,-20.78,2.127,0.0,1.265,7.23,0.2393,17.105,6.762850587141646e-66,1
50.5,0,1,6.25,3,-14.0,-26.2,1.931,4.778,1.01,6.72,0.228,4.644,1.7068128719349157e-06,0
90.5,1,1,17.79,3,3.1,-34.01,5.407,0.0,1.045,6.77,0.2248,8.911,2.525530966087787e-19,1
34.7,0,1,9.48,1,-7.3,-18.87,2.102,0.0,1.682,7.21,0.2331,24.685,7.690218643245184e-135,1
70.1,1,1,13.94,1,-6.5,-26.82,1.426,0.0,1.745,6.82,0.2244,19.03,4.778663480834068e-81,1
22.5,0,1,9.26,0,-3.5,-13.96,0.704,0.0,1.175,7.19,0.2216,104.555,0.0,1
11.2,0,1,13.04,0,-7.6,-8.67,0.0,0.0,1.074,6.9,0.2373,267.328,0.0,1
61.2,0,1,18.25,5,9.0,-28.87,6.249,0.0,1.231,6.9,0.2453,2.05,0.020173122778994777,0
50.5,0,1,18.28,10,-2.3,-28.23,8.677,0.0,2.183,7.63,0.2245,2.946,0.0016080116015099613,0
46.3,0,1,18.83,2,-1.3,-21.48,1.817,0.0,1.133,7.26,0.2251,14.858,3.0996646382336937e-50,1
95.8,1,1,9.78,5,2.9,-34.88,3.577,0.0,1.351,7.01,0.2243,7.599,1.4973689292152692e-14,1
60.4,0,1,17.26,1,-6.8,-23.05,1.069,0.0,1.39,7.57,0.2217,9.13,3.4397703551881157e-20,1
47.0,0,1,5.97,3,19.0,-19.58,1.856,0.0,1.068,6.78,0.2238,22.204,1.5658132294295653e-109,1
152.8,1,2,11.94,5,2.7,-27.23,4.717,0.0,1.142,6.68,0.2329,15.248,8.503208496502651e-53,1
76.0,1,1,14.58,6,3.1,-30.23,5.081,0.0,1.404,7.25,0.2218,12.435,8.482803188640917e-36,1
60.4,0,1,17.16,10,-16.4,-33.34,10.115,0.0,1.685,7.9,0.2281,0.899,0.18437649897283764,0
108.6,1,1,22.8,21,-28.0,-52.66,17.019,0.0,1.596,7.44,0.2328,0.501,0.3083429078422376,0
57.0,0,1,7.62,2,22.6,-25.22,2.777,0.0,1.528,7.25,0.2308,6.986,1.41560706513023e-12,1
23.2,0,1,21.13,1,25.6,-13.74,0.519,0.0,1.239,8.16,0.2436,90.685,0.0,1
131.8,1,2,7.78,8,-14.3,-22.26,5.878,0.0,1.49,7.19,0.2246,21.199,4.831281302939055e-100,1
104.5,1,1,13.8,7,-6.6,-37.1,5.361,0.0,1.032,7.92,0.2244,5.05,2.2097173835284378e-07,0
180.4,1,2,20.7,32,-6.7,-43.09,27.095,0.0,1.136,6.64,0.2471,1.842,0.03275231540051632,0
91.7,1,1,18.08,10,14.5,-37.56,7.976,0.0,1.082,6.76,0.2277,5.122,1.511299642446498e-07,0
123.7,1,2,21.57,16,-17.8,-27.24,11.549,0.0,1.557,8.35,0.2406,11.82,1.5313428116540362e-32,1
21.5,0,1,20.37,4,33.6,-16.1,3.018,0.0,1.418,7.1,0.2411,49.896,0.0,1
78.5,1,1,6.91,3,-26.0,-29.63,2.547,0.0,1.79,7.3,0.2287,13.947,1.6455416323975596e-44,1
52.5,0,1,24.82,2,33.3,-25.96,1.315,0.0,1.966,7.28,0.243,5.718,5.374424801874791e-09,0
46.9,0,1,23.42,8,-25.5,-27.41,6.875,0.0,1.093,7.43,0.2346,4.16,1.590054055089408e-05,0
113.4,1,2,10.75,5,-9.4,-20.59,4.408,0.0,1.159,7.45,0.2226,26.028,1.1927597740446546e-149,1
104.5,1,1,1.18,0,-13.7,-31.85,0.0,0.0,1.054,6.35,0.2206,12.346,2.5636484490627094e-35,1
71.8,1,1,7.59,3,-13.1,-34.61,5.691,2.257,2.242,6.61,0.2269,8.717,1.4334043171465459e-18,1
125.2,1,2,20.9,21,34.7,-30.55,16.505,0.0,2.75,8.54,0.2352,6.863,3.3790069580198065e-12,1
101.9,1,1,23.77,10,-0.2,-39.87,5.648,0.0,1.43,7.72,0.2336,3.83,6.419556456161537e-05,0
86.6,1,1,20.79,12,-22.2,-45.52,12.719,2.088,1.526,7.44,0.237,1.818,0.034509133932199954,0
39.4,0,1,9.92,0,33.8,-16.65,0.0,0.0,1.109,6.83,0.2328,46.133,0.0,1
108.9,1,1,1.41,0,-14.2,-36.68,1.797,0.0,1.854,7.0,0.2204,6.429,6.442914485446024e-11,0
30.6,0,1,12.94,1,-25.3,-22.26,4.17,3.705,1.28,7.61,0.2232,11.882,7.341590864344747e-33,1
101.2,1,1,9.41,6,-28.4,-37.18,5.966,0.0,1.918,6.17,0.2206,5.767,4.034502954862029e-09,0
17.9,0,1,3.07,1,0.1,-10.57,0.642,0.0,1.203,6.32,0.2215,179.559,0.0,1
102.0,1,1,2.65,1,29.7,-33.09,1.568,0.0,1.225,7.07,0.2207,10.57,2.0431513416922258e-26,1
103.0,1,1,3.83,0,-28.9,-35.34,0.0,3.216,1.115,6.62,0.2222,8.01,5.740332133747525e-16,1
78.5,1,1,5.15,1,17.1,-26.98,1.646,0.0,1.195,6.32,0.2206,20.533,5.504804258472142e-94,1
32.9,0,1,18.84,5,-13.1,-20.47,4.319,0.0,1.107,6.96,0.23,20.125,2.244895786359851e-90,1
88.9,1,1,9.54,1,-15.8,-32.2,0.696,0.0,1.938,6.81,0.226,11.361,3.26737665880101e-30,1
97.4,1,1,10.92,4,15.7,-35.2,3.038,0.0,1.372,6.74,0.2352,7.171,3.719323279184522e-13,1
63.5,0,1,14.96,1,18.6,-23.28,0.711,0.0,1.72,7.3,0.2328,6.577,2.3985564634350376e-11,0
70.1,1,1,24.0,7,6.3,-31.24,4.884,0.0,1.17,7.32,0.2504,12.277,5.994579585339179e-35,1
102.0,1,1,18.91,7,-16.9,-39.75,5.997,0.0,1.115,6.68,0.238,3.943,4.0220936424851375e-05,0
141.4,1,2,16.14,11,-29.6,-29.93,11.846,2.929,1.494,6.92,0.2314,9.732,1.096514823900827e-22,1
141.4,1,2,18.6,24,17.9,-34.79,24.163,0.0,1.09,6.62,0.2449,5.909,1.7198504950998465e-09,0
46.3,0,1,17.98,8,9.0,-26.88,7.037,0.0,2.338,6.62,0.2408,4.405,5.298153326456911e-06,0
192.4,1,2,17.26,14,-2.5,-35.74,13.314,0.0,2.019,7.84,0.2208,3.949,3.9181937852295346e-05,0
56.9,0,1,12.41,3,-16.1,-22.95,2.456,0.0,1.204,7.18,0.2244,8.973,1.449131538010854e-19,1
79.8,1,1,14.17,5,19.5,-32.0,4.493,0.0,1.035,6.85,0.2412,10.966,2.797273438664316e-28,1
134.9,1,2,11.54,16,-25.4,-26.24,10.599,0.0,1.215,7.04,0.2338,13.534,4.9110855783736635e-42,1
9.4,0,1,9.87,0,11.8,-9.56,0.0,0.0,1.546,6.95,0.2261,272.666,0.0,1
52.0,0,1,6.77,1,14.7,-22.07,1.913,0.0,1.326,6.47,0.226,12.284,5.542173532191041e-35,1
106.3,1,1,8.88,5,-15.5,-39.69,5.231,0.0,1.093,6.54,0.2306,4.648,1.6772216836214427e-06,0
10.5,0,1,10.71,0,1.4,-8.83,0.0,0.0,1.215,7.13,0.2263,302.973,0.0,1
26.3,0,1,14.48,4,3.8,-16.06,1.993,0.0,1.628,7.0,0.221,50.884,0.0,1
46.6,0,1,12.5,1,8.4,-19.56,0.576,0.0,1.513,6.88,0.2316,23.413,1.5862533049952357e-121,1
116.9,1,2,2.7,3,28.6,-18.79,1.795,0.0,1.143,6.33,0.2205,35.4,8.679794622069195e-275,1
187.7,1,2,8.5,4,5.5,-28.06,3.531,0.0,1.156,6.77,0.2231,11.222,1.5977258324295117e-29,1
71.8,1,1,9.4,1,-25.6,-26.42,1.459,0.0,1.584,7.1,0.2278,19.59,9.459984773157785e-86,1
123.7,1,2,17.67,2,-7.6,-23.04,3.525,0.0,1.26,7.38,0.2413,21.305,5.151692957683003e-101,1
12.0,0,1,8.32,1,10.8,-11.49,1.253,0.0,1.027,6.33,0.2228,177.296,0.0,1
8.1,0,1,0.2,0,-8.3,-8.14,0.0,0.0,1.374,6.87,0.2202,316.673,0.0,1
123.5,1,2,2.11,4,19.9,-20.35,2.518,0.0,2.113,6.67,0.2213,28.128,2.199196987487502e-174,1
111.7,1,2,12.42,11,-17.7,-22.42,8.065,0.0,1.133,6.99,0.2229,25.995,2.814247878600581e-149,1
164.9,1,2,4.71,5,-20.7,-24.79,3.501,0.0,1.062,6.52,0.2222,17.443,1.932363318480458e-68,1
55.1,0,1,12.37,8,-15.0,-28.26,5.242,2.279,1.007,7.14,0.2259,2.776,0.0027516542704065176,0
12.1,0,1,14.36,0,26.9,-11.53,0.0,0.0,1.852,7.09,0.2368,205.812,0.0,1
52.0,0,1,23.34,5,14.3,-29.84,7.984,0.0,1.598,7.22,0.2432,2.369,0.008923989571500665,0
23.2,0,1,16.39,4,3.8,-16.61,3.168,0.0,1.294,7.94,0.2289,46.179,0.0,1
46.1,0,1,0.78,0,-10.5,-19.19,0.721,0.0,1.171,6.49,0.2213,28.222,1.586311229370991e-175,1
137.8,1,2,9.52,6,29.7,-23.45,4.659,0.0,1.261,6.64,0.2239,19.817,1.0554653519368603e-87,1
78.8,1,1,19.84,2,27.8,-29.88,2.914,0.0,1.107,7.58,0.2351,12.646,5.849224566145124e-37,1
86.6,1,1,6.51,5,-4.0,-33.7,6.405,0.0,1.254,6.87,0.2261,8.734,1.2263190060057407e-18,1
65.4,1,1,23.12,4,18.9,-27.81,1.86,0.0,1.104,7.77,0.2531,15.782,2.0771366235481926e-56,1
33.8,0,1,13.23,4,29.4,-19.33,3.162,0.0,1.368,7.31,0.237,26.566,8.440546753482824e-156,1
72.7,1,1,2.31,1,-9.6,-30.48,1.109,4.345,1.477,6.85,0.2215,13.254,2.1248285244304734e-40,1
152.9,1,2,6.04,4,-8.6,-25.69,2.772,3.745,1.129,6.68,0.2247,15.841,8.073968130406927e-57,1
96.0,1,1,22.66,33,5.5,-56.78,23.306,0.0,1.287,6.8,0.2355,0.326,0.37204219416289736,0
8.1,0,1,24.79,0,-3.5,-9.57,0.0,0.0,1.116,7.19,0.2314,231.129,0.0,1
101.2,1,1,21.58,8,19.5,-44.35,8.705,0.0,1.205,7.16,0.2356,2.239,0.012574489062585388,0
10.6,0,1,8.02,0,4.9,-10.28,0.0,0.0,1.487,6.81,0.2211,215.802,0.0,1
88.9,1,1,19.22,1,-16.2,-31.6,1.25,0.0,1.628,6.39,0.2219,12.26,7.456599292120658e-35,1
103.0,1,1,5.56,1,-6.8,-34.8,0.482,4.303,1.204,6.79,0.2207,7.444,4.8792732038254995e-14,1
147.0,1,2,9.61,5,13.6,-24.63,5.044,0.0,1.032,7.49,0.222,16.854,4.9040850396966146e-64,1
137.8,1,2,17.43,7,-26.5,-26.49,4.983,2.644,1.032,7.29,0.228,13.518,6.125096769908847e-42,1
135.2,1,2,24.22,5,-7.8,-25.67,7.017,0.0,1.581,7.24,0.2434,14.455,1.173760975016904e-47,1
34.5,0,1,10.98,6,-29.0,-17.26,2.607,0.0,1.306,7.11,0.2344,28.851,2.449113394367922e-183,1
76.0,1,1,12.4,4,23.4,-29.59,3.123,0.0,1.241,6.53,0.2345,15.494,1.8951806307766815e-54,1
78.5,1,1,5.5,1,-22.4,-27.52,2.117,0.0,1.185,6.83,0.2231,18.683,3.430048407254497e-78,1
34.7,0,1,10.08,2,-25.0,-17.67,3.053,0.0,1.031,7.07,0.2212,37.651,1.56123420820674e-310,1
86.6,1,1,1.58,1,21.1,-28.31,0.446,0.0,1.335,6.46,0.2201,17.368,7.2286382629834955e-68,1
90.9,1,1,21.46,5,-24.2,-37.63,4.883,0.644,1.315,7.39,0.2462,5.088,1.8076757899390057e-07,0
67.2,1,1,0.58,0,14.5,-22.85,0.0,0.0,1.131,6.89,0.2208,30.171,2.8151854057710783e-200,1
26.3,0,1,17.09,0,-5.3,-14.84,0.564,0.0,1.186,6.96,0.244,64.72,0.0,1
52.0,0,1,6.83,1,23.4,-20.32,0.34,0.0,1.012,6.89,0.2299,20.949,9.606682542353462e-98,1
47.0,0,1,11.9,4,-18.1,-21.39,2.242,0.0,1.033,6.85,0.2355,14.201,4.521967012497457e-46,1
12.0,0,1,7.04,0,-24.5,-10.49,0.0,0.0,1.856,7.11,0.2242,192.139,0.0,1
5.9,0,1,10.0,0,-15.2,-8.28,0.54,0.0,1.041,6.28,0.2274,326.307,0.0,1
124.7,1,2,13.67,1,30.6,-20.8,1.971,0.0,1.115,6.64,0.2371,27.86,4.09573732966096e-171,1
21.1,0,1,16.02,1,23.9,-14.28,1.179,0.0,1.782,6.65,0.2416,69.258,0.0,1
12.1,0,1,23.51,2,-11.4,-10.94,1.223,0.0,1.476,7.76,0.233,166.88,0.0,1
22.5,0,1,8.31,1,-16.6,-14.62,1.075,0.0,1.301,7.01,0.2282,87.646,0.0,1
63.5,0,1,14.62,7,-19.8,-28.78,6.044,0.0,1.114,6.23,0.2243,2.588,0.004823042608016044,0
10.5,0,1,22.54,0,-15.6,-13.12,0.0,3.284,1.893,7.59,0.2204,105.99,0.0,1
142.3,1,2,7.26,3,-16.7,-23.04,2.616,1.199,1.116,6.62,0.2242,22.539,8.669094104852969e-113,1
131.1,1,2,21.63,1,27.7,-23.01,0.914,0.0,1.082,6.9,0.2499,19.618,5.3939831304016514e-86,1
69.5,1,1,23.94,8,-28.7,-37.77,7.304,3.663,1.003,6.74,0.2441,5.63,9.005603702481516e-09,0
29.1,0,1,21.19,2,27.2,-15.37,0.61,0.0,1.008,7.87,0.2484,61.859,0.0,1
51.0,0,1,14.25,4,-27.3,-22.99,3.601,0.0,1.042,6.58,0.2282,7.466,4.1341653790354487e-14,1
68.3,1,1,18.05,7,23.7,-27.65,4.96,0.0,1.341,8.04,0.2213,15.344,1.95564586484581e-53,1
89.4,1,1,12.03,5,-2.3,-32.14,4.157,0.0,1.339,6.53,0.2265,9.88,2.5534194388642012e-23,1
12.5,0,1,14.93,5,-25.0,-12.4,2.374,0.0,2.257,6.71,0.2301,115.45,0.0,1
113.2,1,2,24.36,7,21.9,-23.27,7.68,0.0,1.026,7.05,0.2446,20.093,4.245155492894679e-90,1
46.6,0,1,6.28,2,-13.3,-19.62,0.786,0.504,1.132,6.66,0.2294,19.16,4.016835217867373e-82,1
22.0,0,1,19.81,1,27.1,-13.28,0.696,0.0,1.096,6.73,0.2292,110.922,0.0,1
141.4,1,2,12.66,9,18.9,-24.72,4.658,0.0,1.032,6.65,0.2344,19.114,9.630210681303778e-82,1
68.5,1,1,4.42,1,33.8,-25.85,0.387,0.0,2.1,6.43,0.2259,24.759,1.2278395735746554e-135,1
180.4,1,2,16.09,20,24.1,-35.13,16.314,0.0,1.691,8.0,0.226,4.837,6.595734884072566e-07,0
22.5,0,1,19.81,0,-14.3,-16.25,0.0,3.259,1.112,6.07,0.2435,45.194,0.0,1
81.4,1,1,14.22,10,-3.4,-36.52,8.096,0.0,1.05,6.39,0.2404,6.581,2.3332202278073067e-11,0
142.3,1,2,20.94,13,15.3,-28.74,12.223,0.0,1.103,6.55,0.2444,11.49,7.438713997532129e-31,1
52.0,0,1,9.15,3,-9.5,-23.77,3.765,0.0,1.024,7.09,0.2256,7.971,7.846283106874061e-16,1
21.7,0,1,22.84,4,5.5,-18.13,2.645,0.0,2.38,8.34,0.24,33.187,8.375621586719863e-242,1
10.3,0,1,16.21,0,-14.6,-9.9,0.0,0.0,1.18,7.27,0.2384,220.065,0.0,1
46.9,0,1,20.08,11,13.1,-26.53,7.165,0.0,1.422,6.47,0.2443,3.979,3.458119209847913e-05,0
36.6,0,1,6.82,1,-7.8,-22.12,0.852,2.5,3.15,6.68,0.2274,15.1,8.038510215095403e-52,1
12.3,0,1,11.15,0,-26.4,-9.22,0.0,0.0,1.073,6.8,0.2369,241.153,0.0,1
68.5,1,1,22.74,10,32.9,-39.35,10.329,0.0,2.215,7.72,0.2494,4.755,9.903363891989742e-07,0
75.5,1,1,1.27,1,24.9,-26.51,0.855,0.0,1.027,6.32,0.2204,21.532,3.89977896071938e-103,1
34.6,0,1,10.1,0,-10.3,-19.75,2.787,0.0,1.277,6.91,0.2353,29.584,1.2004590275086546e-192,1
169.2,1,2,19.51,17,-21.6,-33.38,15.788,0.0,1.011,6.36,0.241,6.839,3.9747209241762864e-12,1
23.5,0,1,18.6,0,17.8,-16.1,1.843,0.0,1.753,7.14,0.2455,50.764,0.0,1
112.3,1,2,21.29,15,-15.7,-26.56,9.662,4.939,2.099,7.45,0.2362,12.982,7.753347992084737e-39,1
50.5,0,1,18.48,3,9.4,-25.13,5.679,0.0,1.109,6.3,0.2448,6.058,6.909399904040904e-10,0
158.9,1,2,23.68,10,20.6,-33.75,12.043,0.0,1.394,8.53,0.255,4.389,5.686077296804482e-06,0
108.9,1,1,12.46,6,-12.3,-45.06,3.902,4.675,2.022,7.44,0.2356,1.995,0.023029697171948832,0
108.9,1,1,15.61,5,-11.5,-43.95,7.7,0.0,1.013,6.91,0.2389,2.543,0.005502546922566726,0
69.5,1,1,21.19,7,-26.0,-36.77,6.523,3.611,1.14,7.26,0.2274,6.004,9.607883909354193e-10,0
19.5,0,1,17.54,3,-9.2,-13.28,1.907,0.0,1.128,7.16,0.2237,94.386,0.0,1
39.5,0,1,2.55,1,8.8,-18.26,1.302,0.0,1.412,6.06,0.2229,33.155,2.4054827610458e-241,1
46.9,0,1,9.17,3,-19.9,-23.15,1.552,2.083,1.2,6.74,0.2301,8.9,2.785087294787304e-19,1
20.4,0,1,13.81,4,32.0,-15.58,3.32,0.0,1.65,7.27,0.2329,63.418,0.0,1
29.1,0,1,18.87,1,17.0,-16.22,1.021,0.0,1.296,7.33,0.2326,55.846,0.0,1
103.0,1,1,13.59,5,-16.7,-35.38,3.735,0.0,1.095,7.4,0.2217,7.28,1.6746251220695212e-13,1
91.0,1,1,19.44,9,4.5,-37.93,6.737,0.0,1.552,7.48,0.2366,5.524,1.6578130097649286e-08,0
85.7,1,1,20.94,7,-4.6,-33.81,4.814,0.0,1.011,7.1,0.2368,8.032,4.782399203226977e-16,1
67.3,1,1,6.63,3,-5.1,-25.7,2.923,0.0,1.286,6.65,0.2272,21.633,4.376205163993108e-104,1
152.9,1,2,15.4,2,6.4,-24.52,0.99,0.0,1.345,6.54,0.2221,18.579,2.3798339092784686e-77,1
22.2,0,1,13.93,1,-23.0,-17.4,1.245,3.399,1.149,7.15,0.2289,43.174,0.0,1
146.9,1,2,5.68,6,-16.0,-24.05,5.349,0.0,1.122,7.05,0.2239,18.287,5.214905799647562e-75,1
23.4,0,1,12.25,1,-20.3,-17.23,0.987,3.177,1.827,6.57,0.2289,45.189,0.0,1
158.9,1,2,13.71,12,-18.7,-26.98,10.315,0.0,1.081,7.41,0.2211,12.126,3.8590141396008395e-34,1
32.9,0,1,20.43,1,12.6,-18.11,1.69,0.0,1.639,6.66,0.2379,38.344,0.0,1
187.7,1,2,11.52,23,34.8,-36.85,20.397,0.0,1.694,7.6,0.2233,3.412,0.0003229519704835947,0
32.8,0,1,2.02,2,12.3,-15.95,0.712,0.0,1.069,6.79,0.2228,66.453,0.0,1
58.1,0,1,12.18,1,34.0,-25.27,3.124,0.0,1.375,6.82,0.2315,5.877,2.094317952537075e-09,0
101.2,1,1,20.95,8,7.5,-42.38,6.805,0.0,1.101,7.65,0.2461,2.781,0.0027137538409408475,0
16.5,0,1,14.28,3,-11.6,-13.72,2.417,0.0,1.219,6.95,0.2308,85.369,0.0,1
135.5,1,2,7.97,12,26.7,-26.08,10.87,0.0,2.704,6.55,0.2244,15.721,5.438293988271277e-56,1
39.4,0,1,23.02,7,-25.6,-20.71,4.119,0.0,1.152,6.78,0.2294,18.38,9.4210969181457e-76,1
98.6,1,1,3.89,3,-23.3,-38.86,2.807,4.268,2.087,6.25,0.2228,5.279,6.509877725146192e-08,0
89.4,1,1,8.17,3,31.6,-31.86,1.798,0.0,1.134,6.95,0.2313,11.83,1.358585224493559e-32,1
46.1,0,1,10.93,3,12.3,-22.97,1.929,0.0,2.497,7.62,0.2352,10.506,4.070121491728839e-26,1
100.3,1,1,18.45,13,30.4,-43.62,9.298,0.0,1.004,6.59,0.246,2.444,0.007268106643715249,0
50.7,0,1,20.89,6,-21.4,-24.94,5.646,0.0,1.279,6.95,0.2444,5.951,1.3333936590001215e-09,0
83.2,1,1,1.46,1,19.9,-30.83,1.148,0.0,2.264,7.05,0.2204,14.56,2.5097001261800824e-48,1
23.2,0,1,19.8,6,-14.7,-19.64,5.864,0.0,1.289,7.69,0.2416,20.904,2.446180505236935e-97,1
9.4,0,1,18.01,1,-7.7,-11.95,0.455,1.917,1.09,6.91,0.2292,103.749,0.0,1
10.3,0,1,22.37,2,28.4,-12.3,1.468,0.0,1.669,6.87,0.2343,131.184,0.0,1
68.3,1,1,22.51,4,-3.3,-29.22,3.807,0.0,1.278,6.82,0.2356,14.984,4.680506699146003e-51,1
181.8,1,2,19.44,34,13.6,-43.08,29.899,0.0,1.842,6.91,0.2275,1.937,0.026355218818150825,0
34.6,0,1,4.76,1,27.7,-16.06,0.907,0.0,1.413,6.89,0.2215,52.129,0.0,1
119.5,1,2,7.85,2,26.6,-20.36,2.48,0.0,1.224,6.15,0.2212,30.529,5.440907220891791e-205,1
33.4,0,1,23.41,5,-29.4,-25.34,3.182,4.933,1.173,7.0,0.2361,7.938,1.0244227027856103e-15,1
90.9,1,1,14.95,2,-19.7,-34.03,2.655,0.0,1.491,6.66,0.2337,8.049,4.1646716999195175e-16,1
45.0,0,1,13.47,1,29.7,-19.88,0.531,0.0,1.425,6.65,0.2378,21.107,3.4305496898431875e-99,1
120.6,1,2,22.89,28,6.6,-28.55,22.212,0.0,1.15,6.93,0.2206,9.852,3.3603891554168745e-23,1
135.8,1,2,21.85,12,1.2,-26.21,10.804,0.0,1.6,6.18,0.2215,15.582,4.808010628993285e-55,1
46.6,0,1,18.19,5,-25.8,-24.81,4.522,0.0,1.293,7.29,0.2408,6.99,1.3740082215760623e-12,1
32.9,0,1,22.06,1,-28.4,-18.04,1.402,0.0,1.01,8.31,0.2467,31.656,3.0968662913995882e-220,1
12.0,0,1,2.85,0,32.0,-9.88,0.0,0.0,1.18,6.65,0.2201,225.752,0.0,1
26.3,0,1,18.94,1,0.8,-17.31,1.54,0.0,1.002,7.27,0.2416,45.277,0.0,1
56.4,0,1,24.14,10,21.1,-33.6,10.322,0.0,1.041,8.58,0.2403,1.028,0.15194511050728987,0
21.7,0,1,1.22,0,-15.7,-12.37,0.0,0.0,2.65,6.24,0.2209,106.23,0.0,1
42.6,0,1,5.58,1,-14.6,-18.7,1.31,0.0,1.287,6.93,0.2258,29.956,1.8571761507971227e-197,1
34.5,0,1,19.85,2,6.4,-20.42,3.494,0.0,1.077,7.2,0.2291,19.14,5.851856578196114e-82,1
103.0,1,1,13.0,1,26.9,-33.2,0.849,0.0,1.524,6.95,0.2286,9.533,7.634009853604797e-22,1
27.5,0,1,2.17,0,-11.2,-13.44,0.0,0.0,1.165,6.73,0.2218,118.667,0.0,1
70.1,1,1,6.7,1,-8.6,-29.84,1.471,4.578,1.52,6.88,0.2231,14.39,3.009299352620926e-47,1
61.9,0,1,8.1,1,5.8,-23.54,1.81,0.0,1.167,7.35,0.224,7.465,4.173579132131426e-14,1
72.7,1,1,8.03,1,-27.4,-26.73,1.274,0.0,1.055,7.07,0.2313,19.746,4.334112983616131e-87,1
75.4,1,1,21.94,11,-5.4,-35.44,9.365,0.0,1.039,6.64,0.2335,7.429,5.456915173190617e-14,1
34.9,0,1,16.55,2,6.2,-18.43,2.667,0.0,1.21,7.02,0.2269,31.501,4.263717816966439e-218,1
22.8,0,1,18.37,1,-29.7,-18.97,2.799,2.633,1.56,6.99,0.2345,28.995,3.790261894426718e-185,1
11.2,0,1,0.34,0,11.5,-8.02,0.0,0.0,1.205,6.74,0.2201,292.801,0.0,1
125.8,1,2,10.69,11,-26.7,-27.66,11.67,2.954,1.682,7.28,0.2296,11.989,2.030111452559575e-33,1
76.0,1,1,7.95,1,16.8,-27.04,1.201,0.0,1.399,6.79,0.23,17.902,5.702118967299562e-72,1
152.8,1,2,21.3,15,22.1,-31.9,15.384,0.0,1.064,6.89,0.2354,7.558,2.0439721893393336e-14,1
68.5,1,1,23.85,3,24.5,-30.7,4.832,0.0,1.698,8.74,0.2206,10.319,2.9061896008578e-25,1
158.9,1,2,10.58,13,13.8,-30.4,10.868,0.0,1.228,7.31,0.2343,8.768,9.055758540783511e-19,1
103.0,1,1,24.33,5,6.5,-42.87,7.198,0.0,1.158,8.6,0.2474,2.301,0.010693590266042474,0
86.6,1,1,0.36,0,-10.0,-34.07,0.0,4.882,1.895,6.82,0.2207,8.496,9.781397641725083e-18,1
79.5,1,1,8.14,0,-2.4,-27.14,0.0,0.0,1.798,6.25,0.2299,19.201,1.819945998852361e-82,1
52.3,0,1,19.37,7,-24.3,-24.66,4.589,0.0,1.054,7.21,0.2455,6.272,1.781590709675575e-10,0
112.4,1,2,9.0,5,16.0,-18.96,3.647,0.0,1.012,6.97,0.2324,31.234,1.8602621709442517e-214,1
102.0,1,1,23.02,14,-28.4,-44.81,12.332,0.0,1.005,7.02,0.2293,2.044,0.020469986490944912,0
33.8,0,1,5.46,3,-3.1,-17.7,3.084,0.0,1.261,7.07,0.2281,29.627,3.3783772826801374e-193,1
45.1,0,1,19.89,5,2.9,-23.09,5.084,0.0,1.156,6.78,0.2276,9.946,1.3166098688620295e-23,1
91.3,1,1,5.04,3,12.3,-31.97,1.906,0.0,1.925,6.55,0.2274,11.334,4.442562868149069e-30,1
96.0,1,1,4.93,2,-7.7,-32.04,0.857,0.0,1.122,6.98,0.226,10.829,1.2610990418011184e-27,1
102.0,1,1,11.14,4,-1.2,-35.94,2.259,0.0,2.095,7.12,0.2323,7.304,1.3923073873067936e-13,1
113.2,1,2,23.62,29,8.2,-28.51,19.807,0.0,1.527,6.6,0.2282,10.996,2.001191673951245e-28,1
32.5,0,1,14.64,0,30.0,-14.58,0.295,0.0,1.015,7.32,0.2267,73.541,0.0,1
32.9,0,1,15.88,3,13.7,-18.0,1.915,0.0,2.122,7.0,0.2237,31.855,5.6857275159041766e-223,1
26.6,0,1,0.24,0,-13.5,-12.66,0.0,0.0,1.326,6.41,0.2204,107.822,0.0,1
23.5,0,1,1.42,0,25.1,-13.86,0.555,0.0,2.574,7.04,0.222,93.205,0.0,1
68.3,1,1,1.67,1,-26.4,-24.25,1.232,0.0,1.227,6.35,0.2217,26.622,1.864982532611749e-156,1
47.0,0,1,20.49,9,-12.3,-28.62,7.967,0.0,1.263,7.34,0.2497,2.604,0.00461112565419648,0
27.5,0,1,5.92,2,-23.0,-17.83,3.606,0.0,1.38,6.3,0.2257,39.025,0.0,1
43.9,0,1,8.22,10,-0.9,-22.54,5.538,0.0,1.161,7.01,0.2202,9.583,4.700980588426699e-22,1
27.5,0,1,15.25,2,11.4,-17.52,2.242,0.0,1.175,7.98,0.2277,44.638,0.0,1
46.6,0,1,14.6,2,4.5,-21.16,1.561,0.0,1.188,7.94,0.2275,16.302,4.791109059709769e-60,1
7.1,0,1,10.26,0,22.7,-6.61,0.0,0.0,1.163,7.06,0.2266,415.884,0.0,1
22.2,0,1,0.11,0,6.9,-12.82,0.593,0.0,1.563,6.08,0.2201,113.418,0.0,1
34.9,0,1,11.24,0,-14.9,-18.51,0.0,2.755,1.34,7.5,0.2248,28.792,1.3611247850300538e-182,1
12.5,0,1,18.47,0,4.9,-10.04,0.0,0.0,1.21,7.15,0.2313,217.699,0.0,1
120.6,1,2,5.88,1,17.8,-18.81,2.143,0.0,1.021,7.0,0.2288,31.451,2.027510631917683e-217,1
12.1,0,1,17.71,2,2.7,-12.08,1.171,0.0,1.542,7.98,0.2296,142.401,0.0,1
46.9,0,1,0.38,0,-1.3,-17.45,0.0,0.0,1.059,6.45,0.2203,31.466,1.2799387273711774e-217,1
9.4,0,1,22.7,0,4.4,-8.64,0.0,0.0,1.337,7.73,0.2375,299.694,0.0,1
119.5,1,2,23.75,13,5.6,-23.66,12.81,0.0,1.59,7.76,0.227,15.563,6.4535278392823384e-55,1
96.0,1,1,0.06,0,-9.8,-34.38,0.0,3.272,1.178,6.05,0.2202,9.817,4.744301325690166e-23,1
24.4,0,1,11.45,0,25.5,-13.78,0.885,0.0,1.185,7.06,0.2238,94.719,0.0,1
181.8,1,2,10.35,10,-16.5,-31.8,8.279,0.0,1.416,6.79,0.222,7.645,1.0417899551208796e-14,1
171.3,1,2,21.05,24,-27.9,-39.21,20.063,0.0,1.517,6.37,0.2461,3.713,0.00010226975114437338,0
26.3,0,1,13.52,6,18.2,-18.07,3.429,0.0,1.23,7.39,0.2345,39.113,0.0,1
177.2,1,2,15.28,23,24.8,-37.47,21.704,0.0,2.699,6.86,0.2262,3.644,0.0001342354493125601,0
125.8,1,2,5.06,6,11.8,-21.7,6.258,0.0,1.249,6.77,0.221,23.434,9.577773678240081e-122,1
36.9,0,1,1.93,1,0.5,-14.87,0.547,0.0,1.011,6.69,0.2228,59.394,0.0,1
120.6,1,2,17.31,5,33.4,-22.36,2.849,0.0,1.148,7.97,0.2438,20.166,9.823187671091167e-91,1
112.4,1,2,15.52,13,-5.9,-22.04,8.235,1.095,1.135,6.67,0.2285,25.118,1.5840130433691684e-139,1
69.2,1,1,20.81,12,-3.6,-39.69,11.127,0.0,2.484,7.78,0.2402,3.966,3.650127612024644e-05,0
177.2,1,2,21.12,24,8.4,-36.28,19.779,0.0,1.345,8.32,0.2291,3.962,3.722302131277794e-05,0
52.0,0,1,15.78,3,-2.0,-19.9,1.912,0.0,1.288,7.32,0.2289,15.017,2.8367903566625397e-51,1
47.0,0,1,13.46,9,6.1,-26.78,7.556,0.0,1.103,6.89,0.2309,4.694,1.3412811535459484e-06,0
21.5,0,1,22.85,2,32.8,-13.15,1.803,0.0,1.036,7.19,0.2292,95.636,0.0,1
122.3,1,2,20.03,15,-14.6,-27.38,13.123,0.0,1.622,7.06,0.2229,12.74,1.778046358390581e-37,1
58.1,0,1,22.06,13,-20.3,-37.02,11.689,3.673,1.249,6.68,0.2442,0.324,0.3728034324082613,0
135.8,1,2,24.9,32,-2.5,-33.63,25.284,0.0,1.101,7.96,0.2272,5.858,2.3428478607641246e-09,0
145.8,1,2,10.09,8,2.8,-24.07,4.756,0.0,1.372,6.74,0.2245,18.789,4.6659648972811755e-79,1
23.1,0,1,17.92,1,16.4,-13.93,0.846,0.0,1.05,6.92,0.2457,88.953,0.0,1
158.6,1,2,17.2,15,32.1,-32.82,15.367,0.0,1.015,7.75,0.2356,6.288,1.6116835392489057e-10,0
169.8,1,2,4.35,2,14.8,-26.71,3.712,0.0,1.906,6.97,0.2215,14.243,2.48845160533185e-46,1
23.2,0,1,15.91,2,34.2,-13.03,0.974,0.0,1.143,6.33,0.2268,103.059,0.0,1
72.7,1,1,10.7,2,-14.0,-31.44,3.554,2.934,1.295,6.5,0.2239,11.95,3.2568083159294235e-33,1
91.7,1,1,11.27,8,-16.4,-38.44,5.934,0.0,1.524,7.49,0.235,4.788,8.410335049870687e-07,0
35.8,0,1,4.5,0,-10.1,-14.92,0.0,0.0,1.037,6.39,0.2256,63.478,0.0,1
61.2,0,1,18.62,5,21.2,-28.38,5.388,0.0,1.041,7.53,0.2353,2.873,0.0020346460033963,0
10.6,0,1,17.45,1,-17.9,-9.95,1.592,0.0,1.075,7.65,0.2237,208.593,0.0,1
45.5,0,1,13.31,3,-17.2,-22.75,3.371,0.0,1.75,7.24,0.2351,12.484,4.577957489050124e-36,1
88.9,1,1,3.92,1,-3.2,-30.35,1.624,0.0,1.194,6.96,0.2251,11.635,1.3688374687071906e-31,1
10.3,0,1,13.92,0,-9.4,-10.37,0.556,0.0,1.591,6.88,0.2312,192.632,0.0,1
93.8,1,1,2.5,0,12.0,-29.13,0.0,0.0,1.086,6.72,0.2208,15.145,4.0862672560451236e-52,1
159.0,1,2,8.48,5,27.9,-25.19,4.595,0.0,1.085,6.9,0.2288,15.126,5.4199504948681626e-52,1
177.2,1,2,9.31,14,-21.0,-33.38,11.239,3.127,2.261,7.38,0.225,6.162,3.600908207181528e-10,0
17.6,0,1,22.09,2,5.5,-13.35,2.924,0.0,1.023,7.36,0.2504,85.55,0.0,1
17.9,0,1,10.39,0,-24.3,-12.86,0.0,1.287,1.295,7.04,0.2334,119.815,0.0,1
23.1,0,1,14.96,0,-15.6,-13.41,0.0,1.056,1.272,6.99,0.2294,103.712,0.0,1
46.6,0,1,21.87,3,-9.9,-23.84,2.15,2.22,2.015,7.06,0.2215,7.799,3.118413995042537e-15,1
12.3,0,1,10.64,1,7.6,-11.03,0.303,0.0,1.077,6.61,0.2351,172.386,0.0,1
68.3,1,1,22.09,5,6.1,-31.14,4.363,0.0,1.205,6.72,0.2516,12.53,2.5501657549898278e-36,1
43.9,0,1,3.41,1,11.8,-17.16,0.3,0.0,1.236,6.14,0.2225,34.714,2.393863146364593e-264,1
83.5,1,1,9.12,10,23.2,-36.52,9.84,0.0,1.067,6.23,0.2201,6.655,1.417991750521223e-11,0
46.9,0,1,2.37,1,-17.8,-21.0,0.983,1.81,1.511,7.03,0.2229,15.846,7.447094679486091e-57,1
65.4,1,1,14.02,1,18.3,-25.64,1.201,0.0,1.776,7.82,0.2259,20.458,2.5518046752663166e-93,1
35.8,0,1,23.93,1,13.4,-17.71,0.997,0.0,1.021,7.12,0.2469,31.554,7.924649998943708e-219,1
36.6,0,1,16.42,5,-24.8,-20.57,3.12,0.0,1.616,7.58,0.2212,18.833,2.021940056264309e-79,1
102.0,1,1,15.65,13,-7.6,-48.61,14.376,0.0,1.02,7.26,0.2346,1.083,0.13946200510878232,0
36.0,0,1,6.95,0,-28.2,-17.25,0.784,0.0,2.188,6.53,0.2304,42.139,0.0,1
45.0,0,1,23.28,8,-24.1,-26.39,6.343,0.0,1.257,6.96,0.2386,5.022,2.555454611087924e-07,0
78.8,1,1,11.79,4,-11.6,-31.55,3.594,2.114,1.08,7.06,0.237,10.35,2.090180765656908e-25,1
108.9,1,1,6.68,3,-14.2,-37.17,2.126,0.0,1.552,6.57,0.2275,6.672,1.2612847555848212e-11,0
61.2,0,1,24.69,6,28.5,-24.91,3.494,0.0,1.026,8.08,0.2421,4.429,4.731539733464748e-06,0
69.5,1,1,10.58,1,28.1,-28.38,1.989,0.0,1.137,6.6,0.2334,17.952,2.3144548481118944e-72,1
123.7,1,2,9.29,3,7.6,-19.61,2.389,0.0,1.514,6.64,0.2328,29.222,5.0287414627833466e-188,1
19.5,0,1,0.87,0,17.8,-10.76,0.0,0.0,1.143,6.21,0.2211,173.287,0.0,1
9.4,0,1,4.46,0,35.0,-9.06,0.0,0.0,1.041,7.34,0.2261,270.997,0.0,1
107.4,1,1,20.23,9,-3.3,-43.11,9.995,0.0,1.262,6.81,0.222,2.529,0.005727343071281817,0
32.8,0,1,12.07,1,4.0,-15.59,1.308,0.0,1.507,6.95,0.2238,54.581,0.0,1
46.3,0,1,23.87,2,12.3,-24.22,2.087,0.0,2.04,8.47,0.2296,8.599,4.006853655552306e-18,1
34.9,0,1,2.1,0,29.8,-16.44,0.0,0.0,1.959,6.34,0.223,54.419,0.0,1
17.9,0,1,15.4,7,21.8,-14.94,3.618,0.0,1.02,8.01,0.2411,71.803,0.0,1
22.0,0,1,18.0,1,-25.8,-12.54,1.035,0.0,1.152,7.66,0.2424,99.592,0.0,1
36.9,0,1,15.53,1,16.3,-16.62,0.299,0.0,1.041,6.96,0.2386,39.118,0.0,1
135.2,1,2,13.25,8,-13.6,-25.97,11.186,0.0,1.566,6.51,0.2291,15.215,1.3984516521653797e-52,1
38.4,0,1,14.46,3,-13.4,-21.19,1.583,2.784,1.184,6.91,0.2224,16.306,4.504778062754267e-60,1
8.1,0,1,17.24,1,5.6,-9.45,0.833,0.0,1.457,7.23,0.2372,240.232,0.0,1
75.5,1,1,21.58,9,15.3,-38.15,8.789,0.0,1.743,7.68,0.2369,5.094,1.7544358189732207e-07,0
34.6,0,1,8.41,1,-19.7,-20.7,1.415,2.162,2.654,6.73,0.2255,17.636,6.541131276826837e-70,1
107.4,1,1,11.49,2,-9.6,-39.66,5.254,0.0,2.918,7.55,0.2265,3.65,0.0001311689305595605,0
45.0,0,1,15.9,5,16.5,-23.47,4.608,0.0,1.861,7.74,0.2238,10.0,7.655630320681743e-24,1
142.3,1,2,7.86,10,-20.1,-26.82,9.116,0.0,1.273,6.9,0.2252,14.496,6.403384953698766e-48,1
180.4,1,2,4.47,2,25.2,-26.99,1.825,0.0,1.561,7.04,0.2262,12.391,1.4645467638192227e-35,1
14.9,0,1,24.15,2,-0.4,-14.43,2.415,0.0,1.177,6.71,0.2272,79.584,0.0,1
30.1,0,1,4.87,0,8.1,-12.68,0.0,0.0,1.134,6.47,0.2244,91.43,0.0,1
22.8,0,1,5.82,0,-24.8,-11.63,0.0,0.0,1.715,6.81,0.2259,123.884,0.0,1
107.4,1,1,15.47,17,32.0,-46.64,12.98,0.0,1.391,7.11,0.2289,1.554,0.06008646164011554,0
32.9,0,1,1.93,0,29.0,-14.5,0.0,0.0,1.348,6.13,0.2208,72.799,0.0,1
52.3,0,1,0.85,0,-17.6,-22.9,0.0,2.426,1.792,6.97,0.2206,10.62,1.2017039897646306e-26,1
27.5,0,1,1.6,0,13.1,-14.17,0.811,0.0,1.212,7.0,0.221,82.153,0.0,1
135.8,1,2,3.08,5,21.6,-21.77,2.584,0.0,1.401,6.92,0.2223,26.267,2.3151923948210416e-152,1
76.8,1,1,10.73,5,-22.1,-33.47,6.402,0.0,1.415,7.54,0.221,9.507,9.76980903541683e-22,1
16.5,0,1,20.73,3,7.5,-12.65,1.368,0.0,1.119,8.02,0.2487,110.544,0.0,1
28.5,0,1,8.55,3,25.3,-16.55,2.889,0.0,1.457,6.59,0.22,43.314,0.0,1
177.2,1,2,10.69,7,2.9,-29.5,5.532,0.0,1.873,7.08,0.2208,10.876,7.5316103303438395e-28,1
8.1,0,1,15.01,0,30.0,-7.88,0.0,0.0,1.111,6.95,0.2351,339.879,0.0,1
135.2,1,2,7.55,1,-26.9,-23.83,2.164,0.0,2.619,7.02,0.2295,20.019,1.8771826830287814e-89,1
36.9,0,1,10.81,1,29.7,-17.48,1.138,0.0,1.046,7.31,0.2274,39.284,0.0,1
68.5,1,1,9.66,2,33.5,-25.9,1.039,0.0,1.272,6.39,0.2247,23.633,8.785414555495265e-124,1
17.9,0,1,8.55,0,-19.9,-13.22,0.0,1.706,1.477,6.9,0.2296,102.773,0.0,1
89.4,1,1,9.71,4,-2.0,-33.13,3.169,0.0,1.128,6.95,0.2327,9.319,5.853516721617814e-21,1
70.1,1,1,0.28,0,10.3,-23.77,0.0,0.0,1.724,6.04,0.2201,28.004,7.321444645389523e-173,1
23.5,0,1,22.16,1,28.1,-15.33,0.864,0.0,1.358,6.74,0.2404,69.955,0.0,1
89.4,1,1,24.43,6,-19.6,-36.96,3.622,0.0,1.007,7.99,0.2533,5.277,6.581902609522477e-08,0
69.5,1,1,21.56,8,-8.3,-33.8,7.349,0.0,2.023,7.51,0.2416,7.757,4.363886299153612e-15,1
108.9,1,1,0.14,1,21.9,-34.01,0.602,0.0,1.125,6.66,0.22,8.746,1.1032097988454787e-18,1
106.3,1,1,18.77,13,-3.3,-47.47,12.195,0.0,1.157,7.85,0.2246,1.387,0.08267365377686114,0
89.4,1,1,14.33,8,9.3,-38.27,6.404,0.0,2.908,6.35,0.2373,5.139,1.3794338187957565e-07,0
46.3,0,1,2.35,1,6.4,-18.41,1.25,0.0,1.098,6.87,0.2217,28.023,4.223020936716569e-173,1
113.4,1,2,23.32,16,33.3,-25.52,15.576,0.0,1.067,7.81,0.2281,14.327,7.403780236221373e-47,1
83.2,1,1,19.41,4,-20.8,-30.9,2.571,2.401,1.095,7.11,0.2228,11.468,9.508165957806486e-31,1
52.0,0,1,3.63,0,31.6,-18.95,0.0,0.0,1.388,6.44,0.2204,20.764,4.54097245400016e-96,1
169.2,1,2,24.1,31,6.7,-42.3,29.494,0.0,2.293,7.19,0.2386,2.099,0.01790317465361414,0
19.5,0,1,3.15,1,28.8,-12.55,0.884,0.0,1.012,6.39,0.2235,135.709,0.0,1
16.5,0,1,11.37,1,-22.3,-13.7,0.869,2.452,1.009,7.09,0.2275,89.275,0.0,1
75.4,1,1,3.97,1,11.7,-27.23,1.18,0.0,2.054,6.72,0.2224,19.753,3.8118126185695984e-87,1
39.5,0,1,3.75,0,24.6,-17.61,0.0,0.0,1.343,6.91,0.22,45.084,0.0,1
27.5,0,1,24.2,6,21.1,-19.1,4.615,0.0,1.915,7.94,0.2333,24.47,1.5477603987243658e-132,1
101.9,1,1,14.3,7,-29.4,-39.68,5.709,0.0,1.987,7.3,0.2246,4.03,2.7895507294833646e-05,0
147.0,1,2,6.48,3,-0.6,-25.65,4.02,0.0,1.984,6.9,0.2239,16.671,1.0684147752344603e-62,1
57.0,0,1,19.41,9,-22.5,-29.77,8.461,0.961,1.129,7.63,0.2217,1.822,0.034253260738090215,0
135.8,1,2,21.88,25,-20.1,-34.87,23.441,0.0,1.277,6.73,0.2387,5.48,2.1299703970068076e-08,0
15.0,0,1,22.94,0,15.9,-11.41,0.0,0.0,1.223,8.47,0.2399,145.912,0.0,1
90.5,1,1,23.32,15,32.2,-47.9,14.63,0.0,1.311,7.33,0.2495,1.295,0.09765052413745962,0
5.9,0,1,22.64,0,11.2,-7.76,0.489,0.0,1.26,7.31,0.2256,359.844,0.0,1
119.5,1,2,15.97,17,-23.3,-27.22,15.081,0.0,1.519,7.46,0.235,12.701,2.9079575693729846e-37,1
159.0,1,2,8.56,6,-14.1,-26.95,5.712,2.744,1.062,6.37,0.2311,14.437,1.5218682598272986e-47,1
67.2,1,1,23.14,6,-5.4,-30.28,5.865,0.0,1.351,7.58,0.2519,11.265,9.77005929591094e-30,1
33.8,0,1,3.06,1,-21.9,-16.94,1.168,0.0,1.116,6.15,0.2212,46.479,0.0,1
23.5,0,1,4.22,1,25.1,-13.8,0.396,0.0,1.617,6.12,0.224,101.835,0.0,1
45.0,0,1,10.85,1,-17.4,-20.17,1.213,0.0,1.883,6.39,0.2228,21.087,5.213480778083818e-99,1
134.9,1,2,7.09,6,-21.6,-23.84,6.52,2.117,2.082,7.19,0.2225,17.636,6.516988830892207e-70,1
70.1,1,1,15.39,3,17.2,-27.05,2.076,0.0,1.028,7.67,0.2365,16.822,8.488726530242439e-64,1
78.5,1,1,22.63,3,-21.8,-32.12,5.692,0.0,1.048,7.06,0.2489,9.303,6.838854045188283e-21,1
98.6,1,1,12.28,2,-3.3,-33.96,2.354,0.0,1.177,6.63,0.2267,8.654,2.4810861317636887e-18,1
21.1,0,1,13.85,1,3.5,-14.63,0.894,0.0,1.418,7.0,0.2365,80.57,0.0,1
88.9,1,1,10.58,7,-24.8,-36.71,8.323,0.0,1.004,7.29,0.2313,5.266,6.965053207795533e-08,0
98.6,1,1,17.69,0,6.1,-30.38,1.331,0.0,1.327,7.79,0.2296,10.503,4.1716289160458024e-26,1
124.7,1,2,2.52,2,1.2,-18.58,1.439,0.0,1.115,6.35,0.2211,33.682,5.314710612115187e-249,1
146.9,1,2,1.21,0,13.4,-22.45,0.0,0.0,1.184,7.03,0.2213,24.251,3.2564122778981015e-130,1
98.6,1,1,16.03,14,-15.8,-50.34,15.448,1.029,1.645,7.53,0.2406,0.768,0.22118314797397848,0
28.9,0,1,13.37,1,-6.8,-15.79,1.084,0.0,1.013,7.16,0.2219,61.179,0.0,1
58.1,0,1,10.18,0,12.9,-22.66,0.863,0.0,1.792,6.48,0.2272,9.035,8.194574486130098e-20,1
152.8,1,2,8.35,8,-27.7,-27.71,8.215,0.0,1.561,6.95,0.224,12.723,2.1925750948318786e-37,1
100.3,1,1,1.3,0,-22.5,-33.02,1.192,0.0,1.519,6.19,0.2207,11.074,8.408361447960978e-29,1
56.4,0,1,17.01,2,-11.6,-23.29,1.852,0.0,1.229,7.3,0.2249,10.597,1.543507110677839e-26,1
91.0,1,1,10.54,3,-23.1,-33.3,1.99,0.0,1.269,6.74,0.2333,9.746,9.582693009299164e-23,1
134.9,1,2,11.13,7,-27.4,-26.59,8.998,4.035,2.199,6.97,0.2319,13.206,4.035743351680532e-40,1
100.3,1,1,22.34,13,34.2,-47.89,12.314,0.0,1.56,8.32,0.2524,0.938,0.1741991405857201,0
158.6,1,2,18.44,27,-0.4,-35.73,24.672,0.0,1.031,7.12,0.2292,4.901,4.778627570383172e-07,0
96.0,1,1,5.49,2,4.7,-34.18,2.659,0.0,1.464,6.36,0.2275,9.334,5.1156269296789775e-21,1
115.3,1,2,16.43,9,-13.4,-21.95,8.733,0.0,1.235,7.21,0.2224,22.412,1.5191452846609427e-111,1
55.1,0,1,3.31,0,-29.5,-19.53,0.0,0.0,1.041,6.42,0.2249,20.193,5.609453075885322e-91,1
44.0,0,1,4.85,1,18.8,-17.62,1.107,0.0,1.05,6.24,0.2204,30.214,7.685364384322301e-201,1
90.5,1,1,17.85,5,17.0,-36.1,7.592,0.0,1.335,7.38,0.2248,6.326,1.2613952455286948e-10,0
96.0,1,1,3.15,0,33.2,-31.27,0.555,0.0,1.487,6.98,0.2238,12.173,2.1559688528818386e-34,1
23.2,0,1,7.0,0,-28.6,-12.23,0.0,0.0,1.75,6.42,0.2304,127.373,0.0,1
23.2,0,1,22.45,0,-21.1,-12.05,0.0,0.0,1.292,6.8,0.2403,126.039,0.0,1
32.5,0,1,18.46,3,16.3,-21.89,3.978,0.0,2.415,8.01,0.2438,13.723,3.686400350591487e-43,1
57.0,0,1,23.24,11,-8.5,-34.86,12.213,0.0,1.19,7.31,0.2245,0.507,0.30604706367053713,0
147.0,1,2,22.05,21,-25.9,-34.64,19.253,0.0,1.465,7.34,0.2491,5.151,1.2979412145191153e-07,0
22.5,0,1,7.81,2,-10.4,-13.42,1.885,0.0,1.399,7.33,0.2235,93.869,0.0,1
43.9,0,1,15.81,0,-24.3,-22.85,1.237,2.221,1.213,6.52,0.2428,10.775,2.2683601762807146e-27,1
148.1,1,2,9.47,14,24.4,-28.05,13.169,0.0,1.265,7.34,0.2261,10.567,2.1304885911330675e-26,1
83.2,1,1,17.43,3,27.0,-30.4,1.214,0.0,1.033,6.85,0.2404,12.747,1.6202488034895126e-37,1
36.6,0,1,8.71,3,11.4,-18.16,1.691,0.0,1.029,7.03,0.2291,39.484,0.0,1
56.0,0,1,0.03,0,-4.9,-19.8,0.0,0.0,1.335,6.15,0.2201,21.131,2.0480369243939523e-99,1
63.5,0,1,2.35,2,20.0,-23.42,1.16,0.0,1.099,6.47,0.2208,9.187,2.0146347058229522e-20,1
180.4,1,2,19.28,27,11.1,-41.71,25.098,0.0,1.12,8.11,0.2364,1.871,0.03070406916304369,0
141.4,1,2,2.1,5,21.5,-21.73,3.344,0.0,1.455,6.19,0.2207,24.735,2.2499229559377375e-135,1
152.8,1,2,14.99,12,3.2,-28.87,13.283,0.0,1.463,7.69,0.2378,9.255,1.0732354462776178e-20,1
14.9,0,1,21.44,0,32.3,-11.45,0.0,0.0,1.194,6.45,0.2464,134.913,0.0,1
148.3,1,2,18.53,8,-11.1,-28.52,6.313,4.322,1.389,7.34,0.2208,10.813,1.5004524395112953e-27,1
158.9,1,2,10.34,7,9.3,-28.46,7.6,0.0,1.037,7.25,0.2294,11.373,2.862430135507408e-30,1
159.0,1,2,5.22,2,22.5,-26.23,5.488,0.0,1.06,6.54,0.2278,15.786,1.930858940907211e-56,1
79.5,1,1,23.06,4,28.1,-38.05,9.155,0.0,1.966,8.39,0.2384,4.051,2.5533589878150243e-05,0
28.9,0,1,14.16,2,31.5,-15.29,0.636,0.0,1.194,6.85,0.238,77.712,0.0,1
65.4,1,1,10.14,3,-4.3,-25.5,2.646,0.0,1.144,6.79,0.2218,24.014,9.945218363489421e-128,1
131.8,1,2,23.55,21,15.5,-34.98,22.068,0.0,1.417,7.2,0.2458,5.501,1.8889276850476854e-08,0
159.3,1,2,5.38,3,-11.1,-24.82,4.744,0.0,1.156,6.52,0.2219,18.274,6.626722407325991e-75,1
97.4,1,1,11.06,12,12.2,-42.69,12.434,0.0,1.216,6.85,0.2247,2.482,0.006527538423823313,0
10.3,0,1,2.72,0,-18.0,-10.66,0.0,1.162,1.036,6.17,0.2224,199.469,0.0,1
7.1,0,1,3.12,0,-2.6,-8.98,0.0,0.0,1.589,6.82,0.2245,308.896,0.0,1
14.9,0,1,9.96,0,29.8,-10.22,0.0,0.0,1.015,7.46,0.2302,207.537,0.0,1
131.1,1,2,17.49,7,22.7,-25.39,6.14,0.0,1.665,7.18,0.2442,16.299,5.010945246824869e-60,1
145.8,1,2,8.47,10,2.3,-26.02,8.954,0.0,1.784,6.49,0.2294,15.907,2.820508258323175e-57,1
24.4,0,1,17.24,2,-20.5,-14.78,1.6,0.0,1.129,6.32,0.2399,71.447,0.0,1
46.9,0,1,20.13,4,-4.1,-25.44,4.21,0.0,1.026,7.37,0.246,6.577,2.4073503181844536e-11,0
147.0,1,2,21.94,17,-21.0,-32.2,18.401,0.0,1.021,7.4,0.2312,6.539,3.1060529322005647e-11,0
134.9,1,2,1.12,1,-25.5,-19.43,0.209,0.0,1.299,6.5,0.2218,30.319,3.2666072796290816e-202,1
50.5,0,1,19.34,2,28.9,-24.8,3.677,0.0,1.029,7.45,0.2445,5.72,5.329758158491879e-09,0
136.4,1,2,3.68,0,1.9,-20.9,0.484,0.0,1.033,7.12,0.2241,26.436,2.6132703434724912e-154,1
22.2,0,1,17.46,2,-24.2,-16.26,1.808,0.0,1.883,7.93,0.2383,48.693,0.0,1
159.0,1,2,9.29,9,16.6,-27.4,5.856,0.0,1.242,7.39,0.2226,13.86,5.502435465283929e-44,1
111.7,1,2,17.69,6,-25.2,-20.94,4.948,0.0,1.041,7.15,0.2459,24.925,2.012415929120726e-137,1
134.9,1,2,5.35,3,-4.2,-22.63,3.348,0.0,1.632,6.56,0.2224,25.44,4.5499791270613335e-143,1
32.5,0,1,16.12,6,-15.0,-20.1,4.642,0.0,1.035,7.52,0.2304,21.801,1.1436291935608909e-105,1
187.7,1,2,3.14,0,-19.3,-26.88,0.849,0.0,1.151,6.44,0.2207,16.646,1.623342799092802e-62,1
85.7,1,1,4.24,3,4.7,-27.9,1.634,0.0,1.023,6.46,0.2201,17.932,3.305878687511124e-72,1
34.5,0,1,15.36,2,16.8,-20.05,3.216,0.0,1.299,7.54,0.2239,24.444,2.9265737728768516e-132,1
171.3,1,2,8.42,13,1.7,-29.7,9.157,0.0,1.195,6.82,0.2278,9.918,1.742748227858457e-23,1
39.4,0,1,17.59,6,23.4,-20.66,4.382,0.0,1.292,7.27,0.2278,16.237,1.3810139587587337e-59,1
97.4,1,1,17.13,7,29.6,-40.58,7.536,0.0,1.308,6.6,0.2426,3.536,0.0002029410839384118,0
78.5,1,1,15.54,3,22.5,-32.95,5.793,0.0,1.234,6.77,0.2205,10.41,1.1209269422904305e-25,1
152.9,1,2,18.26,10,32.2,-24.65,7.714,0.0,1.679,6.28,0.2254,17.432,2.3568263283974244e-68,1
67.3,1,1,19.85,2,30.4,-25.89,1.853,0.0,1.071,7.08,0.2224,19.061,2.6833492888913352e-81,1
135.8,1,2,22.79,14,24.1,-28.47,12.019,0.0,1.369,7.43,0.2235,11.717,5.224997585062152e-32,1
59.1,0,1,2.01,0,-11.0,-23.99,0.0,3.245,1.053,6.44,0.2209,7.295,1.4900104990849685e-13,1
42.0,0,1,14.29,1,-18.7,-19.34,2.296,0.0,1.033,6.73,0.2389,19.365,7.6629429869408e-84,1
137.8,1,2,18.72,9,17.3,-26.28,7.108,0.0,1.757,7.86,0.244,13.397,3.134536751891306e-41,1
148.1,1,2,5.42,2,25.0,-22.48,2.094,0.0,1.377,6.21,0.2227,24.509,5.9554321223156325e-133,1
136.4,1,2,6.59,0,23.5,-20.78,0.0,0.0,1.011,6.69,0.2207,25.89,4.351744744488357e-148,1
81.1,1,1,6.67,1,11.8,-28.58,0.403,0.0,1.771,6.79,0.2268,17.242,6.415144406357338e-67,1
78.5,1,1,14.31,4,23.9,-30.12,3.356,0.0,1.057,7.51,0.2349,12.624,7.763607944054552e-37,1
113.4,1,2,9.15,10,16.0,-22.04,7.653,0.0,1.222,6.51,0.2327,25.2,2.0094905964223737e-140,1
142.3,1,2,16.65,15,13.2,-30.12,14.47,0.0,1.06,7.97,0.243,8.458,1.35765293417053e-17,1
88.9,1,1,15.26,13,-27.0,-43.33,12.696,0.0,1.316,6.68,0.2265,3.032,0.0012144224545526956,0
100.3,1,1,16.43,22,-0.1,-52.72,17.483,0.0,1.556,7.6,0.2418,0.552,0.2905020050412055,0
34.6,0,1,6.31,3,-27.8,-16.62,1.868,0.0,1.31,7.18,0.2256,39.503,0.0,1
61.2,0,1,19.18,6,-24.0,-30.92,6.287,0.0,1.041,6.81,0.2468,1.709,0.043749141735763046,0
147.0,1,2,16.6,9,5.2,-26.02,8.148,0.0,1.631,7.0,0.2368,14.979,5.0170225680689684e-51,1
27.5,0,1,3.27,0,-26.9,-12.24,0.0,0.0,1.375,7.1,0.2228,107.113,0.0,1
115.3,1,2,5.0,7,29.4,-20.3,4.631,0.0,1.1,6.63,0.2243,29.189,1.3185006143712752e-187,1
44.0,0,1,7.52,2,-0.7,-20.34,3.955,0.0,1.219,6.56,0.2227,14.763,1.2617559017885542e-49,1
23.4,0,1,23.4,4,15.5,-15.4,3.676,0.0,1.0,7.29,0.24,61.096,0.0,1
56.4,0,1,8.16,2,-20.4,-23.23,1.044,0.0,1.476,7.04,0.2237,9.705,1.4320144126207355e-22,1
34.5,0,1,0.5,0,25.1,-15.19,0.0,0.0,1.204,6.37,0.2203,65.753,0.0,1
51.0,0,1,3.54,0,1.1,-17.95,0.0,0.0,1.009,7.1,0.2216,24.524,4.12378027929585e-133,1
108.9,1,1,0.8,1,6.3,-33.66,0.483,0.0,1.457,6.15,0.2205,9.384,3.164761938726913e-21,1
187.7,1,2,10.07,2,12.2,-29.24,1.866,0.0,1.602,7.27,0.233,9.697,1.559584334016851e-22,1
116.9,1,2,19.93,14,5.1,-27.22,13.247,0.0,1.03,7.53,0.237,13.444,1.6619714466173365e-41,1
159.0,1,2,11.26,5,6.6,-26.07,6.929,0.0,1.918,6.94,0.2208,14.768,1.1786599964356663e-49,1
83.2,1,1,20.97,7,18.4,-37.93,7.387,0.0,1.366,7.53,0.2419,5.085,1.8347073273101344e-07,0
38.4,0,1,1.19,0,22.4,-15.51,0.0,0.0,1.766,6.49,0.2212,53.332,0.0,1
27.5,0,1,11.74,1,-10.1,-14.31,0.776,0.0,1.127,7.17,0.2218,82.769,0.0,1
50.5,0,1,19.68,3,29.9,-22.91,1.705,0.0,1.174,7.79,0.2292,11.322,5.0957917885302066e-30,1
50.7,0,1,16.87,6,-7.0,-27.27,6.817,0.0,1.374,6.94,0.2266,3.214,0.0006545422620253339,0
45.5,0,1,21.32,3,-12.3,-23.52,4.339,0.0,1.015,7.03,0.235,7.838,2.2935087065229653e-15,1
80.8,1,1,6.85,2,-9.8,-28.24,1.592,0.0,1.234,6.81,0.2241,18.009,8.253346801598322e-73,1
45.0,0,1,12.52,1,-6.7,-20.9,1.419,0.0,1.77,7.21,0.2357,19.37,6.948328932597261e-84,1
96.4,1,1,16.92,6,-9.4,-33.89,2.412,0.0,1.003,6.27,0.2301,9.354,4.233633579601993e-21,1
21.7,0,1,4.21,0,24.8,-13.62,0.0,0.0,1.215,6.19,0.2207,121.079,0.0,1
33.8,0,1,20.4,3,6.5,-19.02,2.808,0.0,1.788,7.37,0.2287,29.324,2.588893244791113e-189,1
102.0,1,1,7.79,3,32.9,-31.73,1.152,0.0,1.048,6.9,0.2216,11.252,1.1343065614487215e-29,1
152.9,1,2,2.33,0,-24.5,-21.99,0.65,0.0,1.22,6.59,0.2216,22.191,2.0975995467377113e-109,1
80.8,1,1,19.14,6,9.9,-37.73,7.704,0.0,1.699,7.89,0.2444,5.429,2.838042784125008e-08,0
89.4,1,1,17.63,7,-23.8,-40.21,9.574,0.0,1.297,6.73,0.2346,3.95,3.909993234726431e-05,0
55.1,0,1,22.09,7,-0.2,-26.65,4.954,0.0,1.605,7.7,0.2319,4.474,3.8419798421994e-06,0
32.5,0,1,22.3,3,-5.1,-17.38,2.587,0.0,1.09,8.11,0.2501,28.04,2.61276247570361e-173,1
45.1,0,1,6.96,4,14.3,-20.73,3.397,0.0,1.103,7.06,0.2248,16.417,7.167849688433043e-61,1
108.6,1,1,16.03,7,18.5,-41.02,6.303,0.0,1.633,6.63,0.2376,3.556,0.00018792102238647442,0
90.9,1,1,24.98,7,-14.5,-39.67,7.571,0.0,1.259,7.93,0.2279,4.125,1.8567961157359513e-05,0
9.4,0,1,6.1,0,-17.4,-11.15,0.0,1.15,1.426,6.69,0.2237,205.762,0.0,1
34.6,0,1,11.82,1,-2.7,-16.16,0.726,0.0,1.71,6.97,0.229,41.55,0.0,1
46.3,0,1,22.75,3,-14.3,-21.74,1.193,0.0,1.113,7.12,0.2378,15.927,2.0610485569690828e-57,1
46.6,0,1,2.58,4,14.0,-21.14,2.726,0.0,1.071,6.84,0.2231,18.133,8.708149065095675e-74,1
24.4,0,1,23.21,6,3.7,-18.12,4.724,0.0,1.826,7.13,0.2402,29.41,2.023829172089906e-190,1
131.8,1,2,12.2,4,23.8,-22.87,5.199,0.0,1.628,7.08,0.2364,22.069,3.1494836141989962e-108,1
69.2,1,1,22.33,14,33.8,-35.18,9.951,0.0,1.168,8.4,0.2507,5.712,5.569136509425034e-09,0
71.8,1,1,15.53,12,-5.4,-36.36,9.898,0.0,1.549,7.44,0.2302,5.761,4.18406093005983e-09,0
21.7,0,1,16.79,2,29.3,-16.47,1.6,0.0,1.836,7.32,0.2372,52.92,0.0,1
24.4,0,1,19.32,1,20.5,-15.37,2.256,0.0,1.346,7.78,0.2427,56.526,0.0,1
102.0,1,1,1.68,4,-20.3,-39.24,2.196,4.564,1.172,6.19,0.2213,5.129,1.458444012109211e-07,0
63.5,0,1,15.69,3,24.3,-24.08,2.638,0.0,1.04,7.89,0.2267,6.994,1.3359427340478833e-12,1
52.5,0,1,23.1,1,1.3,-24.09,1.049,0.0,1.581,6.96,0.2504,6.738,8.028215169934803e-12,1
68.3,1,1,23.9,17,16.1,-37.51,12.881,0.0,1.015,7.96,0.2413,4.724,1.156492435419092e-06,0
91.7,1,1,24.21,9,15.7,-38.47,7.077,0.0,1.099,7.77,0.2269,4.661,1.5763894283022515e-06,0
88.9,1,1,16.15,5,27.6,-36.7,5.905,0.0,1.266,7.78,0.234,5.542,1.4948893934972837e-08,0
123.7,1,2,15.83,20,19.5,-28.87,20.368,0.0,1.712,7.41,0.2253,10.282,4.253296836461526e-25,1
12.5,0,1,13.81,1,23.6,-12.5,1.242,0.0,1.846,7.5,0.2296,127.204,0.0,1
12.0,0,1,15.19,0,-9.1,-11.32,0.836,0.0,1.404,7.24,0.2357,178.608,0.0,1
107.4,1,1,15.3,11,33.3,-48.85,12.02,0.0,2.178,7.68,0.2391,1.041,0.14884652033270962,0
145.8,1,2,1.06,2,13.0,-21.13,1.867,0.0,1.564,6.49,0.2206,26.833,6.737330275947461e-159,1
34.6,0,1,2.22,0,20.3,-15.71,0.85,0.0,1.598,6.94,0.2203,55.9,0.0,1
6.0,0,1,15.49,0,25.8,-9.32,0.0,0.0,1.538,6.9,0.238,264.778,0.0,1
112.4,1,2,7.86,2,-22.0,-19.74,1.232,3.636,1.345,6.7,0.2283,28.908,4.693472564435254e-184,1
141.4,1,2,7.54,8,-8.1,-24.29,6.281,0.0,1.639,6.44,0.2272,18.977,1.3090554434776522e-80,1
76.0,1,1,4.84,1,24.3,-26.72,0.921,0.0,1.232,6.41,0.2222,21.141,1.6704160134771828e-99,1
141.4,1,2,20.03,16,29.9,-29.15,15.799,0.0,1.615,7.28,0.2213,10.548,2.5936420800888975e-26,1
102.0,1,1,24.11,18,19.1,-49.65,16.299,0.0,1.104,7.87,0.2415,0.712,0.23830596540644783,0
46.6,0,1,15.69,4,1.4,-22.2,4.146,0.0,1.128,6.6,0.2383,9.854,3.2886179186399917e-23,1
14.1,0,1,23.64,2,-13.7,-14.83,2.004,0.0,3.21,7.69,0.231,71.424,0.0,1
22.2,0,1,22.1,7,4.1,-21.0,6.362,0.0,1.629,8.02,0.2427,17.366,7.439066312755636e-68,1
142.3,1,2,5.45,9,-4.2,-25.3,8.869,0.0,1.478,6.28,0.2211,17.634,6.708716793687896e-70,1
14.9,0,1,3.84,0,27.6,-9.72,0.0,0.0,1.217,6.58,0.2242,236.278,0.0,1
103.0,1,1,5.29,3,6.9,-33.0,1.752,0.0,1.608,6.24,0.2268,10.399,1.258466717917744e-25,1
177.2,1,2,2.41,0,-4.5,-25.98,1.291,0.0,2.341,6.53,0.2215,16.427,6.14414305916593e-61,1
78.6,1,1,14.57,1,2.4,-28.5,2.043,0.0,1.43,7.22,0.223,15.878,4.4802454297517123e-57,1
69.5,1,1,7.07,4,30.7,-27.8,3.923,0.0,1.026,6.8,0.2251,17.783,4.765229475114132e-71,1
180.4,1,2,22.82,39,9.9,-43.22,28.237,0.0,1.503,6.48,0.24,1.875,0.030383001933481195,0
17.6,0,1,15.34,1,-15.1,-11.94,0.528,0.0,1.088,6.71,0.223,151.777,0.0,1
15.0,0,1,8.99,2,2.5,-11.16,1.221,0.0,1.128,6.63,0.2226,140.114,0.0,1
68.3,1,1,24.62,12,0.3,-34.88,10.286,0.0,1.108,6.75,0.2224,7.951,9.227046084471448e-16,1
102.0,1,1,23.83,21,-9.8,-56.63,15.473,4.352,2.031,7.93,0.2505,0.217,0.41399896295953115,0
59.1,0,1,19.47,3,17.9,-23.65,1.966,0.0,1.1,7.26,0.2311,8.344,3.599519203073109e-17,1
101.9,1,1,19.79,3,-12.6,-36.59,2.603,0.0,1.266,7.82,0.2368,5.174,1.1443569629493689e-07,0
32.9,0,1,24.43,5,2.0,-18.5,2.445,0.0,2.113,8.57,0.2453,28.032,3.307398195412338e-173,1
159.3,1,2,15.01,29,-1.3,-35.22,22.024,0.0,1.02,7.92,0.2257,4.443,4.439307502866417e-06,0
90.9,1,1,22.0,5,0.3,-37.64,5.623,0.0,1.861,7.2,0.2453,5.279,6.492614467539518e-08,0
47.0,0,1,1.62,0,6.8,-17.16,0.287,0.0,1.095,6.69,0.2204,35.896,1.791984844020558e-282,1
10.6,0,1,13.85,1,14.4,-10.95,0.429,0.0,1.69,7.74,0.2405,182.156,0.0,1
45.5,0,1,12.56,2,-20.7,-21.33,2.789,0.0,1.402,7.5,0.2292,15.355,1.6304743976712087e-53,1
32.5,0,1,0.94,0,-11.3,-14.59,0.0,0.0,1.486,6.73,0.2209,68.179,0.0,1
45.4,0,1,2.17,0,20.2,-19.82,1.208,0.0,1.322,6.97,0.2218,22.473,3.8312091048606044e-112,1
21.1,0,1,0.55,0,29.0,-12.19,0.0,0.0,1.505,6.2,0.2202,128.653,0.0,1
19.5,0,1,7.35,2,-27.1,-15.33,1.239,2.103,1.193,6.7,0.2256,68.52,0.0,1
158.9,1,2,1.34,2,-25.2,-25.46,3.031,4.453,1.086,6.53,0.2206,15.774,2.34399983054297e-56,1
112.3,1,2,10.58,4,30.7,-20.94,5.602,0.0,1.075,7.69,0.2333,24.946,1.1746930733227051e-137,1
152.8,1,2,20.32,1,-20.4,-26.22,2.026,1.566,1.083,6.65,0.2491,14.967,6.059665331209865e-51,1
79.5,1,1,15.35,5,33.7,-31.26,4.427,0.0,1.298,6.68,0.2286,10.874,7.6403986238738105e-28,1
180.4,1,2,16.84,4,23.8,-30.64,2.808,0.0,2.174,7.02,0.2413,8.35,3.4112926567164046e-17,1
43.9,0,1,0.79,0,-22.2,-18.34,0.0,0.716,1.341,6.55,0.2212,34.743,8.735154153763175e-265,1
12.1,0,1,20.99,1,-23.3,-11.37,0.487,0.0,1.058,7.19,0.2299,192.771,0.0,1
78.5,1,1,3.65,2,33.5,-27.1,2.074,0.0,1.026,6.27,0.2212,19.504,5.124118925576742e-85,1
63.5,0,1,7.57,2,-13.4,-26.46,3.26,0.0,1.056,6.87,0.2267,4.505,3.3108769077548585e-06,0
102.0,1,1,12.92,11,5.0,-44.84,11.547,0.0,2.044,7.19,0.2251,2.143,0.01605672035082984,0
83.5,1,1,23.25,14,-14.6,-46.57,13.743,0.0,2.047,8.77,0.2441,1.356,0.08754156022435206,0
56.4,0,1,24.95,14,9.0,-32.77,10.61,0.0,1.068,6.98,0.2298,1.001,0.15850246351070413,0
5.9,0,1,19.57,0,24.6,-9.38,0.0,0.0,1.193,7.02,0.2451,299.963,0.0,1
52.5,0,1,18.23,4,12.7,-23.74,2.964,0.0,1.464,6.34,0.2438,7.309,1.3425382170096998e-13,1
34.6,0,1,13.19,4,-27.0,-19.11,3.58,0.0,1.622,7.52,0.2303,23.697,1.9557596193369197e-124,1
72.7,1,1,16.64,10,8.7,-33.62,9.382,0.0,1.043,7.24,0.2346,7.762,4.167287644583592e-15,1
45.1,0,1,3.61,1,13.0,-17.55,0.485,0.0,1.222,6.8,0.2219,33.355,3.1317826666142097e-244,1
90.9,1,1,6.73,4,-16.9,-35.32,2.802,3.516,1.025,6.31,0.2292,7.987,6.889976591871166e-16,1
39.4,0,1,24.62,7,19.5,-20.91,4.374,0.0,1.265,6.97,0.2528,14.459,1.098106018683495e-47,1
45.4,0,1,24.49,5,10.7,-24.17,4.406,0.0,1.666,8.75,0.2429,6.464,5.106863421546846e-11,0
9.4,0,1,8.07,0,-29.4,-9.39,0.849,0.0,1.21,6.65,0.222,221.346,0.0,1
142.3,1,2,6.03,3,31.8,-22.3,2.076,0.0,1.676,6.45,0.2247,23.086,3.2068618278486295e-118,1
103.0,1,1,5.74,1,-1.0,-34.67,2.035,0.0,1.131,7.25,0.2259,7.434,5.2773910626880134e-14,1
59.1,0,1,12.12,2,-14.9,-28.04,2.261,2.874,1.439,7.09,0.2373,3.044,0.001169134653234975,0
34.5,0,1,5.59,0,-24.4,-16.18,0.965,0.0,1.076,6.11,0.2283,44.235,0.0,1
159.0,1,2,16.21,9,-5.7,-30.23,7.602,0.0,1.043,7.92,0.2391,8.452,1.4321511521723166e-17,1
91.3,1,1,1.87,0,-10.0,-32.26,0.0,1.526,3.23,6.94,0.2202,11.144,3.836565902564999e-29,1
91.3,1,1,2.59,1,-10.6,-30.96,0.956,0.0,1.968,6.76,0.2218,12.557,1.809179403936156e-36,1
8.1,0,1,6.92,1,21.6,-9.39,0.755,0.0,1.359,6.91,0.2297,241.903,0.0,1
45.0,0,1,19.44,6,12.0,-23.41,3.97,0.0,1.652,7.65,0.231,8.386,2.52168623825852e-17,1
123.5,1,2,8.08,5,-21.4,-20.82,4.406,1.264,1.246,6.99,0.2278,25.286,2.2890977475517884e-141,1
63.5,0,1,11.77,0,16.0,-21.48,0.0,0.0,1.055,6.97,0.2347,10.528,3.202092558061966e-26,1
45.5,0,1,16.42,6,17.0,-25.13,5.77,0.0,1.186,7.01,0.225,6.331,1.2202186595576937e-10,0
43.9,0,1,19.71,2,3.4,-19.98,3.054,0.0,1.735,6.14,0.2258,19.254,6.558711950644178e-83,1
12.1,0,1,7.68,0,34.7,-11.5,0.0,0.0,1.497,6.46,0.2307,179.45,0.0,1
6.0,0,1,18.27,1,-11.6,-12.82,0.551,3.573,1.782,7.42,0.2432,88.762,0.0,1
10.3,0,1,7.15,0,-26.2,-9.3,0.0,0.0,1.973,6.64,0.2252,253.403,0.0,1
141.4,1,2,16.11,10,-28.1,-25.27,7.69,0.0,2.032,6.12,0.2427,16.131,7.75635440578038e-59,1
88.9,1,1,11.27,5,-9.2,-34.08,3.103,0.0,1.157,6.86,0.2297,9.202,1.7585718325303664e-20,1
101.2,1,1,23.17,10,2.4,-42.92,10.04,0.0,1.011,7.42,0.2276,2.503,0.006156520966142085,0
181.8,1,2,24.55,35,-24.9,-44.97,32.004,0.0,1.946,7.05,0.2335,1.347,0.08891409519604959,0
5.9,0,1,19.35,0,6.8,-8.09,0.0,0.0,1.179,6.43,0.2436,348.038,0.0,1
12.3,0,1,22.89,4,28.6,-13.72,2.125,0.0,1.154,6.84,0.2388,108.604,0.0,1
32.5,0,1,3.41,0,21.8,-14.8,0.483,0.0,1.007,6.44,0.2201,73.882,0.0,1
96.0,1,1,16.36,4,13.7,-34.73,3.232,0.0,1.101,6.46,0.2325,8.374,2.7905587498560914e-17,1
108.9,1,1,4.96,4,13.0,-36.61,3.51,0.0,1.016,7.09,0.2201,6.337,1.1744220358925583e-10,0
36.6,0,1,6.92,2,17.5,-17.41,1.543,0.0,1.766,6.47,0.2217,38.94,0.0,1
125.2,1,2,13.07,3,2.1,-22.19,1.811,0.0,1.328,6.96,0.2328,26.027,1.2194283104564298e-149,1
51.0,0,1,18.55,5,-3.9,-23.57,3.467,0.0,1.003,8.22,0.2374,8.059,3.846291256438026e-16,1
131.1,1,2,18.04,5,-10.1,-25.96,4.531,4.722,1.493,6.72,0.2349,15.402,7.913262666529118e-54,1
10.3,0,1,21.74,2,-23.5,-12.23,1.007,1.457,1.754,7.39,0.2407,156.875,0.0,1
135.2,1,2,13.98,3,6.5,-24.13,5.052,0.0,1.402,6.56,0.2287,20.575,2.311372098898709e-94,1
50.7,0,1,23.16,5,0.7,-23.94,3.65,0.0,1.06,8.06,0.2202,6.942,1.938820095119825e-12,1
152.8,1,2,22.2,12,-22.3,-32.48,9.952,2.846,1.305,8.11,0.2424,6.381,8.808063939547665e-11,0
101.9,1,1,21.23,7,-12.6,-42.62,5.972,0.0,1.21,7.11,0.2432,3.011,0.0013005019949314434,0
88.9,1,1,5.74,3,21.2,-30.83,2.069,0.0,1.047,7.05,0.2248,12.197,1.6034740978481864e-34,1
65.4,1,1,13.29,3,-13.4,-26.09,2.391,0.0,1.327,7.68,0.2324,18.668,4.541009958118064e-78,1
88.9,1,1,18.41,4,-2.3,-33.29,2.34,0.0,1.921,7.12,0.2252,9.32,5.7999735539371895e-21,1
63.5,0,1,24.4,7,-19.5,-28.54,4.999,0.0,1.105,7.55,0.2296,2.578,0.00497426195150581,0
39.4,0,1,0.29,0,-19.0,-17.33,0.125,0.0,1.06,6.65,0.2206,44.572,0.0,1
98.6,1,1,8.18,2,19.2,-35.73,2.751,0.0,2.149,6.65,0.2235,7.205,2.8943100525231737e-13,1
169.2,1,2,8.56,17,-25.7,-31.59,11.107,1.497,1.796,6.42,0.2234,8.997,1.1603349311985288e-19,1
107.4,1,1,7.21,1,-11.5,-37.2,1.363,3.03,1.015,7.08,0.2287,5.466,2.3043303326489753e-08,0
98.6,1,1,20.44,4,33.8,-38.49,4.47,0.0,1.443,6.83,0.2389,4.664,1.5509998793208774e-06,0
64.6,0,1,1.13,1,0.9,-23.24,0.556,0.0,1.275,6.28,0.2202,9.687,1.706563175583915e-22,1
60.0,0,1,8.99,0,9.4,-21.61,0.0,0.0,1.095,7.5,0.2313,11.508,5.988128877720617e-31,1
10.3,0,1,17.79,1,11.7,-10.95,1.59,0.0,1.999,6.78,0.2342,159.05,0.0,1
107.4,1,1,10.17,4,-17.3,-41.42,2.911,3.987,1.058,6.92,0.2318,3.366,0.00038175146088341644,0
30.1,0,1,3.6,0,-6.0,-16.78,0.0,3.657,1.049,6.39,0.2231,37.867,0.0,1
181.8,1,2,15.27,15,-4.0,-35.69,15.767,0.0,1.142,7.08,0.2309,4.834,6.706827536466084e-07,0
34.7,0,1,13.07,2,-15.0,-15.91,1.247,0.0,1.078,6.63,0.2342,54.179,0.0,1
46.1,0,1,24.55,2,-14.8,-25.02,3.612,0.0,2.098,6.57,0.2377,5.487,2.0457219167928675e-08,0
108.9,1,1,18.71,11,9.5,-46.12,10.1,0.0,1.058,7.86,0.238,1.542,0.06147809810990653,0
76.0,1,1,24.65,11,-22.9,-40.23,8.964,3.088,1.28,6.77,0.2414,3.901,4.782405893619861e-05,0
22.2,0,1,4.66,0,-21.6,-13.33,0.741,0.0,1.451,6.76,0.2254,94.043,0.0,1
71.4,1,1,19.04,3,7.3,-32.15,4.412,0.0,1.457,6.67,0.2424,11.856,1.0052157318622e-32,1
27.5,0,1,13.79,3,-0.8,-17.11,1.973,0.0,1.037,7.97,0.2346,50.13,0.0,1
69.5,1,1,17.81,6,9.8,-32.64,5.911,0.0,1.643,7.4,0.2446,10.14,1.837691666003944e-24,1
152.8,1,2,11.69,5,-28.2,-25.59,5.043,0.0,1.073,7.41,0.237,15.056,1.573323930331744e-51,1
67.2,1,1,5.31,3,15.8,-25.0,2.018,0.0,1.772,6.62,0.2209,21.898,1.3664644011922827e-106,1
45.5,0,1,1.14,0,25.2,-18.12,0.0,0.0,1.794,6.67,0.221,31.493,5.406479541809434e-218,1
80.8,1,1,20.96,17,4.1,-41.35,12.55,0.0,1.107,6.11,0.2383,4.069,2.358863977537436e-05,0
115.3,1,2,20.37,21,24.7,-28.56,18.692,0.0,1.839,7.65,0.2214,11.062,9.545850428351806e-29,1
86.6,1,1,4.06,1,-4.0,-31.8,3.233,0.0,2.64,6.67,0.2224,11.155,3.3710198399995204e-29,1
141.4,1,2,16.13,10,-24.9,-27.89,12.344,0.0,1.3,7.06,0.2269,11.274,8.772887625967793e-30,1
5.9,0,1,18.44,3,-5.5,-13.35,1.408,2.945,1.344,7.36,0.2317,102.378,0.0,1
85.7,1,1,13.94,0,-1.0,-31.81,0.544,0.0,1.431,7.48,0.2362,11.085,7.402834182259991e-29,1
7.1,0,1,7.93,0,26.3,-8.1,0.0,0.0,1.027,6.45,0.2234,369.604,0.0,1
102.0,1,1,22.02,23,-8.2,-56.17,19.258,0.0,1.809,6.98,0.2507,0.377,0.3532095530271907,0
11.4,0,1,16.06,1,-9.5,-10.51,1.154,0.0,1.227,7.5,0.2414,182.893,0.0,1
65.1,1,1,18.01,11,27.7,-36.28,9.61,0.0,2.63,6.68,0.2371,6.886,2.862412311064972e-12,1
36.9,0,1,16.3,1,-13.7,-16.9,0.333,0.0,1.066,6.96,0.2444,37.584,1.93056597466404e-309,1
12.1,0,1,18.03,2,11.8,-11.88,1.615,0.0,1.036,6.96,0.2204,135.835,0.0,1
88.9,1,1,3.63,5,-8.8,-31.52,3.642,0.0,1.009,6.12,0.2221,12.999,6.236669218742918e-39,1
79.8,1,1,23.06,10,31.8,-41.45,12.141,0.0,1.538,8.29,0.2286,3.221,0.0006396631356660253,0
48.3,0,1,7.15,1,-17.7,-20.26,2.789,0.0,1.148,7.21,0.2219,17.633,6.83511564618021e-70,1
52.0,0,1,20.91,7,17.1,-27.88,5.843,0.0,1.105,6.82,0.2441,2.7,0.0034708194822255563,0
23.2,0,1,22.33,0,5.8,-17.45,1.871,0.0,2.212,7.74,0.2371,36.646,2.628381096975213e-294,1
113.4,1,2,16.28,3,33.6,-22.08,4.644,0.0,1.919,7.19,0.2425,20.947,1.0076075467546148e-97,1
56.0,0,1,14.96,9,34.6,-28.87,7.405,0.0,2.156,6.96,0.2289,2.264,0.011785741077144956,0
100.3,1,1,2.73,0,21.6,-30.89,0.0,0.0,1.088,6.24,0.2239,13.239,2.598501104568122e-40,1
30.6,0,1,10.91,3,-23.3,-20.28,1.838,4.078,1.052,6.5,0.2309,21.308,4.755427956261042e-101,1
181.8,1,2,15.29,9,0.5,-30.81,7.847,0.0,1.16,7.98,0.2284,7.683,7.773941288811355e-15,1
11.2,0,1,2.05,0,25.5,-9.89,0.0,0.0,1.791,6.26,0.222,237.381,0.0,1
123.7,1,2,2.79,1,11.5,-18.58,0.437,0.0,2.228,6.48,0.2237,34.76,4.821140686116589e-265,1
36.6,0,1,24.84,4,27.1,-21.86,3.548,0.0,1.37,7.79,0.2221,15.229,1.1432741241015266e-52,1
5.4,0,1,8.31,1,22.0,-10.2,1.183,0.0,1.869,6.34,0.2254,246.989,0.0,1
96.4,1,1,8.74,0,-9.7,-33.52,0.576,2.172,1.333,6.79,0.2209,9.72,1.2417113362795089e-22,1
23.4,0,1,6.29,2,-17.3,-16.99,1.235,3.292,1.159,6.54,0.2262,43.249,0.0,1
187.7,1,2,16.15,17,-9.0,-35.05,16.018,0.0,1.97,7.44,0.2205,4.501,3.380277605403094e-06,0
64.6,0,1,11.83,8,15.2,-28.27,5.93,0.0,1.274,6.77,0.2291,2.485,0.006472008943084227,0
10.5,0,1,19.76,0,1.3,-12.79,0.694,0.0,2.068,6.81,0.2258,132.877,0.0,1
60.4,0,1,12.81,2,-27.1,-24.21,2.295,0.0,1.197,7.63,0.2243,7.056,8.558689344615009e-13,1
93.8,1,1,0.39,0,18.3,-30.12,0.0,0.0,1.999,6.13,0.2204,14.299,1.1142343870745736e-46,1
108.9,1,1,12.07,7,-27.1,-43.36,5.475,3.836,2.16,6.19,0.2236,2.462,0.006904333931239195,0
87.1,1,1,1.38,1,-3.4,-28.5,0.54,0.0,1.829,7.0,0.2202,16.0,6.373552588597025e-58,1
15.0,0,1,20.67,2,0.0,-14.1,2.694,0.0,1.297,7.61,0.232,83.741,0.0,1
169.8,1,2,2.84,2,2.7,-26.11,1.313,0.0,1.509,6.69,0.2219,16.231,1.5234306670228229e-59,1
125.5,1,2,5.42,3,-21.0,-19.67,2.005,0.0,1.577,7.02,0.2233,29.053,7.075139445076864e-186,1
103.0,1,1,11.5,3,18.6,-35.9,1.908,0.0,1.936,7.06,0.2289,6.455,5.3942607380639104e-11,0
81.4,1,1,4.88,5,25.2,-30.43,3.256,0.0,1.361,6.67,0.2227,13.181,5.681044821514564e-40,1
44.0,0,1,13.48,2,15.4,-19.79,1.436,0.0,1.742,7.56,0.226,18.519,7.20556364296829e-77,1
158.9,1,2,11.52,13,31.8,-28.54,10.401,0.0,1.017,7.51,0.2287,10.802,1.680678820887496e-27,1
100.3,1,1,23.81,7,-13.3,-39.04,5.899,0.0,1.961,7.24,0.2214,4.717,1.1973311104562813e-06,0
33.4,0,1,2.21,0,-19.6,-14.58,0.0,0.0,1.046,6.14,0.2205,74.294,0.0,1
75.5,1,1,14.42,10,-25.6,-36.75,9.6,0.0,1.478,7.45,0.2394,5.748,4.523614440668079e-09,0
61.2,0,1,18.01,4,16.9,-28.67,4.992,0.0,1.39,7.74,0.2379,2.998,0.0013565671936802178,0
81.4,1,1,3.19,0,-19.5,-29.9,0.386,2.429,1.397,6.42,0.222,15.135,4.768813571314094e-52,1
135.2,1,2,15.91,18,31.0,-28.17,14.875,0.0,1.33,7.49,0.2284,11.387,2.423209609246922e-30,1
45.5,0,1,21.61,1,8.9,-21.48,0.373,0.0,2.193,8.14,0.2316,14.904,1.5538682636536775e-50,1
22.5,0,1,19.69,5,22.3,-15.68,3.658,0.0,1.227,6.59,0.2455,52.409,0.0,1
14.9,0,1,23.38,0,-1.7,-12.84,0.928,0.0,1.207,8.42,0.2541,137.586,0.0,1
146.9,1,2,18.01,7,17.8,-27.9,6.803,0.0,1.453,7.75,0.2281,12.939,1.364149228652256e-38,1
47.0,0,1,9.85,1,-1.2,-20.48,1.996,0.0,2.244,6.35,0.2303,14.536,3.5987296692181456e-48,1
12.1,0,1,23.01,0,5.0,-11.67,1.887,0.0,1.079,8.7,0.2286,120.297,0.0,1
23.1,0,1,5.63,0,20.3,-12.3,0.474,0.0,1.316,6.28,0.2262,122.286,0.0,1
152.8,1,2,14.59,12,-14.5,-29.42,9.73,0.0,1.143,6.82,0.2411,10.925,4.373919971456665e-28,1
177.2,1,2,19.14,9,27.5,-28.03,7.241,0.0,1.185,7.31,0.2211,10.756,2.7627476095469838e-27,1
90.9,1,1,21.81,16,16.6,-42.93,12.736,0.0,1.894,7.37,0.2221,2.672,0.003775396526042807,0
21.1,0,1,22.91,3,18.5,-17.04,1.93,0.0,1.666,7.22,0.2474,48.421,0.0,1
60.4,0,1,2.12,1,-14.5,-22.85,1.123,0.0,1.703,6.51,0.2217,9.633,2.8968173833328313e-22,1
64.6,0,1,18.15,2,-24.1,-28.34,4.1,0.0,1.134,7.18,0.2356,2.594,0.004743126149309263,0
91.3,1,1,5.1,0,-25.3,-28.04,0.0,0.0,1.023,6.23,0.2235,17.306,2.137434337056444e-67,1
56.6,0,1,19.48,6,12.1,-28.1,6.674,0.0,1.325,7.03,0.2216,2.909,0.001813662606944671,0
63.5,0,1,17.52,6,-20.2,-30.28,6.264,0.0,2.172,7.86,0.231,1.358,0.0872337683392832,0
152.8,1,2,4.53,4,34.9,-25.4,5.62,0.0,1.44,6.21,0.221,18.035,5.1964971664882974e-73,1
91.3,1,1,20.82,14,32.5,-41.98,12.35,0.0,1.13,7.13,0.2301,2.914,0.0017850505401482582,0
34.5,0,1,11.54,2,-28.1,-18.79,0.92,1.452,1.872,6.66,0.2235,27.869,3.1264137669369957e-171,1
90.5,1,1,13.6,1,17.1,-33.4,2.653,0.0,1.914,7.71,0.2375,8.212,1.0896056743723385e-16,1
89.4,1,1,24.29,19,-13.0,-46.12,16.571,0.0,1.134,8.16,0.2294,1.421,0.0777295228544014,0
35.8,0,1,16.42,4,-7.8,-20.42,4.363,0.0,1.091,6.67,0.2345,19.095,1.386207531884846e-81,1
43.9,0,1,14.71,3,-14.4,-20.65,1.438,0.0,1.174,7.63,0.242,15.973,9.886786222536177e-58,1
104.5,1,1,0.42,0,24.0,-32.62,0.0,0.0,1.538,6.44,0.2206,10.478,5.45265993690457e-26,1
158.9,1,2,4.98,5,28.1,-26.78,4.42,0.0,1.631,6.7,0.2249,15.856,6.350351876938311e-57,1
42.0,0,1,0.66,0,-27.4,-18.87,0.0,2.371,1.117,6.76,0.2209,29.554,2.9362907769295316e-192,1
103.0,1,1,8.33,1,-12.4,-34.33,0.445,1.824,1.032,7.2,0.2266,7.359,9.267566639978278e-14,1
78.8,1,1,8.61,0,-0.8,-26.19,0.794,0.0,1.012,7.2,0.2266,20.036,1.3410583068881258e-89,1
76.0,1,1,13.26,3,3.9,-28.68,2.311,0.0,1.329,6.86,0.2374,15.644,1.8258278467131685e-55,1
192.4,1,2,17.24,32,-24.3,-42.67,26.801,0.0,1.174,7.23,0.2391,1.839,0.032976215329648985,0
78.8,1,1,4.48,2,24.0,-27.05,1.075,0.0,1.497,6.46,0.2259,20.433,4.269758671051009e-93,1
45.4,0,1,15.04,7,30.7,-26.58,7.093,0.0,1.041,6.69,0.2204,5.159,1.2418241813656924e-07,0
49.7,0,1,22.92,7,-3.8,-29.41,7.813,0.0,1.653,6.31,0.2536,2.315,0.01030809270689262,0
65.4,1,1,4.63,3,25.7,-27.46,3.21,0.0,2.541,7.2,0.2247,18.33,2.386084718864905e-75,1
8.1,0,1,16.48,0,14.0,-10.34,0.0,0.0,1.999,6.08,0.243,210.572,0.0,1
12.5,0,1,1.14,1,8.5,-9.99,0.595,0.0,1.559,6.99,0.2214,207.323,0.0,1
97.4,1,1,13.28,9,23.2,-41.72,8.09,0.0,1.576,6.41,0.234,3.332,0.0004304156747203877,0
56.9,0,1,18.54,9,0.7,-28.44,7.334,0.0,1.099,7.41,0.222,2.677,0.0037137345871211948,0
102.0,1,1,0.85,1,5.6,-32.78,1.271,0.0,1.334,6.87,0.2202,10.246,6.17673633485267e-25,1
12.1,0,1,8.34,0,-12.1,-9.59,0.0,0.0,1.605,6.71,0.2229,208.769,0.0,1
42.0,0,1,21.95,2,16.3,-22.28,2.058,0.0,1.471,8.17,0.2362,12.514,3.1349311963175544e-36,1
22.2,0,1,5.64,0,-19.7,-13.15,1.078,0.0,1.001,7.15,0.2269,96.728,0.0,1
61.2,0,1,18.07,2,-14.2,-25.4,1.402,0.0,1.761,7.7,0.2267,6.258,1.9480275339036178e-10,0
44.0,0,1,15.31,4,1.2,-23.15,2.889,0.0,2.884,6.89,0.2425,11.708,5.822396918322705e-32,1
33.8,0,1,4.09,1,-5.0,-15.68,0.749,0.0,1.209,6.97,0.2242,53.581,0.0,1
177.2,1,2,18.54,3,-14.4,-30.1,2.421,0.0,1.423,7.25,0.2409,9.285,8.090880181637098e-21,1
16.3,0,1,13.3,1,-17.5,-13.99,1.164,0.798,1.424,7.09,0.2383,109.617,0.0,1
90.5,1,1,2.8,0,26.0,-29.36,0.0,0.0,1.906,6.34,0.2222,15.67,1.2045362070790643e-55,1
70.1,1,1,23.73,1,8.4,-26.57,1.969,0.0,1.116,8.23,0.2252,16.681,9.067440084566302e-63,1
69.5,1,1,12.3,4,-5.5,-28.5,3.243,0.0,1.887,6.65,0.228,17.446,1.8595828151859157e-68,1
23.4,0,1,18.63,1,25.0,-15.75,1.233,0.0,1.803,7.23,0.2348,57.43,0.0,1
46.3,0,1,5.44,2,23.6,-22.15,2.652,0.0,1.99,7.01,0.2279,11.335,4.379841461264324e-30,1
74.0,1,1,3.43,0,-22.8,-25.01,0.0,0.0,1.107,6.03,0.2208,26.704,2.0865968577750707e-157,1
56.0,0,1,18.53,10,6.9,-27.97,6.425,0.0,1.544,8.0,0.2291,2.989,0.0013999769468276404,0
90.9,1,1,16.85,9,-10.1,-44.45,11.155,0.0,1.478,6.68,0.239,2.445,0.00724286273373795,0
115.3,1,2,6.85,6,5.2,-20.89,4.31,0.0,1.333,7.44,0.2273,27.503,8.141431284343663e-167,1
46.1,0,1,18.66,7,16.7,-22.48,3.952,0.0,1.42,8.41,0.2434,10.206,9.33610406035665e-25,1
32.5,0,1,12.62,4,-29.4,-21.15,3.843,0.0,2.32,7.39,0.2387,17.238,6.931907904853043e-67,1
46.6,0,1,8.71,4,3.4,-21.98,4.263,0.0,1.217,6.89,0.2274,11.574,2.781628754287689e-31,1
27.5,0,1,19.67,2,-11.0,-16.23,1.452,0.0,1.531,7.52,0.2454,49.871,0.0,1
159.0,1,2,15.42,19,4.7,-34.93,18.59,0.0,1.167,7.9,0.2423,4.761,9.650290150592266e-07,0
10.3,0,1,12.68,1,-22.9,-10.32,0.384,0.0,1.271,6.55,0.2229,180.544,0.0,1
69.2,1,1,19.33,6,23.1,-33.56,6.76,0.0,1.014,8.1,0.237,8.741,1.150700893027938e-18,1
124.7,1,2,13.62,10,5.3,-24.52,8.901,0.0,1.447,6.71,0.2293,18.366,1.2279137968859105e-75,1
49.7,0,1,23.46,14,-16.3,-30.65,10.712,0.0,1.077,7.35,0.2475,1.689,0.045581645700448155,0
28.5,0,1,20.45,0,20.0,-16.08,2.036,0.0,1.238,6.53,0.2261,42.688,0.0,1
124.7,1,2,8.95,5,-27.5,-22.25,6.421,0.0,1.209,6.71,0.2321,24.021,8.381463969040827e-128,1
45.1,0,1,11.62,4,8.5,-22.39,3.011,0.0,1.149,6.62,0.2278,14.801,7.204259554210951e-50,1
59.1,0,1,23.93,10,2.6,-29.61,8.946,0.0,1.049,7.74,0.2331,1.606,0.05413763592217588,0
49.7,0,1,22.38,4,-27.4,-25.11,2.609,0.0,2.173,7.8,0.2446,6.383,8.676233185063383e-11,0
38.4,0,1,4.78,2,-13.8,-22.22,1.23,4.971,1.416,6.65,0.2226,10.957,3.09031941941757e-28,1
113.2,1,2,6.86,6,-25.0,-19.54,4.693,0.0,1.427,6.35,0.2297,30.438,8.57950184129681e-204,1
19.5,0,1,9.11,0,17.6,-11.29,0.0,0.0,1.314,7.18,0.232,167.976,0.0,1
80.8,1,1,22.0,7,15.9,-30.49,4.584,0.0,1.764,7.63,0.2211,11.507,6.064764358381022e-31,1
22.0,0,1,23.19,8,-24.2,-23.03,7.09,2.306,1.803,8.36,0.2269,10.992,2.080208781255534e-28,1
108.9,1,1,20.06,9,-22.9,-48.93,7.942,3.128,1.396,7.21,0.2426,1.059,0.14475437539321073,0
103.0,1,1,6.89,5,27.2,-34.41,3.159,0.0,1.001,6.7,0.2256,8.263,7.073700103509409e-17,1
71.4,1,1,22.18,8,-16.9,-32.72,6.754,0.0,1.66,7.96,0.2231,8.543,6.532520921604776e-18,1
44.0,0,1,0.82,0,-10.3,-17.66,0.0,0.0,1.046,6.26,0.2207,41.361,0.0,1
21.7,0,1,10.57,2,14.5,-13.09,0.791,0.0,1.397,6.95,0.2206,114.829,0.0,1
74.0,1,1,9.44,6,-26.1,-30.18,3.958,0.626,1.334,6.96,0.2242,13.662,8.575166560744638e-43,1
125.8,1,2,13.38,12,31.6,-24.59,10.665,0.0,1.23,7.7,0.2235,15.96,1.2229476065984658e-57,1
52.5,0,1,14.02,0,-28.5,-21.21,0.679,0.0,1.415,6.19,0.2379,16.535,1.0333549252659325e-61,1
74.0,1,1,5.64,2,25.2,-27.54,1.873,0.0,1.202,6.26,0.2272,19.602,7.450640184523176e-86,1
57.0,0,1,5.11,1,-6.5,-23.27,1.121,0.898,1.651,6.43,0.2265,9.278,8.619187556816118e-21,1
81.1,1,1,20.09,8,-20.2,-42.12,11.256,0.0,2.481,7.46,0.2212,3.092,0.0009942665724404995,0
164.9,1,2,1.9,0,-5.5,-26.15,0.0,4.059,1.085,6.25,0.2222,17.96,2.0010662668869392e-72,1
135.8,1,2,12.33,15,33.2,-29.74,18.581,0.0,1.123,6.24,0.2312,10.967,2.74553878687768e-28,1
42.6,0,1,4.79,1,4.4,-16.77,0.394,0.0,1.061,6.47,0.2249,37.882,0.0,1
70.1,1,1,7.99,3,-26.1,-28.56,4.751,0.0,1.664,6.54,0.2211,17.614,9.554283539192193e-70,1
78.8,1,1,6.93,2,31.2,-28.53,2.755,0.0,1.689,7.09,0.2221,15.836,8.764390250777322e-57,1
36.6,0,1,17.71,4,-20.7,-17.96,1.512,0.0,1.388,7.0,0.226,32.864,3.61417071435514e-237,1
14.1,0,1,11.4,0,-26.4,-17.16,1.422,4.674,1.496,6.63,0.2233,40.859,0.0,1
34.9,0,1,7.49,0,-27.0,-22.98,2.073,4.853,1.38,7.09,0.227,12.086,6.228085533091397e-34,1
34.9,0,1,20.78,7,23.7,-23.54,7.532,0.0,2.054,8.13,0.2304,9.111,4.0944608213431767e-20,1
28.5,0,1,2.14,0,-20.1,-14.2,0.622,0.0,1.124,6.16,0.2219,86.671,0.0,1
36.6,0,1,19.16,0,-18.4,-24.77,2.142,3.114,2.463,8.27,0.241,8.482,1.1056133846764816e-17,1
76.8,1,1,6.21,4,31.4,-27.61,2.319,0.0,1.111,6.54,0.2251,17.551,2.9390254474208194e-69,1
32.9,0,1,22.95,3,9.8,-18.66,3.168,0.0,1.082,7.98,0.2357,28.995,3.809479212271186e-185,1
5.9,0,1,0.14,0,-11.4,-7.54,0.0,0.0,1.039,6.18,0.2204,370.52,0.0,1
112.4,1,2,13.92,7,8.1,-23.78,8.42,0.0,1.202,7.99,0.2333,18.377,1.0029243384120815e-75,1
80.8,1,1,15.56,13,-14.2,-41.91,10.877,1.319,2.124,6.9,0.2363,3.373,0.00037126618305021586,0
17.9,0,1,14.43,2,2.1,-13.71,0.764,0.0,1.516,6.82,0.2239,95.222,0.0,1
23.5,0,1,20.38,2,-8.2,-15.88,1.397,0.0,1.595,7.46,0.2386,62.275,0.0,1
88.9,1,1,2.8,0,10.5,-29.09,0.56,0.0,1.342,7.03,0.2222,14.684,4.076236381069438e-49,1
14.9,0,1,10.39,1,19.3,-12.13,1.526,0.0,2.012,6.15,0.2347,121.18,0.0,1
49.7,0,1,21.59,8,-7.3,-29.01,7.563,0.0,1.166,6.46,0.2441,2.492,0.006355682636233837,0
171.3,1,2,22.22,28,-20.6,-38.76,23.644,0.0,1.932,6.65,0.2484,3.193,0.0007042658609536672,0
108.9,1,1,12.46,2,-6.9,-39.43,3.196,0.0,1.138,6.4,0.2324,4.953,3.659055581264618e-07,0
23.1,0,1,13.95,4,19.3,-14.39,2.687,0.0,1.015,6.78,0.2268,73.237,0.0,1
35.8,0,1,19.1,0,21.2,-20.54,2.21,0.0,2.15,7.52,0.2389,22.371,3.808104969705544e-111,1
102.0,1,1,19.49,11,21.1,-44.23,9.02,0.0,1.011,7.41,0.2483,1.953,0.02538911388117881,0
122.3,1,2,22.2,19,33.3,-29.14,16.945,0.0,1.152,6.97,0.2307,10.751,2.9467584501389438e-27,1
72.7,1,1,21.1,5,23.6,-37.21,12.347,0.0,1.074,6.89,0.2254,5.284,6.308572530994948e-08,0
12.0,0,1,10.36,0,33.0,-10.39,0.74,0.0,1.385,6.76,0.2249,197.2,0.0,1
22.2,0,1,16.24,1,10.7,-13.67,0.475,0.0,1.329,6.52,0.239,94.593,0.0,1
120.6,1,2,12.08,9,-15.1,-23.99,8.696,0.0,1.415,7.31,0.2219,18.8,3.780883350321166e-79,1
44.0,0,1,2.95,0,9.5,-17.88,1.048,0.0,1.289,6.99,0.2241,30.963,8.492391001460057e-211,1
65.1,1,1,20.54,1,-17.1,-26.54,1.772,0.0,1.159,7.9,0.2424,18.298,4.3008906137297086e-75,1
19.5,0,1,15.04,2,-24.5,-14.7,1.991,0.0,1.895,6.44,0.2342,71.544,0.0,1
65.1,1,1,1.45,1,-10.4,-23.25,0.744,0.0,1.179,6.56,0.2206,28.139,1.6231578556864843e-174,1
135.5,1,2,16.92,0,-6.4,-23.76,0.478,4.186,1.182,6.5,0.2339,21.692,1.2202809429119602e-104,1
12.5,0,1,7.08,1,16.1,-11.43,0.51,0.0,1.41,7.08,0.2202,180.151,0.0,1
38.4,0,1,1.73,3,-6.4,-20.07,2.507,0.0,2.558,6.3,0.2216,22.09,1.9593447724250298e-108,1
56.0,0,1,15.16,10,-29.8,-28.13,6.772,0.0,1.965,6.88,0.2274,2.897,0.0018814376663756746,0
181.8,1,2,18.31,22,29.6,-40.19,23.673,0.0,1.232,7.6,0.2347,2.47,0.006765096539229162,0
32.8,0,1,12.93,8,8.3,-21.0,6.182,0.0,1.478,7.37,0.227,14.822,5.269108742630521e-50,1
22.5,0,1,0.14,0,-16.3,-14.1,0.0,2.766,1.167,6.52,0.2204,78.78,0.0,1
106.3,1,1,14.42,5,-13.6,-44.33,5.873,3.327,1.218,7.04,0.2323,2.276,0.011430780906698749,0
59.1,0,1,0.17,0,-21.9,-21.07,0.0,0.0,1.524,6.62,0.2207,13.121,1.2534026479688849e-39,1
12.0,0,1,23.16,0,28.9,-10.13,0.698,0.0,1.175,8.49,0.2542,195.801,0.0,1
22.0,0,1,6.68,0,-15.0,-15.56,0.0,3.642,1.263,6.89,0.2264,56.497,0.0,1
135.8,1,2,21.78,12,31.1,-26.0,9.972,0.0,1.025,6.68,0.2246,14.418,2.0054951206821294e-47,1
22.5,0,1,0.3,0,-12.8,-12.76,0.0,0.0,1.582,6.3,0.2203,138.793,0.0,1
26.6,0,1,2.43,0,22.0,-12.61,0.0,0.0,1.232,6.63,0.2236,113.737,0.0,1
61.2,0,1,11.29,1,-29.3,-23.25,0.989,0.0,1.394,6.12,0.2313,8.078,3.2791621993044056e-16,1
131.8,1,2,18.97,10,1.4,-24.17,8.196,0.0,1.035,6.87,0.237,17.94,2.855559822514992e-72,1
108.9,1,1,23.56,22,-6.0,-50.95,15.676,0.0,1.074,6.56,0.2216,0.878,0.18997210432030553,0
45.0,0,1,13.03,2,-8.3,-20.29,1.796,0.0,1.321,7.25,0.2385,18.811,3.0576174845207734e-79,1
72.7,1,1,8.89,4,34.5,-30.24,5.288,0.0,1.08,6.69,0.2221,14.232,2.907184463306097e-46,1
36.0,0,1,1.11,0,16.9,-14.05,0.0,0.0,1.066,6.93,0.2209,62.785,0.0,1
61.2,0,1,14.59,7,-13.4,-28.86,6.544,0.0,1.107,7.32,0.2269,2.416,0.0078368984452677,0
72.7,1,1,9.5,1,18.9,-27.98,2.237,0.0,1.13,6.72,0.2255,18.777,5.782896890719895e-79,1
65.4,1,1,22.73,9,-21.6,-32.57,7.961,0.0,2.304,6.7,0.2317,10.575,1.9510588851253723e-26,1
93.8,1,1,12.0,9,30.2,-38.23,6.512,0.0,1.557,6.83,0.2247,5.337,4.734626232755637e-08,0
71.4,1,1,19.14,9,-2.3,-31.24,7.633,0.0,1.112,7.63,0.2275,9.232,1.3303893732073579e-20,1
23.4,0,1,21.21,5,-17.6,-19.62,2.521,2.979,1.597,7.58,0.223,29.002,3.088195957002661e-185,1
27.5,0,1,2.46,0,-12.3,-12.35,0.0,0.0,1.112,6.52,0.2203,104.126,0.0,1
16.5,0,1,11.02,0,-19.9,-12.67,0.0,0.0,2.693,7.37,0.2271,106.398,0.0,1
112.4,1,2,22.34,8,30.5,-22.67,9.101,0.0,1.594,6.83,0.2228,22.268,3.802378135263196e-110,1
145.8,1,2,10.61,2,-10.1,-24.1,3.945,0.0,2.395,7.77,0.2257,16.493,2.067247847855727e-61,1
63.5,0,1,14.13,4,-20.7,-27.11,3.999,0.0,1.508,7.15,0.2255,3.518,0.0002176307298085958,0
43.9,0,1,21.83,2,22.8,-19.37,2.125,0.0,1.056,7.91,0.2363,20.33,3.507804346519294e-92,1
34.5,0,1,5.81,0,-16.1,-16.89,0.0,2.218,1.19,6.69,0.2258,41.232,0.0,1
56.6,0,1,22.36,11,-23.9,-32.17,8.843,0.0,1.741,7.47,0.2335,1.196,0.11591698045468907,0
79.8,1,1,9.93,7,13.4,-33.87,6.512,0.0,2.575,6.54,0.2268,9.031,8.482531629159992e-20,1
45.1,0,1,14.83,3,-29.5,-22.03,2.031,0.0,1.467,6.16,0.2426,12.27,6.577121512374073e-35,1
46.6,0,1,8.2,1,24.1,-19.26,0.665,0.0,1.105,6.86,0.2254,27.129,2.2568297437198256e-162,1
22.8,0,1,13.18,1,6.6,-13.14,0.592,0.0,1.469,7.19,0.2282,93.35,0.0,1
107.4,1,1,1.23,1,-14.0,-41.07,2.914,4.627,1.033,6.85,0.2213,4.162,1.574738400422401e-05,0
12.0,0,1,1.63,0,0.8,-9.16,0.0,0.0,1.194,6.87,0.2201,254.948,0.0,1
76.8,1,1,10.37,7,-12.9,-32.08,5.396,0.0,1.41,6.16,0.2279,12.557,1.825236778848708e-36,1
63.5,0,1,8.37,6,4.6,-27.41,5.935,0.0,1.161,7.11,0.2205,2.755,0.002931414483394592,0
142.3,1,2,15.39,11,7.2,-25.35,7.342,0.0,1.176,7.11,0.2264,14.895,1.7774675580795037e-50,1
98.6,1,1,0.95,1,20.2,-31.02,0.589,0.0,1.463,6.92,0.2211,11.211,1.806228795754782e-29,1
12.1,0,1,4.19,1,0.3,-11.78,0.581,0.0,2.501,6.69,0.2213,165.1,0.0,1
22.0,0,1,5.24,3,21.1,-14.27,2.108,0.0,1.13,6.22,0.2239,81.513,0.0,1
22.5,0,1,11.01,0,-25.5,-12.64,0.0,0.0,1.23,6.47,0.232,110.708,0.0,1
69.5,1,1,6.17,3,29.9,-26.98,1.833,0.0,1.089,7.02,0.2291,19.711,8.62271301536045e-87,1
88.9,1,1,3.44,1,-17.9,-30.44,1.482,0.0,1.419,6.23,0.2237,13.332,7.542485708805113e-41,1
12.3,0,1,14.94,0,24.4,-9.91,0.461,0.0,1.645,7.82,0.2398,183.998,0.0,1
147.0,1,2,18.6,10,2.2,-25.79,8.887,0.0,1.336,7.96,0.2257,12.558,1.800711706680552e-36,1
46.9,0,1,17.13,3,-23.2,-22.08,4.17,0.0,1.086,7.14,0.2224,13.339,6.870949077742768e-41,1
68.3,1,1,6.9,1,-6.6,-25.86,1.485,0.0,1.202,6.1,0.2252,24.27,2.0096515812821526e-130,1
63.5,0,1,21.36,7,29.7,-28.46,5.767,0.0,1.033,7.13,0.2383,2.327,0.009993624623028679,0
102.0,1,1,15.3,16,24.3,-47.72,13.641,0.0,1.696,7.29,0.2274,1.393,0.08176158206172102,0
103.0,1,1,15.37,4,17.0,-35.38,2.569,0.0,1.305,7.61,0.2366,5.756,4.304330267327219e-09,0
75.4,1,1,5.32,1,-5.3,-26.98,1.187,0.0,1.748,6.35,0.2245,21.075,6.709740429632945e-99,1
21.7,0,1,6.06,1,8.3,-14.04,1.235,0.0,1.882,6.48,0.2254,83.906,0.0,1
33.8,0,1,11.87,0,-14.9,-18.77,0.0,4.796,1.012,7.05,0.2363,20.295,7.168249208529019e-92,1
69.2,1,1,5.95,2,12.1,-23.89,1.232,0.0,1.032,6.65,0.2215,26.505,4.2047549959375804e-155,1
51.0,0,1,17.2,4,-13.0,-22.81,4.296,0.0,1.192,7.29,0.2287,9.616,3.4109939922399565e-22,1
76.0,1,1,7.71,2,23.9,-26.07,0.457,0.0,1.382,6.75,0.2288,20.996,3.538053353521334e-98,1
126.5,1,2,3.8,3,15.8,-20.97,1.386,0.0,2.048,7.15,0.2228,28.898,6.356508495526415e-184,1
69.5,1,1,3.79,1,-4.9,-23.82,0.551,0.0,1.398,6.66,0.2251,25.29,2.042675800836485e-141,1
5.4,0,1,3.18,0,12.9,-8.21,0.0,0.0,1.073,7.02,0.2208,381.971,0.0,1
177.2,1,2,10.99,15,-8.9,-33.41,15.276,0.0,1.899,6.98,0.2277,6.031,8.16982424156e-10,0
137.8,1,2,0.08,1,-19.9,-22.75,0.943,3.152,1.425,6.69,0.2205,23.575,3.465777151291955e-123,1
102.0,1,1,13.56,1,-14.7,-35.2,2.202,0.0,1.012,7.02,0.233,6.746,7.61188765099328e-12,1
12.5,0,1,7.46,0,-12.3,-10.59,0.0,0.0,1.665,6.55,0.2219,233.107,0.0,1
47.0,0,1,13.81,7,-15.3,-23.52,3.884,0.0,1.053,7.28,0.2348,11.527,4.796928033955102e-31,1
125.8,1,2,23.39,16,14.1,-29.71,19.345,0.0,1.942,7.33,0.2391,8.721,1.379734073929599e-18,1
96.4,1,1,21.73,17,18.1,-45.78,11.974,0.0,2.062,8.15,0.2517,1.491,0.06803005339353935,0
21.7,0,1,14.41,1,-0.3,-13.7,1.497,0.0,1.097,7.46,0.2337,84.162,0.0,1
22.5,0,1,10.45,3,34.2,-13.74,1.704,0.0,1.3,7.81,0.225,92.58,0.0,1
86.6,1,1,17.46,6,27.9,-32.53,2.936,0.0,1.352,7.35,0.2342,9.831,4.1479063753233786e-23,1
29.1,0,1,23.08,2,-24.3,-15.96,1.618,0.0,1.008,8.12,0.2251,51.852,0.0,1
12.5,0,1,12.24,1,-0.1,-10.86,0.523,0.0,1.091,6.65,0.2337,174.172,0.0,1
55.1,0,1,2.48,0,29.1,-20.23,0.0,0.0,1.487,6.27,0.2232,17.361,8.11339685765565e-68,1
12.3,0,1,19.15,2,-15.7,-11.61,2.313,0.0,1.134,7.41,0.2372,138.485,0.0,1
90.9,1,1,0.26,0,-5.4,-32.93,0.0,4.01,1.571,6.77,0.2203,9.513,9.275440496230091e-22,1
70.1,1,1,19.12,8,31.6,-33.3,9.46,0.0,1.147,6.73,0.2231,9.485,1.2160130211931293e-21,1
56.4,0,1,2.12,1,20.4,-20.22,0.665,0.0,1.022,7.07,0.2206,17.607,1.0963186488944054e-69,1
122.3,1,2,2.67,2,24.1,-18.46,0.731,0.0,1.088,6.25,0.2238,33.687,4.526589281411886e-249,1
124.7,1,2,19.54,11,27.2,-26.26,9.723,0.0,1.493,6.19,0.2316,18.633,8.660045027940674e-78,1
64.6,0,1,17.24,3,-18.9,-29.04,4.374,0.0,1.485,6.92,0.2404,2.328,0.009966173166630057,0
126.5,1,2,14.05,9,15.5,-24.94,6.189,0.0,3.57,7.28,0.2388,17.175,2.043771674556831e-66,1
29.1,0,1,20.51,6,22.2,-19.21,4.783,0.0,1.2,7.34,0.2228,29.467,3.818232723943899e-191,1
16.3,0,1,21.28,3,-15.3,-13.37,2.484,0.0,1.05,7.09,0.2487,95.68,0.0,1
69.2,1,1,11.44,4,-27.2,-30.5,4.122,0.0,3.462,7.3,0.2235,12.633,6.92642349487998e-37,1
113.2,1,2,24.91,6,-18.4,-19.73,3.557,0.0,1.003,8.68,0.2492,24.134,5.540687214123966e-129,1
36.0,0,1,8.94,2,18.2,-17.0,2.109,0.0,1.051,6.94,0.2236,43.237,0.0,1
116.9,1,2,4.29,2,15.1,-18.82,0.979,0.0,1.376,6.88,0.2255,32.811,2.072094419796727e-236,1
64.6,0,1,21.15,3,28.0,-27.5,4.55,0.0,1.282,7.44,0.2345,2.887,0.0019449381793041746,0
88.9,1,1,10.39,1,-9.4,-31.06,2.022,0.0,1.363,7.18,0.2274,11.447,1.2202905670560612e-30,1
96.4,1,1,21.86,19,10.4,-47.16,13.847,0.0,1.181,7.32,0.2391,1.548,0.06077962916114967,0
36.0,0,1,1.53,1,-28.3,-21.69,0.464,4.766,1.129,6.16,0.2225,16.418,7.108459100368119e-61,1
63.5,0,1,2.78,3,30.8,-25.57,2.229,0.0,2.682,6.82,0.2212,4.686,1.3948757056560266e-06,0
63.5,0,1,1.01,0,6.0,-20.87,0.0,0.0,1.119,6.86,0.2215,13.19,5.021798182984549e-40,1
23.1,0,1,15.05,0,18.6,-14.32,0.0,0.0,2.474,7.59,0.2388,89.116,0.0,1
30.1,0,1,20.8,1,-11.6,-15.65,1.046,0.0,1.668,7.67,0.2323,56.255,0.0,1
95.8,1,1,10.07,5,-24.7,-36.01,5.852,0.0,1.699,6.94,0.2209,5.894,1.8825372962984234e-09,0
33.8,0,1,2.27,0,-25.9,-15.33,0.0,0.0,2.486,6.41,0.2211,56.625,0.0,1
20.4,0,1,9.34,1,23.0,-11.96,0.852,0.0,1.461,6.79,0.2278,135.8,0.0,1
108.6,1,1,8.7,1,-20.1,-36.59,1.088,0.0,1.376,6.86,0.2312,6.245,2.1143767737081358e-10,0
115.3,1,2,16.09,7,23.6,-23.95,9.292,0.0,1.178,6.83,0.2428,18.793,4.3297088505726643e-79,1
22.5,0,1,16.3,3,-12.8,-15.84,2.79,0.0,1.537,7.04,0.2296,64.936,0.0,1
23.2,0,1,2.58,2,5.2,-13.62,1.165,0.0,1.725,6.87,0.2202,86.925,0.0,1
126.5,1,2,10.5,14,-13.0,-27.17,12.878,0.0,2.116,6.79,0.2314,13.706,4.677674021367764e-43,1
95.8,1,1,16.06,2,-26.7,-35.19,3.442,0.0,1.085,6.27,0.228,8.186,1.3529516899599676e-16,1
27.5,0,1,6.47,1,5.2,-15.58,0.492,0.0,1.827,6.97,0.2258,77.313,0.0,1
115.3,1,2,10.18,3,-6.1,-19.58,3.256,0.0,1.445,6.57,0.2262,31.362,3.293140730476396e-216,1
152.8,1,2,15.34,15,-1.7,-32.14,14.524,0.0,1.295,7.3,0.2346,6.985,1.4200877257578378e-12,1
70.1,1,1,10.07,6,9.1,-27.14,3.359,0.0,1.404,6.22,0.2238,20.287,8.440132579045446e-92,1
49.7,0,1,0.77,0,-9.6,-18.19,0.0,0.0,1.066,6.86,0.2204,29.108,1.435876462914263e-186,1
124.7,1,2,5.57,4,6.6,-19.4,2.248,0.0,1.019,6.33,0.2214,32.111,1.5514155325360355e-226,1
169.2,1,2,19.4,11,12.8,-31.87,8.75,0.0,1.33,6.93,0.2467,7.648,1.0219628688919949e-14,1
21.7,0,1,6.21,1,-24.2,-13.48,0.594,0.0,1.296,6.65,0.2286,113.778,0.0,1
91.0,1,1,20.44,11,-7.2,-43.56,11.288,0.0,1.782,7.01,0.2463,2.316,0.010285210036857253,0
65.1,1,1,11.67,2,-24.2,-24.55,2.693,0.0,1.364,7.36,0.2312,21.685,1.4288761038633687e-104,1
80.8,1,1,11.82,1,-29.5,-28.05,0.592,0.0,1.099,7.27,0.2278,16.19,2.962634698285587e-59,1
142.3,1,2,19.26,18,-26.7,-31.97,19.771,0.0,1.979,7.14,0.227,6.439,6.027939373578306e-11,0
42.6,0,1,9.58,0,8.5,-19.35,1.195,0.0,1.48,7.06,0.2294,22.754,6.484502201490806e-115,1
142.3,1,2,5.96,3,-24.5,-24.54,5.834,0.0,1.677,6.92,0.2234,18.727,1.48689280432514e-78,1
145.8,1,2,2.63,0,26.5,-21.5,0.235,0.0,1.354,6.34,0.2223,25.821,2.5581987233646826e-147,1
112.3,1,2,16.8,3,19.4,-20.05,3.373,0.0,1.598,6.31,0.229,29.638,2.4100853892425334e-193,1
17.6,0,1,11.75,2,-29.4,-12.45,0.857,0.0,1.546,7.79,0.2208,145.15,0.0,1
124.7,1,2,20.24,17,7.3,-26.73,11.155,0.0,3.463,7.65,0.2388,12.411,1.1451610714750448e-35,1
50.7,0,1,11.44,0,-29.3,-21.59,0.758,0.0,1.668,7.18,0.2376,13.508,7.018886394430117e-42,1
115.3,1,2,10.37,8,-22.9,-22.77,7.381,0.0,1.716,6.56,0.2278,22.231,8.703181137962365e-110,1
147.0,1,2,7.47,6,34.2,-22.86,3.497,0.0,1.227,6.7,0.2217,21.582,1.3239265890768156e-103,1
21.1,0,1,4.99,0,-0.3,-13.19,0.0,0.0,1.456,6.09,0.2256,118.523,0.0,1
33.4,0,1,20.76,2,-28.2,-15.76,1.088,0.0,1.234,7.01,0.2363,44.264,0.0,1
43.9,0,1,2.38,2,25.3,-17.89,1.064,0.0,1.47,6.25,0.2225,29.698,4.033535203682584e-194,1
56.9,0,1,22.55,3,29.6,-29.3,4.486,0.0,1.508,7.14,0.2498,2.169,0.01502855151930164,0
103.0,1,1,0.67,0,5.6,-32.39,0.0,0.0,1.035,6.87,0.2203,11.761,3.104079766341173e-32,1
30.1,0,1,13.06,1,15.9,-15.85,3.554,0.0,1.034,6.74,0.225,44.591,0.0,1
71.8,1,1,1.46,0,20.7,-25.45,0.0,0.0,3.133,6.28,0.221,22.489,2.6430689326118896e-112,1
108.6,1,1,19.49,15,17.8,-44.79,11.178,0.0,1.068,7.54,0.2225,1.604,0.05432767640458523,0
120.6,1,2,5.29,1,2.1,-18.27,1.927,0.0,1.619,6.59,0.2208,32.087,3.3634695091542533e-226,1
22.0,0,1,14.15,2,24.1,-14.6,2.05,0.0,1.387,6.97,0.2308,74.17,0.0,1
126.5,1,2,22.91,11,4.3,-25.73,8.747,0.0,1.724,8.27,0.2336,13.978,1.0561492626778169e-44,1
52.3,0,1,16.23,5,-13.1,-27.61,3.937,3.81,1.102,7.52,0.23,3.448,0.0002820248494798486,0
152.9,1,2,4.46,8,-29.7,-26.57,7.28,0.73,1.486,6.55,0.2249,14.665,5.384034815430524e-49,1
158.6,1,2,19.92,30,-6.7,-38.71,23.029,4.964,1.284,7.42,0.2479,3.001,0.001344660517430188,0
88.9,1,1,11.04,8,-24.6,-36.97,6.967,0.0,1.309,7.3,0.236,5.51,1.7901740231854183e-08,0
23.1,0,1,0.33,0,-25.9,-13.33,0.0,0.859,1.277,6.08,0.2207,101.634,0.0,1
16.5,0,1,12.17,0,0.5,-11.3,0.0,0.0,1.159,7.87,0.2318,187.06,0.0,1
46.6,0,1,20.31,2,31.3,-19.36,0.741,0.0,1.175,7.24,0.2322,23.736,7.609277560046342e-125,1
45.1,0,1,10.75,2,-23.1,-22.26,1.994,1.888,1.598,7.57,0.2325,11.766,2.9159122671232857e-32,1
113.4,1,2,18.96,12,-12.2,-25.73,12.886,0.0,1.84,7.8,0.2346,13.323,8.473044805517238e-41,1
113.4,1,2,17.64,18,24.0,-26.4,16.263,0.0,2.482,7.04,0.2233,14.097,1.9898757231023417e-45,1
136.4,1,2,11.42,5,-3.9,-23.1,4.01,0.0,1.464,6.93,0.2294,20.98,4.9753822277990205e-98,1
65.4,1,1,8.08,3,19.3,-26.66,2.266,0.0,1.472,6.92,0.232,20.751,6.027699851696149e-96,1
26.6,0,1,18.16,0,5.3,-14.7,1.672,0.0,1.246,7.1,0.2274,69.349,0.0,1
50.7,0,1,9.22,1,9.3,-21.84,1.644,0.0,1.474,6.74,0.2306,13.883,4.010478598091954e-44,1
67.3,1,1,4.25,0,-19.5,-25.21,1.841,0.0,1.104,6.14,0.2222,26.164,3.3965647484366726e-151,1
52.3,0,1,8.02,0,-7.1,-20.66,0.664,0.0,1.067,6.67,0.2289,17.646,5.507192635178911e-70,1
60.4,0,1,21.92,1,10.4,-23.91,1.183,0.0,1.431,8.04,0.2356,6.644,1.5300632025803732e-11,0
34.6,0,1,7.08,0,-28.3,-15.44,0.387,0.0,1.121,7.06,0.2282,55.384,0.0,1
34.9,0,1,5.87,0,-17.8,-15.56,0.682,0.0,1.557,6.76,0.2277,47.227,0.0,1
23.4,0,1,3.34,1,-4.9,-11.73,0.356,0.0,1.105,6.21,0.2202,125.344,0.0,1
67.3,1,1,1.38,0,13.8,-23.15,0.0,0.0,1.017,6.34,0.2213,30.241,3.43109669026738e-201,1
80.8,1,1,24.42,5,3.1,-31.75,4.206,0.0,1.091,7.69,0.2225,10.357,1.9506694071323108e-25,1
56.4,0,1,13.42,4,16.7,-25.33,2.996,0.0,1.804,7.1,0.2391,4.866,5.695851315144782e-07,0
83.5,1,1,18.24,7,17.2,-36.83,8.764,0.0,1.149,6.69,0.2341,5.859,2.3245242264295698e-09,0
36.0,0,1,19.32,8,-28.0,-23.87,5.779,0.0,1.634,6.62,0.229,10.529,3.181933732854813e-26,1
142.3,1,2,8.81,7,28.6,-24.63,6.956,0.0,1.035,7.02,0.2289,17.919,4.178985246153813e-72,1
124.7,1,2,19.97,8,23.6,-24.79,6.078,0.0,2.112,7.02,0.2404,18.005,8.896738010122793e-73,1
68.5,1,1,24.04,5,-12.4,-31.58,4.828,2.426,2.129,6.38,0.2368,11.687,7.41345243209435e-32,1
35.8,0,1,18.54,6,1.5,-20.99,3.369,0.0,1.015,7.15,0.245,20.25,1.7873786008014945e-91,1
125.5,1,2,17.79,17,-10.0,-28.36,17.943,0.0,1.299,7.71,0.2459,9.028,8.77030413979223e-20,1
81.1,1,1,10.81,3,28.9,-29.46,2.219,0.0,1.067,6.58,0.2274,15.03,2.348744117919372e-51,1
12.5,0,1,21.03,1,-5.1,-13.12,0.762,0.0,1.626,7.65,0.2426,110.739,0.0,1
113.2,1,2,2.22,2,-4.3,-18.72,2.192,0.0,1.209,6.15,0.2201,36.372,5.896719817711209e-290,1
12.3,0,1,18.74,2,29.3,-13.31,1.934,0.0,1.162,7.51,0.2286,113.088,0.0,1
46.1,0,1,9.05,5,9.0,-21.74,3.516,0.0,1.627,6.93,0.2313,12.738,1.826199022797852e-37,1
46.6,0,1,14.15,1,-21.0,-21.93,2.034,0.0,1.161,7.44,0.223,16.14,6.713940644359383e-59,1
137.8,1,2,22.32,9,10.7,-24.78,7.618,0.0,1.638,8.07,0.2211,16.02,4.6045549952801915e-58,1
22.8,0,1,15.13,0,21.6,-13.39,0.0,0.0,1.69,7.48,0.2355,90.994,0.0,1
45.0,0,1,0.64,0,-8.0,-17.18,0.0,0.0,1.681,6.15,0.2205,32.435,4.4272373241121125e-231,1
21.1,0,1,18.07,1,4.3,-14.08,0.91,0.0,1.435,7.85,0.2441,104.493,0.0,1
147.0,1,2,23.23,31,10.7,-37.91,27.066,0.0,1.02,7.86,0.2536,2.937,0.0016593634931952395,0
58.1,0,1,16.05,1,3.2,-23.07,1.898,0.0,2.192,7.35,0.2283,8.709,1.5335188574262388e-18,1
171.3,1,2,21.54,33,34.9,-44.35,33.218,0.0,1.569,7.55,0.2514,1.341,0.0899114771533916,0
52.0,0,1,20.63,13,2.9,-31.61,10.285,0.0,1.45,7.09,0.2415,1.27,0.10205709606311103,0
112.3,1,2,21.53,12,11.8,-23.37,11.121,0.0,1.3,7.87,0.2344,17.113,5.919155095356719e-66,1
164.9,1,2,8.6,2,21.6,-24.06,2.406,0.0,1.032,6.4,0.2271,18.899,5.859036599347456e-80,1
69.5,1,1,11.85,4,-21.1,-29.92,2.339,2.751,1.106,6.37,0.2365,14.115,1.5292306480808097e-45,1
64.6,0,1,21.2,9,-27.1,-30.54,7.572,0.0,1.101,7.25,0.2237,1.702,0.04438190116063316,0
103.0,1,1,22.76,15,33.2,-44.08,10.791,0.0,1.633,7.33,0.232,2.403,0.008125535829376482,0
80.8,1,1,3.67,4,17.6,-28.8,2.436,0.0,1.825,6.42,0.2221,17.115,5.70973695030585e-66,1
34.6,0,1,4.54,0,-4.4,-15.38,0.0,0.0,1.046,6.85,0.2229,67.623,0.0,1
158.6,1,2,8.67,8,-28.9,-26.02,5.282,0.0,1.173,6.9,0.2285,13.612,1.6945123689783805e-42,1
21.5,0,1,19.26,2,-19.2,-16.68,1.606,0.699,2.105,6.97,0.226,55.671,0.0,1
79.5,1,1,21.87,18,-29.4,-46.54,15.647,0.0,1.392,8.21,0.2396,1.565,0.05882915028439511,0
5.9,0,1,14.51,0,-4.2,-9.12,0.332,0.0,1.484,6.85,0.2405,295.617,0.0,1
164.9,1,2,2.83,0,6.1,-25.25,1.074,0.0,1.54,7.04,0.222,16.726,4.241831545200555e-63,1
131.1,1,2,7.59,2,-19.6,-22.2,2.276,2.362,1.527,6.37,0.2251,25.053,8.07210063709863e-139,1
97.4,1,1,21.43,5,11.6,-37.11,5.905,0.0,1.183,8.38,0.2238,5.1,1.698127252316563e-07,0
