ID,APLICACIÓN,AREA,SUB_ÁREA,DENOMINACIÓN,EUROS,FID
1,13022699,PROTECCIÓN CIVIL,ADMINISTRACIÓN GENERAL DE LA SEGURIDAD Y PROTECCIÓN CIVIL,OTROS GASTOS DIVERSOS,10000,1
2,13022707,PROTECCIÓN CIVIL,ADMINISTRACIÓN GENERAL DE LA SEGURIDAD Y PROTECCIÓN CIVIL,SERVICIO CAPTACIÓN DE IMÁGENES AÉREAS,7500,2
3,13046100,PROTECCIÓN CIVIL,ADMINISTRACIÓN GENERAL DE LA SEGURIDAD Y PROTECCIÓN CIVIL,CONVENIO INVOLCAN RED DE SENSORES ACTIVIDAD VOLCÁNICA,50000,3
4,13272000,PROTECCIÓN CIVIL,SEGURIDAD Y ORDEN PÚBLICO,SUBV. MINISTERIO DEL INTERIOR MOBILIARIO OFICINA DE TRAFICO,15000,4
5,13520400,PROTECCIÓN CIVIL,PROTECCIÓN CIVIL,ARRENDAMIENTO VEHÍCULOS CECOPIN,35500,5
6,13522000,PROTECCIÓN CIVIL,PROTECCIÓN CIVIL,MATERIAL OFICINA,3000,6
7,13522104,PROTECCIÓN CIVIL,PROTECCIÓN CIVIL,VESTUARIO PERSONAL CECOPIN Y EMERGENCIAS,7500,7
8,13522602,PROTECCIÓN CIVIL,PROTECCIÓN CIVIL,PUBLICIDAD Y PROPAGANDA,7500,8
9,13522606,PROTECCIÓN CIVIL,PROTECCIÓN CIVIL,FORMACIÓN EN MATERIA DE PROTECCIÓN CIVIL,65000,9
10,13522610,PROTECCIÓN CIVIL,PROTECCIÓN CIVIL,PROYECTO DIVULGATIVO INSULAR EN EMERGENCIAS,20200,10
11,13522611,PROTECCIÓN CIVIL,PROTECCIÓN CIVIL,PROYECTO DE SEGURIDAD VIAL Y PREVENCIÓN DE RIESGOS,25000,11
12,13522707,PROTECCIÓN CIVIL,PROTECCIÓN CIVIL,ASIST. TÉCNICA ELABORACIÓN PLANES DE EMERGENCIAS Y ESPECIALES,25000,12
13,13522709,PROTECCIÓN CIVIL,PROTECCIÓN CIVIL,ELABORACIÓN DE PLANES AUTOPROTECCIÓN,15000,13
14,13523020,PROTECCIÓN CIVIL,PROTECCIÓN CIVIL,DIETAS PERSONAL,3000,14
15,13523120,PROTECCIÓN CIVIL,PROTECCIÓN CIVIL,LOCOMOCIÓN PERSONAL,3000,15
16,13523300,PROTECCIÓN CIVIL,PROTECCIÓN CIVIL,INDEMNIZACIONES DE EMERGENCIAS,15000,16
17,13548900,PROTECCIÓN CIVIL,PROTECCIÓN CIVIL,SUBV. ASOCIACIONES DE PROTECCIÓN CIVIL,25000,17
18,13548901,PROTECCIÓN CIVIL,PROTECCIÓN CIVIL,CONVENIO AEA SERVICIO DE EMERGENCIA,50000,18
19,13548903,PROTECCIÓN CIVIL,PROTECCIÓN CIVIL,CONVENIO CRUZ ROJA EVACUACION ALBERGUES,40000,19
20,13548904,PROTECCIÓN CIVIL,PROTECCIÓN CIVIL,CONVENIO COLEGIO PSICÓLOGOS ACTUACIONES EMERGENCIAS,10000,20
21,13560100,PROTECCIÓN CIVIL,PROTECCIÓN CIVIL,INVERSIONES EN SEGURIDAD Y EMERGENCIAS,15000,21
22,13562400,PROTECCIÓN CIVIL,PROTECCIÓN CIVIL,VEHÍCULOS EMERGENCIA,60000,22
23,13562700,PROTECCIÓN CIVIL,PROTECCIÓN CIVIL,EQUIPAMIENTOS Y DOTACIONES EMERGENCIAS,5000,23
24,13562701,PROTECCIÓN CIVIL,PROTECCIÓN CIVIL,NUEVO CENTRO DE EMERGENCIAS,1000,24
25,13562900,PROTECCIÓN CIVIL,PROTECCIÓN CIVIL,MATERIAL TELECOMUNICACIONES,20000,25
26,13562901,PROTECCIÓN CIVIL,PROTECCIÓN CIVIL,MATERIAL DE EMERGENCIAS,20000,26
27,13622709,PROTECCIÓN CIVIL,SERVICIOS DE EXTINCIÓN DE INCENDIOS,PRESTACIÓN SERVICIO PREV. Y EXT. INCENDIOS,675000,27
28,13662901,PROTECCIÓN CIVIL,SERVICIOS DE EXTINCIÓN DE INCENDIOS,ADQUISICIÓN MATERIAL SERV. PREV. Y EXT. INCENDIOS,60000,28
29,15112000,ORDENACIÓN DEL TERRITORIO,ORDENACIÓN DEL TERRITORIO,SUELDOS GRUPO A1,114562,29
30,15112001,ORDENACIÓN DEL TERRITORIO,ORDENACIÓN DEL TERRITORIO,SUELDOS GRUPO A2,28548,30
31,15112003,ORDENACIÓN DEL TERRITORIO,ORDENACIÓN DEL TERRITORIO,SUELDOS GRUPO C1,10828,31
32,15112004,ORDENACIÓN DEL TERRITORIO,ORDENACIÓN DEL TERRITORIO,SUELDOS GROPO C2,9098,32
33,15112006,ORDENACIÓN DEL TERRITORIO,ORDENACIÓN DEL TERRITORIO,TRIENIOS,17636,33
34,15112100,ORDENACIÓN DEL TERRITORIO,ORDENACIÓN DEL TERRITORIO,COMPLEMENTO DE DESTINO,100792,34
35,15112101,ORDENACIÓN DEL TERRITORIO,ORDENACIÓN DEL TERRITORIO,COMPLEMENTO ESPECÍFICO,129888,35
36,15112103,ORDENACIÓN DEL TERRITORIO,ORDENACIÓN DEL TERRITORIO,OTROS COMPLEMENTOS,89066,36
37,15115000,ORDENACIÓN DEL TERRITORIO,ORDENACIÓN DEL TERRITORIO,PRODUCTIVIDAD,2060,37
38,15116000,ORDENACIÓN DEL TERRITORIO,ORDENACIÓN DEL TERRITORIO,SEGURIDAD SOCIAL,125098,38
39,15120600,ORDENACIÓN DEL TERRITORIO,ORDENACIÓN DEL TERRITORIO,RENOVACIÓN LICENCIAS,1900,39
40,15122000,ORDENACIÓN DEL TERRITORIO,ORDENACIÓN DEL TERRITORIO,MATERIAL DE OFICINA,1300,40
41,15122001,ORDENACIÓN DEL TERRITORIO,ORDENACIÓN DEL TERRITORIO,"LIBROS, PRENSA, REVISTAS Y OTRAS PUBLICACIONES",400,41
42,15122002,ORDENACIÓN DEL TERRITORIO,ORDENACIÓN DEL TERRITORIO,MATERIAL INFORMÁTICO NO INVENTARIABLE,1800,42
43,15122602,ORDENACIÓN DEL TERRITORIO,ORDENACIÓN DEL TERRITORIO,PUBLICIDAD PIOLP Y OTROS,19000,43
44,15122606,ORDENACIÓN DEL TERRITORIO,ORDENACIÓN DEL TERRITORIO,REUNIONES Y CONFERENCIAS,5000,44
45,15122699,ORDENACIÓN DEL TERRITORIO,ORDENACIÓN DEL TERRITORIO,GASTOS DIVERSOS,1500,45
46,15122710,ORDENACIÓN DEL TERRITORIO,ORDENACIÓN DEL TERRITORIO,ASISTENCIA TÉCNICA PLANIFICACIÓN,425000,46
47,15162500,ORDENACIÓN DEL TERRITORIO,ORDENACIÓN DEL TERRITORIO,MOBILIARIO DE OFICINAS,5000,47
48,15162600,ORDENACIÓN DEL TERRITORIO,ORDENACIÓN DEL TERRITORIO,INVERSIONES EQUIPOS INFORMÁTICOS,5000,48
49,15276202,ORDENACIÓN DEL TERRITORIO,VIVENDA,SUBV. AYTO. SANTA CRUZ DE LA PALMA APORT. REGENERACION Y RENOVACIÓN URBANA URB. BENAHOARE,292600,49
50,16212000,RESIDUOS,"RECOGIDA, ELIMINACIÓN Y TRATAMIENTO DE RESIDUOS",SUELDOS GRUPO A1,32732,50
103,16922610,MATADERO,OTROS SERVICIOS DE BIENESTAR COMUNITARIO (MATADERO),LABORATORIO,22900,51
373,23522104,RESIDENCIAS DE PENSIONISTAS,RESIDENCIAS DE PENSIONISTAS,VESTUARIO,15500,52
51,16212001,RESIDUOS,"RECOGIDA, ELIMINACIÓN Y TRATAMIENTO DE RESIDUOS",SUELDOS GRUPO A2,28548,53
243,23022000,SERVICIOS SOCIALES,ADMINISTRACIÓN GENERAL DE SERVICIOS SOCIALES,MATERIAL DE OFICINA ORDINARIO NO INVENTARIABLE,700,54
315,23346224,SERVICIOS SOCIALES,ASISTENCIA PERSONAS DEPENDIENTES,CONVENIO AYTO. BREÑA ALTA CENTRO DÍA MAYORES GASTOS MANTENIMIENTO,176639,55
104,16922699,MATADERO,OTROS SERVICIOS DE BIENESTAR COMUNITARIO (MATADERO),OTROS GASTOS DIVERSOS MATADERO,5000,56
105,16922706,MATADERO,OTROS SERVICIOS DE BIENESTAR COMUNITARIO (MATADERO),ESTUDIOS Y TRABAJOS TÉCNICOS,13000,57
106,16922709,MATADERO,OTROS SERVICIOS DE BIENESTAR COMUNITARIO (MATADERO),SERVICIO TRATAMIENTO SANDACH,2800,58
109,16962700,MATADERO,OTROS SERVICIOS DE BIENESTAR COMUNITARIO (MATADERO),INVERSIONES MATADERO,20000,59
114,17012000,MEDIO AMBIENTE,ADMINISTRACIÓN GENERAL DE MEDIO AMBIENTE,SUELDOS GRUPO A1,81830,60
115,17012001,MEDIO AMBIENTE,ADMINISTRACIÓN GENERAL DE MEDIO AMBIENTE,SUELDOS GRUPO A2,42822,61
116,17012003,MEDIO AMBIENTE,ADMINISTRACIÓN GENERAL DE MEDIO AMBIENTE,SUELDOS GRUPO C1,216562,62
117,17012004,MEDIO AMBIENTE,ADMINISTRACIÓN GENERAL DE MEDIO AMBIENTE,SUELDOS GRUPO C2,27295,63
118,17012006,MEDIO AMBIENTE,ADMINISTRACIÓN GENERAL DE MEDIO AMBIENTE,TRIENIOS,58980,64
119,17012100,MEDIO AMBIENTE,ADMINISTRACIÓN GENERAL DE MEDIO AMBIENTE,COMPLEMENTO DE DESTINO,236698,65
120,17012101,MEDIO AMBIENTE,ADMINISTRACIÓN GENERAL DE MEDIO AMBIENTE,COMPLEMENTO ESPECÍFICO,297451,66
121,17012103,MEDIO AMBIENTE,ADMINISTRACIÓN GENERAL DE MEDIO AMBIENTE,OTROS COMPLEMENTOS,204673,67
122,17013000,MEDIO AMBIENTE,ADMINISTRACIÓN GENERAL DE MEDIO AMBIENTE,RETRIBUCIONES BÁSICAS PERSONAL LABORAL FIJO,1761117,68
123,17013002,MEDIO AMBIENTE,ADMINISTRACIÓN GENERAL DE MEDIO AMBIENTE,OTRAS REMUNERACIONES,2545428,69
124,17013100,MEDIO AMBIENTE,ADMINISTRACIÓN GENERAL DE MEDIO AMBIENTE,LABORAL TEMPORAL,79426,70
125,17015000,MEDIO AMBIENTE,ADMINISTRACIÓN GENERAL DE MEDIO AMBIENTE,PRODUCTIVIDAD,41295,71
126,17015100,MEDIO AMBIENTE,ADMINISTRACIÓN GENERAL DE MEDIO AMBIENTE,GRATIFICACIONES,70000,72
127,17016000,MEDIO AMBIENTE,ADMINISTRACIÓN GENERAL DE MEDIO AMBIENTE,SEGURIDAD SOCIAL,1740000,73
128,17016202,MEDIO AMBIENTE,ADMINISTRACIÓN GENERAL DE MEDIO AMBIENTE,TRANSPORTE DEL PERSONAL,12404,74
131,17020000,MEDIO AMBIENTE,ADMINISTRACIÓN GENERAL DE MEDIO AMBIENTE,ARRENDAMIENTO TERRENOS Y BIENES NATURALES,2200,75
132,17020200,MEDIO AMBIENTE,ADMINISTRACIÓN GENERAL DE MEDIO AMBIENTE,COMUNIDAD PROPIETARIOS EDIFICIO. ARRENDAMIENTO LOCAL,3900,76
133,17020500,MEDIO AMBIENTE,ADMINISTRACIÓN GENERAL DE MEDIO AMBIENTE,ARRENDAMIENTO MOBILIARIO Y ENSERES,500,77
134,17021200,MEDIO AMBIENTE,ADMINISTRACIÓN GENERAL DE MEDIO AMBIENTE,MANTENIMIENTO EDIFICIO Y OTRAS CONSTRUCCIONES,25000,78
135,17021300,MEDIO AMBIENTE,ADMINISTRACIÓN GENERAL DE MEDIO AMBIENTE,"MAQUINARIA, INSTALACIONES Y UTILLAJE",10000,79
136,17021400,MEDIO AMBIENTE,ADMINISTRACIÓN GENERAL DE MEDIO AMBIENTE,MANTENIMIENTO VEHÍCULOS,50000,80
137,17021500,MEDIO AMBIENTE,ADMINISTRACIÓN GENERAL DE MEDIO AMBIENTE,REPARACIÓN EQUIPOS OFICINA,800,81
138,17021600,MEDIO AMBIENTE,ADMINISTRACIÓN GENERAL DE MEDIO AMBIENTE,RED COMUNICACIONES,3000,82
139,17022000,MEDIO AMBIENTE,ADMINISTRACIÓN GENERAL DE MEDIO AMBIENTE,MATERIAL OFICINA,4000,83
140,17022001,MEDIO AMBIENTE,ADMINISTRACIÓN GENERAL DE MEDIO AMBIENTE,"PRENSA, REVISTAS, LIBROS Y PUBLICACIONES",2000,84
141,17022002,MEDIO AMBIENTE,ADMINISTRACIÓN GENERAL DE MEDIO AMBIENTE,MATERIAL INFORMÁTICO NO INVENTARIABLE,4000,85
142,17022003,MEDIO AMBIENTE,ADMINISTRACIÓN GENERAL DE MEDIO AMBIENTE,PUBLICACIONES Y ACTUALIZACIÓN DE TOPOGUÍAS Y FOLLETOS,9700,86
143,17022103,MEDIO AMBIENTE,ADMINISTRACIÓN GENERAL DE MEDIO AMBIENTE,COMBUSTIBLES,70000,87
144,17022104,MEDIO AMBIENTE,ADMINISTRACIÓN GENERAL DE MEDIO AMBIENTE,VESTUARIO,25000,88
145,17022107,MEDIO AMBIENTE,ADMINISTRACIÓN GENERAL DE MEDIO AMBIENTE,SUMINISTRO EQUIPO DE PROTECCIÓN INDIVIDUALES,20000,89
146,17022199,MEDIO AMBIENTE,ADMINISTRACIÓN GENERAL DE MEDIO AMBIENTE,OTROS SUMINISTROS,40000,90
147,17022300,MEDIO AMBIENTE,ADMINISTRACIÓN GENERAL DE MEDIO AMBIENTE,TRANSPORTES,1500,91
148,17022699,MEDIO AMBIENTE,ADMINISTRACIÓN GENERAL DE MEDIO AMBIENTE,GASTOS DIVERSOS MEDIO AMBIENTE,30000,92
149,17022706,MEDIO AMBIENTE,ADMINISTRACIÓN GENERAL DE MEDIO AMBIENTE,"ASISTENCIAS TÉCNICAS, ESTUDIOS Y PROGRAMAS DE M.A. ",40000,93
150,17022709,MEDIO AMBIENTE,ADMINISTRACIÓN GENERAL DE MEDIO AMBIENTE,ASISTENCIA TÉCNICA PARA EQUIPOS MECÁNICOS,15000,94
151,17023120,MEDIO AMBIENTE,ADMINISTRACIÓN GENERAL DE MEDIO AMBIENTE,LOCOMOCIÓN PERSONAL,1500,95
156,17220400,MEDIO AMBIENTE,PROTECCIÓN Y MEJORA DEL MEDIO AMBIENTE,RENTING VEHÍCULOS,97894,96
157,17221000,MEDIO AMBIENTE,PROTECCIÓN Y MEJORA DEL MEDIO AMBIENTE,MANTENIMIENTO PISTA FORESTALES,20000,97
158,17221001,MEDIO AMBIENTE,PROTECCIÓN Y MEJORA DEL MEDIO AMBIENTE,MANTENIMIENTO DE LA RED DE SENDEROS,40000,98
159,17221300,MEDIO AMBIENTE,PROTECCIÓN Y MEJORA DEL MEDIO AMBIENTE,MANTENIMIENTO DE REDES CONTRA INCENDIOS FORESTALES,20000,99
160,17221900,MEDIO AMBIENTE,PROTECCIÓN Y MEJORA DEL MEDIO AMBIENTE,REPAR. MANTENIMIENTO Y CONSERV. OTRO INMOVILIZADO MATERIAL,2000,100
161,17221901,MEDIO AMBIENTE,PROTECCIÓN Y MEJORA DEL MEDIO AMBIENTE,MANTENIMIENTO DE LA RED DE USO PÚBLICO DE LA ISLA,50000,101
162,17222610,MEDIO AMBIENTE,PROTECCIÓN Y MEJORA DEL MEDIO AMBIENTE,GASTOS DIVERSOS,37000,102
163,17222698,MEDIO AMBIENTE,PROTECCIÓN Y MEJORA DEL MEDIO AMBIENTE,GASTOS VIVERO INSULAR Y CENTRO RECUPERACIÓN DE FAUNA,20000,103
164,17222701,MEDIO AMBIENTE,PROTECCIÓN Y MEJORA DEL MEDIO AMBIENTE,ACTUACIONES CONTRA INCENDIOS Y BRIGADAS,1520000,104
165,17222707,MEDIO AMBIENTE,PROTECCIÓN Y MEJORA DEL MEDIO AMBIENTE,"ASIST. TÉCN. ERRAD. EXÓTICAS, FLORA Y FAUNA EDUC. AMBIENTAL",20000,105
52,16212003,RESIDUOS,"RECOGIDA, ELIMINACIÓN Y TRATAMIENTO DE RESIDUOS",SUELDOS GRUPO C1,10828,106
53,16212004,RESIDUOS,"RECOGIDA, ELIMINACIÓN Y TRATAMIENTO DE RESIDUOS",SUELDOS GRUPO C2,9098,107
54,16212006,RESIDUOS,"RECOGIDA, ELIMINACIÓN Y TRATAMIENTO DE RESIDUOS",TRIENIOS,15864,108
55,16212100,RESIDUOS,"RECOGIDA, ELIMINACIÓN Y TRATAMIENTO DE RESIDUOS",COMPLEMENTO DE DESTINO,53818,109
56,16212101,RESIDUOS,"RECOGIDA, ELIMINACIÓN Y TRATAMIENTO DE RESIDUOS",COMPLEMENTO ESPECÍFICO,74872,110
57,16212103,RESIDUOS,"RECOGIDA, ELIMINACIÓN Y TRATAMIENTO DE RESIDUOS",OTROS COMPLEMENTOS,47640,111
58,16213000,RESIDUOS,"RECOGIDA, ELIMINACIÓN Y TRATAMIENTO DE RESIDUOS",RETRIB. BÁSICAS LABORALES RESIDUOS SÓLIDOS,131777,112
59,16213002,RESIDUOS,"RECOGIDA, ELIMINACIÓN Y TRATAMIENTO DE RESIDUOS",OTRAS REMUNERACIÓNES PESONAL LABORAL FIJO,183122,113
60,16213100,RESIDUOS,"RECOGIDA, ELIMINACIÓN Y TRATAMIENTO DE RESIDUOS",RETRIB. PERSONAL LABORAL TEMPORAL,8002,114
61,16215000,RESIDUOS,"RECOGIDA, ELIMINACIÓN Y TRATAMIENTO DE RESIDUOS",PRODUCTIVIDAD,3558,115
62,16216000,RESIDUOS,"RECOGIDA, ELIMINACIÓN Y TRATAMIENTO DE RESIDUOS",SEGURIDAD SOCIAL,196000,116
63,16216202,RESIDUOS,"RECOGIDA, ELIMINACIÓN Y TRATAMIENTO DE RESIDUOS",TRANSPORTE DEL PERSONAL,16935,117
64,16221200,RESIDUOS,"RECOGIDA, ELIMINACIÓN Y TRATAMIENTO DE RESIDUOS",REPARACIONES EDIFICIOS Y OTRAS CONSTRUCCIONES,1226,118
65,16221300,RESIDUOS,"RECOGIDA, ELIMINACIÓN Y TRATAMIENTO DE RESIDUOS","RESIDUOS SÓLIDOS, MAQUINARIA, INSTALACIONES Y UTILLAJE",490,119
66,16221400,RESIDUOS,"RECOGIDA, ELIMINACIÓN Y TRATAMIENTO DE RESIDUOS","MANTENIMIENTO, CONSERVACIÓN Y REPARACIÓN DE VEHÍCULOS",687,120
67,16222000,RESIDUOS,"RECOGIDA, ELIMINACIÓN Y TRATAMIENTO DE RESIDUOS",MATERIAL DE OFICINA,98,121
68,16222002,RESIDUOS,"RECOGIDA, ELIMINACIÓN Y TRATAMIENTO DE RESIDUOS",MATERIAL INFORMÁTICO NO INVENTARIABLE,172,122
69,16222103,RESIDUOS,"RECOGIDA, ELIMINACIÓN Y TRATAMIENTO DE RESIDUOS",RESIDUOS SÓLIDOS. COMBUSTIBLES Y CARBURANTES ,490,123
70,16222104,RESIDUOS,"RECOGIDA, ELIMINACIÓN Y TRATAMIENTO DE RESIDUOS",RESIDUOS SÓLIDOS. VESTUARIO ,613,124
244,23022001,SERVICIOS SOCIALES,ADMINISTRACIÓN GENERAL DE SERVICIOS SOCIALES,"PRENSA, REVISTAS, LIBROS Y OTRAS PUBLICACIONES",70,125
71,16222300,RESIDUOS,"RECOGIDA, ELIMINACIÓN Y TRATAMIENTO DE RESIDUOS",TRANSPORTES Y MENSAJERÍA,123,126
72,16222602,RESIDUOS,"RECOGIDA, ELIMINACIÓN Y TRATAMIENTO DE RESIDUOS",PUBLICIDAD Y PROPAGANDA,4904,127
73,16222610,RESIDUOS,"RECOGIDA, ELIMINACIÓN Y TRATAMIENTO DE RESIDUOS",PUESTA EN MARCHA DEL PTER,9808,128
74,16222699,RESIDUOS,"RECOGIDA, ELIMINACIÓN Y TRATAMIENTO DE RESIDUOS",RESIDUOS SÓLIDOS. GASTOS DIVERSOS ,2452,129
75,16222706,RESIDUOS,"RECOGIDA, ELIMINACIÓN Y TRATAMIENTO DE RESIDUOS",ESTUDIOS Y TRABAJOS TÉCNICOS,82000,130
76,16222707,RESIDUOS,"RECOGIDA, ELIMINACIÓN Y TRATAMIENTO DE RESIDUOS",RECOGIDA DE ENVASES LIGEROS,9808,131
77,16222709,RESIDUOS,"RECOGIDA, ELIMINACIÓN Y TRATAMIENTO DE RESIDUOS",RECOGIDA PAPEL/CARTÓN,194437,132
78,16222710,RESIDUOS,"RECOGIDA, ELIMINACIÓN Y TRATAMIENTO DE RESIDUOS",RECEPCIÓN Y TRATAMIENTO DE PAPEL CARTON SELECTIVA,19022,133
79,16222711,RESIDUOS,"RECOGIDA, ELIMINACIÓN Y TRATAMIENTO DE RESIDUOS",GESTIÓN DE VERTEDEROS,12260,134
80,16222712,RESIDUOS,"RECOGIDA, ELIMINACIÓN Y TRATAMIENTO DE RESIDUOS",GESTIÓN COMPLEJO AMBIENTAL DE RESIDUOS,1700000,135
81,16222713,RESIDUOS,"RECOGIDA, ELIMINACIÓN Y TRATAMIENTO DE RESIDUOS",RETIRADA RESIDUOS PELIGROS Y NO PELIGROSOS DE PUNTOS LIMPIOS,210000,136
82,16222714,RESIDUOS,"RECOGIDA, ELIMINACIÓN Y TRATAMIENTO DE RESIDUOS","GESTIÓN DE RESIDUOS DE ESCOMBROS DE DEMOLICIÓN, RCD DE PUNTOS LIMPIOS",11000,137
83,16246200,RESIDUOS,"RECOGIDA, ELIMINACIÓN Y TRATAMIENTO DE RESIDUOS",COMPENSACIÓN PLANTA M. AMBIENTE VILLA DE MAZO,390658,138
84,16248901,RESIDUOS,"RECOGIDA, ELIMINACIÓN Y TRATAMIENTO DE RESIDUOS",APORTACIÓN ADER PROYECTO LA PALMA ORGANICA,60000,139
85,16260000,RESIDUOS,"RECOGIDA, ELIMINACIÓN Y TRATAMIENTO DE RESIDUOS",ADQUISICIÓN TERRENOS,27843,140
86,16262700,RESIDUOS,"RECOGIDA, ELIMINACIÓN Y TRATAMIENTO DE RESIDUOS",PUNTO LIMPIO PARA USUARIOS DE LA CONSTRUCCIÓN INDUSTRIA Y SERVICIOS (LOS LLANOS DE ARIDANE),2843,141
87,16262701,RESIDUOS,"RECOGIDA, ELIMINACIÓN Y TRATAMIENTO DE RESIDUOS",INSTALACIONES Y EQUIPOS DE INFRAESTRUCTURAS DE RESIDUOS,21598,142
88,16262702,RESIDUOS,"RECOGIDA, ELIMINACIÓN Y TRATAMIENTO DE RESIDUOS",OBRAS EN PUNTOS LIMPIOS,12532,143
89,16262703,RESIDUOS,"RECOGIDA, ELIMINACIÓN Y TRATAMIENTO DE RESIDUOS",OBRAS PUNTOS LIMPIOS DE LA CONSTRUCCIÓN,27843,144
90,16262705,RESIDUOS,"RECOGIDA, ELIMINACIÓN Y TRATAMIENTO DE RESIDUOS",INVERSIONES ACTIVIDADES CLASIFICADAS,20882,145
91,16262706,RESIDUOS,"RECOGIDA, ELIMINACIÓN Y TRATAMIENTO DE RESIDUOS",MEJORA COMPLEJO AMBIENTAL LOS MORENOS,60891,146
94,16921300,MATADERO,OTROS SERVICIOS DE BIENESTAR COMUNITARIO (MATADERO),REPARACIÓN MAQUINARIA E INSTALACIONES MATADERO,25000,147
95,16921400,MATADERO,OTROS SERVICIOS DE BIENESTAR COMUNITARIO (MATADERO),"REPARACIÓN , MANTENIMIENTO Y CONSERVACIÓN DE ELEMENTOS TRANSPORTE",5100,148
96,16922000,MATADERO,OTROS SERVICIOS DE BIENESTAR COMUNITARIO (MATADERO),MATERIAL DE OFICINA MATADERO,500,149
97,16922002,MATADERO,OTROS SERVICIOS DE BIENESTAR COMUNITARIO (MATADERO),MATERIAL INFORMÁTICO NO INVENTARIABLE,20000,150
98,16922103,MATADERO,OTROS SERVICIOS DE BIENESTAR COMUNITARIO (MATADERO),COMBUSTIBLE MATADERO,29000,151
99,16922104,MATADERO,OTROS SERVICIOS DE BIENESTAR COMUNITARIO (MATADERO),VESTUARIO Y LAVAND.,4500,152
100,16922110,MATADERO,OTROS SERVICIOS DE BIENESTAR COMUNITARIO (MATADERO),LIMPIEZA INSTALACIONES Y DESINFECCIÓN,5000,153
101,16922300,MATADERO,OTROS SERVICIOS DE BIENESTAR COMUNITARIO (MATADERO),TRANSPORTES,26000,154
102,16922502,MATADERO,OTROS SERVICIOS DE BIENESTAR COMUNITARIO (MATADERO),TRIBUTOS VEHICULOS,1200,155
374,23522105,RESIDENCIAS DE PENSIONISTAS,RESIDENCIAS DE PENSIONISTAS,PRODUCTOS ALIMENTICIOS,274234,156
435,24162601,EMPLEO,FOMENTO DE EMPLEO,INVERSIONES EN INSTALACIONES EMPLEO,2375,157
166,17222709,MEDIO AMBIENTE,PROTECCIÓN Y MEJORA DEL MEDIO AMBIENTE,PLAN DE CONTROL DE EXÓTICAS,15000,158
167,17222710,MEDIO AMBIENTE,PROTECCIÓN Y MEJORA DEL MEDIO AMBIENTE,PROYECTO LIFE/2017/IPE/PT/000010,42039,159
168,17222711,MEDIO AMBIENTE,PROTECCIÓN Y MEJORA DEL MEDIO AMBIENTE,ENCARGO SODEPAL PUNTOS DE INFORMACIÓN AMBIENTAL,5000,160
169,17222799,MEDIO AMBIENTE,PROTECCIÓN Y MEJORA DEL MEDIO AMBIENTE,OTROS TRABAJOS REALIZADOS POR EMPRESAS Y PROFESIONALES,40000,161
170,17223020,MEDIO AMBIENTE,PROTECCIÓN Y MEJORA DEL MEDIO AMBIENTE,INDEMNIZACIÓN POR RAZÓN DEL SERVICIO,3000,162
171,17223300,MEDIO AMBIENTE,PROTECCIÓN Y MEJORA DEL MEDIO AMBIENTE,INDEMNIZACIÓN INCENDIOS Y EMERGENCIAS,100000,163
174,17235800,MEDIO AMBIENTE,PROTECCIÓN Y MEJORA DEL MEDIO AMBIENTE,INTERESES POR OPERACIONES DE ARRENDAMIENTO FINANCIERO (LEASING),15000,164
177,17260000,MEDIO AMBIENTE,PROTECCIÓN Y MEJORA DEL MEDIO AMBIENTE,ADQUISICIÓN DE TERRENOS CUEVA DE LAS PALOMAS,2650,165
178,17261100,MEDIO AMBIENTE,PROTECCIÓN Y MEJORA DEL MEDIO AMBIENTE,INVERSIONES MEDIO AMBIENTE,90000,166
179,17261101,MEDIO AMBIENTE,PROTECCIÓN Y MEJORA DEL MEDIO AMBIENTE,INVERSIONES MEDIO AMBIENTE Y SERVICIOS FORESTALES,216535,167
180,17261102,MEDIO AMBIENTE,PROTECCIÓN Y MEJORA DEL MEDIO AMBIENTE,MEJORA SENDEROS DE LA RED INSULAR DE LA PALMA,30000,168
181,17262400,MEDIO AMBIENTE,PROTECCIÓN Y MEJORA DEL MEDIO AMBIENTE,VEHÍCULO,35000,169
182,17262700,MEDIO AMBIENTE,PROTECCIÓN Y MEJORA DEL MEDIO AMBIENTE,INVERSIONES,15000,170
183,17262701,MEDIO AMBIENTE,PROTECCIÓN Y MEJORA DEL MEDIO AMBIENTE,EQUIPAMIENTO Y DOTACIONES,20000,171
184,17262703,MEDIO AMBIENTE,PROTECCIÓN Y MEJORA DEL MEDIO AMBIENTE,PLAN DE SOSTENIBILIDAD DE LA ISLA DE LA PALMA RESERVA MUNDIAL DE LA BIOSFERA,250000,172
185,17264800,MEDIO AMBIENTE,PROTECCIÓN Y MEJORA DEL MEDIO AMBIENTE,CUOTAS NETAS DE INTERESES POR OPERACIONES DE ARRENDAMIENTO FINANCIERO (LEASING),58800,173
190,17922611,MEDIO AMBIENTE,OTRAS ACTUACIONES RELACIONADAS CON EL MEDIO AMBIENTE,DÍAS M. AMBIENTE Y ÁRBOL,700,174
191,17922612,MEDIO AMBIENTE,OTRAS ACTUACIONES RELACIONADAS CON EL MEDIO AMBIENTE,CONVENIO COLABORACIÓN MAROPARQUE,10000,175
192,17923300,MEDIO AMBIENTE,OTRAS ACTUACIONES RELACIONADAS CON EL MEDIO AMBIENTE,GASTO FUNCIONAMIENTO PATRONATO ESPACIOS NATURALES,1500,176
195,17948100,MEDIO AMBIENTE,OTRAS ACTUACIONES RELACIONADAS CON EL MEDIO AMBIENTE,PREMIOS INSULARES MEDIO AMBIENTE,2000,177
196,17948902,MEDIO AMBIENTE,OTRAS ACTUACIONES RELACIONADAS CON EL MEDIO AMBIENTE,CONVENIO FEDERACIÓN INSULAR DE CAZA COLABORACIÓN EN MATERIA CINEGÉTICA,85300,178
197,17948903,MEDIO AMBIENTE,OTRAS ACTUACIONES RELACIONADAS CON EL MEDIO AMBIENTE,SUBVENCIÓN SOCIEDADES PROTECTORAS DE ANIMALES,30000,179
200,17962700,MEDIO AMBIENTE,OTRAS ACTUACIONES RELACIONADAS CON EL MEDIO AMBIENTE, ALBERGUE ANIMALES,1000,180
205,21116102,RECURSOS HUMANOS,PENSIONES,PREMIO JUBILACIÓN/CONSTANCIA,189900,181
206,21116103,RECURSOS HUMANOS,PENSIONES,PENSIONES ,600000,182
207,21116104,RECURSOS HUMANOS,PENSIONES,INDEMNIZACIÓN AL PERSONAL LABORAL POR JUBILACIÓN ANTICIPADA,84105,183
208,21116105,RECURSOS HUMANOS,PENSIONES,COMPLEMENTO FAMILIAR DE PENSIONISTAS,10000,184
213,22116008,RECURSOS HUMANOS,OTRAS PREST. ECON A FAVOR EMPLEADOS,PRESTACIONES SANITARIAS,90000,185
214,22116200,RECURSOS HUMANOS,OTRAS PREST. ECON A FAVOR EMPLEADOS,FORMACIÓN CONTINUA,45000,186
215,22116204,RECURSOS HUMANOS,OTRAS PREST. ECON A FAVOR EMPLEADOS,ACCIÓN SOCIAL,10000,187
216,22116205,RECURSOS HUMANOS,OTRAS PREST. ECON A FAVOR EMPLEADOS,SEGURO COLECTIVO ACUNSA,110000,188
217,22116206,RECURSOS HUMANOS,OTRAS PREST. ECON A FAVOR EMPLEADOS,AYUDAS AL ESTUDIO DEL PERSONAL,105000,189
218,22116207,RECURSOS HUMANOS,OTRAS PREST. ECON A FAVOR EMPLEADOS,FORMACIÓN DEL PERSONAL,10000,190
219,22116400,RECURSOS HUMANOS,OTRAS PREST. ECON A FAVOR EMPLEADOS,COMPLEMENTO FAMILIAR,40000,191
222,22148900,RECURSOS HUMANOS,OTRAS PREST. ECON A FAVOR EMPLEADOS,APORTACIÓN REPRESENTANTES SINDICALES,26614,192
227,23012000,SERVICIOS SOCIALES,ADMINISTRACIÓN GENERAL DE SERVICIOS SOCIALES,SUELDOS GRUPO A1,49098,193
228,23012001,SERVICIOS SOCIALES,ADMINISTRACIÓN GENERAL DE SERVICIOS SOCIALES,SUELDOS GRUPO A2,42822,194
229,23012003,SERVICIOS SOCIALES,ADMINISTRACIÓN GENERAL DE SERVICIOS SOCIALES,SUELDOS GRUPO C1,10828,195
230,23012004,SERVICIOS SOCIALES,ADMINISTRACIÓN GENERAL DE SERVICIOS SOCIALES,SUELDOS GRUPO C2,36394,196
231,23012006,SERVICIOS SOCIALES,ADMINISTRACIÓN GENERAL DE SERVICIOS SOCIALES,TRIENIOS,25670,197
232,23012100,SERVICIOS SOCIALES,ADMINISTRACIÓN GENERAL DE SERVICIOS SOCIALES,COMPLEMENTO DE DESTINO,88502,198
233,23012101,SERVICIOS SOCIALES,ADMINISTRACIÓN GENERAL DE SERVICIOS SOCIALES,COMPLEMENTO ESPECÍFICO,111506,199
234,23012103,SERVICIOS SOCIALES,ADMINISTRACIÓN GENERAL DE SERVICIOS SOCIALES,OTROS COMPLEMENTOS,79059,200
235,23013000,SERVICIOS SOCIALES,ADMINISTRACIÓN GENERAL DE SERVICIOS SOCIALES,RETRIBUCIONES BÁSICA PERSONAL LABORAL FIJO,563575,201
236,23013002,SERVICIOS SOCIALES,ADMINISTRACIÓN GENERAL DE SERVICIOS SOCIALES,OTRAS REMUNERACIONES PERSONAL LABORAL FIJO,848996,202
237,23013100,SERVICIOS SOCIALES,ADMINISTRACIÓN GENERAL DE SERVICIOS SOCIALES,RETRIBUCIONES PERSONAL LABORAL TEMPORAL,60000,203
238,23014300,SERVICIOS SOCIALES,ADMINISTRACIÓN GENERAL DE SERVICIOS SOCIALES,RETRIBUCIONES PERSONAL CONVENIO DEPENDENCIA,149399,204
239,23015000,SERVICIOS SOCIALES,ADMINISTRACIÓN GENERAL DE SERVICIOS SOCIALES,PRODUCTIVIDAD,8616,205
240,23016000,SERVICIOS SOCIALES,ADMINISTRACIÓN GENERAL DE SERVICIOS SOCIALES,SEGURIDAD SOCIAL,688204,206
375,23522106,RESIDENCIAS DE PENSIONISTAS,RESIDENCIAS DE PENSIONISTAS,PRODUCTOS FARMACÉUTICOS Y MATERIAL SANITARIO,243768,207
436,24162703,EMPLEO,FOMENTO DE EMPLEO,OTRAS INVERSIONES EMPLEO,300,208
245,23022002,SERVICIOS SOCIALES,ADMINISTRACIÓN GENERAL DE SERVICIOS SOCIALES,MATERIAL INFORMÁTICO NO INVENTARIABLE,3540,209
376,23522110,RESIDENCIAS DE PENSIONISTAS,RESIDENCIAS DE PENSIONISTAS,PRODUCTOS DE LIMPIEZA Y ASEO,116814,210
377,23522199,RESIDENCIAS DE PENSIONISTAS,RESIDENCIAS DE PENSIONISTAS,OTROS SUMINISTROS,10869,211
378,23522699,RESIDENCIAS DE PENSIONISTAS,RESIDENCIAS DE PENSIONISTAS,OTROS GASTOS DIVERSOS,40000,212
381,23562500,RESIDENCIAS DE PENSIONISTAS,RESIDENCIAS DE PENSIONISTAS,MOBILIARIO Y ENSERES,16000,213
382,23562700,RESIDENCIAS DE PENSIONISTAS,RESIDENCIAS DE PENSIONISTAS,INVERSIONES RESIDENCIA DE PENSIONISTAS,42000,214
387,24112000,EMPLEO,FOMENTO DE EMPLEO,SUELDOS GRUPO A1,16366,215
388,24112004,EMPLEO,FOMENTO DE EMPLEO,SUELDOS GRUPO C2,18197,216
389,24112006,EMPLEO,FOMENTO DE EMPLEO,TRIENIOS,6315,217
390,24112100,EMPLEO,FOMENTO DE EMPLEO,COMPLEMENTO DE DESTINO,23961,218
391,24112101,EMPLEO,FOMENTO DE EMPLEO,COMPLEMENTO ESPECÍFICO,31428,219
392,24112103,EMPLEO,FOMENTO DE EMPLEO,OTROS COMPLEMENTOS FUNCIONARIOS,19736,220
393,24113000,EMPLEO,FOMENTO DE EMPLEO,RETRIBUCIONES BÁSICAS PERSONAL LABORAL FIJO,120975,221
394,24113002,EMPLEO,FOMENTO DE EMPLEO,OTRAS REMUNERACIONES PERSONAL LABORAL FIJO,187548,222
395,24113003,EMPLEO,FOMENTO DE EMPLEO,RETRIBUCIONES FiiHUB (INTERREG MAC 2014-2020),27140,223
396,24113004,EMPLEO,FOMENTO DE EMPLEO,INDEMNIZACION APOYO A LA INSERCIÓN LA PALMA SI III,1747,224
397,24114304,EMPLEO,FOMENTO DE EMPLEO,RETRIBUCIONES PLAN DE EMPLEO SOCIAL FDCAN/CONTROL DEL PS FDCAN 2021 (5ª FASE),347000,225
398,24114305,EMPLEO,FOMENTO DE EMPLEO,RETRIBUCIONES PLAN DE EMPLEO SOCIAL FDCAN/CONTROL DEL PS 2020 (4ª FASE),343554,226
399,24114306,EMPLEO,FOMENTO DE EMPLEO,INDEMNIZACIÓN PROYECTOS GENERADORES DE EMPLEO SCE - PTE,15000,227
400,24114307,EMPLEO,FOMENTO DE EMPLEO,RETRIBUCIONES PARA PROGRAMAS CON EL SCE,30000,228
401,24114309,EMPLEO,FOMENTO DE EMPLEO,RETRIBUCIONES PRODAE,21120,229
402,24114312,EMPLEO,FOMENTO DE EMPLEO,RETRIBUCIONES PROGRAMA NOE NUEVAS OPORTUNIDADES DE EMPLEO,67000,230
403,24115000,EMPLEO,FOMENTO DE EMPLEO,PRODUCTIVIDAD ,1686,231
404,24116000,EMPLEO,FOMENTO DE EMPLEO,SEGURIDAD SOCIAL,385884,232
407,24120402,EMPLEO,FOMENTO DE EMPLEO,RENTING VEHÍCULO DESTINADO PLAN EMPLEO SOCIAL FDCAN CONTROL P.S. - FDCAN 2020,15090,233
408,24120403,EMPLEO,FOMENTO DE EMPLEO,RENTING VEHÍCULO DESTINADO PLAN EMPLEO SOCIAL FDCAN CONTROL P.S. - FDCAN 2021,15090,234
409,24121400,EMPLEO,FOMENTO DE EMPLEO,REPARACIÓN Y MANTENIMIENTO VEHÍCULOS,5000,235
410,24122000,EMPLEO,FOMENTO DE EMPLEO,MATERIAL DE OFICINA,400,236
411,24122103,EMPLEO,FOMENTO DE EMPLEO,COMBUSTIBLES,1000,237
412,24122300,EMPLEO,FOMENTO DE EMPLEO,TRANSPORTES Y MENSAJERÍA,100,238
413,24122502,EMPLEO,FOMENTO DE EMPLEO,TRIBUTOS VEHÍCULOS,750,239
414,24122614,EMPLEO,FOMENTO DE EMPLEO,GASTOS CORRIENTES PROYECTOS GENERADORES DE EMPLEO SCE-PETE,25000,240
415,24122615,EMPLEO,FOMENTO DE EMPLEO,GASTOS CORRIENTES NOE,600,241
416,24122617,EMPLEO,FOMENTO DE EMPLEO,GASTOS CORRIENTES PROGRAMA SCE,10000,242
417,24122619,EMPLEO,FOMENTO DE EMPLEO,HUERTOS ESCOLARES ECOLÓGICOS,20000,243
418,24122621,EMPLEO,FOMENTO DE EMPLEO,LA PALMA EMPRENDES - FDCAN 2021,4135,244
419,24122624,EMPLEO,FOMENTO DE EMPLEO,PROYECTO FiiHUB (INTERREG MAC 2014-2020),54000,245
420,24122626,EMPLEO,FOMENTO DE EMPLEO,GASTOS CORRIENTES PLAN EMPLEO SOCIAL - CONTROL PENIS. SET. (4ª FASE - FDCAN 2020),22158,246
421,24122627,EMPLEO,FOMENTO DE EMPLEO,GASTOS CORRIENTES PLAN EMPLEO SOCIAL - CONTROL PENIS. SET. (5ª FASE - FDCAN 2021),30000,247
422,24122699,EMPLEO,FOMENTO DE EMPLEO,OTROS GASTOS DIVERSOS,11000,248
425,24145390,EMPLEO,FOMENTO DE EMPLEO,"SUBV. FUNDACIÓN GENERAL DE LA UNIVERSIDAD DE LA LAGUNA PROYECTO EMPLEABILIDAD ""LA PALMA EMPLEO""",200000,249
426,24146204,EMPLEO,FOMENTO DE EMPLEO,PLAN EMPLEO SOCIAL AYTOS. FDCAN ANUALIDAD 2021. LINEA 3,1669135,250
427,24147001,EMPLEO,FOMENTO DE EMPLEO,SUBV. FOMENTO A LA CONTRATACIÓN LABORAL CONVOCATORIA 2020. FDCAN 2020,320000,251
428,24147002,EMPLEO,FOMENTO DE EMPLEO,SUBV. FOMENTO A LA CONTRATACIÓN LABORAL CONVOCATORIA PLURIANUAL. FDCAN 2021,640000,252
429,24147003,EMPLEO,FOMENTO DE EMPLEO,SUBV. COMPENSAICÓN EMPRESAS GASTOS PÉRDIDAS ECONÓMICAS OCASIONADAS POR EL IMPACTO COVID 19,600000,253
430,24147005,EMPLEO,FOMENTO DE EMPLEO,SUBV.  GRANTECAN S.A. CONTRATOS TITULADOS UNIVERSITARIOS FDCAN 2021,160000,254
433,24162500,EMPLEO,FOMENTO DE EMPLEO,ADQUISICIÓN MOBILIARIO Y ENSERES,1300,255
434,24162600,EMPLEO,FOMENTO DE EMPLEO,EQUIPOS PARA PROCESOS DE INFORMACIÓN PROGRAMAS DE EMPLEO,3000,256
246,23022300,SERVICIOS SOCIALES,ADMINISTRACIÓN GENERAL DE SERVICIOS SOCIALES,TRANSPORTES Y MENSAJERÍAS,140,257
247,23022602,SERVICIOS SOCIALES,ADMINISTRACIÓN GENERAL DE SERVICIOS SOCIALES,PUBLICIDAD Y PROPAGANDA,350,258
250,23062700,SERVICIOS SOCIALES,ADMINISTRACIÓN GENERAL DE SERVICIOS SOCIALES,INVERSIONES SERVICIOS SOCIALES,12000,259
255,23122610,SERVICIOS SOCIALES,ACCIÓN SOCIAL,GASTOS CORRIENTES TUTELAS Y CURATELAS,60610,260
256,23122615,SERVICIOS SOCIALES,ACCIÓN SOCIAL,PLAN DE ATENCIÓN SOCIOSANITARIA-DEPENDENCIA,126857,261
257,23122616,SERVICIOS SOCIALES,ACCIÓN SOCIAL,MUJERS VÍCTIMAS VIOLENCIA Y PROTECC. INTEGRAL MUJERES,351386,262
258,23122709,SERVICIOS SOCIALES,ACCIÓN SOCIAL,PRESTACIÓN SERVICIOS MENORES,1049023,263
259,23122711,SERVICIOS SOCIALES,ACCIÓN SOCIAL,PRESTACIÓN SERV. ATENCIÓN PLAYAS PERSONAS,42000,264
260,23122712,SERVICIOS SOCIALES,ACCIÓN SOCIAL,PRESTACIÓN SERV. PERSONAS DISCAPACIDAD MUSICOTERAPIA,36166,265
261,23122714,SERVICIOS SOCIALES,ACCIÓN SOCIAL,PRESTACIÓN SERVICIO DE ADECUACIÓN MEDIOAMBIENTAL PARA INTEGRACIÓN SOCIAL,200000,266
262,23122715,SERVICIOS SOCIALES,ACCIÓN SOCIAL,PRESTACIONES SERVICIO ACTIVIDADES VACACIONALES PARA MENORES (DISCAPACIDAD),60000,267
265,23146200,SERVICIOS SOCIALES,ACCIÓN SOCIAL,SUBV. A AYTOS. DE LA ISLA DE LA PALMA EN MATERIA DE ACCIÓN SOCIAL,525000,268
266,23146204,SERVICIOS SOCIALES,ACCIÓN SOCIAL,AYUDA FOMENTO INSERCIÓN LABORAL PERSONAS CON DISCAPACIDAD,12000,269
267,23148006,SERVICIOS SOCIALES,ACCIÓN SOCIAL,AYUDAS EC.-FONDO DE EMERGENCIA SOCIAL MUJER,28491,270
268,23148007,SERVICIOS SOCIALES,ACCIÓN SOCIAL,"AYUDAS ECONÓMICAS A LAS ASOC,INSTITUC Y ENTIDADES SIN ANIMO DE LUCRO QUE REALICEN PROYECTOS DE CARÁCTER SOCIAL",870015,271
269,23148917,SERVICIOS SOCIALES,ACCIÓN SOCIAL,SUBV. CRUZ ROJA ESPAÑOLA. PROYECTO MUJERES VICTIMA VIOLENCIA DE GENERO,51682,272
270,23149000,SERVICIOS SOCIALES,ACCIÓN SOCIAL,AYUDA A OTROS PUEBLOS,9000,273
273,23162702,SERVICIOS SOCIALES,ACCIÓN SOCIAL,INV. SISTEMA SOCIAL PREVENCIÓN Y PROTECCIÓN INTEGRAL MUJERES,16506,274
276,23178901,SERVICIOS SOCIALES,ACCIÓN SOCIAL,"SUBV. ASOC. ESPAÑOLA CONTRA EL CANCER, AYUDAS TÉCNICAS PRÉSTAMOS ENFERMOS ONCÓLOGICOS",5000,275
281,23222606,SERVICIOS SOCIALES,PROMOCIÓN SOCIAL,"REUNIONES, CONFERENCIAS Y CURSOS",10000,276
282,23222612,SERVICIOS SOCIALES,PROMOCIÓN SOCIAL,ACTIVIDADES DIVERSAS ACCIÓN SOCIAL,15000,277
287,23322703,SERVICIOS SOCIALES,ASISTENCIA PERSONAS DEPENDIENTES,PRESTACIÓN SERVICIOS CENTRO PERSONAS CON DISCAPACIDAD,1909289,278
288,23322710,SERVICIOS SOCIALES,ASISTENCIA PERSONAS DEPENDIENTES,PRESTACIÓN SERVICIO CENTROS Y SERVICIOS DE ATENCIÓN A LA DEPENDENCIA,123545,279
291,23346200,SERVICIOS SOCIALES,ASISTENCIA PERSONAS DEPENDIENTES,SUBV. AYTO. S/C DE LA PALMA ESTIMULACIÓN PRECOZ,18691,280
292,23346201,SERVICIOS SOCIALES,ASISTENCIA PERSONAS DEPENDIENTES,SUBV. AYTO. LOS LLANOS DE ARIDANE INSERCIÓN SOCIO LABORAL DE ENFERMOS MENTALES,25000,281
439,24177000,EMPLEO,FOMENTO DE EMPLEO,SUBVENCIONES A EMPRENDEDORES PARA LA PUESTA EN MARCHA DE PROYECTOS EMPRESARIALES (FDCAN 2020),29000,282
293,23346202,SERVICIOS SOCIALES,ASISTENCIA PERSONAS DEPENDIENTES,SUBV. AYTO. PUNTALLANA TALLER INTEGRACIÓN PERSONAS CON DISCAPACIDAD,18000,283
294,23346203,SERVICIOS SOCIALES,ASISTENCIA PERSONAS DEPENDIENTES,CONVENIO AYTO. GARAFÍA RESID. MAYORES SOR JOSEFA ARGOTE GASTOS FUNCIONAMIENTO,304613,284
295,23346204,SERVICIOS SOCIALES,ASISTENCIA PERSONAS DEPENDIENTES,CONVENIO AYTO. SAN ANDRÉS Y SAUCES RESIDENCIA MAYORES GASTOS FUNCIONAMIENTO,685266,285
296,23346205,SERVICIOS SOCIALES,ASISTENCIA PERSONAS DEPENDIENTES,SUBV. AYTO. LOS LLANOS DE ARIDANE INTERVENCIÓN DEMENCIAS Y ALZHEIMER,33900,286
297,23346206,SERVICIOS SOCIALES,ASISTENCIA PERSONAS DEPENDIENTES,"CONVENIO AYTO. LOS LLANOS DE ARIDANE. CENTRO DIA MAYORES, GASTOS MANTENIM",264958,287
298,23346207,SERVICIOS SOCIALES,ASISTENCIA PERSONAS DEPENDIENTES,CONVENIO AYTO. DE BARLOVENTO. SERVICIO AYUDA DOMICILIO. GASTOS MANTENIMIENTO,160778,288
299,23346208,SERVICIOS SOCIALES,ASISTENCIA PERSONAS DEPENDIENTES,CONVENIO AYTO. DE BREÑA ALTA. SERVICIO AYUDA DOMICILIO. GASTOS MANTENIMIENTO,293910,289
300,23346209,SERVICIOS SOCIALES,ASISTENCIA PERSONAS DEPENDIENTES,CONVENIO AYTO. DE BREÑA BAJA. SERVICIO AYUDA DOMICILIO. GASTOS MANTENIMIENTO,188448,290
301,23346210,SERVICIOS SOCIALES,ASISTENCIA PERSONAS DEPENDIENTES,CONVENIO ATYO. EL PASO. SERVICIO AYUDA DOMICILIO. GASTOS MANTENIMIENTO,302717,291
302,23346211,SERVICIOS SOCIALES,ASISTENCIA PERSONAS DEPENDIENTES,CONVENIO AYTO TAZACORTE-RESIDENCIA MAYORES GASTOS MANTENIMIENTO,224452,292
303,23346212,SERVICIOS SOCIALES,ASISTENCIA PERSONAS DEPENDIENTES,CONVENIO AYTO.PUNTAGORDA RESIDENCIA DE MAYORES GASTOS MANTENIMIENTO,448903,293
304,23346213,SERVICIOS SOCIALES,ASISTENCIA PERSONAS DEPENDIENTES,CONVENIO AYTO.TIJARAFE CTRO.DE ESTANCIA DIURNA GASTOS MANTENIMIENTO,229630,294
305,23346214,SERVICIOS SOCIALES,ASISTENCIA PERSONAS DEPENDIENTES,CONVENIO AYTO. BREÑA ALTA RESID.PERSONAS CON DISCAPAC.NINA JAUBERT GASTOS MANTENIMIENTO,732646,295
306,23346215,SERVICIOS SOCIALES,ASISTENCIA PERSONAS DEPENDIENTES,CONVENIO AYTO.B.ALTA CENTRO OCUPACIONAL GASTOS MANTENIMIENTO,409434,296
307,23346216,SERVICIOS SOCIALES,ASISTENCIA PERSONAS DEPENDIENTES,CONVENIO AYTO.MAZO CENTRO OCUPACIONAL GASTO MANTENIMIENTO,126278,297
308,23346217,SERVICIOS SOCIALES,ASISTENCIA PERSONAS DEPENDIENTES,CONVENIO AYTO. VILLA DE MAZO CENTRO DE DIA MAYORES GASTOS MANTENIMIENTO,52992,298
309,23346218,SERVICIOS SOCIALES,ASISTENCIA PERSONAS DEPENDIENTES,CONVENIO AYTO. VILLA DE MAZO RESIDENCIA MAYORES GASTOS MANTENIMIENTO,192387,299
310,23346219,SERVICIOS SOCIALES,ASISTENCIA PERSONAS DEPENDIENTES,CONVENIO AYTO. BREÑA ALTA RESIDENCIA MAYORES NINA JAUBERT GASTOS MANTENIMIENTO,416839,300
311,23346220,SERVICIOS SOCIALES,ASISTENCIA PERSONAS DEPENDIENTES,CONVENIO AYTO. FUENCALIENTE RESIDENCIA DE MAYORES GASTO MANTENIMIENTO,256515,301
312,23346221,SERVICIOS SOCIALES,ASISTENCIA PERSONAS DEPENDIENTES,CONVENIO AYTO. BREÑA ALTA HOGAR FUNCIONAL GASTOS MANTENIMIENTO,118635,302
313,23346222,SERVICIOS SOCIALES,ASISTENCIA PERSONAS DEPENDIENTES,CONVENIO AYTO. TAZACORTE. CENTRO DE DIA MAYORES GASTOS MANTENIMIENTO,70655,303
314,23346223,SERVICIOS SOCIALES,ASISTENCIA PERSONAS DEPENDIENTES,CONVENIO AYTO. PUNTALLANA RESIDENCIA MAYORES GASTOS MANTENIMIENTO,654407,304
440,24177001,EMPLEO,FOMENTO DE EMPLEO,SUBVENCIONES A EMPRENDEDORES PARA LA PUESTA EN MARCHA DE PROYECTOS EMPRESARIALES (FDCAN 2021),145000,305
445,31212000,HOSPITAL DE DOLORES,HOSPITAL DE DOLORES,SUELDOS GRUPO A1,81830,306
446,31212001,HOSPITAL DE DOLORES,HOSPITAL DE DOLORES,SUELDOS GRUPO A2,114191,307
447,31212004,HOSPITAL DE DOLORES,HOSPITAL DE DOLORES,SUELDOS GRUPO C2,145574,308
448,31212006,HOSPITAL DE DOLORES,HOSPITAL DE DOLORES,TRIENIOS,104837,309
449,31212100,HOSPITAL DE DOLORES,HOSPITAL DE DOLORES,COMPLEMENTO DE DESTINO,219379,310
450,31212101,HOSPITAL DE DOLORES,HOSPITAL DE DOLORES,COMPLEMENTO ESPECÍFICO,267001,311
451,31212103,HOSPITAL DE DOLORES,HOSPITAL DE DOLORES,OTROS COMPLEMENTOS,221491,312
452,31213000,HOSPITAL DE DOLORES,HOSPITAL DE DOLORES,RETRIBUCIONES BÁSICAS LABORALES HOSPITAL,1127963,313
453,31213002,HOSPITAL DE DOLORES,HOSPITAL DE DOLORES,OTRAS REMUNERACIONES PERSONAL LABORAL FIJO,1707559,314
454,31213100,HOSPITAL DE DOLORES,HOSPITAL DE DOLORES,HOSPITAL SUSTITUCIONES VACACIONES E ILT,450704,315
455,31215000,HOSPITAL DE DOLORES,HOSPITAL DE DOLORES,PRODUCTIVIDAD,26219,316
456,31215100,HOSPITAL DE DOLORES,HOSPITAL DE DOLORES,GRATIFICACIONES Y FESTIVOS LABORAL,182342,317
457,31216000,HOSPITAL DE DOLORES,HOSPITAL DE DOLORES,SEGURIDAD SOCIAL,1662330,318
460,31221300,HOSPITAL DE DOLORES,HOSPITAL DE DOLORES,CONSERVACIÓN MAQUINARIA HOSPITAL,4200,319
461,31221400,HOSPITAL DE DOLORES,HOSPITAL DE DOLORES,MATERIAL DE TRANSPORTE HOSPITAL,910,320
462,31221500,HOSPITAL DE DOLORES,HOSPITAL DE DOLORES,REPARACIÓN MOBILIARIOS Y ENSERES HOSPITAL,5600,321
463,31221900,HOSPITAL DE DOLORES,HOSPITAL DE DOLORES,REPARACIONES HOSPITAL,8400,322
464,31222000,HOSPITAL DE DOLORES,HOSPITAL DE DOLORES,MATERIAL DE OFICINA ,910,323
465,31222002,HOSPITAL DE DOLORES,HOSPITAL DE DOLORES,MATERIAL INFORMÁTICO NO INVENTARIABLE,280,324
466,31222102,HOSPITAL DE DOLORES,HOSPITAL DE DOLORES,GAS HOSPITAL,7997,325
467,31222103,HOSPITAL DE DOLORES,HOSPITAL DE DOLORES,COMBUSTIBLES Y CARBURANTES HOSPITAL,910,326
468,31222104,HOSPITAL DE DOLORES,HOSPITAL DE DOLORES,SUMINISTRO VESTUARIO HOSPITAL,7000,327
469,31222105,HOSPITAL DE DOLORES,HOSPITAL DE DOLORES,PRODUCTOS ALIMENTICIOS HOSPITAL,140000,328
470,31222106,HOSPITAL DE DOLORES,HOSPITAL DE DOLORES,PRODUCTOS FARMACÉUTICOS HOSPITAL,262500,329
471,31222110,HOSPITAL DE DOLORES,HOSPITAL DE DOLORES,PRODUCTOS DE LIMPIEZA Y ASEO HOSPITAL,28000,330
472,31222300,HOSPITAL DE DOLORES,HOSPITAL DE DOLORES,TRANSPORTES Y MENSAJERÍA,140,331
473,31222606,HOSPITAL DE DOLORES,HOSPITAL DE DOLORES,"JORNADAS, CURSOS, CONFERENCIAS Y REUNIONES SANIDAD",4900,332
474,31222610,HOSPITAL DE DOLORES,HOSPITAL DE DOLORES,TERAPIA OCUPACIONAL Y ACTIVIDADES HOSPITAL,4550,333
475,31222699,HOSPITAL DE DOLORES,HOSPITAL DE DOLORES,OTROS GASTOS DIVERSOS HOSPITAL,35000,334
478,31262500,HOSPITAL DE DOLORES,HOSPITAL DE DOLORES,ADQUISIC. MOBILIARIO Y ENSERES,21000,335
479,31262501,HOSPITAL DE DOLORES,HOSPITAL DE DOLORES,ADQUISICIÓN OTROS BIENES INVENTARIABLES,17500,336
480,31262700,HOSPITAL DE DOLORES,HOSPITAL DE DOLORES,OBRAS EDIFICIO HOSPITAL NUESTRA SEÑORA DE LOS DOLORES,70000,337
485,31348900,SANIDAD,ACCIONES PÚBLICAS RELATIVAS A LA SALUD,SUBV. ENTIDADES ACCIONES DE PREVENCIÓN EN DROGODEPENDENCIAS,84000,338
490,32645391,EDUCACIÓN,SERVICIOS COMPLEMENTARIOS DE EDUCACIÓN,SUBV. ESCUELA ENFERMERÍA ULL PARA FONDOS DE LA BIBLIOTECA VIRTUAL,6000,339
491,32648100,EDUCACIÓN,SERVICIOS COMPLEMENTARIOS DE EDUCACIÓN,AYUDAS AL ESTUDIO Y ENSEÑANZA ,400000,340
492,32648101,EDUCACIÓN,SERVICIOS COMPLEMENTARIOS DE EDUCACIÓN,AYUDAS ESTUDIANTES EN LAS RESIDENCIA/COLEGIOS ULL Y ULPG,175000,341
493,32648902,EDUCACIÓN,SERVICIOS COMPLEMENTARIOS DE EDUCACIÓN,"SUBV. FAPA LA PALMA GASTOS GUARDERÍAS, CURSOS FORMACIÓN Y MATERIAL PREVENCIÓN",26000,342
498,32822001,EDUCACIÓN,PROMOCIÓN EDUCATIVA,LIBROS ESCUELA ENFERMERÍA ,2000,343
499,32822002,EDUCACIÓN,PROMOCIÓN EDUCATIVA,MATERIAL DE OFICINA ESCUELA DE ENFERMERÍA,500,344
500,32822003,EDUCACIÓN,PROMOCIÓN EDUCATIVA,MATERIAL DE OFICINA,500,345
501,32822603,EDUCACIÓN,PROMOCIÓN EDUCATIVA,PUBLICACION EN DIARIOS OFICIALES,100,346
502,32822608,EDUCACIÓN,PROMOCIÓN EDUCATIVA,ACTIVIDADES EDUCATIVAS,40000,347
503,32822699,EDUCACIÓN,PROMOCIÓN EDUCATIVA,OTROS GASTOS DIVERSOS,1500,348
504,32822706,EDUCACIÓN,PROMOCIÓN EDUCATIVA,PUBLICACIONES,100,349
507,32841000,EDUCACIÓN,PROMOCIÓN EDUCATIVA,APORTACIÓN A LA ESCUELA INSULAR DE MÚSICA,1321000,350
508,32842400,EDUCACIÓN,PROMOCIÓN EDUCATIVA,SUBVENCIÓN UNED LA PALMA GASTOS FUNCIONAMIENTO,210000,351
316,23346225,SERVICIOS SOCIALES,ASISTENCIA PERSONAS DEPENDIENTES,CONVENIO AYTO. BREÑA BAJA CENTRO DÍA MAYORES GASTOS MANTENIMIENTO,174999,352
317,23346226,SERVICIOS SOCIALES,ASISTENCIA PERSONAS DEPENDIENTES,CONVENIO AYTO. PUNTALLANA CENTRO DÍA MAYORES GASTOS MANTENIMIENTO,88319,353
318,23346227,SERVICIOS SOCIALES,ASISTENCIA PERSONAS DEPENDIENTES,CONVENIO AYTO. BARLOVENTO CENTRO DE DIA DE MAYORES GASTOS MANTENIMIENTO,132479,354
319,23346228,SERVICIOS SOCIALES,ASISTENCIA PERSONAS DEPENDIENTES,CONVENIO AYTO. TIJARAFE RESIDENCIA MAYORES GASTOS MANTENIMIENTO,498809,355
320,23346229,SERVICIOS SOCIALES,ASISTENCIA PERSONAS DEPENDIENTES,CONVENIO AYTO. BARLOVENTO RESIDENCIA MAYORES GASTOS MANTENIMIENTO,338486,356
321,23346230,SERVICIOS SOCIALES,ASISTENCIA PERSONAS DEPENDIENTES,CONVENIO AYTO. GARAFÍA RESIDENCIA MAYORES GASTOS MANTENIMIENTO,857499,357
322,23346231,SERVICIOS SOCIALES,ASISTENCIA PERSONAS DEPENDIENTES,CONVENIO AYTO. SAN ANDRÉS Y SAUCES CENTRO DE DÍA MAYORES GASTOS MANTENIMIENTO,220798,358
323,23346232,SERVICIOS SOCIALES,ASISTENCIA PERSONAS DEPENDIENTES,CONVENIO AYTO. EL PASO CENTRO DE DÍA MAYORES. GASTOS MANTENIMIENTO,264959,359
324,23346233,SERVICIOS SOCIALES,ASISTENCIA PERSONAS DEPENDIENTES,CONVENIO AYTO. DE FUENCALIENTE. SERVICIO AYUDA DOMICILIO. GASTOS MANTENIMIENTO,138164,360
325,23346234,SERVICIOS SOCIALES,ASISTENCIA PERSONAS DEPENDIENTES,CONVENIO AYTO. DE GARAFÍA. SERVICIO AYUDA DOMICILIO. GATOS MANTENIMIENTO,122100,361
326,23346235,SERVICIOS SOCIALES,ASISTENCIA PERSONAS DEPENDIENTES,CONVENIO AYTO. DE LOS LLANOS DE ARIDANE. SERVICIO AYUDA DOMICILIO. GASTOS MANTENIMIENTO,862808,362
327,23346236,SERVICIOS SOCIALES,ASISTENCIA PERSONAS DEPENDIENTES,CONVENIO AYTO. DE PUNTAGORDA. SERVICIO AYUDA DOMICILIO. GASTOS MANTENIMIENTO,116825,363
328,23346237,SERVICIOS SOCIALES,ASISTENCIA PERSONAS DEPENDIENTES,CONVENIO AYTO. DE PUNTALLANA. SERVICIO AYUDA DOMICILIO. GASTOS MANTENIMIENTO,104774,364
329,23346238,SERVICIOS SOCIALES,ASISTENCIA PERSONAS DEPENDIENTES,CONVENIO AYTO. DE SAN ANDRÉS Y SAUCES. SERVICIO AYUDA DOMICILIO. GASTOS MANTENIMIENTO,214514,365
330,23346239,SERVICIOS SOCIALES,ASISTENCIA PERSONAS DEPENDIENTES,CONVENIO AYTO. DE SANTA CRUZ DE LA PALMA. SERVICIO AYUDA DOMICILIO. GASTOS MANTENIMIENTO,587342,366
331,23346240,SERVICIOS SOCIALES,ASISTENCIA PERSONAS DEPENDIENTES,CONVENIO AYTO. DE TAZACORTE. SERVICIO AYUDA DOMICILIO. GASTOS MANTENIMIENTO,258178,367
332,23346241,SERVICIOS SOCIALES,ASISTENCIA PERSONAS DEPENDIENTES,CONVENIO AYTO. DE TIJARAFE. SERVICIO AYUDA DOMICILIO. GASTOS MANTENIMIENTO,195877,368
333,23346242,SERVICIOS SOCIALES,ASISTENCIA PERSONAS DEPENDIENTES,CONVENIO AYTO. DE VILLA DE MAZO. SERVICIO AYUDA DOMICILIO. GASTOS MANTENIMIENTO,228525,369
334,23348900,SERVICIOS SOCIALES,ASISTENCIA PERSONAS DEPENDIENTES,CONVENIO ORDEN HOSPITALARIA SAN JUAN DE DIOS GASTOS MANTENIMIENTO,101222,370
335,23348904,SERVICIOS SOCIALES,ASISTENCIA PERSONAS DEPENDIENTES,CONVENIO FUNDACIÓN CANARIA TABURIENTE ESPECIAL CTRO.OCUPAC.TABURIENTE GASTO MANTENIMIENTO,357142,371
336,23348905,SERVICIOS SOCIALES,ASISTENCIA PERSONAS DEPENDIENTES,CONVENIO FUNDACIÓN ISONORTE CENTRO OC.LA TRAVIESA GASTO MANTENIMIENTO,126278,372
337,23348906,SERVICIOS SOCIALES,ASISTENCIA PERSONAS DEPENDIENTES,CONVENIO FUNDACIÓN ISONORTE CENTRO OC.LA TISERA GASTO MANTENIMIENTO,295941,373
338,23348907,SERVICIOS SOCIALES,ASISTENCIA PERSONAS DEPENDIENTES,CONVENIO FUNDACIÓN CANARIA SOLIDARIDAD LA PALMA. RESID. MAYORES LOS LLANOS GASTOS MANTENIMIENTO,208419,374
339,23348908,SERVICIOS SOCIALES,ASISTENCIA PERSONAS DEPENDIENTES,CONVENIO ASOC. NIÑOS ESPECIALES DE LA PALMA. CENTRO DE DÍA DISCAPACIDAD,191765,375
340,23348909,SERVICIOS SOCIALES,ASISTENCIA PERSONAS DEPENDIENTES,CONVENIO AFA RESIDENCIA Y CENTRO DE DÍA ALZHEIMER,612052,376
341,23348910,SERVICIOS SOCIALES,ASISTENCIA PERSONAS DEPENDIENTES,CONVENIO ASOC. FAMILIARES DE ENFERMOS ALZHEIMER Y OTRAS DEMENCIAS DE LA PALMA. PROMOCIÓN AUTONOMÍA PERSONAL . GASTOS DE MANTENIMIENTO,169200,377
342,23348911,SERVICIOS SOCIALES,ASISTENCIA PERSONAS DEPENDIENTES,CONVENIO CRUZ ROJA TELEASISTENCIAS PARA PERSONAS DEPENDIENTES,41076,378
343,23348913,SERVICIOS SOCIALES,ASISTENCIA PERSONAS DEPENDIENTES,CONVENIO FUNDACIÓN CANARIA TABURIENTE ESPECIAL. PROMOCIÓN DE LA AUTONOMÍA PERSONAL,411397,379
346,23362700,SERVICIOS SOCIALES,ASISTENCIA PERSONAS DEPENDIENTES,CENTRO SOCIOSANITARIO LAS NIEVES,280000,380
347,23362701,SERVICIOS SOCIALES,ASISTENCIA PERSONAS DEPENDIENTES,INV PLAN ATENCIÓN SOCIO-SANITARIA-DEPENDENCIA,57000,381
348,23362702,SERVICIOS SOCIALES,ASISTENCIA PERSONAS DEPENDIENTES,II PLAN DE INFRAESTRUCTURA SOCIOSANITARIA,1166,382
353,23512001,RESIDENCIAS DE PENSIONISTAS,RESIDENCIAS DE PENSIONISTAS,SUELDOS GRUPO A2,14274,383
354,23512006,RESIDENCIAS DE PENSIONISTAS,RESIDENCIAS DE PENSIONISTAS,TRIENIOS,518,384
355,23512100,RESIDENCIAS DE PENSIONISTAS,RESIDENCIAS DE PENSIONISTAS,COMPLEMENTO DE DESTINO,8302,385
356,23512101,RESIDENCIAS DE PENSIONISTAS,RESIDENCIAS DE PENSIONISTAS,COMPLEMENTO ESPECÍFICO,8799,386
357,23512103,RESIDENCIAS DE PENSIONISTAS,RESIDENCIAS DE PENSIONISTAS,OTROS COMPLEMENTOS,6039,387
358,23513000,RESIDENCIAS DE PENSIONISTAS,RESIDENCIAS DE PENSIONISTAS, RETRIBUCIONES BÁSICAS PERSONAL LABORAL FIJO,1373271,388
359,23513002,RESIDENCIAS DE PENSIONISTAS,RESIDENCIAS DE PENSIONISTAS,OTRAS REMUNERACIONES PERSONAL LABORAL FIJO,2121221,389
360,23513100,RESIDENCIAS DE PENSIONISTAS,RESIDENCIAS DE PENSIONISTAS,RETRIBUCIONES PERSONAL LABORAL TEMPORAL,355884,390
361,23515000,RESIDENCIAS DE PENSIONISTAS,RESIDENCIAS DE PENSIONISTAS,PRODUCTIVIDAD,23597,391
362,23515100,RESIDENCIAS DE PENSIONISTAS,RESIDENCIAS DE PENSIONISTAS,GRATIFICACIONES ,143461,392
363,23516000,RESIDENCIAS DE PENSIONISTAS,RESIDENCIAS DE PENSIONISTAS,SEGURIDAD SOCIAL,1301334,393
366,23521200,RESIDENCIAS DE PENSIONISTAS,RESIDENCIAS DE PENSIONISTAS,REPARACIÓN Y CONSERVACIÓN EDIFICIO Y OTRAS CONSTRUCCIONES,14468,394
367,23521700,RESIDENCIAS DE PENSIONISTAS,RESIDENCIAS DE PENSIONISTAS,MANTENIMIENTO DE SOFTWARE,8956,395
368,23521900,RESIDENCIAS DE PENSIONISTAS,RESIDENCIAS DE PENSIONISTAS,REPARACIONES RESIDENCIA,28249,396
369,23522000,RESIDENCIAS DE PENSIONISTAS,RESIDENCIAS DE PENSIONISTAS,MATERIAL DE OFICINA NO INVENTARIABLE,600,397
370,23522002,RESIDENCIAS DE PENSIONISTAS,RESIDENCIAS DE PENSIONISTAS,MATERIAL INFORMATICO NO INVENTARIABLE,250,398
371,23522102,RESIDENCIAS DE PENSIONISTAS,RESIDENCIAS DE PENSIONISTAS,GAS BUTANO,12100,399
372,23522103,RESIDENCIAS DE PENSIONISTAS,RESIDENCIAS DE PENSIONISTAS,COMBUSTIBLE Y CARBURANTE,49000,400
509,32845393,EDUCACIÓN,PROMOCIÓN EDUCATIVA,SUBV. FUNDACIÓN GENERAL DE LA ULL CURSOS DE EXTENSIÓN UNIVERSITARIA,70000,401
510,32848903,EDUCACIÓN,PROMOCIÓN EDUCATIVA,SUBV. ASOCIACIÓN DEPORTIVA APRENDER JUGANDO CANARIAS-APRENDER JUGANDO-IES,10000,402
511,32848904,EDUCACIÓN,PROMOCIÓN EDUCATIVA,SUBV. FEDERACIÓN UNIÓN ESTUDIANTES DE CANARIAS (UDECA) ENCUENTRO DE ESTUDIANTES,800,403
512,32848905,EDUCACIÓN,PROMOCIÓN EDUCATIVA,SUBVENCIÓN INDISPAL PROYECTO TU VALOR,15000,404
513,32848907,EDUCACIÓN,PROMOCIÓN EDUCATIVA,SUBVENCIÓN RADIO ECCA PROYECTO ACTUACIÓN EDUCATIVA 2021,50000,405
514,32848908,EDUCACIÓN,PROMOCIÓN EDUCATIVA,SUBV. SOCIEDAD CANARIA ISAAC NEWTON DE PROFESORES DE MATEMÁTICDAS PROYECTO ESTALMAT CANARIAS,3000,406
517,32862501,EDUCACIÓN,PROMOCIÓN EDUCATIVA,ADQUISICIÓN OTROS BIENES INVENTARIABLES,2000,407
518,32862502,EDUCACIÓN,PROMOCIÓN EDUCATIVA,ADQUISICIÓN MOBILIARIO ESCUELA DE ENFERMERÍA,3000,408
519,32862600,EDUCACIÓN,PROMOCIÓN EDUCATIVA,EQUIPOS PARA PROCESOS DE INFORMACIÓN,2000,409
520,32862701,EDUCACIÓN,PROMOCIÓN EDUCATIVA,INVERSIONES INSTALACIONES EDUCACIÓN,20000,410
521,32862702,EDUCACIÓN,PROMOCIÓN EDUCATIVA,OBRAS EN LA ESCUELA INSULAR DE MÚSICA,244270,411
524,328753,EDUCACIÓN,PROMOCIÓN EDUCATIVA,SUBV. FUNDACIÓN GENERAL ULL PROYECTO FORMULA STUDENT,5000,412
529,33012000,CULTURA,ADMINISTRACIÓN GENERAL CULTURA,SUELDOS GRUPO A1,32732,413
530,33012001,CULTURA,ADMINISTRACIÓN GENERAL CULTURA,SUELDOS GRUPO A2,64232,414
531,33012004,CULTURA,ADMINISTRACIÓN GENERAL CULTURA,SUELDOS GRUPO C2,18197,415
532,33012006,CULTURA,ADMINISTRACIÓN GENERAL CULTURA,TRIENIOS,27067,416
533,33012100,CULTURA,ADMINISTRACIÓN GENERAL CULTURA,COMPLEMENTO DE DESTINO,72546,417
534,33012101,CULTURA,ADMINISTRACIÓN GENERAL CULTURA,COMPLEMENTO ESPECÍFICO,89845,418
535,33012103,CULTURA,ADMINISTRACIÓN GENERAL CULTURA,OTROS COMPLEMENTOS,69368,419
536,33013000,CULTURA,ADMINISTRACIÓN GENERAL CULTURA,RETRIBUCIONES BÁSICAS PERSONAL LABORAL FIJO,186561,420
537,33013002,CULTURA,ADMINISTRACIÓN GENERAL CULTURA,OTRAS REMUNERACIONES,273847,421
538,33015000,CULTURA,ADMINISTRACIÓN GENERAL CULTURA,PRODUCTIVIDAD,4494,422
539,33016000,CULTURA,ADMINISTRACIÓN GENERAL CULTURA,SEGURIDAD SOCIAL,262967,423
542,33020400,CULTURA,ADMINISTRACIÓN GENERAL CULTURA,RENTING VEHÍCULO,10000,424
543,33022000,CULTURA,ADMINISTRACIÓN GENERAL CULTURA,CULTURA MATERIAL DE OFICINA,1500,425
544,33022001,CULTURA,ADMINISTRACIÓN GENERAL CULTURA,"PRENSA, REVISTAS, LIBROS Y PUBLICACIONES",14000,426
545,33022002,CULTURA,ADMINISTRACIÓN GENERAL CULTURA,MATERIAL INFORMÁTICO NO INVENTARIABLE,5000,427
546,33022003,CULTURA,ADMINISTRACIÓN GENERAL CULTURA,SUMINISTRO MATERIAL CULTURA,3000,428
547,33022300,CULTURA,ADMINISTRACIÓN GENERAL CULTURA,TRANSPORTES Y MENSAJERÍA,3000,429
548,33022602,CULTURA,ADMINISTRACIÓN GENERAL CULTURA,PUBLICIDAD Y PROPAGANDA CULTURA,25000,430
549,33022603,CULTURA,ADMINISTRACIÓN GENERAL CULTURA,PUBLICACIONES EN DIARIOS OFICIALES,1500,431
550,33022699,CULTURA,ADMINISTRACIÓN GENERAL CULTURA,GASTOS DIVERSOS CULTURA,12000,432
551,33022706,CULTURA,ADMINISTRACIÓN GENERAL CULTURA,FONDO PUBLICACIONES Y COEDICIÓN CABILDO INSULAR,30000,433
556,33222000,CULTURA,BIBLIOTECAS Y ARCHIVOS,MATERIAL DE OFICINA ,1000,434
557,33222001,CULTURA,BIBLIOTECAS Y ARCHIVOS,"PRENSA, REVISTAS, LIBROS Y OTROS",10000,435
558,33222003,CULTURA,BIBLIOTECAS Y ARCHIVOS,MATERIAL OFICINA. BIBLIOTECA PÉREZ VIDAL,1000,436
559,33222107,CULTURA,BIBLIOTECAS Y ARCHIVOS,MATERIAL DE TRABAJO ARCHIVERO,1000,437
562,33246201,CULTURA,BIBLIOTECAS Y ARCHIVOS,SUBV. BIBLIOTECAS MUNICIPALES.FOMENTO LECTURA,35000,438
563,33248900,CULTURA,BIBLIOTECAS Y ARCHIVOS,LA COSMOLÓGICA APORTACIÓN GASTOS FUNCIONAMIENTO,40000,439
566,33262900,CULTURA,BIBLIOTECAS Y ARCHIVOS,MATERIAL DE CONSERVACIÓN FOTOGRÁFICO,2000,440
571,33322000,CULTURA,EQUIPAMIENTOS CULTURALES Y MUSEOS,MATERIAL OFICINA MUSEO INSULAR,1000,441
572,33322104,CULTURA,EQUIPAMIENTOS CULTURALES Y MUSEOS,UNIFORME PERSONAL MUSEOS,6000,442
573,33322699,CULTURA,EQUIPAMIENTOS CULTURALES Y MUSEOS,OTROS GASTOS DIVERSOS MUSEOS,6000,443
574,33322706,CULTURA,EQUIPAMIENTOS CULTURALES Y MUSEOS,ESTUDIOS Y TRABAJOS TÉCNICOS,4000,444
575,33322707,CULTURA,EQUIPAMIENTOS CULTURALES Y MUSEOS,DESARROLLO PAGINA WEB MUSEO INSULAR,4570,445
576,33322709,CULTURA,EQUIPAMIENTOS CULTURALES Y MUSEOS,ELABORACIÓN INVENTARIO MUSEO ARQUEOLÓGICO,1000,446
577,33322710,CULTURA,EQUIPAMIENTOS CULTURALES Y MUSEOS,ENMARCADO OBRAS MUSEO INSULAR,1000,447
578,33322711,CULTURA,EQUIPAMIENTOS CULTURALES Y MUSEOS,QR RECORRIDO MUSEOS,1000,448
581,33348901,CULTURA,EQUIPAMIENTOS CULTURALES Y MUSEOS,SUBVENCIÓN ORDEN FRANCISCANA SEGLAR GASTOS FUNCIONAMIENTO,4000,449
584,33362500,CULTURA,EQUIPAMIENTOS CULTURALES Y MUSEOS,MOBILIARIO Y ENSERES,2000,450
965,41346203,"AGRICULTURA, GANADERIA Y PESCA",GANADERÍA,SUBVENCIÓN AYTO. PUNTALLANA FERIA GANADERA,3500,451
647,33522623,CULTURA,ARTES ESCÉNICAS,LA PALMA JAZZ FESTIVAL,15000,452
837,34148918,DEPORTES,PROMOCIÓN Y FOMENTO DEL DEPORTE,SUBV. CLUB BADMINTON LA PALMA DROP PROMOCIÓN Y TECNIFICACIÓN,4000,453
713,33846207,CULTURA,FIESTAS POPULARES Y FESTEJOS,SUBV. AYTO. VILLA DE MAZO FIESTA VALOR ETNOGRÁFICO CORPUS CHRISTI,3500,454
781,34022699,DEPORTES,ADMINISTRACIÓN GENERAL DEPORTES,OTRO GASTOS DIVERSOS,5000,455
714,33846208,CULTURA,FIESTAS POPULARES Y FESTEJOS,SUBV. AYTO. BREÑA BAJA FIESTA VALOR ETNOGRÁFICO CRUCES,3500,456
782,34022706,DEPORTES,ADMINISTRACIÓN GENERAL DEPORTES,ESTUDIOS Y TRABAJOS TÉCNICOS,10000,457
838,34148919,DEPORTES,PROMOCIÓN Y FOMENTO DEL DEPORTE,SUBVENCIONES DEPORTISTAS PALMEROS DE ÉLITE ,15000,458
648,33522624,CULTURA,ARTES ESCÉNICAS,FESTIVAL DE FADO,15000,459
715,33846209,CULTURA,FIESTAS POPULARES Y FESTEJOS,SUBV. AYTO. BREÑA ALTA FIESTA VALOR ETNOGRÁFICO CRUCES,3500,460
966,41346204,"AGRICULTURA, GANADERIA Y PESCA",GANADERÍA,SUBVENCIÓN AYTO. EL PASO FERIA GANADERA,3000,461
787,34122114,DEPORTES,PROMOCIÓN Y FOMENTO DEL DEPORTE,INDUMENTARIA DEPORTIVA REPRESENTATIVA LA PALMA,29000,462
839,34148920,DEPORTES,PROMOCIÓN Y FOMENTO DEL DEPORTE,SUBVENCIÓN C.D. VELA LATINA BENAOHARE ABORA VELA LATINA,6000,463
651,33546200,CULTURA,ARTES ESCÉNICAS,SUBVENCIÓN AYTO. EL PASO FORMACIÓN TEATRAL,4000,464
716,33846210,CULTURA,FIESTAS POPULARES Y FESTEJOS,SUBV. AYTO. S/C DE LA PALMA FIESTA VALOR ETNOGRÁFICO MAYOS,3500,465
967,41348900,"AGRICULTURA, GANADERIA Y PESCA",GANADERÍA,CONVENIO AVAPAL CENTRO TESTAJE,25000,466
788,34122115,DEPORTES,PROMOCIÓN Y FOMENTO DEL DEPORTE,"TROFEOS, MEDALLAS Y RECONOCIMIENTO ACTIVIDADES Y EVENTOS DEPORTIVOS",22000,467
840,34148921,DEPORTES,PROMOCIÓN Y FOMENTO DEL DEPORTE,BECAS DEPORTISTAS ALTO NIVEL Y RENDIMIENTO,15000,468
841,34148922,DEPORTES,PROMOCIÓN Y FOMENTO DEL DEPORTE,SUBVENCIÓN FEDERACIÓN INSULAR DE PETANCA Y BOLA CANARIA PROMOCIÓN,15000,469
842,34148923,DEPORTES,PROMOCIÓN Y FOMENTO DEL DEPORTE,SUBVENCIÓN FEDERACIÓN CANARIA ATLETISMO PROMOCIÓN Y FORMACIÓN,12000,470
843,34148924,DEPORTES,PROMOCIÓN Y FOMENTO DEL DEPORTE,SUBV. CLUB. DEP. TARSA AYUDA DESPLAZAMIENTO ,2520,471
844,34148925,DEPORTES,PROMOCIÓN Y FOMENTO DEL DEPORTE,SUBV. CLUB T.M. DEFENSE AYUDA DESPLAZAMIENTO,5750,472
845,34148926,DEPORTES,PROMOCIÓN Y FOMENTO DEL DEPORTE,SUBV. CLUB TD. TEMESPIN AYUDA DESPLAZAMIENTO,6250,473
846,34148928,DEPORTES,PROMOCIÓN Y FOMENTO DEL DEPORTE,SUBV. SOC. DEPORTIVA TENISCA AYUDA DESPLAZAMIENTO,11160,474
847,34148930,DEPORTES,PROMOCIÓN Y FOMENTO DEL DEPORTE,SUBV. CLUB BALONC. ARIDANE AYUDA DESPLAZAMIENTO,5320,475
848,34148943,DEPORTES,PROMOCIÓN Y FOMENTO DEL DEPORTE,SUBV. CLUB BALONC. FELIPE ANTON DESPLAZAMIENTO,6440,476
849,34148944,DEPORTES,PROMOCIÓN Y FOMENTO DEL DEPORTE,SUBVENCIÓN FEDERACIÓN TENIS DE MESA  PROMOCIÓN Y TECNIFICACIÓN ,16000,477
850,34148945,DEPORTES,PROMOCIÓN Y FOMENTO DEL DEPORTE,SUBVENCIÓN SALTO PASTOR JURRIA TENERRA  PROMOCIÓN Y TECNIFICACIÓN,3000,478
851,34148947,DEPORTES,PROMOCIÓN Y FOMENTO DEL DEPORTE,SUBVENCIÓN FEDERACIÓN GIMNASIA RITMICA  PROMOCIÓN Y TECNIFICACIÓN,12000,479
852,34148948,DEPORTES,PROMOCIÓN Y FOMENTO DEL DEPORTE,SUBV. CLUB BALONCESTO DOMINICAS LA PALMA DESPLAZAMIENTO,5320,480
853,34148950,DEPORTES,PROMOCIÓN Y FOMENTO DEL DEPORTE,SUBVENCIÓN FEDERACIÓN AJEDREZ PROMOCIÓN Y TECNIFICACIÓN,50000,481
854,34148951,DEPORTES,PROMOCIÓN Y FOMENTO DEL DEPORTE,SUBV. EVENTOS DEPORTIVOS ENTIDADES PRIVADAS,10000,482
855,34148953,DEPORTES,PROMOCIÓN Y FOMENTO DEL DEPORTE,SUBV. CLUB LUCHA TENERCINA DESPLAZAMIENTOS,12520,483
856,34148954,DEPORTES,PROMOCIÓN Y FOMENTO DEL DEPORTE,SUBV. CLUB TENIS DE MESA TENEGUÍA DESPLAZAMIENTOS,3350,484
857,34148955,DEPORTES,PROMOCIÓN Y FOMENTO DEL DEPORTE,SUBV. CLUB JUDO SHUNEN DESPLAZAMIENTOS,3000,485
858,34148957,DEPORTES,PROMOCIÓN Y FOMENTO DEL DEPORTE,SUBV. CLUB LUCHA ARIDANE DESPLAZAMIENTOS,12240,486
859,34148958,DEPORTES,PROMOCIÓN Y FOMENTO DEL DEPORTE,SUBVENCIÓN FEDERACIÓN CANARIA DE VELA  TECNIFICACIÓN,42900,487
860,34148960,DEPORTES,PROMOCIÓN Y FOMENTO DEL DEPORTE,SUBV. CLUB JUVENTUD TENIS DE MESA DESPLAZAMIENTOS,600,488
861,34148962,DEPORTES,PROMOCIÓN Y FOMENTO DEL DEPORTE,SUBV. SANTI CONCEPCIÓN TEAM AUTOMOVILISMO AYUDA PARTICIPACIÓN CAMPEONATO ESPAÑA KARTING,9000,489
862,34148963,DEPORTES,PROMOCIÓN Y FOMENTO DEL DEPORTE,SUBV. CLUB LUCHA TEDOTE DESPLAZAMIENTOS ,12240,490
863,34148964,DEPORTES,PROMOCIÓN Y FOMENTO DEL DEPORTE,SUBV. FED CANARIA DE TRIATLON (FECANTRI) CAMPEONATO ESPAÑA/CANARIAS,6000,491
864,34148965,DEPORTES,PROMOCIÓN Y FOMENTO DEL DEPORTE,SUBV. ESCUELA DE FÚTBOL LOS LLANOS DESPLAZAMIENTOS,2880,492
865,34148966,DEPORTES,PROMOCIÓN Y FOMENTO DEL DEPORTE,SUBV. CD MS RACING. PARTICIPACIÓN CAMPEONATO AUTONÓMICO DE CANARIAS,9000,493
866,34148967,DEPORTES,PROMOCIÓN Y FOMENTO DEL DEPORTE,SUBV. ATLETICO PASO 3ª DIV. AYUDA DESPLAZAMIENTO,2880,494
867,34148968,DEPORTES,PROMOCIÓN Y FOMENTO DEL DEPORTE,SUBV. CD DOGUEN CADETE FEM. AUTONÓMICA AYUDA DESPLAZAMIENTOS,1960,495
868,34148969,DEPORTES,PROMOCIÓN Y FOMENTO DEL DEPORTE,SUBVENCIÓN FEDER. INTERINSULAR DE FUTBOL TFE: LIGA SENIOR DE PREFERENTE,30000,496
869,34148970,DEPORTES,PROMOCIÓN Y FOMENTO DEL DEPORTE,SUBV. LUCHA CANDELARIA DE MIRCA DESPLAZAMIENTOS ,12240,497
870,34148971,DEPORTES,PROMOCIÓN Y FOMENTO DEL DEPORTE,SUBV. ESCUDERÍA REVYS MOTOR SPORT. RALLY SENDEROS DE LA PALMA,1000,498
871,34148972,DEPORTES,PROMOCIÓN Y FOMENTO DEL DEPORTE,SUBV. ESCUDERÍA LA PALMA ISLA BONITA. RALLY ISLA BONITA,1000,499
872,34148973,DEPORTES,PROMOCIÓN Y FOMENTO DEL DEPORTE,SUBV. UD BAGA TAZO 2008: TORNEO AQUAHOBBY DE PADEL ,8000,500
873,34148974,DEPORTES,PROMOCIÓN Y FOMENTO DEL DEPORTE,SUBV. CLUB NAÚTICO S/C DE LA PALMA TRAVESÍA A NADO,10000,501
874,34148975,DEPORTES,PROMOCIÓN Y FOMENTO DEL DEPORTE,SUBV. CLUB LUCHA LAS MANCHAS DESPLAZAMIENTOS,12240,502
875,34148976,DEPORTES,PROMOCIÓN Y FOMENTO DEL DEPORTE,SUBV. CLUB LUCHA TAZACORTE DESPLAZAMIENTO,12240,503
876,34148977,DEPORTES,PROMOCIÓN Y FOMENTO DEL DEPORTE,SUBV. CLUB BALONCESTO ROQUE ADAMEN DESPLAZAMIENTOS,1960,504
877,34148978,DEPORTES,PROMOCIÓN Y FOMENTO DEL DEPORTE,SUBV. U.D. BAGA TAZO 2008 DESPLAZAMIENTOS,3360,505
878,34148979,DEPORTES,PROMOCIÓN Y FOMENTO DEL DEPORTE,SUBV. C.D. VELIA FUTBOL SALA 1º TERRITORIAL FS FEM. DESPLAZAMIENTOS,1920,506
879,34148980,DEPORTES,PROMOCIÓN Y FOMENTO DEL DEPORTE,SUBV. CLUB LUCHA TIJARAFE DESPLAZAMIENTOS,10000,507
882,34162700,DEPORTES,PROMOCIÓN Y FOMENTO DEL DEPORTE,INVERSIONES VELA,10000,508
887,34220400,DEPORTES,INSTALACIONES DEPORTIVAS,RENTING VEHICULOS DEPORTES,12073,509
888,34221201,DEPORTES,INSTALACIONES DEPORTIVAS,MANTENIMIENTO CAMPOS DE FÚTBOL,15000,510
889,34221400,DEPORTES,INSTALACIONES DEPORTIVAS,MANTENIMIENTO DE VEHÍCULOS Y MAQUINARIA,5800,511
890,34222100,DEPORTES,INSTALACIONES DEPORTIVAS,ENERGÍA ELÉCTRICA CIUDAD DEPORTIVA MIRAFLORES,27500,512
891,34222101,DEPORTES,INSTALACIONES DEPORTIVAS,AGUA,6000,513
894,34262500,DEPORTES,INSTALACIONES DEPORTIVAS,ADQUISICIÓN MOBILIARIO Y ENSERES,4500,514
585,33362600,CULTURA,EQUIPAMIENTOS CULTURALES Y MUSEOS,EQUIPOS PARA PROCESOS DE INFORMACION,10000,515
895,34262701,DEPORTES,INSTALACIONES DEPORTIVAS,OBRAS MIRAFLORES,30000,516
789,34122401,DEPORTES,PROMOCIÓN Y FOMENTO DEL DEPORTE,SEGURO PROMOC. DEPORTIVA Y EVENTOS CABILDO,50000,517
968,41348901,"AGRICULTURA, GANADERIA Y PESCA",GANADERÍA,SUBV. AVAPAL CELEBRACIÓN CERTAMEN NACIONAL RAZA BOVINA PALMERA,8000,518
652,33546201,CULTURA,ARTES ESCÉNICAS,SUBVENCIÓN AYTO. LOS LLANOS DE ARIDANE FORMACIÓN TEATRAL,4000,519
586,33362700,CULTURA,EQUIPAMIENTOS CULTURALES Y MUSEOS,"ADQUISICIÓN BIENES INTERÉS HISTÓRICO, ARTÍSTICOS O ETNOGRÁFICOS",50000,520
717,33846211,CULTURA,FIESTAS POPULARES Y FESTEJOS,SUBV. AYTO. BARLOVENTO BATALLA DE LEPANTO,8000,521
790,34122500,DEPORTES,PROMOCIÓN Y FOMENTO DEL DEPORTE,TRIBUTOS DEL ESTADO,3000,522
791,34122502,DEPORTES,PROMOCIÓN Y FOMENTO DEL DEPORTE,TRIBUTOS DE LAS ENTIDADES LOCALES,600,523
718,33846212,CULTURA,FIESTAS POPULARES Y FESTEJOS,SUBV. AYTO. DE TAZACORTE PARA LA ORGANIZACIÓN FIESTA PATRÓN INSULAR,2000,524
792,34122602,DEPORTES,PROMOCIÓN Y FOMENTO DEL DEPORTE,PUBLICIDAD Y PROPAGANDA DEPORTES,7500,525
653,33546202,CULTURA,ARTES ESCÉNICAS,SUBVENCIÓN AYTO. TAZACORTE FORMACIÓN TEATRAL,4000,526
971,41362400,"AGRICULTURA, GANADERIA Y PESCA",GANADERÍA,ADQUISICIÓN VEHICULO GRANJA,32000,527
719,33846213,CULTURA,FIESTAS POPULARES Y FESTEJOS,SUBV. AYTO. EL PASO FESTIVAL DE PASO,8000,528
793,34122603,DEPORTES,PROMOCIÓN Y FOMENTO DEL DEPORTE,PUBLICIDAD EN DIARIOS OFICIALES,300,529
654,33546203,CULTURA,ARTES ESCÉNICAS,SUBVENCIÓN AYTO. BREÑA ALTA FESTIVAL DE CUENTOS,2500,530
972,41362900,"AGRICULTURA, GANADERIA Y PESCA",GANADERÍA,ADQUISICIÓN ANIMALES,2500,531
720,33846214,CULTURA,FIESTAS POPULARES Y FESTEJOS,SUBV. AYTO. LOS LLANOS FIESTA DEL AGUA,10000,532
794,34122606,DEPORTES,PROMOCIÓN Y FOMENTO DEL DEPORTE,JORNADAS Y CURSOS DE FORMACIÓN DEPORTIVA,5100,533
655,33546204,CULTURA,ARTES ESCÉNICAS,SUBV. AYTO. BREÑA BAJA CICLOS CÁMARA SALINAS Y EUSTAQUIO SICILIA,4000,534
973,41363200,"AGRICULTURA, GANADERIA Y PESCA",GANADERÍA,OBRAS FINCA Y ADQUISIC. MAQUIN.,15000,535
721,33846218,CULTURA,FIESTAS POPULARES Y FESTEJOS,SUBV. AYTO. LOS LLANOS CONTIGO AL MEDIODIA,10000,536
795,34122612,DEPORTES,PROMOCIÓN Y FOMENTO DEL DEPORTE,PRESTACIÓN SERVICIOS COMUNICACIÓN Y REDES,7200,537
656,33546205,CULTURA,ARTES ESCÉNICAS,SUBV. AYTO. S/C DE LA PALMA FORMACIÓN TEATRAL,4000,538
974,41363900,"AGRICULTURA, GANADERIA Y PESCA",GANADERÍA,OTRAS INVERSIONES,5000,539
722,33848900,CULTURA,FIESTAS POPULARES Y FESTEJOS,SUBV. ASOC. VECINOS EL CABOCO HOYO DE MAZO FIESTA VALOR ETNOGRÁFICO BORRACHITO FOGATERO,4000,540
796,34122613,DEPORTES,PROMOCIÓN Y FOMENTO DEL DEPORTE,JUEGOS DEPORTIVOS Y CAMPAÑAS DEPORTIVAS,30000,541
657,33546206,CULTURA,ARTES ESCÉNICAS,SUBV. AYTO. VILLA DE GARAFÍA FORMACIÓN TEATRAL,4000,542
979,41448903,"AGRICULTURA, GANADERIA Y PESCA",DESARROLLO RURAL,SUBVENCIÓN ADER GASTOS DE FUNCIONAMIENTO,160000,543
723,33848902,CULTURA,FIESTAS POPULARES Y FESTEJOS,SUBV. ASOCIACIÓN AMIGOS CRUCES BARLOVENTO CELEBRACIÓN DÍA DE CANARIAS,3500,544
797,34122617,DEPORTES,PROMOCIÓN Y FOMENTO DEL DEPORTE,CURSOS DE NATACIÓN,19853,545
658,33546207,CULTURA,ARTES ESCÉNICAS,SUBV. AYTO. DE TIJARAFE. FORMACIÓN TEATRAL,4000,546
896,34262702,DEPORTES,INSTALACIONES DEPORTIVAS,INVERSIONES DEPORTES,30000,547
984,41621300,"AGRICULTURA, GANADERIA Y PESCA",LABORATORIO,REPARACIÓN MAQUINARIA,6000,548
985,41622104,"AGRICULTURA, GANADERIA Y PESCA",LABORATORIO,VESTUARIO,200,549
986,41622107,"AGRICULTURA, GANADERIA Y PESCA",LABORATORIO,MATERIAL TÉCNICO LABORATORIO,21400,550
987,41622699,"AGRICULTURA, GANADERIA Y PESCA",LABORATORIO,OTROS GASTOS DIVERSOS,2650,551
990,41642500,"AGRICULTURA, GANADERIA Y PESCA",LABORATORIO,CONV. CONSEJO SUPERIOR INVESTIG. CIENTÍFICAS PLAN DE TRANSFERENCIAS DE CONOCIMIENTOS,81000,552
993,41662300,"AGRICULTURA, GANADERIA Y PESCA",LABORATORIO,ADQUISICIÓN DE MAQUINARIA Y OBRAS,5000,553
998,41721200,"AGRICULTURA, GANADERIA Y PESCA",CENTRAL HORTOFRUTÍCOLA,CONSERVACIÓN Y REPARACIÓN EDIFICIOS,10000,554
999,41721300,"AGRICULTURA, GANADERIA Y PESCA",CENTRAL HORTOFRUTÍCOLA,CONSERVACIÓN Y REPARACIÓN MAQUINARIA,10000,555
1000,41722000,"AGRICULTURA, GANADERIA Y PESCA",CENTRAL HORTOFRUTÍCOLA,MATERIAL DE OFICINA,1000,556
1001,41722104,"AGRICULTURA, GANADERIA Y PESCA",CENTRAL HORTOFRUTÍCOLA,VESTUARIO,2000,557
1002,41722199,"AGRICULTURA, GANADERIA Y PESCA",CENTRAL HORTOFRUTÍCOLA,SUMINISTROS VARIOS,17000,558
1003,41722300,"AGRICULTURA, GANADERIA Y PESCA",CENTRAL HORTOFRUTÍCOLA,CENTRAL TRANSPORTES,1500,559
1004,41722400,"AGRICULTURA, GANADERIA Y PESCA",CENTRAL HORTOFRUTÍCOLA,PRIMA SEGURO,3500,560
1005,41722699,"AGRICULTURA, GANADERIA Y PESCA",CENTRAL HORTOFRUTÍCOLA,GASTOS DIVERSOS CENTRAL,2500,561
1006,41722706,"AGRICULTURA, GANADERIA Y PESCA",CENTRAL HORTOFRUTÍCOLA,PRESTACIÓN SERVICIOS,16000,562
1009,41762700,"AGRICULTURA, GANADERIA Y PESCA",CENTRAL HORTOFRUTÍCOLA,INVERSIONES CENTRAL HORTOFRUTÍCOLA,48700,563
1014,41922108,"AGRICULTURA, GANADERIA Y PESCA","OTRAS ACTUACIONES EN AGRICULTURA,GANADERÍA Y PESCA",CAMPAÑA DESRATIZACIÓN Y CONTROL DE PLAGAS,70000,564
1015,41922709,"AGRICULTURA, GANADERIA Y PESCA","OTRAS ACTUACIONES EN AGRICULTURA,GANADERÍA Y PESCA",SERVICIO PARTES METEOROLÓGICOS Y CONTROL PLAGAS,1000,565
1018,41944900,"AGRICULTURA, GANADERIA Y PESCA","OTRAS ACTUACIONES EN AGRICULTURA,GANADERÍA Y PESCA",APORTACIÓN SODEPAL PROYECTO CENTRO AGRODIVERSIDAD,65692,566
897,34263600,DEPORTES,INSTALACIONES DEPORTIVAS,ADQUISICIÓN EQUIPOS INFORMÁTICOS,2000,567
1019,41944901,"AGRICULTURA, GANADERIA Y PESCA","OTRAS ACTUACIONES EN AGRICULTURA,GANADERÍA Y PESCA",APORTACIÓN SODEPAL PROYECTO MARÍTIMO PESQUERO,110937,568
659,33546208,CULTURA,ARTES ESCÉNICAS,SUBV. AYTO. DE FUENCALIENTE. FORMACIÓN TEATRAL,4000,569
798,34122619,DEPORTES,PROMOCIÓN Y FOMENTO DEL DEPORTE,ACTIVIDADES Y EVENTOS DEPORTIVOS,10500,570
724,33848909,CULTURA,FIESTAS POPULARES Y FESTEJOS,SUBV. ASOCIACIÓN CABALLOS FUFOS FIESTA VALOR ETNOGRÁFICO SAN MIGUEL Y CABALLOS FUFOS,1500,571
587,33362703,CULTURA,EQUIPAMIENTOS CULTURALES Y MUSEOS,ACTUACIONES MUSEISTICAS Y CULTURALES,60000,572
592,33422602,CULTURA,PROMOCIÓN CULTURAL,PUBLICIDAD Y PROPAGANDA,10000,573
593,33422611,CULTURA,PROMOCIÓN CULTURAL,EXPOSICIONES CULTURALES,79000,574
594,33422612,CULTURA,PROMOCIÓN CULTURAL,FERIA DEL LIBRO CULTURA,20000,575
595,33422614,CULTURA,PROMOCIÓN CULTURAL,FERIA INSULAR DE ARTE,15000,576
596,33422616,CULTURA,PROMOCIÓN CULTURAL,GASTOS ORGANIZACIÓN PREMIOS CULTURA,20000,577
597,33422617,CULTURA,PROMOCIÓN CULTURAL,OTRAS ACTIVIDADES CULTURALES                 ,130000,578
598,33422618,CULTURA,PROMOCIÓN CULTURAL,CIRCUITO INSULAR DE CULTURA,110000,579
599,33422620,CULTURA,PROMOCIÓN CULTURAL,ENCUENTRO DE BANDAS DE MÚSICA SANTA CECILIA,10000,580
600,33422621,CULTURA,PROMOCIÓN CULTURAL,ENCUENTRO DE MÚSICA Y DANZA DE NAVIDAD,6000,581
601,33422622,CULTURA,PROMOCIÓN CULTURAL,ENCUENTRO DE ESCRITORES FÉLIX FRANCISCO CASANOVA,5600,582
602,33422623,CULTURA,PROMOCIÓN CULTURAL,PROYECTO CULTURAL LA PALMA CRECE,34000,583
603,33422625,CULTURA,PROMOCIÓN CULTURAL,PROYECTO LA PALMA ESCUELA DE CULTURA,169000,584
604,33422631,CULTURA,PROMOCIÓN CULTURAL,ORATORIA DE NOEL OP. 12,9000,585
605,33422633,CULTURA,PROMOCIÓN CULTURAL,JORNADAS VICTORIA SOBRE DRAKE,7500,586
606,33422635,CULTURA,PROMOCIÓN CULTURAL,FESTIVAL DE CINE ANIME LA PALMA,10000,587
607,33422706,CULTURA,PROMOCIÓN CULTURAL,ESTUDIOS Y TRABAJOS TÉCNICOS,5500,588
610,33446202,CULTURA,PROMOCIÓN CULTURAL,SUBVENCIÓN AYTO. S/C DE LA PALMA. TEATRO CIRCO DE MARTE,15000,589
611,33446203,CULTURA,PROMOCIÓN CULTURAL,SUBV. BANDAS DE MUSICA MUNICIPALES - AYTO BARLOVENTO,13000,590
612,33446204,CULTURA,PROMOCIÓN CULTURAL,SUBV. BANDAS DE MUSICA MUNICIPALES - AYTO BREÑA ALTA,13000,591
613,33446205,CULTURA,PROMOCIÓN CULTURAL,SUBV. BANDAS DE MUSICA MUNICIPALES - AYTO BREÑA BAJA,13000,592
614,33446206,CULTURA,PROMOCIÓN CULTURAL,SUBV. BANDAS DE MUSICA MUNICIPALES - AYTO FUENCALIENTE,13000,593
615,33446207,CULTURA,PROMOCIÓN CULTURAL,SUBV. BANDAS DE MUSICA MUNICIPALES - AYTO EL PASO,13000,594
616,33446208,CULTURA,PROMOCIÓN CULTURAL,SUBV. BANDAS DE MUSICA MUNICIPALES - AYTO LOS LLANOS DE ARIDANE,13000,595
617,33446209,CULTURA,PROMOCIÓN CULTURAL,SUBV. BANDAS DE MUSICA MUNICIPALES - AYTO PUNTAGORDA,13000,596
618,33446210,CULTURA,PROMOCIÓN CULTURAL,SUBV. BANDAS DE MUSICA MUNICIPALES - AYTO PUNTALLANA,13000,597
619,33446211,CULTURA,PROMOCIÓN CULTURAL,SUBV. BANDAS DE MUSICA MUNICIPALES - AYTO TAZACORTE,13000,598
620,33446212,CULTURA,PROMOCIÓN CULTURAL,SUBV. BANDAS DE MUSICA MUNICIPALES - AYTO SAN ANDRÉS Y SAUCES,13000,599
621,33446213,CULTURA,PROMOCIÓN CULTURAL,SUBV. BANDAS DE MUSICA MUNICIPALES - AYTO S/C DE LA PALMA,13000,600
622,33446214,CULTURA,PROMOCIÓN CULTURAL,SUBV. BANDAS DE MUSICA MUNICIPALES - AYTO VILLA DE GARAFÍA,13000,601
623,33446215,CULTURA,PROMOCIÓN CULTURAL,SUBV. ACADEMIA DE INSTRUMENTOS DE MÚSICA CLÁSICA - AYTO. VILLA DE MAZO,13000,602
624,33446216,CULTURA,PROMOCIÓN CULTURAL,SUBV. BANDAS DE MUSICA MUNICIPALES - AYTO TIJARAFE,13000,603
625,33446223,CULTURA,PROMOCIÓN CULTURAL,SUBV. AYTO. VILLA DE GARAFÍA PARA FESTIVAL DE LA PALABRA,6525,604
626,33446224,CULTURA,PROMOCIÓN CULTURAL,SUBV. AYTO. PUNTAGORDA FERIAS CULTURA DEL MUNDO,20000,605
627,33448903,CULTURA,PROMOCIÓN CULTURAL,SUBVENCION SOCIEDAD ESTUDIOS GENERALES PARA PUBLICACIONES,2500,606
628,33448904,CULTURA,PROMOCIÓN CULTURAL,SUBVENCION ASOC. CARTAS DIFERENTES PARA PUBLICACIONES,2500,607
629,33448905,CULTURA,PROMOCIÓN CULTURAL,"SUBVENCIÓN ASOCIACIÓN VERSADORES TALLER DE REPENTISMOS GTOS. PERSONAL, MANTENIMIENTO Y DESPLAZAMIENTO",4000,608
630,33448912,CULTURA,PROMOCIÓN CULTURAL,SUBV. CASA REGIONAL DE LA PALMA EN TENERIFE. IV SEMANA CULTURAL,2000,609
631,33448916,CULTURA,PROMOCIÓN CULTURAL,SUBV. ASOC. DIRECTORES BANDAS MUNICIPALES DE MÚSICA GASTOS FUNCIONAMIENTO,300,610
632,33448917,CULTURA,PROMOCIÓN CULTURAL,SUBV. PROYECTOS CULTURALES,60000,611
635,33464000,CULTURA,PROMOCIÓN CULTURAL,PREMIOS CULTURA,15850,612
636,33464001,CULTURA,PROMOCIÓN CULTURAL,PREMIOS PEREZ VIDAL,6000,613
641,33522613,CULTURA,ARTES ESCÉNICAS,FESTIVAL DE MÚSICA DE CANARIAS,7000,614
642,33522614,CULTURA,ARTES ESCÉNICAS,"CIRCUITO ISLAS DE MÚSICA, DANZA Y TEATRO",19000,615
643,33522615,CULTURA,ARTES ESCÉNICAS,PROYECCIONES DOCUMENTAL DEL MES,3000,616
644,33522617,CULTURA,ARTES ESCÉNICAS,UNA ISLA EN ESCENA,15000,617
645,33522618,CULTURA,ARTES ESCÉNICAS,PROYECTO ARTES ESCENICAS LA PALMA,11000,618
646,33522619,CULTURA,ARTES ESCÉNICAS,FESTIVAL DE DANZA EN LA PALMA,15000,619
660,33546209,CULTURA,ARTES ESCÉNICAS,SUBV. AYTO. PUNTAGORDA. FORMACIÓN TEATRAL,4000,620
799,34122621,DEPORTES,PROMOCIÓN Y FOMENTO DEL DEPORTE,CAMPUS LÚDICOS,10000,621
1020,41944902,"AGRICULTURA, GANADERIA Y PESCA","OTRAS ACTUACIONES EN AGRICULTURA,GANADERÍA Y PESCA",APORTACIÓN SODEPAL PROYECTO PLANIFICACIÓN Y COMERCIALIZACIÓN,335949,622
898,34264100,DEPORTES,INSTALACIONES DEPORTIVAS,GASTOS EN APLICACIONES INFORMÁTICAS,4000,623
729,33922000,JUVENTUD,JUVENTUD,MATERIAL DE OFICINA. OFICINA INSULAR DE LA JUVENTUD,500,624
730,33922001,JUVENTUD,JUVENTUD,"PRENSA, REVISTAS, LIBROS Y OTRAS PUBLICACIONES",100,625
1021,41947901,"AGRICULTURA, GANADERIA Y PESCA","OTRAS ACTUACIONES EN AGRICULTURA,GANADERÍA Y PESCA",SUBV. C.R.D.O. QUESO PALMERO. PROMOCIÓN QUESO PALMERO,20000,626
731,33922201,JUVENTUD,JUVENTUD,COMUNICACIONES POSTALES JUVENTUD,100,627
800,34122622,DEPORTES,PROMOCIÓN Y FOMENTO DEL DEPORTE,MATERIAL DEPORTIVO ACTIVIDADES PROPIAS,4000,628
661,33546210,CULTURA,ARTES ESCÉNICAS,SUBV. AYTO. BREÑA BAJA. FORMACIÓN TEATRAL,4000,629
1022,41947904,"AGRICULTURA, GANADERIA Y PESCA","OTRAS ACTUACIONES EN AGRICULTURA,GANADERÍA Y PESCA","SUBV. C.R.D.O. DEL VINO DE LA PALMA, PROMOCIÓN VINOS DE LA PALMA",20000,630
732,33922600,JUVENTUD,JUVENTUD,GASTOS DIVERSOS JUVENTUD,2000,631
801,34122624,DEPORTES,PROMOCIÓN Y FOMENTO DEL DEPORTE,MONITORIZACIÓN ACTIVIDADES Y EVENTOS,4500,632
901,34276200,DEPORTES,INSTALACIONES DEPORTIVAS,SUBV. AYTO. BARLOVENTO CIRCUITO MOTOCROSS,4000,633
662,33546211,CULTURA,ARTES ESCÉNICAS,SUBV. AYTO. PUNTALLANA. FORMACIÓN TEATRAL,4000,634
1023,41948800,"AGRICULTURA, GANADERIA Y PESCA","OTRAS ACTUACIONES EN AGRICULTURA,GANADERÍA Y PESCA",APORTACIÓN FUNDACIÓN ALHÓNDIGA,1500,635
733,33922602,JUVENTUD,JUVENTUD,PUBLICIDAD Y PROPAGANDA PARTICIPACIÓN JUVENTUD,2000,636
802,34122626,DEPORTES,PROMOCIÓN Y FOMENTO DEL DEPORTE,CONCENTRACIÓN DEPORTISTAS INTERNACIONALES EN LA PALMA,5000,637
906,41012000,"AGRICULTURA, GANADERIA Y PESCA","ADMINISTRACIÓN GENERAL DE AGRICULTURA, GANADERIA Y PESCA",SUELDOS GRUPO A1,40915,638
663,33546212,CULTURA,ARTES ESCÉNICAS,SUBV. AYTO. DE SAN ANDRÉS Y SAUCES. FORMACIÓN TEATRAL,4000,639
1024,41948900,"AGRICULTURA, GANADERIA Y PESCA","OTRAS ACTUACIONES EN AGRICULTURA,GANADERÍA Y PESCA",SUBVENCIONES AGR. GAN. Y PESCA,349000,640
1025,41948902,"AGRICULTURA, GANADERIA Y PESCA","OTRAS ACTUACIONES EN AGRICULTURA,GANADERÍA Y PESCA",APORTACIÓN CENTRO I. DE AGRICULTURA BIOLÓGICA,39973,641
1026,41948903,"AGRICULTURA, GANADERIA Y PESCA","OTRAS ACTUACIONES EN AGRICULTURA,GANADERÍA Y PESCA",SUBV. COFRADIA PESCADORES NTA. SRA. DEL CARMEN GASTOS FUNCIONAMIENTO,26000,642
1027,41948904,"AGRICULTURA, GANADERIA Y PESCA","OTRAS ACTUACIONES EN AGRICULTURA,GANADERÍA Y PESCA",SUBV. COFRADIA PESCADORES NTRA. SRA. DE LAS NIEVES GASTOS FUNCIONAMIENTO,26000,643
1028,41948905,"AGRICULTURA, GANADERIA Y PESCA","OTRAS ACTUACIONES EN AGRICULTURA,GANADERÍA Y PESCA",SUBV. CONSEJO REGULADOR D.O. DEL QUESO PALMERO GASTOS FUNCIONAMIENTO,26000,644
1029,41948906,"AGRICULTURA, GANADERIA Y PESCA","OTRAS ACTUACIONES EN AGRICULTURA,GANADERÍA Y PESCA",SUBV. CONSEJO REGULADOR D.O. VINOS DE LA PALMA GASTOS FUNCIONAMIENTO,26000,645
1030,41948907,"AGRICULTURA, GANADERIA Y PESCA","OTRAS ACTUACIONES EN AGRICULTURA,GANADERÍA Y PESCA",SUBV. ASOC. AGROGANADERA EL FRESCAL PARA TRILLADO DE CEREAL,3500,646
1031,41948908,"AGRICULTURA, GANADERIA Y PESCA","OTRAS ACTUACIONES EN AGRICULTURA,GANADERÍA Y PESCA",SUBV. AGAP PROMOCIÓN PRODUCTOS PALMEROS,3500,647
1032,41948909,"AGRICULTURA, GANADERIA Y PESCA","OTRAS ACTUACIONES EN AGRICULTURA,GANADERÍA Y PESCA",SUBV. ASOC. AGROFIESTA ECOLÓGICA SOLIDARIA LA PALMA. GASTOS ORGANIZACIÓN AGROFIESTA,600,648
1033,41948910,"AGRICULTURA, GANADERIA Y PESCA","OTRAS ACTUACIONES EN AGRICULTURA,GANADERÍA Y PESCA",SUBV. ASOC. DE CATADORES EL ALMUD. GASTOS FUNCIONAMIENTO,1500,649
1034,41948911,"AGRICULTURA, GANADERIA Y PESCA","OTRAS ACTUACIONES EN AGRICULTURA,GANADERÍA Y PESCA",SUBV. ASOC. DE CAZADORES ADQUISICIÓN SEMILLAS CEREAL PARA RECUPERACIÓN CODORNIZ,3000,650
1035,41948912,"AGRICULTURA, GANADERIA Y PESCA","OTRAS ACTUACIONES EN AGRICULTURA,GANADERÍA Y PESCA",SUBV. ASOCAN SIMPOSIO PROTEAS,12900,651
1036,41948913,"AGRICULTURA, GANADERIA Y PESCA","OTRAS ACTUACIONES EN AGRICULTURA,GANADERÍA Y PESCA",APORTAC. FUNDACIÓN RESERVA DE LA BIOSFERA. PROGRAMA CUSTODIA DEL TERRITORIO,5000,652
1037,41948914,"AGRICULTURA, GANADERIA Y PESCA","OTRAS ACTUACIONES EN AGRICULTURA,GANADERÍA Y PESCA",SUBV. ASOC. PERRO RATONERO PALMERTO (ARPE). ESTUDIO GENÉTICO,1800,653
1040,41978900,"AGRICULTURA, GANADERIA Y PESCA","OTRAS ACTUACIONES EN AGRICULTURA,GANADERÍA Y PESCA",SUBVENCIONES INVERSIONES SECTOR PRIMARIO,145000,654
1045,42022001,INDUSTRIA Y ENERGÍA,ADMINISTRACIÓN GENERAL DE INDUSTRIA Y ENERGÍA,"LIBROS, PRENSA, REVISTAS Y OTRAS COMUNICACIONES",200,655
1046,42022300,INDUSTRIA Y ENERGÍA,ADMINISTRACIÓN GENERAL DE INDUSTRIA Y ENERGÍA,TRANSPORTES Y MENSAJERÍA,237,656
907,41012001,"AGRICULTURA, GANADERIA Y PESCA","ADMINISTRACIÓN GENERAL DE AGRICULTURA, GANADERIA Y PESCA",SUELDOS GRUPO A2,185561,657
908,41012003,"AGRICULTURA, GANADERIA Y PESCA","ADMINISTRACIÓN GENERAL DE AGRICULTURA, GANADERIA Y PESCA",SUELDOS GRUPO C1,16242,658
803,34122628,DEPORTES,PROMOCIÓN Y FOMENTO DEL DEPORTE,CONTRATOS DE PATROCINIOS PUBLICITARIOS DEPORTIVOS,10000,659
909,41012004,"AGRICULTURA, GANADERIA Y PESCA","ADMINISTRACIÓN GENERAL DE AGRICULTURA, GANADERIA Y PESCA",SUELDOS GRUPO C2,154673,660
804,34122697,DEPORTES,PROMOCIÓN Y FOMENTO DEL DEPORTE,GASTOS CORRIENTES VELA,6000,661
664,33546213,CULTURA,ARTES ESCÉNICAS,SUBV. AYTO. BARLOVENTO. FORMACIÓN TEATRAL,4000,662
910,41012005,"AGRICULTURA, GANADERIA Y PESCA","ADMINISTRACIÓN GENERAL DE AGRICULTURA, GANADERIA Y PESCA",SUELDOS GRUPO E,8333,663
805,34122710,DEPORTES,PROMOCIÓN Y FOMENTO DEL DEPORTE,SOCORRISMO ACUATICO MIRAFLORES EN ACTIVIDADES DEPORTIVAS,8560,664
665,33547901,CULTURA,ARTES ESCÉNICAS,"SUBVENCIÓN ARTIFEX PROART, S.L. FESTIVAL ZARZUELA",15000,665
911,41012006,"AGRICULTURA, GANADERIA Y PESCA","ADMINISTRACIÓN GENERAL DE AGRICULTURA, GANADERIA Y PESCA",TRIENIOS,85603,666
806,34122711,DEPORTES,PROMOCIÓN Y FOMENTO DEL DEPORTE,SERVICIO DE PREVENCIÓN Y SEGURIDAD ACTIVIDADES Y EVENTOS DEPORTIVOS,9000,667
734,33922606,JUVENTUD,JUVENTUD,FORMACIÓN Y JORNADAS JUVENTUD,2000,668
735,33922610,JUVENTUD,JUVENTUD,ACTIVIDADES JUVENTUD,21000,669
736,33922611,JUVENTUD,JUVENTUD,PROGRAMA ATENCIÓN SEXUALIDAD JUVENIL,9000,670
737,33922612,JUVENTUD,JUVENTUD,CERTAMEN DE MÚSICA JOVEN SAPEROCKO ,15000,671
738,33922613,JUVENTUD,JUVENTUD,PROYECTO PREVENCIÓN ACOSO ESCOLAR Y PELIGROS REDES SOCIALES,24161,672
739,33922614,JUVENTUD,JUVENTUD,EDUCACIÓN VIAL PARA JOVENES,1500,673
740,33922615,JUVENTUD,JUVENTUD,PROYECTO TALLER ASTRONOMO JUVENIL,5000,674
743,33948101,JUVENTUD,JUVENTUD,"SUBVENCIONES ACTIVIDADES PARA JÓVENES, ASOCIACIONES",25000,675
744,33948103,JUVENTUD,JUVENTUD,CONSEJO INSULAR JUVENTUD (CONSTITUC Y GTOS. FUNCIONAMIENTO),3000,676
745,33948900,JUVENTUD,JUVENTUD,PREMIOS CERTAMEN DE MÚSICA JOVEN SAPEROCKO,5000,677
746,33948901,JUVENTUD,JUVENTUD,SUBV. ASOCIACIONES O ENTIDADES JUVENILES ,14000,678
749,33962500,JUVENTUD,JUVENTUD,ADQUISICIÓN MOBILIARIO Y ENSERES,1000,679
750,33962600,JUVENTUD,JUVENTUD,EQUIPOS PARA PROCESOS DE INFORMACIÓN,500,680
751,33962700,JUVENTUD,JUVENTUD,INVERSIONES JUVENTUD,5000,681
752,33965000,JUVENTUD,JUVENTUD,CONVENIO LOCAL DE ENSAYO SAPEROCKO,2000,682
755,33976200,JUVENTUD,JUVENTUD,SUBV. AYTO. BREÑA ALTA ACTUACIÓN INMUEBLE SEDE INSULAR DE JUVENTUD,14549,683
760,34012000,DEPORTES,ADMINISTRACIÓN GENERAL DEPORTES,SUELDOS FUNCIONARIOS A1,16366,684
761,34012004,DEPORTES,ADMINISTRACIÓN GENERAL DEPORTES,SUELDOS GRUPO C2,18197,685
762,34012006,DEPORTES,ADMINISTRACIÓN GENERAL DEPORTES,TRIENIOS PERSONAL FUNCIONARIO,14373,686
763,34012100,DEPORTES,ADMINISTRACIÓN GENERAL DEPORTES,COMPLEMENTO DE DESTINO,23961,687
764,34012101,DEPORTES,ADMINISTRACIÓN GENERAL DEPORTES,COMPLEMENTO ESPECÍFICO,40354,688
765,34012103,DEPORTES,ADMINISTRACIÓN GENERAL DEPORTES,OTROS COMPLEMENTOS FUNCIONARIOS,22186,689
766,34013000,DEPORTES,ADMINISTRACIÓN GENERAL DEPORTES,RETRIBUCIONES BÁSICAS PERSONAL LABORAL FIJO,276631,690
767,34013002,DEPORTES,ADMINISTRACIÓN GENERAL DEPORTES,OTRAS REMUNERACIONES PERSONAL LABORAL FIJO,427844,691
768,34015000,DEPORTES,ADMINISTRACIÓN GENERAL DEPORTES,PRODUCTIVIDAD,4682,692
769,34016000,DEPORTES,ADMINISTRACIÓN GENERAL DEPORTES,SEGURIDAD SOCIAL,277749,693
774,34020201,DEPORTES,ADMINISTRACIÓN GENERAL DEPORTES,ALQUILER LOCAL DEPORTES,29000,694
775,34021200,DEPORTES,ADMINISTRACIÓN GENERAL DEPORTES,DIVERSOS GASTOS DE MANTENIMIENTO,41000,695
776,34022000,DEPORTES,ADMINISTRACIÓN GENERAL DEPORTES,MATERIAL DE OFICINA DEPORTES,1000,696
777,34022002,DEPORTES,ADMINISTRACIÓN GENERAL DEPORTES,MATERIAL INFORMATICO NO INVENTARIABLE,800,697
778,34022104,DEPORTES,ADMINISTRACIÓN GENERAL DEPORTES,VESTUARIO,2318,698
779,34022199,DEPORTES,ADMINISTRACIÓN GENERAL DEPORTES,SUMINISTROS VARIOS,10000,699
780,34022300,DEPORTES,ADMINISTRACIÓN GENERAL DEPORTES,TRANSPORTES,1500,700
809,34144900,DEPORTES,PROMOCIÓN Y FOMENTO DEL DEPORTE,APORTACIÓN SODEPAL: TRANSVULCANIA ,450000,701
666,33547902,CULTURA,ARTES ESCÉNICAS,"SUBVENCIÓN FESTIVALITO CHUKUMI STUDIO, S.L.",37000,702
667,33547903,CULTURA,ARTES ESCÉNICAS,SUBV. PRODUCCIÓN AUDIOVISUAL,30000,703
912,41012100,"AGRICULTURA, GANADERIA Y PESCA","ADMINISTRACIÓN GENERAL DE AGRICULTURA, GANADERIA Y PESCA",COMPLEMENTO DE DESTINO,260689,704
810,34144902,DEPORTES,PROMOCIÓN Y FOMENTO DEL DEPORTE,APORTACIÓN SODEPAL: FESTIVAL DE SENDERISMO,52000,705
668,33548901,CULTURA,ARTES ESCÉNICAS,"SUBVENCIÓN TROVASIETA, S.L. CONCIERTO NAVIDAD",5000,706
913,41012101,"AGRICULTURA, GANADERIA Y PESCA","ADMINISTRACIÓN GENERAL DE AGRICULTURA, GANADERIA Y PESCA",COMPLEMENTO ESPECÍFICO,326707,707
811,34144903,DEPORTES,PROMOCIÓN Y FOMENTO DEL DEPORTE,APORTACIÓN SODEPAL: LA PALMA ECUESTRE ,40000,708
669,33548902,CULTURA,ARTES ESCÉNICAS,SUBV. ASOC. CULTURAL FOLKLORICA TAJADRE. CONCIERTO NAVIDAD,3500,709
914,41012103,"AGRICULTURA, GANADERIA Y PESCA","ADMINISTRACIÓN GENERAL DE AGRICULTURA, GANADERIA Y PESCA",OTROS COMPLEMENTOS,227016,710
812,34144904,DEPORTES,PROMOCIÓN Y FOMENTO DEL DEPORTE,APORTACIÓN SODEPAL: TRANSVULCANIA BIKE,120000,711
670,33548910,CULTURA,ARTES ESCÉNICAS,SUBV.  GRUPO DE FARSA (MAZO) PROMOCIÓN Y ESCUELA DE TEATRO,4000,712
915,41013000,"AGRICULTURA, GANADERIA Y PESCA","ADMINISTRACIÓN GENERAL DE AGRICULTURA, GANADERIA Y PESCA",RETRIBUCIONES BÁSICAS PERSONAL LABORAL FIJO,270282,713
813,34144905,DEPORTES,PROMOCIÓN Y FOMENTO DEL DEPORTE,APORTACIÓN SODEPAL: CAMPAMENTOS DE VERANO,30000,714
675,33622000,CULTURA,ARQUEOLOGÍA Y PROTECCIÓN DEL PATRIMONIO HIST-ART,MATERIAL DE OFICINA ,500,715
916,41013002,"AGRICULTURA, GANADERIA Y PESCA","ADMINISTRACIÓN GENERAL DE AGRICULTURA, GANADERIA Y PESCA",OTRAS REMUNERACIONES,412287,716
814,34146200,DEPORTES,PROMOCIÓN Y FOMENTO DEL DEPORTE,PLAN PROMOCIÓN DEPORTIVA BÁSICA MONITORES,383129,717
676,33622103,CULTURA,ARQUEOLOGÍA Y PROTECCIÓN DEL PATRIMONIO HIST-ART,COMBUSTIBLE,200,718
917,41013100,"AGRICULTURA, GANADERIA Y PESCA","ADMINISTRACIÓN GENERAL DE AGRICULTURA, GANADERIA Y PESCA",LABORAL TEMPORAL,75000,719
815,34146201,DEPORTES,PROMOCIÓN Y FOMENTO DEL DEPORTE,PLAN PROMOCIÓN DEPORTIVA COLECTIVOS ATENCIÓN ESPECIAL,40000,720
677,33622107,CULTURA,ARQUEOLOGÍA Y PROTECCIÓN DEL PATRIMONIO HIST-ART,MATERIAL FUNGIBLE,5000,721
918,41015000,"AGRICULTURA, GANADERIA Y PESCA","ADMINISTRACIÓN GENERAL DE AGRICULTURA, GANADERIA Y PESCA",PRODUCTIVIDAD,11051,722
816,34146202,DEPORTES,PROMOCIÓN Y FOMENTO DEL DEPORTE,CONVENIO PROMOCIÓN DEPORTIVA BÁSICA MATERIAL DEPORTIVO,45730,723
678,33622606,CULTURA,ARQUEOLOGÍA Y PROTECCIÓN DEL PATRIMONIO HIST-ART,JORNADAS DE ARQUEOLOGÍA,3000,724
919,41016000,"AGRICULTURA, GANADERIA Y PESCA","ADMINISTRACIÓN GENERAL DE AGRICULTURA, GANADERIA Y PESCA",SEGURIDAD SOCIAL,560969,725
817,34146203,DEPORTES,PROMOCIÓN Y FOMENTO DEL DEPORTE,CONVENIO PROMOCIÓN DEPORTIVA BÁSICA INDUMENTARIA DEPORTIVA,62959,726
679,33622610,CULTURA,ARQUEOLOGÍA Y PROTECCIÓN DEL PATRIMONIO HIST-ART,DIETAS MIEMBROS COMISIÓN PATRIMONIO HISTORICO,2000,727
922,41020400,"AGRICULTURA, GANADERIA Y PESCA","ADMINISTRACIÓN GENERAL DE AGRICULTURA, GANADERIA Y PESCA",ARRENDAMIENTO ELEMENTO DE TRANSPORTE,5500,728
818,34146204,DEPORTES,PROMOCIÓN Y FOMENTO DEL DEPORTE,SUBVENCIÓN EVENTOS DEPORTIVOS AYUNTAMIENTOS,1000,729
680,33622612,CULTURA,ARQUEOLOGÍA Y PROTECCIÓN DEL PATRIMONIO HIST-ART,PUBLICACIONES TALLER DE RESTAURACIÓN DE DOCUMENTOS GRAFICOS,1500,730
923,41021400,"AGRICULTURA, GANADERIA Y PESCA","ADMINISTRACIÓN GENERAL DE AGRICULTURA, GANADERIA Y PESCA","REPARACIÓN, MANTENIMIENTO Y CONSERVACIÓN DE ELEMENTOS DE TRANSPORTE",8000,731
819,34146206,DEPORTES,PROMOCIÓN Y FOMENTO DEL DEPORTE,SUBV. FORMACIÓN DEPORTIVA A AYUNTAMIENTOS,5000,732
820,34146207,DEPORTES,PROMOCIÓN Y FOMENTO DEL DEPORTE,SUBV. AYTO. DE TAZACORTE EQUIPAMIENTO DEPORTIVO,6000,733
821,34148900,DEPORTES,PROMOCIÓN Y FOMENTO DEL DEPORTE,SUBVENCIONES AYUDAS AL DEPORTE,230000,734
822,34148901,DEPORTES,PROMOCIÓN Y FOMENTO DEL DEPORTE,SUBVENCIÓN ASOC. AMIGOS DEL DOMINÓ DE LA PALMA. LIGA INSULAR,6000,735
823,34148902,DEPORTES,PROMOCIÓN Y FOMENTO DEL DEPORTE,SUBV. CLUB DE ARRASTRE LA CANGA. LIGA INSULAR,10000,736
824,34148903,DEPORTES,PROMOCIÓN Y FOMENTO DEL DEPORTE,SUBV. CLUB AUARITA VIVA PROMOCIÓN Y TECNIFICACIÓN VOLEY,2500,737
825,34148904,DEPORTES,PROMOCIÓN Y FOMENTO DEL DEPORTE,SUBVENCIÓN FEDERACIÓN INSULAR DE BALONCESTO PROMOC. Y TECNIFICACIÓN,47000,738
826,34148905,DEPORTES,PROMOCIÓN Y FOMENTO DEL DEPORTE,SUBVENCIÓN FORMACIÓN DEPORTIVA A ENTIDADES,7000,739
827,34148906,DEPORTES,PROMOCIÓN Y FOMENTO DEL DEPORTE,SUBV. LIMONIUM CANARIAS PARADISE O-LA PALMA INTERNACIONAL,5000,740
828,34148907,DEPORTES,PROMOCIÓN Y FOMENTO DEL DEPORTE,SUBV. FEDERACIÓN CANARIA DE PADEL LIGA INSULAR,7000,741
829,34148908,DEPORTES,PROMOCIÓN Y FOMENTO DEL DEPORTE,SUBV. CLUB DE TENIS VALLE DE ARIDANE AYUDA DESPLAZAMIENTO,6560,742
830,34148909,DEPORTES,PROMOCIÓN Y FOMENTO DEL DEPORTE,SUBVENCION FEDERACIÓN INSULAR LUCHA CANARIA PROMOC. Y TECNIFICACIÓN,50000,743
831,34148910,DEPORTES,PROMOCIÓN Y FOMENTO DEL DEPORTE,SUBV. CD MENSAJERO AYUDA DESPLAZAMIENTO ,8640,744
832,34148911,DEPORTES,PROMOCIÓN Y FOMENTO DEL DEPORTE,SUBVENCIÓN FEDERACIÓN INSULAR DE AUTOMOVILISMO PROMOCIÓN Y TECNIFICACIÓN,50000,745
833,34148912,DEPORTES,PROMOCIÓN Y FOMENTO DEL DEPORTE,SUBV. FEDERACIÓN CANARIA DE JUDO PROMOCIÓN Y TECNIFICACIÓN ,5270,746
834,34148913,DEPORTES,PROMOCIÓN Y FOMENTO DEL DEPORTE,SUBV. FEDERACIÓN CANARIA DE BEISBOL. PROMOCIÓN Y TECNIFICACIÓN,1000,747
835,34148914,DEPORTES,PROMOCIÓN Y FOMENTO DEL DEPORTE,SUBV. FEDERACIÓN CANARIA DE MONTAÑA PROMOCIÓN Y TECNIFICACIÓN ,8000,748
836,34148916,DEPORTES,PROMOCIÓN Y FOMENTO DEL DEPORTE,SUBV. ASOC. CANARIA FUTBOL SALA PROMOCIÓN Y TECNIFICACIÓN,10000,749
681,33622613,CULTURA,ARQUEOLOGÍA Y PROTECCIÓN DEL PATRIMONIO HIST-ART,PROYECTO 186 ESCALONES EN MEMORIA DE LOS CANARIOS MAUTHAUSEN (1945-2020),13990,750
924,41022000,"AGRICULTURA, GANADERIA Y PESCA","ADMINISTRACIÓN GENERAL DE AGRICULTURA, GANADERIA Y PESCA",MATERIAL DE OFICINA AGRICULTURA,3500,751
925,41022001,"AGRICULTURA, GANADERIA Y PESCA","ADMINISTRACIÓN GENERAL DE AGRICULTURA, GANADERIA Y PESCA","LIBROS, REVISTAS, PRENSA Y OTRAS PUBLICACIONES",500,752
926,41022002,"AGRICULTURA, GANADERIA Y PESCA","ADMINISTRACIÓN GENERAL DE AGRICULTURA, GANADERIA Y PESCA",MATERIAL INFORMATICO NO INVENTARIABLE,500,753
927,41022103,"AGRICULTURA, GANADERIA Y PESCA","ADMINISTRACIÓN GENERAL DE AGRICULTURA, GANADERIA Y PESCA",COMBUSTIBLES Y CARBURANTES,6000,754
928,41022300,"AGRICULTURA, GANADERIA Y PESCA","ADMINISTRACIÓN GENERAL DE AGRICULTURA, GANADERIA Y PESCA",TRANSPORTES Y MENSAJERÍA,1200,755
929,41022502,"AGRICULTURA, GANADERIA Y PESCA","ADMINISTRACIÓN GENERAL DE AGRICULTURA, GANADERIA Y PESCA",TRIBUTOS VEHÍCULOS,2138,756
930,41022601,"AGRICULTURA, GANADERIA Y PESCA","ADMINISTRACIÓN GENERAL DE AGRICULTURA, GANADERIA Y PESCA",ATENCIONES PROTOCOLARIAS Y REPRESENTANTIVAS,300,757
931,41022602,"AGRICULTURA, GANADERIA Y PESCA","ADMINISTRACIÓN GENERAL DE AGRICULTURA, GANADERIA Y PESCA",PUBLICIDAD Y PROPAGANDA AGRICULTURA/GANADERIA Y PESCA,20000,758
932,41022603,"AGRICULTURA, GANADERIA Y PESCA","ADMINISTRACIÓN GENERAL DE AGRICULTURA, GANADERIA Y PESCA",PUBLICACIÓN EN DIARIOS OFICIALES,800,759
933,41022606,"AGRICULTURA, GANADERIA Y PESCA","ADMINISTRACIÓN GENERAL DE AGRICULTURA, GANADERIA Y PESCA",SEMINARIOS/ SERVICIO AGRIC./GAN./PESCA,4900,760
934,41022610,"AGRICULTURA, GANADERIA Y PESCA","ADMINISTRACIÓN GENERAL DE AGRICULTURA, GANADERIA Y PESCA",AGRICULTURA CUOTA ADER,20000,761
935,41022611,"AGRICULTURA, GANADERIA Y PESCA","ADMINISTRACIÓN GENERAL DE AGRICULTURA, GANADERIA Y PESCA","FERIAS AGRARIAS, PESQUERAS Y GANADERAS",10000,762
936,41022612,"AGRICULTURA, GANADERIA Y PESCA","ADMINISTRACIÓN GENERAL DE AGRICULTURA, GANADERIA Y PESCA",PROMOCIÓN GASTRONÓMICA DE PRODUCTOS DE LA PALMA,10000,763
937,41022699,"AGRICULTURA, GANADERIA Y PESCA","ADMINISTRACIÓN GENERAL DE AGRICULTURA, GANADERIA Y PESCA",GASTOS DIVERSOS AGRICULTURA,15570,764
938,41022706,"AGRICULTURA, GANADERIA Y PESCA","ADMINISTRACIÓN GENERAL DE AGRICULTURA, GANADERIA Y PESCA",PRESTACIÓN SERVICIOS,87000,765
939,41022709,"AGRICULTURA, GANADERIA Y PESCA","ADMINISTRACIÓN GENERAL DE AGRICULTURA, GANADERIA Y PESCA",MANTENIMIENTO JARDINES DEPENDENCIAS AGRICULTURA,5000,766
942,41062500,"AGRICULTURA, GANADERIA Y PESCA","ADMINISTRACIÓN GENERAL DE AGRICULTURA, GANADERIA Y PESCA",MOBILIARIO Y ENSERES ,9650,767
943,41062700,"AGRICULTURA, GANADERIA Y PESCA","ADMINISTRACIÓN GENERAL DE AGRICULTURA, GANADERIA Y PESCA",OTRAS INVERSIONES,3000,768
948,41262704,"AGRICULTURA, GANADERIA Y PESCA",MEJORAS DE LAS ESTRUCTURAS AGROPECUARIAS Y DE LOS SISTEMAS PRODUCTIVOS,OTRAS INVERSIONES,40100,769
953,41321300,"AGRICULTURA, GANADERIA Y PESCA",GANADERÍA,REPARACIÓN MAQUINARIA GANADERÍA,1500,770
954,41322104,"AGRICULTURA, GANADERIA Y PESCA",GANADERÍA,VESTUARIO,1000,771
955,41322105,"AGRICULTURA, GANADERIA Y PESCA",GANADERÍA,MANUTENCIÓN DE ANIMALES,36032,772
956,41322106,"AGRICULTURA, GANADERIA Y PESCA",GANADERÍA,PRODUCTOS FARMACÉUTICOS GANADERÍA,500,773
957,41322107,"AGRICULTURA, GANADERIA Y PESCA",GANADERÍA,SEMILLAS GANADERÍA,500,774
958,41322699,"AGRICULTURA, GANADERIA Y PESCA",GANADERÍA,OTROS GASTOS DIVERSOS FINCA EXPERIMENTAL,7000,775
959,41322709,"AGRICULTURA, GANADERIA Y PESCA",GANADERÍA,SERVICIO COMPOSTAJE FINCA,21566,776
962,41346200,"AGRICULTURA, GANADERIA Y PESCA",GANADERÍA,SUBVENCIÓN AYTO. BREÑA ALTA FERIA GANADERA,3000,777
963,41346201,"AGRICULTURA, GANADERIA Y PESCA",GANADERÍA,SUBVENCIÓN AYTO. GARAFÍA FERIA GANADERA,6000,778
964,41346202,"AGRICULTURA, GANADERIA Y PESCA",GANADERÍA,SUBVENCIÓN AYTO. LOS LLANOS DE ARIDANE FERIA GANADERA,3000,779
682,33622698,CULTURA,ARQUEOLOGÍA Y PROTECCIÓN DEL PATRIMONIO HIST-ART,GASTOS DIVERSOS MUSEO ARQUEOLOGICO BENAHORITA,2000,780
683,33622699,CULTURA,ARQUEOLOGÍA Y PROTECCIÓN DEL PATRIMONIO HIST-ART,OTROS GASTOS DIVERSOS TALLER,6000,781
684,33622707,CULTURA,ARQUEOLOGÍA Y PROTECCIÓN DEL PATRIMONIO HIST-ART,ESTUDIOS Y TRABAJOS TÉCNICOS,10000,782
685,33622709,CULTURA,ARQUEOLOGÍA Y PROTECCIÓN DEL PATRIMONIO HIST-ART,EXCAVACIONES ARQUEOLÓGICAS,7000,783
686,33622710,CULTURA,ARQUEOLOGÍA Y PROTECCIÓN DEL PATRIMONIO HIST-ART,ELABORACIÓN CARTAS ARQUEOLÓGICAS Y ETNOGRÁFICAS,9000,784
687,33622712,CULTURA,ARQUEOLOGÍA Y PROTECCIÓN DEL PATRIMONIO HIST-ART,MEJORAS EN ZONAS ARQUEOLÓGICAS,15000,785
688,33622713,CULTURA,ARQUEOLOGÍA Y PROTECCIÓN DEL PATRIMONIO HIST-ART,RESTAURACIÓN DE PIEZAS FOTOGRÁFICAS CONSERVADAS EN EL ARCHIVO INSULAR,14000,786
689,33622714,CULTURA,ARQUEOLOGÍA Y PROTECCIÓN DEL PATRIMONIO HIST-ART,DIGITALIZACIÓN DOCUMENTOS DEL CENTRO DE DOCUMENTACIÓN MEMORÍA HISTÓRICA,7500,787
690,33622715,CULTURA,ARQUEOLOGÍA Y PROTECCIÓN DEL PATRIMONIO HIST-ART,DINAMIZACIÓN DE MUSEOS,19000,788
691,33622716,CULTURA,ARQUEOLOGÍA Y PROTECCIÓN DEL PATRIMONIO HIST-ART,"PILETAS MARINAS BENAHORITAS: INVENTARIO, ESTUDIO Y PUESTA EN VALOR",13804,789
692,33622717,CULTURA,ARQUEOLOGÍA Y PROTECCIÓN DEL PATRIMONIO HIST-ART,ELABORACIÓN CATALOGO INSULAR BIENES PATRIMONIALES CULTURALES,10000,790
695,33648900,CULTURA,ARQUEOLOGÍA Y PROTECCIÓN DEL PATRIMONIO HIST-ART,SUBV. OBISPADO INFORMATIZACIÓN LIBROS BAUTISMALES,12000,791
696,33648901,CULTURA,ARQUEOLOGÍA Y PROTECCIÓN DEL PATRIMONIO HIST-ART,SUBV. CICOP RESTAURACIÓN Y CONSERVACION DEL PATRIMONIO,2000,792
697,33648904,CULTURA,ARQUEOLOGÍA Y PROTECCIÓN DEL PATRIMONIO HIST-ART,SUBV. ASOC. MEMORIA HISTÓRICA LA PALMA IDENTIF. RESTOS Y GTOS FUNCION,8000,793
698,33648906,CULTURA,ARQUEOLOGÍA Y PROTECCIÓN DEL PATRIMONIO HIST-ART,SUBV. CICOP ORGANIZ XXI SIMPOSIUN CENTROS HISTORICOS Y PATRIMONIO CULTURAL CANARIAS,35000,794
701,33662712,CULTURA,ARQUEOLOGÍA Y PROTECCIÓN DEL PATRIMONIO HIST-ART,"REDACCIÓN PROYECTO DE REHABILITACIÓN ANTIGUA ""ACADEMIA GALDOS""",1000,795
702,33662714,CULTURA,ARQUEOLOGÍA Y PROTECCIÓN DEL PATRIMONIO HIST-ART,EQUIPAMIENTO MUSEO ARQUEOLÓGICO,14000,796
705,33678902,CULTURA,ARQUEOLOGÍA Y PROTECCIÓN DEL PATRIMONIO HIST-ART,SUBVENCIÓN OBISPADO PARA RESTAURACIÓN DE BIENES MUEBLES E INMUEBLES,255000,797
710,33846202,CULTURA,FIESTAS POPULARES Y FESTEJOS,SUBV. AYTO. TIJARAFE FIESTA VALOR ETNOGRÁFICO DANZA DEL DIABLO,4000,798
711,33846205,CULTURA,FIESTAS POPULARES Y FESTEJOS,SUBV. AYTO. EL PASO FIESTA VALOR ETNOGRÁFICO CORAZÓN DE JESÚS,2000,799
712,33846206,CULTURA,FIESTAS POPULARES Y FESTEJOS,SUBV. AYTO. FUENCALIENTE FIESTA VALOR ETNOGRÁFICO VENDIMIA - CABALLOS FUSCOS,1500,800
1471,92022706,ADMINISTRACIÓN GENERAL,ADMINISTRACIÓN GENERAL,ESTUDIOS Y TRABAJOS TÉCNICOS,59000,801
1472,92022707,ADMINISTRACIÓN GENERAL,ADMINISTRACIÓN GENERAL,ACTUACIONES ACTUALIZACIÓN PROPIEDADES Y FICHA INVENTARIO,30000,802
1473,92023020,ADMINISTRACIÓN GENERAL,ADMINISTRACIÓN GENERAL,DIETAS DEL PERSONAL NO DIRECTIVO,25000,803
1474,92023120,ADMINISTRACIÓN GENERAL,ADMINISTRACIÓN GENERAL,LOCOMOCIÓN DEL PERSONAL NO DIRECTIVO,25000,804
1477,92048000,ADMINISTRACIÓN GENERAL,ADMINISTRACIÓN GENERAL,AYUDA ASOC. CANARIA AMIGOS PUEBLOS SAHARAUIS DESPLAZ NIÑOS,4631,805
1480,92062500,ADMINISTRACIÓN GENERAL,ADMINISTRACIÓN GENERAL,ADQUISICIÓN MOBILIARIO Y ENSERES,15000,806
1481,92062600,ADMINISTRACIÓN GENERAL,ADMINISTRACIÓN GENERAL,ADQUISICIÓN EQUIPOS INFORMÁTICOS,15000,807
1482,92062601,ADMINISTRACIÓN GENERAL,ADMINISTRACIÓN GENERAL,"ADQUISICIÓN  EQUIPOS INFORMÁTICOS, IMAGEN E IMPRESIÓN PATRIMONIO",4000,808
1485,92083000,ADMINISTRACIÓN GENERAL,ADMINISTRACIÓN GENERAL, ANTICIPOS PAGAS AL PERSONAL,240000,809
1486,92083100,ADMINISTRACIÓN GENERAL,ADMINISTRACIÓN GENERAL,"PRÉSTAMOS DE HASTA 3.942,87 EUROS",60000,810
1487,92083101,ADMINISTRACIÓN GENERAL,ADMINISTRACIÓN GENERAL,AYUDAS REINTEGRABLES EXCEPCIONALES,18000,811
1492,92112000,PRESIDENCIA,PRESIDENCIA,SUELDOS GRUPO A1,49098,812
1493,92112001,PRESIDENCIA,PRESIDENCIA,SUELDOS GRUPO A2,14274,813
1494,92112003,PRESIDENCIA,PRESIDENCIA,SUELDOS GRUPO C1,10828,814
1495,92112004,PRESIDENCIA,PRESIDENCIA,SUELDOS GRUPO C2,36394,815
1496,92112006,PRESIDENCIA,PRESIDENCIA,TRIENIOS,26206,816
1497,92112100,PRESIDENCIA,PRESIDENCIA,COMPLEMENTO DE DESTINO,76009,817
1498,92112101,PRESIDENCIA,PRESIDENCIA,COMPLEMENTO ESPECÍFICO,95367,818
1499,92112103,PRESIDENCIA,PRESIDENCIA,OTROS COMPLEMENTOS,68492,819
1500,92113000,PRESIDENCIA,PRESIDENCIA,RETRIBUCIONES BÁSICAS PERSONAL LABORAL FIJO,12093,820
1501,92113002,PRESIDENCIA,PRESIDENCIA,OTRAS REMUNERACIONES PERSONAL LABORAL FIJO,19164,821
1502,92115000,PRESIDENCIA,PRESIDENCIA,PRODUCTIVIDAD,1873,822
1503,92116000,PRESIDENCIA,PRESIDENCIA,SEGURIDAD SOCIAL,107552,823
1506,92120200,PRESIDENCIA,PRESIDENCIA,CUOTA EDIFICIOS COMUNIDADES,15000,824
1507,92122002,PRESIDENCIA,PRESIDENCIA,ADQUISICIÓN PROGRAMAS INFORMÁTICOS,1200,825
1508,92122104,PRESIDENCIA,PRESIDENCIA,VESTUARIO PERSONAL CONDUCTORES,1200,826
1509,92122200,PRESIDENCIA,PRESIDENCIA,COMUNICACIONES TELEFONICAS EDIFICIOS,220000,827
1510,92122400,PRESIDENCIA,PRESIDENCIA,PRIMAS DE SEGURO,220000,828
1511,92122602,PRESIDENCIA,PRESIDENCIA,PUBLICIDAD Y PROPAGANDA ,40000,829
1512,92122603,PRESIDENCIA,PRESIDENCIA,PUBLICACIONES EN DIARIOS OFICIALES,600,830
1513,92122701,PRESIDENCIA,PRESIDENCIA,SEGURIDAD,295000,831
1516,92148900,PRESIDENCIA,PRESIDENCIA,SUBV. COLEGIO DE ABOGADOS GASTOS ASISTENCIA GRATUITA. GASTOS FUNCIONAMIENTO,30000,832
1519,92162500,PRESIDENCIA,PRESIDENCIA,ADQUISICION DE MOBILIARIO Y ENSERES,5000,833
1524,92222000,PRESIDENCIA,COORDINACIÓN Y ORGANIZACIÓN INSTITUCIONAL DE LA EELL,MATERIAL OFICINA ORGANIZACIÓN,500,834
1525,92222001,PRESIDENCIA,COORDINACIÓN Y ORGANIZACIÓN INSTITUCIONAL DE LA EELL,"PRENSA, REVISTAS, LIBROS Y OTRAS PUBLICACIONES",200,835
1526,92222699,PRESIDENCIA,COORDINACIÓN Y ORGANIZACIÓN INSTITUCIONAL DE LA EELL,OTROS GASTOS DIVEROS,500,836
1527,92222706,PRESIDENCIA,COORDINACIÓN Y ORGANIZACIÓN INSTITUCIONAL DE LA EELL,GABINETE DE PRENSA - SERVICIOS NOTICIAS,90000,837
1136,43212000,TURISMO,ORDENACIÓN Y PROMOCIÓN TURÍSTICA,SUELDOS GRUPO A1,49098,838
1047,42022699,INDUSTRIA Y ENERGÍA,ADMINISTRACIÓN GENERAL DE INDUSTRIA Y ENERGÍA,GASTOS DIVERSOS,1000,839
1530,92262500,PRESIDENCIA,COORDINACIÓN Y ORGANIZACIÓN INSTITUCIONAL DE LA EELL,MOBILIARIO ,10000,840
1535,92422610,PARTICIPACIÓN CIUDADANA,PARTICIPACIÓN CIUDADANA,GASTOS DIVERSOS PROYECTO INSULAR,10000,841
1536,92422611,PARTICIPACIÓN CIUDADANA,PARTICIPACIÓN CIUDADANA,PLAN DE PARTICIPACIÓN CIUDADANA,50000,842
1539,92448000,PARTICIPACIÓN CIUDADANA,PARTICIPACIÓN CIUDADANA,PREMIOS PARTICIPACIÓN CIUDADANA,1500,843
1540,92448901,PARTICIPACIÓN CIUDADANA,PARTICIPACIÓN CIUDADANA,CONSEJO SOCIAL DE LA ISLA DE LA PALMA GASTOS FUNCIONAMIENTO,1500,844
1541,92448903,PARTICIPACIÓN CIUDADANA,PARTICIPACIÓN CIUDADANA,MOVIMIENTO ASOCIATIVO ACTUACIONES 2021,40000,845
1542,92448905,PARTICIPACIÓN CIUDADANA,PARTICIPACIÓN CIUDADANA,SUBVENCIÓN ASOC. CULTURAL HISTÓRICA DÍA DEL CORSARIO GASTOS CORRIENTES DÍA DEL CORSARIO,8000,846
1545,92478900,PARTICIPACIÓN CIUDADANA,PARTICIPACIÓN CIUDADANA,PREMIOS PROYECTO INSULAR,15000,847
1546,92478901,PARTICIPACIÓN CIUDADANA,PARTICIPACIÓN CIUDADANA,SUBVENCIONES MOVIMIENTO ASOCIATIVO PARA GASTOS DE INVERSIÓN,35000,848
1551,92522000,ATENCIÓN A LOS CIUDADANOS,ATENCIÓN A LOS CIUDADANOS,MATERIAL DE OFICINA INFORMACIÓN AL CIUDADANO,1500,849
1552,92522002,ATENCIÓN A LOS CIUDADANOS,ATENCIÓN A LOS CIUDADANOS,SOFTWARE PARA INTERCONEXIÓN DE REGISTRO,3000,850
1553,92522707,ATENCIÓN A LOS CIUDADANOS,ATENCIÓN A LOS CIUDADANOS,SERVICIO INFORMACIÓN TELEFÓNICA (SERVICIO 010),100000,851
1554,92522710,ATENCIÓN A LOS CIUDADANOS,ATENCIÓN A LOS CIUDADANOS,MANTENIMIENTO GESTOR DE TURNOS OFICINA OAC,1500,852
1555,92522711,ATENCIÓN A LOS CIUDADANOS,ATENCIÓN A LOS CIUDADANOS,GASTOS MANTENIMIENTO HERRAMIENTAS TRANSPARENCIA Y PARTICIPACIÓN CIUDADANA,10000,853
1413,91222601,ORGANOS DE GOBIERNO,ORGANOS DE GOBIERNO,ATENCIONES PROTOCOLARIAS Y REPRESENTATIVAS,18000,854
1345,45965010,INFRAESTRUCTURAS,OTRAS INFRAESTRUCTURAS,INVERSIONES GESTIONADAS PARA OTROS ENTES PÚBLICOS FDCAN 2020-2021 FONDOS PROPIOS,1324270,855
1348,45976201,INFRAESTRUCTURAS,OTRAS INFRAESTRUCTURAS,SUBV. AYUNTAMIENTOS FDCAN 2021,55000,856
1137,43212001,TURISMO,ORDENACIÓN Y PROMOCIÓN TURÍSTICA,SUELDOS GRUPO A2,14274,857
1560,92612000,NUEVAS TECNOLGÍAS,COMUNICACIONES INTERNAS,SUELDOS GRUPO A1,16366,858
1353,49112000,INNOVACION,SOCIEDAD DE LA INFORMACIÓN,SUELDOS GRUPO A1,49098,859
1414,91222610,ORGANOS DE GOBIERNO,ORGANOS DE GOBIERNO,OTRAS ATENCIONES DE PRESIDENCIA,6000,860
1048,42022706,INDUSTRIA Y ENERGÍA,ADMINISTRACIÓN GENERAL DE INDUSTRIA Y ENERGÍA,ESTUDIOS Y TRABAJOS TÉCNICOS,25000,861
1138,43212003,TURISMO,ORDENACIÓN Y PROMOCIÓN TURÍSTICA,SUELDOS GRUPO C1,10828,862
1561,92612006,NUEVAS TECNOLGÍAS,COMUNICACIONES INTERNAS,TRIENIOS,5039,863
1354,49112004,INNOVACION,SOCIEDAD DE LA INFORMACIÓN,SUELDOS GRUPO C2,9098,864
1415,91222611,ORGANOS DE GOBIERNO,ORGANOS DE GOBIERNO,ACTOS INSTITUCIONALES Y AYUDAS ACTOS MUNICIPALES,8000,865
1053,42221200,INDUSTRIA Y ENERGÍA,INDUSTRIA,"REPARACIONES, MANTENIMIENTO Y CONSERVACIÓN EDIFICIOS Y OTRAS CONSTRUCCIONES",31029,866
1139,43212004,TURISMO,ORDENACIÓN Y PROMOCIÓN TURÍSTICA,SUELDOS GRUPO C2,9098,867
1562,92612100,NUEVAS TECNOLGÍAS,COMUNICACIONES INTERNAS,COMPLEMENTO DE DESTINO,12647,868
1355,49112006,INNOVACION,SOCIEDAD DE LA INFORMACIÓN,TRIENIOS,3523,869
1416,91222613,ORGANOS DE GOBIERNO,ORGANOS DE GOBIERNO,ESCUDOS CABILDO INSULAR,200,870
1054,42222602,INDUSTRIA Y ENERGÍA,INDUSTRIA,PUBLICIDAD Y PROPAGANDA,2000,871
1190,43248904,TURISMO,ORDENACIÓN Y PROMOCIÓN TURÍSTICA,SUBVENCIÓN ASOCIACIÓN T-ACTIVA LA PALMA PROMOCIÓN TURÍSTICA,5000,872
1272,45012005,INFRAESTRUCTURAS,ADMINISTRACIÓN GENERAL DE INFRAESTRUCTURA,SUELDOS GRUPO E,8333,873
1140,43212006,TURISMO,ORDENACIÓN Y PROMOCIÓN TURÍSTICA,TRIENIOS,12497,874
1563,92612101,NUEVAS TECNOLGÍAS,COMUNICACIONES INTERNAS,COMPLEMENTO ESPECÍFICO,18694,875
1356,49112100,INNOVACION,SOCIEDAD DE LA INFORMACIÓN,COMPLEMENTO DE DESTINO,37127,876
1417,91222616,ORGANOS DE GOBIERNO,ORGANOS DE GOBIERNO,GASTOS DIVERSOS DE REPRESENTACIÓN DIFERENTES ÁREA,100,877
1055,42222707,INDUSTRIA Y ENERGÍA,INDUSTRIA,ASISTENCIA TÉCNICA INDUSTRIA,16000,878
1191,43248905,TURISMO,ORDENACIÓN Y PROMOCIÓN TURÍSTICA,SUBVENCIÓN ASOCIACIONES EMPRESAS TURISMO RURAL ISLAS BONITA PROMOCIÓN TURÍSTICA,5000,879
1273,45012006,INFRAESTRUCTURAS,ADMINISTRACIÓN GENERAL DE INFRAESTRUCTURA,TRIENIOS,42053,880
1141,43212100,TURISMO,ORDENACIÓN Y PROMOCIÓN TURÍSTICA,COMPLEMENTO DE DESTINO,56124,881
1564,92612103,NUEVAS TECNOLGÍAS,COMUNICACIONES INTERNAS,OTROS COMPLEMENTOS,12028,882
1357,49112101,INNOVACION,SOCIEDAD DE LA INFORMACIÓN,COMPLEMENTO ESPECÍFICO,48350,883
1418,91222706,ORGANOS DE GOBIERNO,ORGANOS DE GOBIERNO,ESTUDIOS Y TRABAJOS TÉCNICOS,12000,884
1419,91223000,ORGANOS DE GOBIERNO,ORGANOS DE GOBIERNO,DIETAS DE LOS MIEMBROS DE LOS ÓRGANOS DE GOBIERNO,35000,885
1420,91223100,ORGANOS DE GOBIERNO,ORGANOS DE GOBIERNO,LOCOMOCIÓN DE LOS MIEMBROS DE LOS ÓRGANOS DE GOBI,30000,886
1421,91223300,ORGANOS DE GOBIERNO,ORGANOS DE GOBIERNO,OTRAS INDEMNIZACIONES TELEFONÍA,8640,887
1422,91223301,ORGANOS DE GOBIERNO,ORGANOS DE GOBIERNO,GASTOS TELEFONIA PERSONAL EVENTUAL,2700,888
1425,91248900,ORGANOS DE GOBIERNO,ORGANOS DE GOBIERNO,ASIGNACIONES A GRUPOS POLÍTICOS,266309,889
1426,91248901,ORGANOS DE GOBIERNO,ORGANOS DE GOBIERNO,OFRENDA A SAN MIGUEL. ÓRGANOS DE GOBIERNO,1200,890
1427,91248902,ORGANOS DE GOBIERNO,ORGANOS DE GOBIERNO,OFRENDA REAL SANTUARIO NTRA. SRA. DE LAS NIEVES. ORGANOS DE GOBIERNO,1200,891
1432,92012000,ADMINISTRACIÓN GENERAL,ADMINISTRACIÓN GENERAL,"SUELDOS GRUPO A1 SECRETARÍA, VICESECRT Y REGIMEN JURÍDICO",212757,892
1433,92012003,ADMINISTRACIÓN GENERAL,ADMINISTRACIÓN GENERAL,SUELDOS GRUPO C1,10828,893
1434,92012004,ADMINISTRACIÓN GENERAL,ADMINISTRACIÓN GENERAL,SUELDOS GRUPO C2 ,109181,894
1435,92012005,ADMINISTRACIÓN GENERAL,ADMINISTRACIÓN GENERAL,SUELDOS GRUPO E ,41665,895
1436,92012006,ADMINISTRACIÓN GENERAL,ADMINISTRACIÓN GENERAL,TRIENIOS,55039,896
1437,92012100,ADMINISTRACIÓN GENERAL,ADMINISTRACIÓN GENERAL,COMPLEMENTO DE DESTINO ,262185,897
1438,92012101,ADMINISTRACIÓN GENERAL,ADMINISTRACIÓN GENERAL,COMPLEMENTO ESPECÍFICO,348706,898
1439,92012103,ADMINISTRACIÓN GENERAL,ADMINISTRACIÓN GENERAL,OTROS COMPLEMENTOS ,206708,899
1440,92013000,ADMINISTRACIÓN GENERAL,ADMINISTRACIÓN GENERAL,RETRIBUCIONES BÁSICAS PERSONAL LABORAL FIJO ,53049,900
1441,92013002,ADMINISTRACIÓN GENERAL,ADMINISTRACIÓN GENERAL,"OTRAS REMUNERACIONES SECRETARÍA, VICESECRT Y REGÍMEN JURÍDICO ",77805,901
1442,92013100,ADMINISTRACIÓN GENERAL,ADMINISTRACIÓN GENERAL,RETRIBUCIONES PERSONAL LABORAL TEMPORAL,20768,902
1443,92014300,ADMINISTRACIÓN GENERAL,ADMINISTRACIÓN GENERAL,RETRIBUCIONES EJECUCION SENTENCIAS,55000,903
1444,92015000,ADMINISTRACIÓN GENERAL,ADMINISTRACIÓN GENERAL,PRODUCTIVIDAD ,6929,904
1445,92016000,ADMINISTRACIÓN GENERAL,ADMINISTRACIÓN GENERAL,"SEGURIDAD SOCIAL SECRETARÍA, VICESECRT Y REGIMEN JURÍDICO",361898,905
1448,92020300,ADMINISTRACIÓN GENERAL,ADMINISTRACIÓN GENERAL,"ARRENDAMIENTO DE MAQUINARIA, INSTALACIONES Y UTILLAJE",60000,906
1449,92020400,ADMINISTRACIÓN GENERAL,ADMINISTRACIÓN GENERAL,ARRENDAMIENTO VEHICULO PRESIDENCIA,19000,907
1450,92022000,ADMINISTRACIÓN GENERAL,ADMINISTRACIÓN GENERAL,"MATERIAL DE OFICINA ADMON. GENERAL, SECRET. Y VICESECRT.",10500,908
1451,92022001,ADMINISTRACIÓN GENERAL,ADMINISTRACIÓN GENERAL,"PRENSA, REVISTAS, LIBROS Y OTRAS PUBLICACIONES",6750,909
1452,92022002,ADMINISTRACIÓN GENERAL,ADMINISTRACIÓN GENERAL,MATERIAL INFORMATICO NO INVENTARIABLE,9500,910
1453,92022003,ADMINISTRACIÓN GENERAL,ADMINISTRACIÓN GENERAL,MATERIAL FOTOCOPIADORAS Y OTROS,10000,911
1454,92022004,ADMINISTRACIÓN GENERAL,ADMINISTRACIÓN GENERAL,CUOTA ANUAL ARANZADI BASE DE DATOS,5000,912
1455,92022005,ADMINISTRACIÓN GENERAL,ADMINISTRACIÓN GENERAL,GESTOR DE EXPEDIENTES JUDICIALES,1000,913
1456,92022006,ADMINISTRACIÓN GENERAL,ADMINISTRACIÓN GENERAL,ADQUISICIÓN/ACTUALIZACIÓN DE APLICACIÓN DE PATRIMONIO PARA PROCESAMIENTO DE INFORMACIÓN,20000,914
1457,92022007,ADMINISTRACIÓN GENERAL,ADMINISTRACIÓN GENERAL,ADQUISICIÓN DE APLICACIÓN DE ARCHIVO Y EQUIPOS PARA PROCESAMIENTO DE INFORMACIÓN,10000,915
1458,92022008,ADMINISTRACIÓN GENERAL,ADMINISTRACIÓN GENERAL,CUOTAS ANUAL ES PUBLICO BASE DE DATOS,4500,916
1459,92022104,ADMINISTRACIÓN GENERAL,ADMINISTRACIÓN GENERAL,VESTUARIO,5000,917
1460,92022199,ADMINISTRACIÓN GENERAL,ADMINISTRACIÓN GENERAL,OTROS SUMINISTROS,1000,918
1461,92022201,ADMINISTRACIÓN GENERAL,ADMINISTRACIÓN GENERAL,POSTALES,62000,919
1462,92022300,ADMINISTRACIÓN GENERAL,ADMINISTRACIÓN GENERAL,TRANSPORTE Y MENSAJERÍAS,6300,920
1463,92022502,ADMINISTRACIÓN GENERAL,ADMINISTRACIÓN GENERAL,TRIBUTOS ENTIDADES LOCALES,1000,921
1464,92022602,ADMINISTRACIÓN GENERAL,ADMINISTRACIÓN GENERAL,PUBLICIDAD Y PROPAGANDA ,25000,922
1465,92022603,ADMINISTRACIÓN GENERAL,ADMINISTRACIÓN GENERAL,PUBLICACIONES EN DIARIOS OFICIALES,7700,923
1466,92022604,ADMINISTRACIÓN GENERAL,ADMINISTRACIÓN GENERAL,"JURÍDICOS, CONTENCIOSOS",75000,924
1467,92022607,ADMINISTRACIÓN GENERAL,ADMINISTRACIÓN GENERAL,OPOSICIONES Y PRUEBAS SELECTIVAS,6000,925
1468,92022610,ADMINISTRACIÓN GENERAL,ADMINISTRACIÓN GENERAL,GASTOS DIVERSOS DEPART. INVENT. Y ARCHIVO,3000,926
1469,92022611,ADMINISTRACIÓN GENERAL,ADMINISTRACIÓN GENERAL,GASTOS DIVERSOS VICE-SECRET. GRAL. Y ASESORÍA JDCA.,4000,927
1470,92022699,ADMINISTRACIÓN GENERAL,ADMINISTRACIÓN GENERAL,OTROS GASTOS DIVERSOS,14500,928
1192,43248906,TURISMO,ORDENACIÓN Y PROMOCIÓN TURÍSTICA,SUBVENCIÓN ASOCIACIÓN CARAVANISTAS DE LA ISLA DE LA PALMA PROMOCIÓN TURÍSTICA ,4000,929
1274,45012100,INFRAESTRUCTURAS,ADMINISTRACIÓN GENERAL DE INFRAESTRUCTURA,COMPLEMENTO DE DESTINO,127681,930
1142,43212101,TURISMO,ORDENACIÓN Y PROMOCIÓN TURÍSTICA,COMPLEMENTO ESPECÍFICO,79787,931
1275,45012101,INFRAESTRUCTURAS,ADMINISTRACIÓN GENERAL DE INFRAESTRUCTURA,COMPLEMENTO ESPECÍFICO,159163,932
1193,43248908,TURISMO,ORDENACIÓN Y PROMOCIÓN TURÍSTICA,SUBV. AGAP PROMOCIÓN TURÍSTICA,4000,933
1358,49112103,INNOVACION,SOCIEDAD DE LA INFORMACIÓN,OTROS COMPLEMENTOS,29750,934
1058,42244900,INDUSTRIA Y ENERGÍA,INDUSTRIA,APORTACIÓN SODEPAL CENTRO EMPRESARIAL E INDUSTRIAL LA PALMA,80000,935
1359,49113000,INNOVACION,SOCIEDAD DE LA INFORMACIÓN,RETRIBUCIONES BÁSICAS PERSONAL LABORAL FIJO,12413,936
1143,43212103,TURISMO,ORDENACIÓN Y PROMOCIÓN TURÍSTICA,OTROS COMPLEMENTOS,47311,937
1276,45012103,INFRAESTRUCTURAS,ADMINISTRACIÓN GENERAL DE INFRAESTRUCTURA,OTROS COMPLEMENTOS,118036,938
1194,43248909,TURISMO,ORDENACIÓN Y PROMOCIÓN TURÍSTICA,"CONVENIO COLABORACIÓN CIT TEDOTE PROYECTO ""PROMOCIÓN TURÍSTICA POST-COVID19 LA PALMA""",80000,939
1565,92613000,NUEVAS TECNOLGÍAS,COMUNICACIONES INTERNAS,RETRIBUCIONES BÁSICAS PERSONAL LABORAL FIJO,40684,940
1566,92613002,NUEVAS TECNOLGÍAS,COMUNICACIONES INTERNAS,OTRAS REMUNERACIONES PERSONAL LABORAL FIJO,63874,941
1567,92615000,NUEVAS TECNOLGÍAS,COMUNICACIONES INTERNAS,PRODUCTIVIDAD,749,942
1568,92616000,NUEVAS TECNOLGÍAS,COMUNICACIONES INTERNAS,SEGURIDAD SOCIAL,40372,943
1571,92621600,NUEVAS TECNOLGÍAS,COMUNICACIONES INTERNAS,MANTENIMIENTO DE HARDWARE Y SOFTWARE,100000,944
1572,92622002,NUEVAS TECNOLGÍAS,COMUNICACIONES INTERNAS,MATERIAL INFORMÁTICO NO INVENTARIABLE ,15000,945
1573,92622706,NUEVAS TECNOLGÍAS,COMUNICACIONES INTERNAS,PLAN DE MODERNIZACIÓN ADMINISTRATIVA FASE III ,60000,946
1576,92662600,NUEVAS TECNOLGÍAS,COMUNICACIONES INTERNAS,"ADQUISICIÓN DE HARDWARE, SOFTWARE Y EQUIPOS DE COMUNICACIÓN",15000,947
1577,92662601,NUEVAS TECNOLGÍAS,COMUNICACIONES INTERNAS,PLAN DE MODERNIZACIÓN ADMINISTRATIVA FASE III,40000,948
1582,92712000,RECURSOS HUMANOS,RECURSOS HUMANOS,SUELDOS GRUPO A1,98196,949
1583,92712001,RECURSOS HUMANOS,RECURSOS HUMANOS,SUELDOS GRUPO A2,43452,950
1584,92712003,RECURSOS HUMANOS,RECURSOS HUMANOS,SUELDOS GRUPO C1,35930,951
1585,92712004,RECURSOS HUMANOS,RECURSOS HUMANOS,SUELDOS GRUPO C2,72787,952
1586,92712006,RECURSOS HUMANOS,RECURSOS HUMANOS,TRIENIOS,31097,953
1587,92712100,RECURSOS HUMANOS,RECURSOS HUMANOS,COMPLEMENTO DE DESTINO,157507,954
1588,92712101,RECURSOS HUMANOS,RECURSOS HUMANOS,COMPLEMENTO ESPECÍFICO,200435,955
1589,92712103,RECURSOS HUMANOS,RECURSOS HUMANOS, OTROS COMPLEMENTOS,130546,956
1590,92713000,RECURSOS HUMANOS,RECURSOS HUMANOS, RETRIBUCIONES BÁSICAS PERSONAL LABORAL FIJO,32175,957
1144,43213000,TURISMO,ORDENACIÓN Y PROMOCIÓN TURÍSTICA,RETRIBUCIONES BÁSICAS PERSONAL LABORAL FIJO,133700,958
1591,92713002,RECURSOS HUMANOS,RECURSOS HUMANOS, OTRAS REMUNERACIONES PERSONAL LABORLA FIJO,53916,959
1360,49113002,INNOVACION,SOCIEDAD DE LA INFORMACIÓN,OTRAS REMUNERACIONES PERSONAL LABORAL FIJO,19921,960
1061,42262200,INDUSTRIA Y ENERGÍA,INDUSTRIA,INVERSIONES DE TELECOMUNICACIONES Y CÁMARAS DE VIGILANCIA,65000,961
1145,43213002,TURISMO,ORDENACIÓN Y PROMOCIÓN TURÍSTICA,OTRAS REMUNERACIONES,216951,962
1592,92715000,RECURSOS HUMANOS,RECURSOS HUMANOS,PRODUCTIVIDAD,4120,963
1361,49115000,INNOVACION,SOCIEDAD DE LA INFORMACIÓN,PRODUCTIVIDAD,936,964
1062,42262700,INDUSTRIA Y ENERGÍA,INDUSTRIA,OBRAS DE BAJA TENSIÓN EN EL CEIP,62000,965
1197,43262500,TURISMO,ORDENACIÓN Y PROMOCIÓN TURÍSTICA,MOBILIARIO Y ENSERES,2500,966
1146,43215000,TURISMO,ORDENACIÓN Y PROMOCIÓN TURÍSTICA,PRODUCTIVIDAD,3184,967
1593,92716000,RECURSOS HUMANOS,RECURSOS HUMANOS,SEGURIDAD SOCIAL,273754,968
1362,49116000,INNOVACION,SOCIEDAD DE LA INFORMACIÓN,SEGURIDAD SOCIAL,55750,969
1198,43262600,TURISMO,ORDENACIÓN Y PROMOCIÓN TURÍSTICA,EQUIPOS PARA PROCESOS DE INFORMACION,1000,970
1063,42262701,INDUSTRIA Y ENERGÍA,INDUSTRIA,ACCESIBILIDAD EN EL CEIP,19000,971
1064,42262702,INDUSTRIA Y ENERGÍA,INDUSTRIA,INVERSIONES CEIP,10000,972
1069,42522601,INDUSTRIA Y ENERGÍA,ENERGÍA,CONSEJO INSULAR DE LA ENERGIA,2000,973
1070,42522602,INDUSTRIA Y ENERGÍA,ENERGÍA,PUBLICIDAD Y PROPAGANDA,3000,974
1071,42522606,INDUSTRIA Y ENERGÍA,ENERGÍA,JORNADAS POLÍTICA Y ENERGÍA,10000,975
1074,42548900,INDUSTRIA Y ENERGÍA,ENERGÍA,SUBV. ASOCIACIÓN SOCIOAMBIENTAL LA PALMA RENOVABLE EFICIENCIA ENERGETICA,120000,976
1078,42562700,INDUSTRIA Y ENERGÍA,ENERGÍA,INVERSIONES EFICIENCIA ENÉRGETICA,15000,977
1081,42577000,INDUSTRIA Y ENERGÍA,ENERGÍA,SUBV. FOMENTO AUTOCONSUMO ENERGÉTICO EMPRESAS,100000,978
1082,42577901,INDUSTRIA Y ENERGÍA,ENERGÍA,SUBV. TAXIS ELÉCTRICOS O HIBRIDOS ENCHUFABLES,40000,979
1083,42578900,INDUSTRIA Y ENERGÍA,ENERGÍA,SUBV. FOMENTO AUTOCONSUMO ENERGÉTICO VIVIENDAS,230000,980
1088,42612000,ARTESANÍA,ARTESANÍA,SUELDOS GRUPO A1,16366,981
1089,42612004,ARTESANÍA,ARTESANÍA,SUELDOS GRUPO C2,9098,982
1090,42612006,ARTESANÍA,ARTESANÍA,TRIENIOS,7761,983
1091,42612100,ARTESANÍA,ARTESANÍA,COMPLEMENTO DE DESTINO,18304,984
1092,42612101,ARTESANÍA,ARTESANÍA,COMPLEMENTO ESPECÍFICO,25061,985
1093,42612103,ARTESANÍA,ARTESANÍA,OTROS COMPLEMENTOS,17572,986
1094,42613000,ARTESANÍA,ARTESANÍA,RETRIBUCIONES BÁSICAS PERSONAL LABORAL FIJO,22280,987
1095,42613002,ARTESANÍA,ARTESANÍA,OTRAS REMUNERACIONES,34038,988
1096,42615000,ARTESANÍA,ARTESANÍA,PRODUCTIVIDAD,749,989
1097,42616000,ARTESANÍA,ARTESANÍA,SEGURIDAD SOCIAL,38165,990
1100,42622000,ARTESANÍA,ARTESANÍA,MATERIAL DE OFICINA,1000,991
1101,42622114,ARTESANÍA,ARTESANÍA,MATERIAL TÉCNICO Y DECORACIÓN ESCUELA Y CENTROS DE VENTA,100,992
1102,42622602,ARTESANÍA,ARTESANÍA,PUBLICIDAD Y PROPAGANDA CENTROS DE VENTA,2000,993
1103,42622606,ARTESANÍA,ARTESANÍA,CURSOS,20000,994
1104,42622610,ARTESANÍA,ARTESANÍA,FERIA INSULAR DE ARTESANÍA Y ALIMENTACIÓN,132000,995
1105,42622611,ARTESANÍA,ARTESANÍA,ACTIVIDADES DIVERSAS,15062,996
1106,42622612,ARTESANÍA,ARTESANÍA,FERIA REGIONAL DE ARTESANÍA Y OTROS EVENTOS,15000,997
1107,42622707,ARTESANÍA,ARTESANÍA,PUBLICACIONES ARTESANÍA,4000,998
1110,42644900,ARTESANÍA,ARTESANÍA,APORTACIÓN SODEPAL PROYECTO LA PALMA ARTESANÍA ,90000,999
1111,42646200,ARTESANÍA,ARTESANÍA,SUBV. AYTO. EL PASO GEST. MUSEO SEDA ,30855,1000
1112,42647300,ARTESANÍA,ARTESANÍA,SUBVENCIÓN HILANDERAS EL PASO GASTOS CORRIENTES,1000,1001
1113,42647301,ARTESANÍA,ARTESANÍA,SUBV. GASTOS CORRIENTES ARTESANOS LA PALMA,20000,1002
1116,42662201,ARTESANÍA,ARTESANÍA,EQUIPAMIENTO FERIA INSULAR,10000,1003
1117,42662500,ARTESANÍA,ARTESANÍA,EQUIPAMIENTO CENTROS DE VENTA ARTESANÍA,49001,1004
1118,42662502,ARTESANÍA,ARTESANÍA,EQUIPAMIENTO CARPA Y OTROS,30000,1005
1119,42662700,ARTESANÍA,ARTESANÍA,OBRAS CENTRO DE VENTA DE ARTESANÍA Y ESCUELA INSULAR DE ARTESANÍA,1000,1006
1124,43122613,COMERCIO,COMERCIO,"PROGRAMA EUROPEO DESTINOS GASTRONÓMICOS SOSTENIBLES ""INTERREG MAC""",176779,1007
1127,43148901,COMERCIO,COMERCIO,SUBV. FEDERACIÓN EMPRESARIOS (FEDEPALMA) IMPULSO EMPRESARIAL A LA PYMES PALMERAS,38000,1008
1128,43148902,COMERCIO,COMERCIO,SUBV. FEDERACIÓN EMPRESAS (FAEP) INMERSION DIGITAL DE LAS PYMES PALMERAS,38000,1009
1129,43148903,COMERCIO,COMERCIO,SUBV. PROMOCIÓN EXTERNA FIRMAS DE MODA LA PALMA,45000,1010
1130,43148904,COMERCIO,COMERCIO,SUBV. CÁMARA DE COMERCIO: PLAN DE PROMOCIÓN Y MEJORA COMPETITIVIDAD DE LAS PYMES PALMERAS,38000,1011
1131,43148905,COMERCIO,COMERCIO,SUBV. CAMARA DE COMERCIO PROMOCIÓN Y DINAMIZACIÓN ZZCCAA,160000,1012
1199,43262700,TURISMO,ORDENACIÓN Y PROMOCIÓN TURÍSTICA,TEMATIZACIÓN DEL CENTRO DE VISITANTES DEL ROQUE DE LOS MUCHACHOS FDCAN 2020,1750000,1013
1277,45013000,INFRAESTRUCTURAS,ADMINISTRACIÓN GENERAL DE INFRAESTRUCTURA,RETRIBUCIONES BÁSICAS PERSONAL LABORAL FIJO,391983,1014
1365,49120600,INNOVACION,SOCIEDAD DE LA INFORMACIÓN,ACTUALIZACIÓN CARTOGRÁFICA,25000,1015
1147,43216000,TURISMO,ORDENACIÓN Y PROMOCIÓN TURÍSTICA,SEGURIDAD SOCIAL,186146,1016
1594,92716200,RECURSOS HUMANOS,RECURSOS HUMANOS,FORMACIÓN PERSONAL,20000,1017
1150,43221600,TURISMO,ORDENACIÓN Y PROMOCIÓN TURÍSTICA,MATERIAL INFORMÁTICO ,2000,1018
1597,92722000,RECURSOS HUMANOS,RECURSOS HUMANOS,MATERIAL DE OFICINA RRHH,2500,1019
1598,92722001,RECURSOS HUMANOS,RECURSOS HUMANOS,"PRENSA, REVISTAS, LIBROS Y OTRAS PUBLICACIONES",1000,1020
1599,92722002,RECURSOS HUMANOS,RECURSOS HUMANOS,PROGRAMAS Y SERVICIOS INFORMÁTICOS,3739,1021
1600,92722300,RECURSOS HUMANOS,RECURSOS HUMANOS,TRANSPORTES Y MENSAJERIA,200,1022
1601,92722610,RECURSOS HUMANOS,RECURSOS HUMANOS,"MEDIDAS DE PREVENCIÓN, CONTENCIÓN Y COORDINACIÓN COVID 19",85239,1023
1602,92722706,RECURSOS HUMANOS,RECURSOS HUMANOS,PREVENCIÓN RIESGOS LABORALES Y OTRAS,20000,1024
1603,92722707,RECURSOS HUMANOS,RECURSOS HUMANOS,ESTUDIOS Y TRABAJOS TÉCNICOS,10000,1025
1606,92762500,RECURSOS HUMANOS,RECURSOS HUMANOS,MOBILIARIO,1200,1026
1607,92762600,RECURSOS HUMANOS,RECURSOS HUMANOS,ADQUISICIÓN DE EQUIPOS DE PROCESO DE INFORMACIÓN,1300,1027
1608,92762900,RECURSOS HUMANOS,RECURSOS HUMANOS,ADQUISICIÓN DE MATERIAL UNIDAD DE PREVENCIÓN RIESGO LABORALES,2200,1028
1613,92812000,CONTRATACIÓN,CONTRATACIÓN,SUELDOS GRUPO A1,49098,1029
1614,92812001,CONTRATACIÓN,CONTRATACIÓN,SUELDOS GRUPO A2,14274,1030
1615,92812004,CONTRATACIÓN,CONTRATACIÓN,SUELDOS GRUPO C2,45492,1031
1616,92812006,CONTRATACIÓN,CONTRATACIÓN,TRIENIOS,18002,1032
1617,92812100,CONTRATACIÓN,CONTRATACIÓN,COMPLEMENTO DE DESTINO,73513,1033
1618,92812101,CONTRATACIÓN,CONTRATACIÓN,COMPLEMENTO ESPECÍFICO,97232,1034
1619,92812103,CONTRATACIÓN,CONTRATACIÓN,OTROS COMPLEMENTOS,60515,1035
1620,92815000,CONTRATACIÓN,CONTRATACIÓN,PRODUCTIVIDAD,1873,1036
1621,92816000,CONTRATACIÓN,CONTRATACIÓN,SEGURIDAD SOCIAL,115296,1037
1624,92822000,CONTRATACIÓN,CONTRATACIÓN,MATERIAL DE OFICINA,1000,1038
1625,92822001,CONTRATACIÓN,CONTRATACIÓN,"PRENSA, LIBROS, REVISTAS Y OTRAS PUBLICACIONES",1000,1039
1626,92822002,CONTRATACIÓN,CONTRATACIÓN,LICENCIA DE USO PLATAFORMA CONTRATOS DEL CABILDO,22000,1040
1366,49121400,INNOVACION,SOCIEDAD DE LA INFORMACIÓN,MANTENIMIENTO VEHICULO ELECTRICO,2000,1041
1151,43221700,TURISMO,ORDENACIÓN Y PROMOCIÓN TURÍSTICA,MANTENIMIENTO WEB TURISMO LA PALMA,6000,1042
1278,45013002,INFRAESTRUCTURAS,ADMINISTRACIÓN GENERAL DE INFRAESTRUCTURA,OTRAS REMUNERACIONES,586173,1043
1200,43262702,TURISMO,ORDENACIÓN Y PROMOCIÓN TURÍSTICA,CENTRO DE APOYO AMBIENTAL Y RECREATIVO DE MENDO FDCAN 2020,654455,1044
1367,49121700,INNOVACION,SOCIEDAD DE LA INFORMACIÓN,MANTENIMIENTO DE LA APLICACIÓN MÓVIL (APP),5000,1045
1201,43262705,TURISMO,ORDENACIÓN Y PROMOCIÓN TURÍSTICA,CASETA PORTATIL ASTRONÓMICA ,100449,1046
1368,49121900,INNOVACION,SOCIEDAD DE LA INFORMACIÓN,MANTENIMIENTO DE LA RED DE TELECOMUNICACIONES,60000,1047
1204,43276200,TURISMO,ORDENACIÓN Y PROMOCIÓN TURÍSTICA,SUBV. AYTO. DE BREÑA BAJA ACTUACIÓN DE LA MEJORA Y EQUIPAMIENTO PARA LA PLAYA DEL VARADERO,100068,1048
1152,43221900,TURISMO,ORDENACIÓN Y PROMOCIÓN TURÍSTICA,REPARACIÓN Y MANTENIMIENTO PANELES,10000,1049
1369,49121901,INNOVACION,SOCIEDAD DE LA INFORMACIÓN,MANTENIMIENTO DE LA RED DE LOS SENSORES,15000,1050
1279,45015000,INFRAESTRUCTURAS,ADMINISTRACIÓN GENERAL DE INFRAESTRUCTURA,PRODUCTIVIDAD,10862,1051
1209,43922610,OTRAS ACTUACIONES SECTORIALES,OTRAS ACTUACIONES SECTORIALES,CONVENIO COLABORACIÓN PROEXCA,5000,1052
1153,43222000,TURISMO,ORDENACIÓN Y PROMOCIÓN TURÍSTICA,MATERIAL DE OFICINA,2000,1053
1370,49122000,INNOVACION,SOCIEDAD DE LA INFORMACIÓN,MATERIAL OFICINA,3000,1054
1280,45016000,INFRAESTRUCTURAS,ADMINISTRACIÓN GENERAL DE INFRAESTRUCTURA,SEGURIDAD SOCIAL,564282,1055
1212,43944900,OTRAS ACTUACIONES SECTORIALES,OTRAS ACTUACIONES SECTORIALES,APORTACIÓN SODEPAL ORGANIZACIÓN Y EJECUCIÓN ISLA BONITA LOVE FESTIVAL,350000,1056
1154,43222001,TURISMO,ORDENACIÓN Y PROMOCIÓN TURÍSTICA,PRENSA REVISTAS Y PUBLICACIONES,200,1057
1371,49122002,INNOVACION,SOCIEDAD DE LA INFORMACIÓN,MATERIAL INFORMATICO NO INVENTARIABLE,40000,1058
1283,45021600,INFRAESTRUCTURAS,ADMINISTRACIÓN GENERAL DE INFRAESTRUCTURA,REPARACIÓN Y MANTENIMIENTO DE EQUIPOS INFORMÁTICOS,3200,1059
1213,43944901,OTRAS ACTUACIONES SECTORIALES,OTRAS ACTUACIONES SECTORIALES,APORTACIÓN SODEPAL FESTIVAL DEL MAR,30000,1060
1155,43222003,TURISMO,ORDENACIÓN Y PROMOCIÓN TURÍSTICA,COMUNICACIONES INFORMÁTICAS,1500,1061
1372,49122106,INNOVACION,SOCIEDAD DE LA INFORMACIÓN,PRODUCTOS FARMACÉUTICOS Y MATERIAL SANITARIO,2000,1062
1284,45022000,INFRAESTRUCTURAS,ADMINISTRACIÓN GENERAL DE INFRAESTRUCTURA,MATERIAL DE OFICINA,4000,1063
1214,43944902,OTRAS ACTUACIONES SECTORIALES,OTRAS ACTUACIONES SECTORIALES,APORT. SODEPAL PROYECTO FOTONATURE,30000,1064
1156,43222114,TURISMO,ORDENACIÓN Y PROMOCIÓN TURÍSTICA,MATERIAL PREVENTIVO Y DE DIAGNOSTICO TEST COVID 19,50000,1065
1157,43222300,TURISMO,ORDENACIÓN Y PROMOCIÓN TURÍSTICA,TRANSPORTES Y MENSAJERÍA,20000,1066
1158,43222602,TURISMO,ORDENACIÓN Y PROMOCIÓN TURÍSTICA,PUBLICIDAD Y PROPAGANDA,300000,1067
1159,43222603,TURISMO,ORDENACIÓN Y PROMOCIÓN TURÍSTICA,PUBLICACIONES EN DIARIOS OFICIALES,300,1068
1160,43222606,TURISMO,ORDENACIÓN Y PROMOCIÓN TURÍSTICA,"REUNIONES, CURSOS Y CONFERENCIAS",2500,1069
1161,43222608,TURISMO,ORDENACIÓN Y PROMOCIÓN TURÍSTICA,ACCIONES PROMOCIÓN ASTROTURISMO,80000,1070
1162,43222609,TURISMO,ORDENACIÓN Y PROMOCIÓN TURÍSTICA,PROGRAMAS EUROPEOS ASTROTURISMO Y CONTAMINACIÓN LUMÍNICA,16000,1071
1163,43222610,TURISMO,ORDENACIÓN Y PROMOCIÓN TURÍSTICA,ACCIONES DE PROMOCIÓN TURISMO OCIO ACTIVO,20000,1072
1164,43222611,TURISMO,ORDENACIÓN Y PROMOCIÓN TURÍSTICA,ACCIONES DE PROMOCIÓN GASTRONÓMICO Y CULTURAL,10000,1073
1165,43222632,TURISMO,ORDENACIÓN Y PROMOCIÓN TURÍSTICA,CONTRATO PATROCINIO TRAVESÍA A NADO,20000,1074
1166,43222639,TURISMO,ORDENACIÓN Y PROMOCIÓN TURÍSTICA,OTROS CONTRATOS DE PATROCINIO PUBLICITARIO,45000,1075
1167,43222690,TURISMO,ORDENACIÓN Y PROMOCIÓN TURÍSTICA,CONTRATO DE PATROCINIO PUBLICITARIO REGATA ILES DU SOLEIL,10000,1076
1168,43222693,TURISMO,ORDENACIÓN Y PROMOCIÓN TURÍSTICA,CONTRATO PATROCINIO DE FESTIVALITO,22000,1077
1169,43222696,TURISMO,ORDENACIÓN Y PROMOCIÓN TURÍSTICA,EVENTOS PROMOCIÓN TURÍSTICA,30000,1078
1170,43222697,TURISMO,ORDENACIÓN Y PROMOCIÓN TURÍSTICA,ASISTENCIAS A FERIAS,20000,1079
1171,43222698,TURISMO,ORDENACIÓN Y PROMOCIÓN TURÍSTICA,PROMOCIÓN TURÍSTICA,600000,1080
1172,43222699,TURISMO,ORDENACIÓN Y PROMOCIÓN TURÍSTICA,OTROS GASTOS DIVERSOS,2000,1081
1173,43222706,TURISMO,ORDENACIÓN Y PROMOCIÓN TURÍSTICA,ESTUDIOS Y TRABAJOS TÉCNICOS,25000,1082
1174,43222707,TURISMO,ORDENACIÓN Y PROMOCIÓN TURÍSTICA,ASISTENCIAS TÉCNICAS TURÍSTICAS,25000,1083
1175,43222709,TURISMO,ORDENACIÓN Y PROMOCIÓN TURÍSTICA,GESTIÓN SERVICIOS PROMOCIÓN TURÍSTICA MERCADOS EMISORES,200000,1084
1176,43222712,TURISMO,ORDENACIÓN Y PROMOCIÓN TURÍSTICA,GESTIÓN OFICINAS INFORMACIÓN TURÍSTICAS,140000,1085
1177,43222713,TURISMO,ORDENACIÓN Y PROMOCIÓN TURÍSTICA,GESTIÓN DE CENTROS DE INTERÉS TURÍSTICO,850000,1086
1178,43222715,TURISMO,ORDENACIÓN Y PROMOCIÓN TURÍSTICA,SERVICIO PROMOCIÓN TURISMO DE CRUCEROS,30000,1087
1179,43223020,TURISMO,ORDENACIÓN Y PROMOCIÓN TURÍSTICA,DIETAS PERSONAL,15000,1088
1180,43223120,TURISMO,ORDENACIÓN Y PROMOCIÓN TURÍSTICA,GASTOS DE LOCOMOCIÓN,5000,1089
1183,43244900,TURISMO,ORDENACIÓN Y PROMOCIÓN TURÍSTICA,APORTACIÓN SODEPAL FILM COMISSIÓN,120000,1090
1184,43244901,TURISMO,ORDENACIÓN Y PROMOCIÓN TURÍSTICA,APORTACIÓN SODEPAL PROMOCIÓN TURÍSTICA SABOREA LA PALMA,40000,1091
1185,43246200,TURISMO,ORDENACIÓN Y PROMOCIÓN TURÍSTICA,SYBV. AYTO. LOS LLANOS DE ARIDANE LLOSA FESTIVAL IBEROAMERICANO,30000,1092
1186,43248900,TURISMO,ORDENACIÓN Y PROMOCIÓN TURÍSTICA,SUBV. CENTRO DE INICIATIVAS TURÍSTICAS,15000,1093
1187,43248901,TURISMO,ORDENACIÓN Y PROMOCIÓN TURÍSTICA,SUBVENCIÓN ADER FORMACIÓN,3000,1094
1188,43248902,TURISMO,ORDENACIÓN Y PROMOCIÓN TURÍSTICA,APORTACIÓN FUNDACIÓN CANARIA RESERVA DE LA BIOSFERA DESTINO SOSTENIBLE,10000,1095
1189,43248903,TURISMO,ORDENACIÓN Y PROMOCIÓN TURÍSTICA,CONVENIO CARAVANA PROMOCIÓN TURÍSTICA,20000,1096
1285,45022001,INFRAESTRUCTURAS,ADMINISTRACIÓN GENERAL DE INFRAESTRUCTURA,"LIBROS, PRENSA, REVISTAS Y OTRAS PUBLICACIONES",650,1097
1373,49122500,INNOVACION,SOCIEDAD DE LA INFORMACIÓN,TRIBUTOS ESTATALES,5000,1098
1286,45022300,INFRAESTRUCTURAS,ADMINISTRACIÓN GENERAL DE INFRAESTRUCTURA,TRANSPORTES Y MENSAJERÍA,700,1099
1374,49122602,INNOVACION,SOCIEDAD DE LA INFORMACIÓN,PUBLICIDAD Y PROPAGANDA,30000,1100
1215,43944903,OTRAS ACTUACIONES SECTORIALES,OTRAS ACTUACIONES SECTORIALES,APORTACIÓN SODEPAL PLAN INSULAR DE MODA,250000,1101
1287,45022602,INFRAESTRUCTURAS,ADMINISTRACIÓN GENERAL DE INFRAESTRUCTURA,PUBLICIDAD Y PROPAGANDA,28000,1102
1375,49122606,INNOVACION,SOCIEDAD DE LA INFORMACIÓN,"REUNIONES, CONFERENCIAS Y CURSOS",50000,1103
1216,43944905,OTRAS ACTUACIONES SECTORIALES,OTRAS ACTUACIONES SECTORIALES,APORTACIÓN SODEPAL PROYECTO LA PALMA UNA ISLA DE OPORTUNIDADES,120000,1104
1217,43944906,OTRAS ACTUACIONES SECTORIALES,OTRAS ACTUACIONES SECTORIALES,APORTACIÓN SODEPAL FERIA EMPRESARIAL LA PALMA,45000,1105
1218,43944907,OTRAS ACTUACIONES SECTORIALES,OTRAS ACTUACIONES SECTORIALES,APORTACIÓN SODEPAL LA PALMA ES COMERCIO,60000,1106
1223,44012000,TRANSPORTE,ADMINISTRACIÓN GENERAL DEL TRANSPORTE,SUELDOS GRUPO A1,32732,1107
1224,44012003,TRANSPORTE,ADMINISTRACIÓN GENERAL DEL TRANSPORTE,SUELDOS GRUPO C1,21656,1108
1225,44012004,TRANSPORTE,ADMINISTRACIÓN GENERAL DEL TRANSPORTE,SUELDOS GRUPO C2,45492,1109
1226,44012006,TRANSPORTE,ADMINISTRACIÓN GENERAL DEL TRANSPORTE,TRIENIOS,21069,1110
1227,44012100,TRANSPORTE,ADMINISTRACIÓN GENERAL DEL TRANSPORTE,COMPLEMENTO DE DESTINO,64558,1111
1228,44012101,TRANSPORTE,ADMINISTRACIÓN GENERAL DEL TRANSPORTE,COMPLEMENTO ESPECÍFICO,79408,1112
1229,44012103,TRANSPORTE,ADMINISTRACIÓN GENERAL DEL TRANSPORTE,OTROS COMPLEMENTOS,58794,1113
1230,44013000,TRANSPORTE,ADMINISTRACIÓN GENERAL DEL TRANSPORTE,RETRIBUCIONES BÁSICAS PERSONAL LABORAL,15582,1114
1231,44013002,TRANSPORTE,ADMINISTRACIÓN GENERAL DEL TRANSPORTE,OTRAS REMUNERACIONES,22498,1115
1232,44015000,TRANSPORTE,ADMINISTRACIÓN GENERAL DEL TRANSPORTE,PRODUCTIVIDAD,1873,1116
1233,44016000,TRANSPORTE,ADMINISTRACIÓN GENERAL DEL TRANSPORTE,SEGURIDAD SOCIAL,104700,1117
1236,44021600,TRANSPORTE,ADMINISTRACIÓN GENERAL DEL TRANSPORTE,GASTOS INFORMÁTICOS Y MANTENIMIENTO PROGRAMA,61000,1118
1237,44022000,TRANSPORTE,ADMINISTRACIÓN GENERAL DEL TRANSPORTE,MATERIAL DE OFICINA,2000,1119
1238,44022300,TRANSPORTE,ADMINISTRACIÓN GENERAL DEL TRANSPORTE,TRANSPORTES Y MENSAJERÍA,500,1120
1239,44022602,TRANSPORTE,ADMINISTRACIÓN GENERAL DEL TRANSPORTE,PUBLICIDAD Y PROPAGANDA,7000,1121
1240,44022699,TRANSPORTE,ADMINISTRACIÓN GENERAL DEL TRANSPORTE,GASTOS DIVERSOS,18000,1122
1245,44121200,TRANSPORTE,"PROMOCIÓN, MANTENIMIENTO Y DESARROLLO DEL TRANSPORTE",MANTENIMIENTO MARQUESINAS,84000,1123
1246,44121900,TRANSPORTE,"PROMOCIÓN, MANTENIMIENTO Y DESARROLLO DEL TRANSPORTE",CONTRATO PROGRAMA TRANSPORTES SERVICIO REGULAR,338340,1124
1249,44147200,TRANSPORTE,"PROMOCIÓN, MANTENIMIENTO Y DESARROLLO DEL TRANSPORTE",SUBVENCIÓN BONOS TRANSPORTE DE VIAJEROS POR CARRETERA,1650000,1125
1250,44147205,TRANSPORTE,"PROMOCIÓN, MANTENIMIENTO Y DESARROLLO DEL TRANSPORTE",SUBVENCIÓN A LA EXPLOTACIÓN TRANSPORTES INSULAR LA PALMA S. COOP. A CUENTA DEFICITI 2020,354000,1126
1251,44147206,TRANSPORTE,"PROMOCIÓN, MANTENIMIENTO Y DESARROLLO DEL TRANSPORTE",SUBV. TRANSPORTE INSULAR LA PALMA SOC. COOP. A CUENTA DEFICIT 2021,20000,1127
1252,44148900,TRANSPORTE,"PROMOCIÓN, MANTENIMIENTO Y DESARROLLO DEL TRANSPORTE",SUBV. BONOS DE TRANSPORTE PÚBLICO CARRETERA ESTUDIANTES FUERA DE LA ISLA,345000,1128
1255,44162500,TRANSPORTE,"PROMOCIÓN, MANTENIMIENTO Y DESARROLLO DEL TRANSPORTE",MOBILIARIO Y ENSERES,1000,1129
1256,44162600,TRANSPORTE,"PROMOCIÓN, MANTENIMIENTO Y DESARROLLO DEL TRANSPORTE",EQUIPOS PARA PROCESOS DE INFORMACIÓN Y CONTROL,3000,1130
1257,44162700,TRANSPORTE,"PROMOCIÓN, MANTENIMIENTO Y DESARROLLO DEL TRANSPORTE",INVERSIONES TRANSPORTES,500,1131
1262,44262200,TRANSPORTE,INFRAESTRUCTURA DEL TRANSPORTE,"CONSTRUCCIÓN, ADQUISICIÓN DE MARQUESINAS Y ACONDICIONAMIENTO DE PARADAS",10000,1132
1263,44262205,TRANSPORTE,INFRAESTRUCTURA DEL TRANSPORTE,ESTACIÓN DE GUAGUAS SANTA CRUZ DE LA PALMA FDCAN 2021,92799,1133
1268,45012000,INFRAESTRUCTURAS,ADMINISTRACIÓN GENERAL DE INFRAESTRUCTURA,SUELDOS GRUPO A1,65464,1134
1269,45012001,INFRAESTRUCTURAS,ADMINISTRACIÓN GENERAL DE INFRAESTRUCTURA,SUELDOS GRUPO A2,57096,1135
1270,45012003,INFRAESTRUCTURAS,ADMINISTRACIÓN GENERAL DE INFRAESTRUCTURA,SUELDOS GRUPO C1,32484,1136
1271,45012004,INFRAESTRUCTURAS,ADMINISTRACIÓN GENERAL DE INFRAESTRUCTURA,SUELDOS GRUPO C2,36394,1137
1376,49122610,INNOVACION,SOCIEDAD DE LA INFORMACIÓN,CONGRESO ISLAS INTELIGENTES,15000,1138
1292,45241000,INFRAESTRUCTURAS,RECURSO HIDRAULICOS,APORTACIÓN CONSEJO INSULAR DE AGUAS,1332642,1139
1377,49122611,INNOVACION,SOCIEDAD DE LA INFORMACIÓN,LA PALMA LANPARTY - LP,15000,1140
1296,45271000,INFRAESTRUCTURAS,RECURSO HIDRAULICOS,APORTACIÓN CONSEJO INSULAR DE AGUAS,6616377,1141
1378,49122706,INNOVACION,SOCIEDAD DE LA INFORMACIÓN,ESTUDIOS Y TRABAJOS TÉCNICOS,55000,1142
1301,45320300,INFRAESTRUCTURAS,CARRETERAS,ARRENDAMIENTO VEHÍCULOS Y MAQUINARIA,75000,1143
1379,49122709,INNOVACION,SOCIEDAD DE LA INFORMACIÓN,ADECUACIÓN DEL CPD Y EL CENTRO COORDINADOR,10000,1144
1302,45321000,INFRAESTRUCTURAS,CARRETERAS,INFRAESTRUCTURA Y BIENES NATURALES CARRETERAS,20000,1145
1380,49122711,INNOVACION,SOCIEDAD DE LA INFORMACIÓN,PROYECTO LA PALMA SMART ISLAND,695220,1146
1303,45321001,INFRAESTRUCTURAS,CARRETERAS,CONSERVACIÓN RED RECIBIDA,324000,1147
1383,49144900,INNOVACION,SOCIEDAD DE LA INFORMACIÓN,APORTACIÓN SODEPAL PROGRAMA DIVULGACIÓN ASTROFISICA,46500,1148
1304,45321002,INFRAESTRUCTURAS,CARRETERAS,REPARACIÓN INFRAESTR Y BIENES NATURALES DAÑOS VIAS ,1000,1149
1384,49147200,INNOVACION,SOCIEDAD DE LA INFORMACIÓN,SUBV. INSTALACIÓN PUNTOS RECARGA RÁPIDA VEHÍCULOS,90000,1150
1305,45321003,INFRAESTRUCTURAS,CARRETERAS,CONSERVACIÓN TÚNEL LA CUMBRE Y VÍA EXTERIOR LP-20,1800000,1151
1385,49148902,INNOVACION,SOCIEDAD DE LA INFORMACIÓN,PREMIOS OPEN DATA LA PALMA,3000,1152
1306,45321004,INFRAESTRUCTURAS,CARRETERAS,LIMPIEZA Y ACONDICIONAMIENTO RED VIARIA INSULAR,1200000,1153
1388,49162700,INNOVACION,SOCIEDAD DE LA INFORMACIÓN,INVERSIONES TELECOMUNICACIONES: RED TRONCAL Y OTROS,75000,1154
1307,45321300,INFRAESTRUCTURAS,CARRETERAS,"MAQUINARIA, INSTALACIONES Y UTILLAJE",4000,1155
1389,49162701,INNOVACION,SOCIEDAD DE LA INFORMACIÓN,OBRAS E INVERSIONES GIS,42000,1156
1308,45321400,INFRAESTRUCTURAS,CARRETERAS,ELEMENTOS DE TRANSPORTE,20000,1157
1390,49162704,INNOVACION,SOCIEDAD DE LA INFORMACIÓN,EQUIPAMIENTO E INVERSIÓN OFICINAS,30000,1158
1309,45322002,INFRAESTRUCTURAS,CARRETERAS,MATERIAL INFORMÁTICO NO INVENTARIABLE,3000,1159
1391,49162705,INNOVACION,SOCIEDAD DE LA INFORMACIÓN,RED DE SENSORES,20000,1160
1310,45322100,INFRAESTRUCTURAS,CARRETERAS,SUMINISTRO ENERGÍA ELÉCTRICA,400000,1161
1392,49162706,INNOVACION,SOCIEDAD DE LA INFORMACIÓN,INVERSIONES FDCAN 2021 ,145029,1162
1393,49162708,INNOVACION,SOCIEDAD DE LA INFORMACIÓN,INVERSIONES EN EL CPD Y CENTRO COORDINADOR,50000,1163
1394,49164100,INNOVACION,SOCIEDAD DE LA INFORMACIÓN,DESARROLLO APLICACIONES WEB,6000,1164
1395,49164101,INNOVACION,SOCIEDAD DE LA INFORMACIÓN,GASTOS APLICACIONES INFORMÁTICAS,20000,1165
1400,91210000,ORGANOS DE GOBIERNO,ORGANOS DE GOBIERNO,RETRIBUCIONES BÁSICAS ÓRGANOS DE GOBIERNO,796579,1166
1401,91210001,ORGANOS DE GOBIERNO,ORGANOS DE GOBIERNO,OTRAS REMUNERACIONES ASITENC. PLENOS Y COMISIONES,54900,1167
1402,91210100,ORGANOS DE GOBIERNO,ORGANOS DE GOBIERNO,RETRIBUCIONES BÁSICAS PERSONAL DIRECTIVO,28885,1168
1403,91210101,ORGANOS DE GOBIERNO,ORGANOS DE GOBIERNO,RETRIBUCIONES COMPLEMENTARIAS PERSONAL DIRECTIVO,88126,1169
1404,91211000,ORGANOS DE GOBIERNO,ORGANOS DE GOBIERNO,RETRIBUCIONES BÁSICAS PERSONAL EVENTUAL,156061,1170
1405,91211001,ORGANOS DE GOBIERNO,ORGANOS DE GOBIERNO,RETRIBUCIONES COMPLEMENTARIAS PERSONAL EVENTUAL,316179,1171
1406,91216000,ORGANOS DE GOBIERNO,ORGANOS DE GOBIERNO,SEGURIDAD SOCIAL,353039,1172
1409,91222000,ORGANOS DE GOBIERNO,ORGANOS DE GOBIERNO,MATERIAL DE OFICINA ORDINARIO NO INVENTARIABLE,1000,1173
1410,91222001,ORGANOS DE GOBIERNO,ORGANOS DE GOBIERNO,"PRENSA, REVISTAS, LIBROS Y OTRAS PUBLICACIONES",2500,1174
1411,91222002,ORGANOS DE GOBIERNO,ORGANOS DE GOBIERNO,MATERIAL INFORMÁTICO ORDINARIO NO INVENTARIABLE,2000,1175
1412,91222114,ORGANOS DE GOBIERNO,ORGANOS DE GOBIERNO,MEDALLAS Y PINS NUEVA CORPORACIÓN,200,1176
1311,45322101,INFRAESTRUCTURAS,CARRETERAS,SUMINISTRO AGUA,30000,1177
1312,45322103,INFRAESTRUCTURAS,CARRETERAS,COMBUSTIBLES Y CARBURANTES CARRETERAS,65000,1178
1313,45322104,INFRAESTRUCTURAS,CARRETERAS,VESTUARIO CARRETERAS,11000,1179
1314,45322111,INFRAESTRUCTURAS,CARRETERAS,"SUMINISTRO DE RESPUESTOS DE MAQUINARIA,UTILLAJE Y ELEM TRANSPORTE",20000,1180
1315,45322502,INFRAESTRUCTURAS,CARRETERAS,TRIBUTOS LOCALES,5500,1181
1316,45322610,INFRAESTRUCTURAS,CARRETERAS,ENCUESTA DE INFRAESTRUCTURA,10000,1182
1317,45322611,INFRAESTRUCTURAS,CARRETERAS,INDEMNIZACIONES DAÑOS RESPONSABILIDAD PATRIMONIAL,20000,1183
1318,45322699,INFRAESTRUCTURAS,CARRETERAS,OTROS GASTOS DIVERSOS,1000,1184
1319,45322702,INFRAESTRUCTURAS,CARRETERAS,VALORACIONES Y PERITAJES,500,1185
1320,45322706,INFRAESTRUCTURAS,CARRETERAS,ESTUDIOS Y TRABAJOS TÉCNICOS,10000,1186
1321,45322707,INFRAESTRUCTURAS,CARRETERAS,EDUCACIÓN VIAL Y OTROS,1000,1187
1322,45322710,INFRAESTRUCTURAS,CARRETERAS,SAN BERNARDO SAFE BIKE 2020,500,1188
1325,45346201,INFRAESTRUCTURAS,CARRETERAS,PLAN INSULAR DE COOPERACIÓN MUNICIPAL: SERVICIOS ,10000,1189
1328,45361000,INFRAESTRUCTURAS,CARRETERAS,INVERSIONES EN TERRENOS DESTINADOS AL USO GENERAL,2500,1190
1329,45361100,INFRAESTRUCTURAS,CARRETERAS,INVERSIONES  ACONDICIONAMIENTO DE CARRETERAS,100000,1191
1330,45361101,INFRAESTRUCTURAS,CARRETERAS,REDACCIÓN PROYECTOS INVERSIÓN CARRETERAS,85000,1192
1331,45362300,INFRAESTRUCTURAS,CARRETERAS,"MAQUINARIA, INSTALACIONES TÉCNICAS Y UTILLAJE",20000,1193
1332,45362400,INFRAESTRUCTURAS,CARRETERAS,ELEMENTOS TRANSPORTES,10000,1194
1333,45362500,INFRAESTRUCTURAS,CARRETERAS,BIENES MUEBLES INFRAESTRUCTURA,5000,1195
1334,45362600,INFRAESTRUCTURAS,CARRETERAS,EQUIPOS PARA PROCESO DE INFORMACIÓN,2000,1196
1335,45362700,INFRAESTRUCTURAS,CARRETERAS,OTRAS INVERSIONES INFRAESTRUCTURAS,10000,1197
1336,45365000,INFRAESTRUCTURAS,CARRETERAS,GASTOS EN INVERSIONES GESTIONADAS PARA OTROS ENTES PÚBLICOS,10000,1198
1339,45376201,INFRAESTRUCTURAS,CARRETERAS,PLAN INSULAR DE DE COOPERACIÓN EN OBRAS ,10000,1199
1344,45965008,INFRAESTRUCTURAS,OTRAS INFRAESTRUCTURAS,INVERSIONES GESTIONADAS PARA OTROS ENTES PÚBLICOS FDCAN 2021,5791674,1200
1627,92822605,CONTRATACIÓN,CONTRATACIÓN,CONVENIO TRIBUNAL ADMINISTRATIVO CONTRATOS PÚBLICOS,100,1201
1628,92822699,CONTRATACIÓN,CONTRATACIÓN,GASTOS DIVERSOS,1000,1202
1631,92862500,CONTRATACIÓN,CONTRATACIÓN,ADQUISICIÓN MOBILIARIO,1500,1203
1632,92862600,CONTRATACIÓN,CONTRATACIÓN,EQUIPOS PARA PROCESOS DE INFORMACIÓN,3500,1204
1637,92950000,PRESIDENCIA,IMPREVISTOS Y FUNCIONES NO CLASIFICADAS,FONDO DE CONTIGENCIA E IMPREVISTOS,621348,1205
1642,93112000,POLÍTICA ECONÓMICA Y FISCAL,POLÍTICA ECONÓMICA Y FISCAL,SUELDOS GRUPO A1,130928,1206
1643,93112001,POLÍTICA ECONÓMICA Y FISCAL,POLÍTICA ECONÓMICA Y FISCAL,SUELDOS GRUPO A2,42822,1207
1644,93112003,POLÍTICA ECONÓMICA Y FISCAL,POLÍTICA ECONÓMICA Y FISCAL,SUELDOS GRUPO C1,21656,1208
1645,93112004,POLÍTICA ECONÓMICA Y FISCAL,POLÍTICA ECONÓMICA Y FISCAL,SUELDOS GRUPO C2,72787,1209
1646,93112006,POLÍTICA ECONÓMICA Y FISCAL,POLÍTICA ECONÓMICA Y FISCAL,TRIENIOS,55118,1210
1647,93112100,POLÍTICA ECONÓMICA Y FISCAL,POLÍTICA ECONÓMICA Y FISCAL,COMPLEMENTO DE DESTINO,189725,1211
1648,93112101,POLÍTICA ECONÓMICA Y FISCAL,POLÍTICA ECONÓMICA Y FISCAL,COMPLEMENTO ESPECÍFICO,271547,1212
1649,93112103,POLÍTICA ECONÓMICA Y FISCAL,POLÍTICA ECONÓMICA Y FISCAL,OTROS COMPLEMENTOS,160406,1213
1650,93115000,POLÍTICA ECONÓMICA Y FISCAL,POLÍTICA ECONÓMICA Y FISCAL,PRODUCTIVIDAD,3933,1214
1651,93116000,POLÍTICA ECONÓMICA Y FISCAL,POLÍTICA ECONÓMICA Y FISCAL,SEGURIDAD SOCIAL,217517,1215
1654,93122000,POLÍTICA ECONÓMICA Y FISCAL,POLÍTICA ECONÓMICA Y FISCAL,MATERIAL DE OFICINA SERVICIOS ECONÓMICOS,1000,1216
1655,93122001,POLÍTICA ECONÓMICA Y FISCAL,POLÍTICA ECONÓMICA Y FISCAL,"LIBROS, PRENSA, REVISTAS Y OTRAS PUBLICACIONES",380,1217
1656,93122004,POLÍTICA ECONÓMICA Y FISCAL,POLÍTICA ECONÓMICA Y FISCAL,CUOTA ANUAL BASE DE DATOS,8600,1218
1657,93122300,POLÍTICA ECONÓMICA Y FISCAL,POLÍTICA ECONÓMICA Y FISCAL,TRANSPORTES Y MENSAJERÍA,500,1219
1658,93122602,POLÍTICA ECONÓMICA Y FISCAL,POLÍTICA ECONÓMICA Y FISCAL,PUBLICIDAD Y PROPAGANDA SERVICIOS ECONÓMICOS,1733,1220
1659,93122603,POLÍTICA ECONÓMICA Y FISCAL,POLÍTICA ECONÓMICA Y FISCAL,PUBLICACIONES EN DIARIO OFICIALES,750,1221
1660,93122706,POLÍTICA ECONÓMICA Y FISCAL,POLÍTICA ECONÓMICA Y FISCAL,ESTUDIOS Y TRABAJOS TÉCNICOS,15000,1222
1663,93162700,POLÍTICA ECONÓMICA Y FISCAL,POLÍTICA ECONÓMICA Y FISCAL,INVERSIONES SERVICIOS ECONÓMICOS,5000,1223
1668,93312001,PATRIMONIO,GESTIÓN DEL PATRIMONIO,SUELDOS GRUPO A2,14274,1224
1669,93312006,PATRIMONIO,GESTIÓN DEL PATRIMONIO,TRIENIOS ,3109,1225
1670,93312100,PATRIMONIO,GESTIÓN DEL PATRIMONIO,COMPLEMENTO DE DESTINO,10608,1226
1671,93312101,PATRIMONIO,GESTIÓN DEL PATRIMONIO,COMPLEMENTO ESPECÍFICO,16107,1227
1672,93312103,PATRIMONIO,GESTIÓN DEL PATRIMONIO, OTROS COMPLEMENTOS,8017,1228
1673,93313000,PATRIMONIO,GESTIÓN DEL PATRIMONIO, RETRIBUCIONES BÁSICAS PERSONAL LABORAL FIJO,82385,1229
1674,93313002,PATRIMONIO,GESTIÓN DEL PATRIMONIO, OTRAS REMUNERACIONES PERSONAL LABORAL FIJO,119010,1230
1675,93315000,PATRIMONIO,GESTIÓN DEL PATRIMONIO,PRODUCTIVIDAD,1873,1231
1676,93316000,PATRIMONIO,GESTIÓN DEL PATRIMONIO,SEGURIDAD SOCIAL,87136,1232
1679,93320200,PATRIMONIO,GESTIÓN DEL PATRIMONIO,ARRENDAMIENTOS EDIFICIOS Y OTRAS CONSTRUCCIONES,60000,1233
1680,93321200,PATRIMONIO,GESTIÓN DEL PATRIMONIO,MANTENIMIENTO Y REPARACIÓN EDIFICIOS,80283,1234
1681,93321201,PATRIMONIO,GESTIÓN DEL PATRIMONIO,CONSERVACIÓN EDIFICIOS INSULARES PINTURA,82000,1235
1682,93321300,PATRIMONIO,GESTIÓN DEL PATRIMONIO,MANTENIMIENTO ASCENSORES EDIFICIOS,85000,1236
1683,93321301,PATRIMONIO,GESTIÓN DEL PATRIMONIO,"MAQUINARIA, INSTALACIONES Y UTILLAJE",850,1237
1684,93321302,PATRIMONIO,GESTIÓN DEL PATRIMONIO,MANTENIMIENTO EQUIPOS AIRES ACONDICIONADOS,100000,1238
1685,93321303,PATRIMONIO,GESTIÓN DEL PATRIMONIO,MANTENIMIENTO ESTACIONES TRANSFORMADORAS,15000,1239
1686,93321400,PATRIMONIO,GESTIÓN DEL PATRIMONIO,MANTENIMIENTO Y REPARACIÓN DE VEHÍCULOS (ITV),6000,1240
1687,93322100,PATRIMONIO,GESTIÓN DEL PATRIMONIO,SUMINISTRO LUZ EDIFICIOS,550000,1241
1688,93322101,PATRIMONIO,GESTIÓN DEL PATRIMONIO,SUMINISTRO AGUA EDIFICIOS,105000,1242
1689,93322104,PATRIMONIO,GESTIÓN DEL PATRIMONIO,VESTUARIO PERSONAL EDIFICIOS,2000,1243
1690,93322502,PATRIMONIO,GESTIÓN DEL PATRIMONIO,TRIBUTOS ENTIDADES LOCALES,250000,1244
1691,93322600,PATRIMONIO,GESTIÓN DEL PATRIMONIO,GASTOS DIVERSOS,2463,1245
1692,93322700,PATRIMONIO,GESTIÓN DEL PATRIMONIO,SERVICIO LIMPIEZA EDIFICIOS,700000,1246
1693,93322706,PATRIMONIO,GESTIÓN DEL PATRIMONIO,ESTUDIOS Y TRABAJOS TÉCNICOS,10000,1247
1694,93322707,PATRIMONIO,GESTIÓN DEL PATRIMONIO,ESTUDIO Y LEGALIZACIÓN EDIFICIOS,5000,1248
1695,93322709,PATRIMONIO,GESTIÓN DEL PATRIMONIO,REDACCIÓN PLANES DE AUTOPROTECCIÓN,10000,1249
1698,93362200,PATRIMONIO,GESTIÓN DEL PATRIMONIO,INVERSIONES EDIFICIOS Y OTRAS CONSTRUCCIONES,212000,1250
1699,93362201,PATRIMONIO,GESTIÓN DEL PATRIMONIO,REDACCIÓN DE PROYECTOS INVERSIÓN EDIFICIOS,25000,1251
1700,93362300,PATRIMONIO,GESTIÓN DEL PATRIMONIO,"MAQUINARIA, INSTALACIONES TÉCNICAS Y UTILLAJES",8000,1252
1701,93362500,PATRIMONIO,GESTIÓN DEL PATRIMONIO,MOBILIARIO Y ENSERES,15000,1253
1702,93362700,PATRIMONIO,GESTIÓN DEL PATRIMONIO,REDACCIÓN DE PROYECTOS DE ACCESIBILIDAD A EDIFICIOS PÚBLICOS,10000,1254
1703,93362900,PATRIMONIO,GESTIÓN DEL PATRIMONIO,SEÑALIZACIÓN Y OTRAS ACTUACIONES SEGURIDAD EDIFICIOS,2000,1255
1704,93362901,PATRIMONIO,GESTIÓN DEL PATRIMONIO,INSTALACIONES ALARMAS DIFERENTES EDIFICIOS Y ALMACENES,5000,1256
1709,93422610,GESTIÓN DE LA DEUDA Y TESORERÍA,GESTIÓN DE LA DEUDA Y TESORERÍA,IMPLANTACIÓN MODELO GESTIÓN RECAUDATORIA,30000,1257
1710,93422708,GESTIÓN DE LA DEUDA Y TESORERÍA,GESTIÓN DE LA DEUDA Y TESORERÍA,OFICINA AUX. RECAUDACIÓN,96950,1258
1711,93422710,GESTIÓN DE LA DEUDA Y TESORERÍA,GESTIÓN DE LA DEUDA Y TESORERÍA,ESTUDIO GESTIÓN RECAUDACIÓN,2500,1259
1714,93435900,GESTIÓN DE LA DEUDA Y TESORERÍA,GESTIÓN DE LA DEUDA Y TESORERÍA,INTERESES SERVICIOS ECONÓMICOS,135000,1260
1719,94322605,TRANSFERENCIAS OTRAS EELL,TRANSFERENCIAS OTRAS EELL,CUOTAS FEMP,5000,1261
1720,94322608,TRANSFERENCIAS OTRAS EELL,TRANSFERENCIAS OTRAS EELL,CUOTAS FECAI,5000,1262
1723,94346700,TRANSFERENCIAS OTRAS EELL,TRANSFERENCIAS OTRAS EELL,CONSORCIO INSULAR DE SERVICIOS,292357,1263
1724,94348900,TRANSFERENCIAS OTRAS EELL,TRANSFERENCIAS OTRAS EELL,APORTACIONES FUNDACIÓN CANARIA RESERVA DE LA BIOSFERA,319751,1264
