X,Y,FID,OBJECTID_1,OBJECTID_2,Objectid,Titular,Cod_post,Telefono,Clave_far,Cod_nuc,Nucleo,Pop_nuc,Cod_es,Ent_sing,Pop_ent,Cod_mun,Municipio,Provincia,Zf,Area_salud,Horario,Cod_area,Gerencia,Cod_distri,Cod_zbs,X_utm,Y_utm,Posicion,Y_wgs84,X_wgs84,Domicilio
-5.01890397506736,39.7598550044134,1,2461,1158,906,MODESTA MARIA JOSE RODRIGUEZ FERNANDEZ,45661,925858579,TO-206-F,45009000101,ALDEANUEVA DE BARBARROYA,482,450090001,ALDEANUEVA DE BARBARROYA,482,45009,ALDEANUEVA DE BARBARROYA,TOLEDO,BELVIS DE LA JARA,TALAVERA DE LA REINA, ,6,TALAVERA,6-02,670,"327058,2007","4403053,2013","39.7598550053412, -5.01890397506736",39.7598550053412,-5.01890397506736,"C/ JOSE DIAZ DEL PINO, 8"
-5.11222100013521,39.6366389768345,2,2462,1159,907,PILAR GOMEZ BERMEJO,45575,925441083,TO-201-F,45010000101,ALDEANUEVA DE SAN BARTOLOME,416,450100001,ALDEANUEVA DE SAN BARTOLOME,416,45010,ALDEANUEVA DE SAN BARTOLOMÉ,TOLEDO,ALDEANUEVA DE SAN BARTOLOME,TALAVERA DE LA REINA, ,6,TALAVERA,6-02,655,"318741,6978","4389560,8176","39.6366389777616, -5.11222100013521",39.6366389777616,-5.11222100013521,"CALLE ARROYUELO, 5"
-4.73955554743881,40.1850347816039,3,2463,1160,908,VANESA LUENGO SORIA,45631,925879655,TO-234-F,45011000101,ALMENDRAL DE LA CAÑADA,322,450110001,ALMENDRAL DE LA CAÑADA,322,45011,ALMENDRAL DE LA CAÑADA,TOLEDO,NAVAMORCUENDE,TALAVERA DE LA REINA, ,6,TALAVERA,6-01,755,"351909,777","4449745,4349","40.1850347825341, -4.73955554743881",40.1850347825341,-4.73955554743881,"CALLE CANTARRANAS, 26"
-3.85361802636182,39.7544959712365,4,2464,1161,909,MONICA GUERRERO ALONSO,45420,925314076,TO-162-F,45012000101,ALMONACID DE TOLEDO,885,450120001,ALMONACID DE TOLEDO,885,45012,ALMONACID DE TOLEDO,TOLEDO,MORA,TOLEDO, ,7,TOLEDO,7-01,735,"426874,6489","4400857,6182","39.7544959721642, -3.85361802636182",39.7544959721642,-3.85361802636182,"CALLE MOLINOS, 40 - A"
-4.39067298449404,40.2328140000595,5,2465,1162,910,VALENTIN MUÑOZ GOMEZ,45900,918623181,TO-005-F,45013000101,ALMOROX,2113,450130001,ALMOROX,2113,45013,ALMOROX,TOLEDO,ESCALONA,TOLEDO, ,7,TOLEDO,7-06,705,"381694,7527","4454525,2543","40.23281400099, -4.39067298449404",40.23281400099,-4.39067298449404,"CALLE FELIPE VAZQUEZ, 5"
-4.11711897218653,40.0559300171164,6,2466,1163,911,ARMANDO GARCIA RODREGUEZ,45182,925359062,TO-230-F,45015000101,ARCICOLLAR,1004,450150001,ARCICOLLAR,1004,45015,ARCICÓLLAR,TOLEDO,CAMARENA,TOLEDO, ,7,TOLEDO,7-03,680,"404719,8546","4434562,7276","40.0559300180459, -4.11711897218653",40.0559300180459,-4.11711897218653,"CALLE JOSE ANTONIO, 21"
-4.05726603925113,39.8062219808686,7,2467,1164,912,MARTA GONZÁLEZ ANGULO,45122,925376148,TO-021-F,45016000101,ARGES,6453,450160001,ARGES,6453,45016,ARGÉS,TOLEDO,POLAN,TOLEDO, ,7,TOLEDO,7-04,775,"409496,565","4406784,7217","39.8062219817967, -4.05726603925113",39.8062219817967,-4.05726603925113,"PLAZA CONSTITUCION, 10"
-5.12828596542836,39.7852859936434,8,2468,1165,913,ANGELINA GOMEZ OLMEDO,45571,925436748,TO-257-F,45017000101,AZUTAN,296,450170001,AZUTAN,296,45017,AZUTÁN,TOLEDO,"PUENTE DEL ARZOBISPO,EL",TALAVERA DE LA REINA, ,6,TALAVERA,6-02,790,"317754,7444","4406093,0325","39.7852859945713, -5.12828596542836",39.7852859945713,-5.12828596542836,"CALLE SOL, 38"
-4.23594301061234,39.9829650428409,9,2469,1166,914,ELISA CRESPO VELASCO,45525,925762123,TO-279-F,45018000101,BARCIENCE,1003,450180001,BARCIENCE,1003,45018,BARCIENCE,TOLEDO,TORRIJOS,TOLEDO, ,7,TOLEDO,7-06,855,"394472,6202","4426597,9188","39.98296504377, -4.23594301061234",39.98296504377,-4.23594301061234,"CALLE LAS PALOMAS, 3"
-4.019919025001,39.9390749884403,10,2470,1167,915,RUTH AGUADO GUADALIX,45593, ,TO-327-F,45019000101,BARGAS,8257,450190001,BARGAS,8257,45019,BARGAS,TOLEDO,BARGAS,TOLEDO, ,7,TOLEDO,7-04,665,"412861,8755","4421493,0979","39.9390749893692, -4.019919025001",39.9390749893692,-4.019919025001,"CALLE AGUA, 21"
-4.0239209931357,39.9207520305448,11,2471,1168,916,CARLOS BARCINA MARTIN,45593,925357202,TO-271-F,45019000301,PERDICES (LAS),1241,450190003,PERDICES (LAS),1241,45019,BARGAS,TOLEDO,BARGAS,TOLEDO, ,7,TOLEDO,7-04,665,"412496,6258","4419463,311","39.9207520314735, -4.0239209931357",39.9207520314735,-4.0239209931357,CALLE TRIGAL (URB. LAS PERDICE
-4.02628699021851,39.9413139791436,12,2472,1169,917,SONSOLES FLORES SAINZ,45593, ,TO-347-F,45019000101,BARGAS,8257,450190001,BARGAS,8257,45019,BARGAS,TOLEDO,BARGAS,TOLEDO, ,7,TOLEDO,7-04,665,"412320,6677","4421747,846","39.9413139800724, -4.02628699021851",39.9413139800724,-4.02628699021851,"CALLE PARDO, 3"
-4.02023601413799,39.9400070290082,13,2473,1170,918,FRANCISCO ZARAGOZA ARNAEZ,45593,925457021,TO-007-F,45019000101,BARGAS,8257,450190001,BARGAS,8257,45019,BARGAS,TOLEDO,BARGAS,TOLEDO, ,7,TOLEDO,7-04,665,"412835,9753","4421596,8567","39.940007029937, -4.02023601413799",39.940007029937,-4.02023601413799,"CALLE SANTIAGO DE LA FUENTE, 10"
-4.94885100880025,39.7590949617785,14,2474,1171,919,FRANCISCO JAVIER DEL CERRO CABELLO,45660,925858994,TO-009-F,45020000101,BELVIS DE LA JARA,1497,450200001,BELVIS DE LA JARA,1497,45020,BELVÍS DE LA JARA,TOLEDO,BELVIS DE LA JARA,TALAVERA DE LA REINA, ,6,TALAVERA,6-02,670,"333057,6214","4402835,8855","39.7590949627063, -4.94885100880025",39.7590949627063,-4.94885100880025,"CALLE IGLESIA, 8"
-5.1086930130341,39.7902309913408,15,2475,1172,920,CONSUELO MATEO ORTEGA,45571, ,TO-297-F,45007000301,BERCIAL (EL),336,450070003,BERCIAL (EL),336,45007,ALCOLEA DE TAJO,TOLEDO,"PUENTE DEL ARZOBISPO,EL",TALAVERA DE LA REINA, ,6,TALAVERA,6-02,790,"319445,563","4406602,2089","39.7902309922687, -5.1086930130341",39.7902309922687,-5.1086930130341,"PLAZA ESPAÑA, 4"
-3.74020495216599,40.0702199683017,16,2476,1173,921,ANGEL HERMIDA GARCIA,45222,925528158,TO-010-F,45021000101,BOROX,3757,450210001,BOROX,3757,45021,BOROX,TOLEDO,ESQUIVIAS,TOLEDO, ,7,TOLEDO,7-03,710,"436880,7913","4435813,463","40.0702199692313, -3.74020495216599",40.0702199692313,-3.74020495216599,"CALLE JULIAN RINCON, 4"
-2.16108501058024,39.2053399787991,17,1658,371,251,JOAQUIN CABOT LLEDO,02630, ,AB-219-F,02069000101,RODA (LA),15488,020690001,RODA (LA),15488,02069,LA RODA,ALBACETE,"RODA,LA",ALBACETE, ,1,ALBACETE,1-07,115,"572433,2114","4339898,9861","39.2053399797234, -2.16108501058024",39.2053399797234,-2.16108501058024,"CALLE CID, 5"
-4.94830601984188,39.6430720067515,18,2477,1174,922,MARTA GIL GIL,45673, ,TO-314-F,45162000101,BUENASBODAS,256,451620001,BUENASBODAS,256,45162,SEVILLEJA DE LA JARA,TOLEDO,"NAVA DE RICOMALILLO,LA",TALAVERA DE LA REINA, ,6,TALAVERA,6-02,740,"332824,4701","4389956,737","39.6430720076786, -4.94830601984188",39.6430720076786,-4.94830601984188,"CALLE REAL, 16"
-4.06522700257875,39.3153950251951,19,2060,733,548,ELVIRA RIVERA COLL,13427,926808065,CR-196-F,13036000201,CORTIJOS DE ARRIBA,448,130360002,CORTIJOS DE ARRIBA,448,13036,CORTIJOS (LOS),CIUDAD REAL,MALAGON,CIUDAD REAL, ,3,CIUDAD REAL,3-01,250,"408169,9736","4352318,1482","39.3153950261201, -4.06522700257875",39.3153950261201,-4.06522700257875,"EMPERADOR CARLOS V, 28"
-4.84960404371686,40.1741000432579,20,2478,1175,923,MARÍA JOSÉ RESINO TINOCO,45634,925875117,TO-056-F,45022000101,BUENAVENTURA,383,450220001,BUENAVENTURA,383,45022,BUENAVENTURA,TOLEDO,NAVAMORCUENDE,TALAVERA DE LA REINA, ,6,TALAVERA,6-01,755,"342515,4069","4448721,0557","40.174100044188, -4.84960404371686",40.174100044188,-4.84960404371686,"CALLE ELVIRO MESEGUER, 2"
-3.99063103915697,39.7964409863382,21,2479,1176,924,CARMEN ARROYO GARCIA-VERDUGO,45112,925393062,TO-125-F,45023000101,BURGUILLOS DE TOLEDO,3473,450230001,BURGUILLOS DE TOLEDO,3473,45023,BURGUILLOS DE TOLEDO,TOLEDO,TOLEDO,TOLEDO, ,7,TOLEDO,7-04,850,"415188,7043","4405633,866","39.7964409872662, -3.99063103915697",39.7964409872662,-3.99063103915697,"CALLE LOBO, 8"
-4.29923671760526,39.9027379548562,22,2480,1177,925,IGNACIO CASTRO PLAZA,45521,925284374,TO-204-F,45024000101,BURUJON,1304,450240001,BURUJON,1304,45024,BURUJÓN,TOLEDO,"PUEBLA DE MONTALBAN,LA",TOLEDO, ,7,TOLEDO,7-06,780,"388938,6507","4417770,0166","39.9027379557848, -4.29923671760526",39.9027379557848,-4.29923671760526,"CALLE RAMON Y CAJAL, 20"
-3.94671298305056,40.006107042453,23,2481,1178,926,"OLIVA OBEO, MARTA",45592,925355001,TO-205-F,45025000101,CABAÑAS DE LA SAGRA,2041,450250001,CABAÑAS DE LA SAGRA,2041,45025,CABAÑAS DE LA SAGRA,TOLEDO,VILLALUENGA DE LA SAGRA,TOLEDO, ,7,TOLEDO,7-03,875,"419195,4178","4428864,2275","40.0061070433822, -3.94671298305056",40.0061070433822,-3.94671298305056,"RONDA DE LA IGLESIA, 2"
-3.53664696433944,39.8889539627918,24,2482,1179,927,CRISTINA ESCUDERO ZAPATA,45312,925122101,TO-256-F,45026000101,CABAÑAS DE YEPES,304,450260001,CABAÑAS DE YEPES,304,45026,CABAÑAS DE YEPES,TOLEDO,OCAÑA,TOLEDO, ,7,TOLEDO,7-02,765,"454117,7393","4415570,1135","39.8889539637204, -3.53664696433944",39.8889539637204,-3.53664696433944,"CALLE ANGOSTILLA, 8"
-3.1018689533082,39.8164999764434,25,2483,1180,928,ISIDORO ORTIZ ALMAGRO,45890,925191005,TO-015-F,45027000101,CABEZAMESADA,319,450270001,CABEZAMESADA,319,45027,CABEZAMESADA,TOLEDO,CORRAL DE ALMAGUER,TOLEDO, ,7,TOLEDO,7-02,700,"491281,2648","4407395,7973","39.8164999773715, -3.1018689533082",39.8164999773715,-3.1018689533082,"PLAZA DEL AYUNTAMIENTO, 10"
-4.97919297336502,39.8811770023314,26,2484,1181,929,RICARDO DE LA VEGA CASALES,45595,925846212,TO-013-F,45028000201,CALERA Y CHOZAS,2999,450280002,CALERA Y CHOZAS,2999,45028,CALERA Y CHOZAS,TOLEDO,VELADA,TALAVERA DE LA REINA, ,6,TALAVERA,6-01,827,"330758,1605","4416443,8556","39.8811770032599, -4.97919297336502",39.8811770032599,-4.97919297336502,"PLAZA DE LOS MARTIRES, 13"
-4.97773696077402,39.8836760332765,27,2485,1182,930,Mª TERESA SANCHEZ RUIZ,45686,925846053,TO-012-F,45028000201,CALERA Y CHOZAS,2999,450280002,CALERA Y CHOZAS,2999,45028,CALERA Y CHOZAS,TOLEDO,VELADA,TALAVERA DE LA REINA, ,6,TALAVERA,6-01,827,"330888,8159","4416718,4897","39.883676034205, -4.97773696077402",39.883676034205,-4.97773696077402,"AVENIDA BENITO ALCALDE, 42"
-5.25503898853827,39.876190002098,28,2486,1183,931,ROCIO TARANGO MONTES,45589,925435306,TO-138-F,45029000101,CALERUELA,202,450290001,CALERUELA,202,45029,CALERUELA,TOLEDO,OROPESA,TALAVERA DE LA REINA, ,6,TALAVERA,6-01,770,"307154,39","4416449,4445","39.8761900030265, -5.25503898853827",39.8761900030265,-5.25503898853827,"CALLE ERAS, 18"
-5.28021397929622,39.8978820117275,29,2487,1184,932,Mª EVANGELINA FERNÁNDEZ MONTES,45580,925435186,TO-014-F,45030000101,CALZADA DE OROPESA (LA),510,450300001,CALZADA DE OROPESA (LA),510,45030,CALZADA DE OROPESA,TOLEDO,OROPESA,TALAVERA DE LA REINA, ,6,TALAVERA,6-01,770,"305062,7656","4418912,0032","39.8978820126561, -5.28021397929623",39.8978820126561,-5.28021397929623,"CALLE RAMON Y CAJAL, 64"
-4.11866501766702,40.0917420246417,30,2488,1185,933,ANA BELEN ESTEBAN RODRIGUEZ,45180,918174029,TO-016-F,45031000101,CAMARENA,3506,450310001,CAMARENA,3506,45031,CAMARENA,TOLEDO,CAMARENA,TOLEDO, ,7,TOLEDO,7-03,680,"404637,9569","4438539,3482","40.0917420255713, -4.11866501766702",40.0917420255713,-4.11866501766702,"CALLE REAL, 32 - BAJO"
-4.07404697453399,40.0181149850749,31,2489,1186,934,PILAR PANTOJA MARTIN,45181,925359161,TO-224-F,45032000101,CAMARENILLA,610,450320001,CAMARENILLA,610,45032,CAMARENILLA,TOLEDO,CAMARENA,TOLEDO, ,7,TOLEDO,7-03,680,"408342,9632","4430320,2611","40.0181149860042, -4.074046974534",40.0181149860042,-4.074046974534,"CALLE REAL, 16"
-5.05570895177674,39.5898439921242,32,2490,1187,935,BEGOÑA GARCIA BARBA,45578,925441269,TO-236-F,45033000101,CAMPILLO DE LA JARA (EL),336,450330001,CAMPILLO DE LA JARA (EL),336,45033,EL CAMPILLO DE LA JARA,TOLEDO,ALDEANUEVA DE SAN BARTOLOME,TALAVERA DE LA REINA, ,6,TALAVERA,6-02,655,"323472,7509","4384254,1677","39.589843993051, -5.05570895177674",39.589843993051,-5.05570895177674,"CALLE GRANADOS, 3"
-4.65554800074884,40.0649819899443,33,2491,1188,937,"ASENJO NICOLAS, Mª ISABEL",45642,925862321,TO-280-F,45035000101,CARDIEL DE LOS MONTES,181,450350001,CARDIEL DE LOS MONTES,394,45035,CARDIEL DE LOS MONTES,TOLEDO,CASTILLO DE BAYUELA,TALAVERA DE LA REINA, ,6,TALAVERA,6-03,685,"358813,5573","4436282,7375","40.0649819908738, -4.65554800074885",40.0649819908738,-4.65554800074885,"CALLE LAS ERAS, 12"
-4.4008709661067,39.9576159674608,34,2492,1189,938,BEGOÑA BENITO LOARCE,45531,925742184,TO-018-F,45036000101,CARMENA,777,450360001,CARMENA,777,45036,CARMENA,TOLEDO,TORRIJOS,TOLEDO, ,7,TOLEDO,7-06,855,"380346,0624","4423992,5391","39.9576159683898, -4.4008709661067",39.9576159683898,-4.4008709661067,"CALLE MESONES, 8"
-4.45737596404955,39.8880760281433,35,2493,1190,939,FRANCISCO DE SALES MARTÍN-SACRISTÁN NÚÑEZ,45533,925757402,TO-019-F,45037000101,CARPIO DE TAJO (EL),1826,450370001,CARPIO DE TAJO (EL),1826,45037,EL CARPIO DE TAJO,TOLEDO,"PUEBLA DE MONTALBAN,LA",TOLEDO, ,7,TOLEDO,7-06,780,"375393,5424","4416351,2745","39.8880760290719, -4.45737596404955",39.8880760290719,-4.45737596404955,"CALLE MESONES, 28"
-3.89860199769497,40.1699330024192,36,2494,1191,940,JESUS MORCUENDE TIMON Y ELISABETE GARCIA GARCIA,45216,925544268,TO-188-F,45038000101,CARRANQUE,4822,450380001,CARRANQUE,4822,45038,CARRANQUE,TOLEDO,ILLESCAS,TOLEDO, ,7,TOLEDO,7-03,720,"423485,5492","4447005,4549","40.1699330033493, -3.89860199769497",40.1699330033493,-3.89860199769497,"PLAZA DE LAS HERAS, 8"
-4.52365395994162,40.0461349874878,37,2496,1193,942,VALENTÍN DURÁN LÓPEZ,45542,925864333,TO-022-F,45040000101,CASAR DE ESCALONA (EL),1167,450400001,CASAR DE ESCALONA (EL),1167,45040,EL CASAR DE ESCALONA,TOLEDO,SANTA OLALLA,TALAVERA DE LA REINA, ,6,TALAVERA,6-03,805,"370026,2563","4433989,8342","40.0461349884173, -4.52365395994162",40.0461349884173,-4.52365395994162,"CALLE JOSE ANTONIO, 6"
-4.06698201918946,40.2471409572521,38,2497,1194,943,MARCELIANO LOPEZ MONTERO,45542,918132183,TO-276-F,45041000201,CALYPO FADO,2250,450410002,CALYPO FADO,2250,45041,CASARRUBIOS DEL MONTE,TOLEDO,VALMOJADO,TOLEDO, ,7,TOLEDO,7-03,860,"409251,0533","4455733,9982","40.2471409581826, -4.06698201918946",40.2471409581826,-4.06698201918946,"CALLE ALMERIA,845; UR. CALYPO"
-4.0371639847832,40.1844029678975,39,2498,1195,944,NATALIA FERNÁNDEZ BERMEJO,45950,918172036,TO-024-F,45041000101,CASARRUBIOS DEL MONTE,4024,450410001,CASARRUBIOS DEL MONTE,4191,45041,CASARRUBIOS DEL MONTE,TOLEDO,VALMOJADO,TOLEDO, ,7,TOLEDO,7-03,860,"411705,7834","4448740,1518","40.1844029688277, -4.0371639847832",40.1844029688277,-4.0371639847832,"CALLE AMARGURA, 2"
-4.126043970306,39.7607779613764,40,2499,1196,945,Mª SAGRARIO GONZALEZ MAYO,45124,925370694,TO-260-F,45042000101,CASASBUENAS,188,450420001,CASASBUENAS,188,45042,CASASBUENAS,TOLEDO,POLAN,TOLEDO, ,7,TOLEDO,7-05,775,"403545,5062","4401812,7138","39.7607779623042, -4.126043970306",39.7607779623042,-4.126043970306,"CALLE ESTANCO, 4"
-4.68546397636451,40.1010789867523,41,2500,1197,946,REBECA PALMERO AMOR,45641,925862045,TO-025-F,45043000101,CASTILLO DE BAYUELA,895,450430001,CASTILLO DE BAYUELA,895,45043,CASTILLO DE BAYUELA,TOLEDO,CASTILLO DE BAYUELA,TALAVERA DE LA REINA, ,6,TALAVERA,6-03,685,"356338,0888","4440337,4022","40.1010789876821, -4.68546397636451",40.1010789876821,-4.68546397636451,"PLAZA CONSTITUCION, S/N"
-4.67629399797715,40.0106039553889,42,2501,1198,947,Mª DEL SOL DE MIGUEL RODRIGUEZ,45553,925869075,TO-186-F,45045000101,CAZALEGAS,1927,450450001,CAZALEGAS,1927,45045,CAZALEGAS,TOLEDO,TALAVERA,TALAVERA DE LA REINA, ,6,TALAVERA,6-01,818,"356930,6022","4430279,9393","40.0106039563182, -4.67629399797716",40.0106039563182,-4.67629399797716,"CALLE MAYOR, 5"
-4.56951299948147,39.9474370379986,43,2502,1199,948,ESTHER MARIA SANCHEZ SANCHEZ,45550,925866038,TO-026-F,45046000101,CEBOLLA,3201,450460001,CEBOLLA,3201,45046,CEBOLLA,TOLEDO,CEBOLLA,TALAVERA DE LA REINA, ,6,TALAVERA,6-03,690,"365921,1947","4423102,5703","39.9474370389275, -4.56951299948147",39.9474370389275,-4.56951299948147,"CALLE REAL, 19"
-3.92537304502847,40.114596023534,44,2503,1200,949,ELENA GUTIÉRREZ MARTÍN,45214,925508024,TO-027-F,45047000101,CEDILLO DEL CONDADO,3812,450470001,CEDILLO DEL CONDADO,3812,45047,CEDILLO DEL CONDADO,TOLEDO,ILLESCAS,TOLEDO, ,7,TOLEDO,7-03,720,"421142,0472","4440886,7104","40.1145960244638, -3.92537304502847",40.1145960244638,-3.92537304502847,"CALLE NACIONAL, 18"
-4.56896796702565,39.9838060408174,45,2504,1201,950,ANTONIA POYATOS DIAZ,45552,925872020,TO-232-F,45048000101,CERRALBOS (LOS),397,450480001,CERRALBOS (LOS),397,45048,LOS CERRALBOS,TOLEDO,CEBOLLA,TALAVERA DE LA REINA, ,6,TALAVERA,6-03,690,"366038,7804","4427138,5987","39.9838060417465, -4.56896796702565",39.9838060417465,-4.56896796702565,"PLAZA CONSTITUCION, 11, S/N"
-4.81198096181074,40.0514900422361,46,2505,1202,951,ANDRES GARCIA DIAZ,45637,925875572,TO-239-F,45049000101,CERVERA DE LOS MONTES,508,450490001,CERVERA DE LOS MONTES,508,45049,CERVERA DE LOS MONTES,TOLEDO,TALAVERA,TALAVERA DE LA REINA, ,6,TALAVERA,6-01,820,"345441,6014","4435045,0494","40.0514900431656, -4.81198096181074",40.0514900431656,-4.81198096181074,"CALLE ERAS, 7"
-4.04388699559153,40.0998680247139,47,2506,1203,952,MANUEL LATORRE GARCIA,45960,918176048,TO-203-F,45056000101,CHOZAS DE CANALES,4496,450560001,CHOZAS DE CANALES,4496,45056,CHOZAS DE CANALES,TOLEDO,CAMARENA,TOLEDO, ,7,TOLEDO,7-03,680,"411023,2171","4439363,8103","40.0998680256437, -4.04388699559153",40.0998680256437,-4.04388699559153,"PLAZA ROCANALES, 5"
-3.94716202515649,39.7307529715177,48,2507,1204,953,Mª CARMEN MARTIN AGUADO,45113,925390523,TO-275-F,45057000101,CHUECA,249,450570001,CHUECA,249,45057,CHUECA,TOLEDO,SONSECA,TOLEDO, ,7,TOLEDO,7-01,810,"418833,2026","4398302,9682","39.7307529724453, -3.94716202515649",39.7307529724453,-3.94716202515649,"CALLE AZUCENA, 6"
-3.61354196281111,39.9389209577525,49,2508,1205,954,MOISES FERNANDEZ-ROLDAN GONZALEZ,45314,925154906,TO-246-F,45050000101,CIRUELOS,630,450500001,CIRUELOS,630,45050,CIRUELOS,TOLEDO,YEPES,TOLEDO, ,7,TOLEDO,7-02,890,"447581,4317","4421158,256","39.9389209586813, -3.61354196281111",39.9389209586813,-3.61354196281111,"PLAZA DEL SOL, 1"
-3.85835318688703,40.0228390714989,50,2509,1206,955,HELENA MONTERO REDONDO,45291,925551258,TO-193-F,45051000101,COBEJA,2482,450510001,COBEJA,2482,45051,COBEJA,TOLEDO,VILLALUENGA DE LA SAGRA,TOLEDO, ,7,TOLEDO,7-03,875,"426755,1663","4430644,9806","40.0228390724282, -3.85835318688703",40.0228390724282,-3.85835318688703,"PLAZA DE LA CONSTITUCION, 10"
-4.02447503964277,39.8043129694216,51,2510,1207,956,OLVIDO DE GRACIA VALERO,45111,925376249,TO-255-F,45052000101,COBISA,1520,450520001,COBISA,3548,45052,COBISA,TOLEDO,TOLEDO,TOLEDO, ,7,TOLEDO,7-04,850,"412301,1498","4406540,1915","39.8043129703497, -4.02447503964277",39.8043129703497,-4.02447503964277,"CALLE CASTILLA LA MANCHA, 17"
-3.07212698037474,38.6586519617093,52,2061,734,549,ALFONSO MARTIN   PARTEARROYO,13345,926365029,CR-222-F,13037000101,COZAR,913,130370001,COZAR,913,13037,CÓZAR,CIUDAD REAL,VILLANUEVA DE LOS INFANTES,CIUDAD REAL, ,3,VALDEPEÑAS,3-03,330,"493724,5002","4278900,4022","38.6586519626298, -3.07212698037474",38.6586519626298,-3.07212698037474,"CASTILLA LA MANCHA, 19"
-3.90245300654471,39.1239740123075,53,2062,735,550,EVA LABRADO BERMUDEZ,13140,926809260,CR-066-F,13040000101,FERNAN CABALLERO,977,130400001,FERNAN CABALLERO,977,13040,FERNÁN CABALLERO,CIUDAD REAL,MALAGON,CIUDAD REAL, ,3,CIUDAD REAL,3-01,250,"421990,8992","4330921,9334","39.1239740132312, -3.90245300654472",39.1239740132312,-3.90245300654472,"CALLE MACARIO DORADO, 15"
-4.51610300651476,39.2187309882847,54,2063,736,551,YOLANDA GONZALEZ HIDALGO,13193,926771085,CR-212-F,13041000101,FONTANAREJO,246,130410001,FONTANAREJO,246,13041,FONTANAREJO,CIUDAD REAL,ALCOBA DE LOS MONTES,CIUDAD REAL, ,3,CIUDAD REAL,3-02,165,"369120,0463","4342144,859","39.2187309892091, -4.51610300651476",39.2187309892091,-4.51610300651476,"EMPEDRADA, 25"
-4.30577702992061,38.405840014373,55,2064,737,552,JULIO MUÑOZ MUÑOZ,13130,926470010,CR-067-F,13042000101,FUENCALIENTE,1011,130420001,FUENCALIENTE,1011,13042,FUENCALIENTE,CIUDAD REAL,FUENCALIENTE,PUERTOLLANO, ,8,PUERTOLLANO,8-01,240,"385988,6689","4251652,5284","38.4058400152917, -4.30577702992061",38.4058400152917,-4.30577702992061,"PLAZA PORTALES, 11"
-2.95962802223646,38.7549680218669,56,2065,738,553,Mª LUCIA PATON RODRIGUEZ,13333,926361849,CR-210-F,13043000101,FUENLLANA,214,130430001,FUENLLANA,214,13043,FUENLLANA,CIUDAD REAL,VILLANUEVA DE LOS INFANTES,CIUDAD REAL, ,3,VALDEPEÑAS,3-03,330,"503507,9059","4289586,4671","38.7549680227881, -2.95962802223646",38.7549680227881,-2.95962802223646,"JOSE ANTONIO, 5"
-2.1643380124578,39.205651016571,57,1659,372,252,SABINA CABEDO GIMENO,02630, ,AB-198-F,02069000101,RODA (LA),15488,020690001,RODA (LA),15488,02069,LA RODA,ALBACETE,"RODA,LA",ALBACETE, ,1,ALBACETE,1-07,115,"572152,0199","4339930,9096","39.2056510174953, -2.1643380124578",39.2056510174953,-2.1643380124578,"CALLE CID, 54"
-3.77414300304192,39.2281030289113,58,2066,739,554,CARLOS JESUS LOPEZ MARTINEZ,13680, ,CR-247-F,13044000301,FUENTE EL FRESNO,2974,130440003,FUENTE EL FRESNO,2974,13044,FUENTE EL FRESNO,CIUDAD REAL,MALAGON,CIUDAD REAL, ,3,CIUDAD REAL,3-01,250,"433180,9552","4342375,402","39.2281030298358, -3.77414300304192",39.2281030298358,-3.77414300304192,"PIO XII, 5"
-3.24230696351248,38.8459049774758,59,2067,740,642,MARIA CAMINO RODRIGUEZ REDONDO,13247,926630177,CR-197-F,13074000101,SAN CARLOS DEL VALLE,1099,130740001,SAN CARLOS DEL VALLE,1099,13074,SAN CARLOS DEL VALLE,CIUDAD REAL,"SOLANA,LA",LA MANCHA-CENTRO, ,2,MANZANARES,2-02,315,"478972,7672","4299704,6076","38.8459049783977, -3.24230696351248",38.8459049783977,-3.24230696351248,"RAMON Y CAJAL, 8"
-2.15698200928965,39.208326034423,60,1660,373,253,Mª JOSE GARVI GARCIA,02630,967440452,AB-110-F,02069000101,RODA (LA),15488,020690001,RODA (LA),15488,02069,LA ROSA,ALBACETE,"RODA,LA",ALBACETE, ,1,ALBACETE,1-07,115,"572784,3937","4340233,658","39.2083260353474, -2.15698200928965",39.2083260353474,-2.15698200928965,"CALLE PEÑICAS, 33"
-3.82260697960608,38.4768500291934,61,2068,741,643,JANETH VINDA MORON UGARTECHE,13779,926335059,CR-214-F,13075000101,SAN LORENZO DE CALATRAVA,206,130750001,SAN LORENZO DE CALATRAVA,206,13075,SAN LORENZO DE CALATRAVA,CIUDAD REAL,SOLANA DEL PINO,PUERTOLLANO, ,8,PUERTOLLANO,8-01,317,"428246,9058","4259045,1737","38.4768500301126, -3.82260697960608",38.4768500301126,-3.82260697960608,"REAL, 46"
-2.15820303430272,39.2068149546817,62,1661,374,254,FELIX TALAVERA IBAÑEZ,02630,967440510,AB-112-F,02069000101,RODA (LA),15488,020690001,RODA (LA),15488,02069,LA RODA,ALBACETE,"RODA,LA",ALBACETE, ,1,ALBACETE,1-07,115,"572680,529","4340064,9823","39.206814955606, -2.15820303430272",39.206814955606,-2.15820303430272,"PLAZA MAYOR, 6"
-2.86796498840632,38.6364279892111,63,2069,742,644,LIDIA Mª ESTERO RUIZ,13327,926387391,CR-216-F,13076000101,SANTA CRUZ DE LOS CAÑAMOS,513,130760001,SANTA CRUZ DE LOS CAÑAMOS,513,13076,SANTA CRUZ DE LOS CÁÑAMOS,CIUDAD REAL,ALBALADEJO,CIUDAD REAL, ,3,VALDEPEÑAS,3-03,155,"511491,4251","4276440,133","38.6364279901315, -2.86796498840633",38.6364279901315,-2.86796498840633,"POCICO, 11"
-2.16042998518043,39.2078249894369,64,1662,375,255,Mª ANGELES ISABEL GOMEZ BURGOS,02630, ,AB-226-F,02069000101,RODA (LA),15488,020690001,RODA (LA),15488,02069,LA RODA,ALBACETE,"RODA,LA",ALBACETE, ,1,ALBACETE,1-07,115,"572487,2135","4340175,2899","39.2078249903613, -2.16042998518043",39.2078249903613,-2.16042998518043,"CALLE CERVANTES, 23"
-2.1306019783344,40.0764449824318,65,1663,376,285,PILAR BENITO SERRANO (REGENTE),16001,969222030,CU-011-F,16078000301,CUENCA,52682,160780003,CUENCA,52682,16078,CUENCA,CUENCA,CUENCA,CUENCA, ,4,CUENCA,4-03,380,"574129,2249","4436604,0221","40.0764449833614, -2.1306019783344",40.0764449833614,-2.1306019783344,"CALLE ALFONSO VIII, 73"
-2.13857298662705,40.059502974196,66,1664,377,304,MARIA CATALINA LOPEZ ARANDA,16003,969235269,CU-173-F,16078000301,CUENCA,52682,160780003,CUENCA,52682,16078,CUENCA,CUENCA,CUENCA,CUENCA, ,4,CUENCA,4-03,385,"573467,768","4434716,9562","40.0595029751255, -2.13857298662705",40.0595029751255,-2.13857298662705,"AVENIDA REYES CATOLICOS, 72"
-2.13852904475467,40.0604509782137,67,1665,378,305,NURIA DE LA MUELA GIL,16003,969220090,CU-010-F,16078000301,CUENCA,52682,160780003,CUENCA,52682,16078,CUENCA,CUENCA,CUENCA,CUENCA, ,4,CUENCA,4-03,385,"573470,4974","4434822,2148","40.0604509791432, -2.13852904475467",40.0604509791432,-2.13852904475467,"AVENIDA REYES CATOLICOS, 56"
-2.13896600982509,40.0627590257564,68,1666,379,306,Mª JESUS GOMEZ MORENO,16003, ,CU-155-F,16078000301,CUENCA,52682,160780003,CUENCA,52682,16078,CUENCA,CUENCA,CUENCA,CUENCA, ,4,CUENCA,4-03,385,"573430,7524","4435078,0327","40.0627590266859, -2.13896600982509",40.0627590266859,-2.13896600982509,"AVENIDA REYES CATOLICOS, 26"
-2.13011897292515,40.0632840173367,69,1667,380,307,MªANGELES NUÑEZ HINAREJOS,16004,969233931,CU-169-F,16078000301,CUENCA,52682,160780003,CUENCA,52682,16078,CUENCA,CUENCA,CUENCA,CUENCA, ,4,CUENCA,4-03,390,"574184,6865","4435143,6393","40.0632840182662, -2.13011897292515",40.0632840182662,-2.13011897292515,"AVENIDA DEL MEDITERRANEO, 5"
-2.1290010442834,40.0570820175198,70,1668,381,308,PAULA SERRANO TELLEZ,16004, ,CU-158-F,16078000301,CUENCA,52682,160780003,CUENCA,52682,16078,CUENCA,CUENCA,CUENCA,CUENCA, ,4,CUENCA,4-03,392,"574286,7618","4434456,1893","40.0570820184493, -2.1290010442834",40.0570820184493,-2.1290010442834,"AVENIDA JUAN CARLOS I, 21"
-3.26412000353623,40.570086978494,71,1669,382,309,RAUL JOSE CAMPOAMOR MARTINEZ,19200,949260073,GU-002-F,19046000101,AZUQUECA DE HENARES,35182,190460001,AZUQUECA DE HENARES,35182,19046,AZUQUECA DE HENARES,GUADALAJARA,AZUQUECA DE HENARES,GUADALAJARA, ,5,GUADALAJARA,5-04,530,"477643,3887","4491067,9361","40.5700869794262, -3.26412000353623",40.5700869794262,-3.26412000353623,"CALLE ANTONIO PEREZ, 4"
-2.13852198242623,40.0690330037816,72,1670,383,298,PABLO CRESPO NAVARRO,16003,969233972,CU-159-F,16078000301,CUENCA,52682,160780003,CUENCA,52682,16078,CUENCA,CUENCA,CUENCA,CUENCA, ,4,CUENCA,4-03,385,"573461,8805","4435774,7709","40.0690330047112, -2.13852198242623",40.0690330047112,-2.13852198242623,"AVENIDA CASTILLA-LA MANCHA, 15"
-2.13642203910054,40.0702029596152,73,1671,384,299,LAURA GARRIDO MARTINEZ,16004,969211074,CU-005-F,16078000301,CUENCA,52682,160780003,CUENCA,52682,16078,CUENCA,CUENCA,CUENCA,CUENCA, ,4,CUENCA,4-03,390,"573639,6939","4435906,3641","40.0702029605448, -2.13642203910054",40.0702029605448,-2.13642203910054,"CALLE CERVANTES, 24"
-2.13654997961056,40.0724229557652,74,1672,385,300,LUIS FERNANDO DIAZ MUÑOZ,16002,969211025,CU-002-F,16078000301,CUENCA,52682,160780003,CUENCA,52682,16078,CUENCA,CUENCA,CUENCA,CUENCA, ,4,CUENCA,4-03,380,"573626,3933","4436152,664","40.0724229566948, -2.13654997961056",40.0724229566948,-2.13654997961056,"CALLE CARRETERIA, 42"
-2.13927200439611,40.0657109590355,75,1673,386,301,MARIA JOSE SIMON SAIZ,16003,969221111,CU-009-F,16078000301,CUENCA,52682,160780003,CUENCA,52682,16078,CUENCA,CUENCA,CUENCA,CUENCA, ,4,CUENCA,4-03,385,"573401,4879","4435405,4261","40.065710959965, -2.13927200439611",40.065710959965,-2.13927200439611,"AVENIDA REYES CATOLICOS, 15"
-2.12806998569094,40.0592690184454,76,1674,387,302,JULIO MARTINEZ PEREZ,16004,969345081,CU-171-F,16078000301,CUENCA,52682,160780003,CUENCA,52682,16078,CUENCA,CUENCA,CUENCA,CUENCA, ,4,CUENCA,4-03,392,"574363,7945","4434699,7097","40.0592690193749, -2.12806998569094",40.0592690193749,-2.12806998569094,"AVENIDA DEL MEDITERRANEO, 12"
-2.13315504504239,40.0634629684809,77,1675,388,303,PEDRO MOMBIEDRO SANDOVAL,16004,969211561,CU-007-F,16078000301,CUENCA,52682,160780003,CUENCA,52682,16078,CUENCA,CUENCA,CUENCA,CUENCA, ,4,CUENCA,4-03,390,"573925,5691","4435160,9758","40.0634629694105, -2.13315504504239",40.0634629694105,-2.13315504504239,"CALLE HERMANOS BECERRIL, 22"
-3.16251499816549,40.625248009712,78,1676,389,320,MANUELA ANDRADAS TORRES,19001,949211156,GU-022-F,19130000101,GUADALAJARA,85629,191300001,GUADALAJARA,85629,19130,GUADALAJARA,GUADALAJARA,GUADALAJARA,GUADALAJARA, ,5,GUADALAJARA,5-04,570,"486255,1176","4497170,084","40.6252480106445, -3.16251499816549",40.6252480106445,-3.16251499816549,"AVDA. DE CASTILLA, 22 B"
-3.16789399257229,40.6353839749624,79,1677,390,321,Mª CARMEN VALCÁRCEL DUEÑAS,19001,949211633,GU-072-F,19130000101,GUADALAJARA,85629,191300001,GUADALAJARA,85629,19130,GUADALAJARA,GUADALAJARA,GUADALAJARA,GUADALAJARA, ,5,GUADALAJARA,5-04,585,"485802,33","4498296,0548","40.635383975895, -3.16789399257229",40.635383975895,-3.16789399257229,"CALLE MIGUEL FLUITERS, 39"
-3.16879159591952,40.6323351638073,80,1678,391,322,NURIA RODRIGO GARCIA,19001,949211358,GU-098-F,19130000101,GUADALAJARA,85629,191300001,GUADALAJARA,85629,19130,GUADALAJARA,GUADALAJARA,GUADALAJARA,GUADALAJARA, ,5,GUADALAJARA,5-04,585,"485725,7764","4497957,7744","40.6323351647399, -3.16879159591952",40.6323351647399,-3.16879159591952,"CUESTA DEL MATADERO, 3"
-3.1769420451554,40.629148988609,81,1679,392,323,IGNACIO FORCEN MARTIN,19003,949227603,GU-073-F,19130000101,GUADALAJARA,85629,191300001,GUADALAJARA,85629,19130,GUADALAJARA,GUADALAJARA,GUADALAJARA,GUADALAJARA, ,5,GUADALAJARA,5-04,575,"485035,8046","4497605,4554","40.6291489895415, -3.1769420451554",40.6291489895415,-3.1769420451554,"CALLE CONSTITUCION, 31"
-3.17359997222505,40.6312560191994,82,1680,393,324,ANA ISABEL OCAÑA SANCHEZ,19003,949223064,GU-012-F,19130000101,GUADALAJARA,85629,191300001,GUADALAJARA,85629,19130,GUADALAJARA,GUADALAJARA,GUADALAJARA,GUADALAJARA, ,5,GUADALAJARA,5-04,575,"485318,9092","4497838,7779","40.6312560201319, -3.17359997222505",40.6312560201319,-3.17359997222505,"CALLE GRAL.MEDRANO DE MIGUEL, 2"
-3.17176402608799,40.6348600235379,83,1681,394,325,ROSELINA ELOISA PLAZA PLAZA,19004, ,GU-009-F,19130000101,GUADALAJARA,85629,191300001,GUADALAJARA,85629,19130,GUADALAJARA,GUADALAJARA,GUADALAJARA,GUADALAJARA,16 HORAS,5,GUADALAJARA,5-04,575,"485474,9535","4498238,5266","40.6348600244705, -3.17176402608799",40.6348600244705,-3.17176402608799,"CALLE CARDENAL GONZALEZ DE MENDOZA, 31"
-1.47099201895502,39.2883090294884,84,1682,395,474,CONCEPCION CABOT LLEDO,02200,967460069,AB-071-F,02024000101,CASAS-IBAÑEZ,4539,020240001,CASAS-IBAÑEZ,4547,02024,CASAS-IBÁÑEZ,ALBACETE,CASAS-IBAÑEZ,ALBACETE, ,1,ALBACETE,1-04,65,"631863,6252","4349885,6234","39.2883090304133, -1.47099201895502",39.2883090304133,-1.47099201895502,"CALLE CORREOS, 16"
-1.47124303302774,39.2854670109841,85,1683,396,475,ISABEL REOLID GONZALEZ,02200, ,AB-179-F,02024000101,CASAS-IBAÑEZ,4539,020240001,CASAS-IBAÑEZ,4547,02024,CASAS-IBÁÑEZ,ALBACETE,CASAS-IBAÑEZ,ALBACETE, ,1,ALBACETE,1-04,65,"631847,3067","4349569,8376","39.2854670119089, -1.47124303302774",39.2854670119089,-1.47124303302774,"CALLE SAN JORGE, 20"
-0.985792972925653,38.7065939808977,86,1684,397,476,JOAQUINA ALBERO BENAVENT,02660, ,AB-195-F,02025000101,CAUDETE,10135,020250001,CAUDETE,10135,02025,CAUDETE,ALBACETE,CAUDETE,ALBACETE, ,1,ALMANSA,1-03,70,"675139,6961","4286143,3379","38.7065939818186, -0.985792972925653",38.7065939818186,-0.985792972925653,"CALLE MOLINO, 30"
-0.984668044576799,38.7095429733112,87,1685,398,477,FRANCISCO CONEJERO PLA,02660,965826310,AB-171-F,02025000101,CAUDETE,10135,020250001,CAUDETE,10135,02025,CAUDETE,ALBACETE,CAUDETE,ALBACETE, ,1,ALMANSA,1-03,70,"675230,318","4286472,7709","38.7095429742321, -0.9846680445768",38.7095429742321,-0.9846680445768,"CALLE SAN JAIME, 27"
-0.987173968127954,38.7045050813624,88,1686,399,478,SARAH GOMEZ VICENTE,02660,965825183,AB-066-F,02025000101,CAUDETE,10135,020250001,CAUDETE,10135,02025,CAUDETE,ALBACETE,CAUDETE,ALBACETE, ,1,ALMANSA,1-03,70,"675024,6995","4285908,8705","38.7045050822832, -0.987173968127954",38.7045050822832,-0.987173968127954,"CALLE JOSE RUIZ Y RUIZ, 8"
-0.989185965499214,38.7048739825574,89,1687,400,479,CRISTOBAL GRACIA SALGADO,02660,965827763,AB-065-F,02025000101,CAUDETE,10135,020250001,CAUDETE,10135,02025,CAUDETE,ALBACETE,CAUDETE,ALBACETE, ,1,ALMANSA,1-03,70,"674848,8322","4285945,9681","38.7048739834783, -0.989185965499214",38.7048739834783,-0.989185965499214,"PLAZA DEL CARMEN, 10"
-0.985239034069955,38.7029859775554,90,1688,401,480,FERNANDO RAMON VIDAL,02660, ,AB-215-F,02025000101,CAUDETE,10135,020250001,CAUDETE,10135,02025,CAUDETE,ALBACETE,CAUDETE,ALBACETE, ,1,ALMANSA,1-03,70,"675196,6749","4285743,9792","38.7029859784763, -0.985239034069955",38.7029859784763,-0.985239034069955,"CALLE ALCALDE LUIS PASCUAL, 47"
-1.66075310780179,39.3024605281682,91,1689,402,481,LOURDES PEREZ MORA,02247,967482034,AB-139-F,02026000101,CENIZATE,1183,020260001,CENIZATE,1183,02026,CENIZATE,ALBACETE,MADRIGUERAS,ALBACETE, ,1,ALBACETE,1-04,90,"615474,4902","4351196,7465","39.3024605290932, -1.66075310780179",39.3024605290932,-1.66075310780179,"CALLE JUAN FERRER PARDO, 5"
-1.72538800657208,38.9169689545615,92,1690,403,482,Mª DOLORES LOPEZ BONILLA,02520,967260055,AB-080-F,02029000201,CHINCHILLA DE MONTE-ARAGON,3268,020290002,CHINCHILLA DE MONTE-ARAGON,3268,02029,CHINCHILLA DE MONTE-ARAGÓN,ALBACETE,CHINCHILLA DE MONTE-ARAGON,ALBACETE, ,1,ALBACETE,1-01,75,"610501,7101","4308334,8009","38.9169689554838, -1.72538800657208",38.9169689554838,-1.72538800657208,"CALLE SANTA ELENA, 12"
-1.6344339594203,38.5667899660209,93,1691,404,483,JESUS ALBERTO DOMINGUEZ REDONDO,02513, ,AB-197-F,02074000201,CORDOVILLA,244,020740002,CORDOVILLA,244,02074,TOBARRA,ALBACETE,TOBARRA,ALBACETE, ,1,HELLIN,1-06,130,"618966,9516","4269588,5176","38.5667899669408, -1.6344339594203",38.5667899669408,-1.6344339594203,"CTRA DE HELLIN, 11"
-1.46075900963301,38.8350519987307,94,1692,405,484,Mª SOLEDAD TOLEDANO MARTINEZ,02693,967286485,AB-151-F,02027000101,CORRAL-RUBIO,279,020270001,CORRAL-RUBIO,279,02027,CORRAL-RUBIO,ALBACETE,BONETE,ALBACETE, ,1,ALMANSA,1-03,50,"633597,9571","4299597,8593","38.8350519996525, -1.46075900963301",38.8350519996525,-1.46075900963301,"CALLE MOLINO, 5"
-2.50754799067753,38.4305079710462,95,1693,406,485,JESUS PRIETO GONZALEZ,02461,967434110,AB-167-F,02028000201,COTILLAS,92,020280002,COTILLAS,92,02028,COTILLAS,ALBACETE,RIOPAR,ALBACETE, ,1,HELLIN,1-02,110,"542982,1148","4253697,3422","38.4305079719651, -2.50754799067754",38.4305079719651,-2.50754799067754,"CALLE SAHUCO, 2"
-2.0445159994558,38.4505589845856,96,1694,407,486,Mª BEATRIZ MIÑANO MURIAS,O2430,967410028,AB-133-F,02030000101,ELCHE DE LA SIERRA,3251,020300001,ELCHE DE LA SIERRA,3251,02030,ELCHE DE LA SIERRA,ALBACETE,ELCHE DE LA SIERRA,ALBACETE, ,1,HELLIN,1-05,80,"583373,9791","4256239,7147","38.4505589855046, -2.04451599945581",38.4505589855046,-2.04451599945581,"CALLE JOSE ANTONIO MERENCIANO, 4"
-2.0477089734605,38.4505439853829,97,1695,408,487,JUAN ANTONIO SANZ MORENO,02430, ,AB-221-F,02030000101,ELCHE DE LA SIERRA,3251,020300001,ELCHE DE LA SIERRA,3251,02030,ELCHE DE LA SIERRA,ALBACETE,ELCHE DE LA SIERRA,ALBACETE, ,1,HELLIN,1-05,80,"583095,3767","4256235,1656","38.450543986302, -2.0477089734605",38.450543986302,-2.0477089734605,"CALLE BOLEA, 4"
-2.01046898507167,38.3538989826119,98,1696,409,488,MARIA CARMEN MARIN FERNANDEZ,02436,967420177,AB-153-F,02031000101,FEREZ,614,020310001,FEREZ,614,02031,FÉREZ,ALBACETE,SOCOVOS,ALBACETE, ,1,HELLIN,1-05,120,"586460,011","4245545,3415","38.3538989835302, -2.01046898507167",38.3538989835302,-2.01046898507167,"CTRA SOCOVOS, S/N"
-2.07046668908589,39.2447310506554,99,1697,410,489,LUIS MIGUEL LOPEZ-MIRANDA GONZALEZ,02637,967447890,AB-162-F,02032000101,FUENSANTA,281,020320001,FUENSANTA,281,02032,FUENSANTA,ALBACETE,"RODA,LA",ALBACETE, ,1,ALBACETE,1-07,115,"580212,617","4344346,8731","39.24473105158, -2.07046668908589",39.24473105158,-2.07046668908589,"CALLE VIRGEN, 36"
-1.43309702131872,38.6921150126435,100,1698,411,490,MARIA TERESA HERNANDEZ MARTINEZ,02651,967321007,AB-081-F,02033000101,FUENTE-ALAMO,2461,020330001,FUENTE-ALAMO,2461,02033,FUENTE-ALAMO,ALBACETE,ONTUR,ALBACETE, ,1,HELLIN,1-06,100,"636270,6744","4283776,1598","38.6921150135643, -1.43309702131872",38.6921150135643,-1.43309702131872,"CALLE JORGE JUAN, 77"
-1.55126402022677,39.2662839868117,101,1699,412,491,Mª JOSEFA OÑATE CEBRIAN,02260,967472017,AB-074-F,02034000301,FUENTEALBILLA,1665,020340003,FUENTEALBILLA,1665,02034,FUENTEALBILLA,ALBACETE,CASAS-IBAÑEZ,ALBACETE, ,1,ALBACETE,1-04,65,"624979,6975","4347327,2641","39.2662839877365, -1.55126402022677",39.2662839877365,-1.55126402022677,"AVENIDA DE ALBACETE, 8"
-4.10677999567358,38.6862950257137,102,1700,413,630,JOSE MIGUEL GOMEZ PEREIRAS,13500,926425940,CR-182-F,13071000401,PUERTOLLANO,45199,130710004,PUERTOLLANO,45394,13071,PUERTOLLANO,CIUDAD REAL,PUERTOLLANO,PUERTOLLANO, ,8,PUERTOLLANO,8-01,285,"403738,9042","4282546,52","38.6862950266344, -4.10677999567359",38.6862950266344,-4.10677999567359,"JUAN BRAVO, 1"
-4.10825802562807,38.6868550316647,103,1701,414,631,GONZALO M. PEREZ-OLIVARES PEREZ-GUZMAN,13500,926424817,CR-125-F,13071000401,PUERTOLLANO,45199,130710004,PUERTOLLANO,45394,13071,PUERTOLLANO,CIUDAD REAL,PUERTOLLANO,PUERTOLLANO, ,8,PUERTOLLANO,8-01,295,"403611,1019","4282610,2171","38.6868550325855, -4.10825802562807",38.6868550325855,-4.10825802562807,"ADUANA, 38"
-4.10786998627849,38.684181044542,104,1702,415,632,"PRADO, C.B.",13500,926425432,CR-113-F,13071000401,PUERTOLLANO,45199,130710004,PUERTOLLANO,45394,13071,PUERTOLLANO,CIUDAD REAL,PUERTOLLANO,PUERTOLLANO, ,8,PUERTOLLANO,8-01,295,"403641,2652","4282313,0776","38.6841810454628, -4.10786998627849",38.6841810454628,-4.10786998627849,"VIACRUCIS, 34"
-4.10914298859379,38.6914749782721,105,1703,416,633,Mª ANGELES PUEBLA RODRIGUEZ,13500,926425657,CR-173-F,13071000401,PUERTOLLANO,45199,130710004,PUERTOLLANO,45394,13071,PUERTOLLANO,CIUDAD REAL,PUERTOLLANO,PUERTOLLANO, ,8,PUERTOLLANO,8-01,285,"403540,3361","4283123,8225","38.6914749791929, -4.10914298859379",38.6914749791929,-4.10914298859379,"Pº SAN GREGORIO, 75"
-4.10785296503531,38.6824870323479,106,1704,417,634,MERCEDES ROURA PORTILLO,13500, ,CR-275-F,13071000401,PUERTOLLANO,45199,130710004,PUERTOLLANO,45394,13071,PUERTOLLANO,CIUDAD REAL,PUERTOLLANO,PUERTOLLANO, ,8,PUERTOLLANO,8-01,295,"403640,4736","4282125,0758","38.6824870332687, -4.10785296503531",38.6824870332687,-4.10785296503531,"ASDRUBAL, 37"
-4.11452004662277,38.6900979954187,107,1705,418,635,RUIZ  CASTAÑEDA GALLEGO C.B.,13500,926425173,CR-170-F,13071000401,PUERTOLLANO,45199,130710004,PUERTOLLANO,45394,13071,PUERTOLLANO,CIUDAD REAL,PUERTOLLANO,PUERTOLLANO, ,8,PUERTOLLANO,8-01,296,"403070,8342","4282976,6925","38.6900979963395, -4.11452004662277",38.6900979963395,-4.11452004662277,"ATAJO ALTO, 10"
-4.10959800034952,38.6836069640961,108,1706,419,636,IÑAKI SANCHEZ RUIZ,13500,926421109,CR-179-F,13071000401,PUERTOLLANO,45199,130710004,PUERTOLLANO,45394,13071,PUERTOLLANO,CIUDAD REAL,PUERTOLLANO,PUERTOLLANO, ,8,PUERTOLLANO,8-01,295,"403490,1931","4282251,1902","38.6836069650168, -4.10959800034952",38.6836069650168,-4.10959800034952,"CORDOBA, 42"
-4.10378002543071,38.6867799898045,109,1707,420,637,Mª VICTORIA SANCHEZ TORNE,13500,926427426,CR-126-F,13071000401,PUERTOLLANO,45199,130710004,PUERTOLLANO,45394,13071,PUERTOLLANO,CIUDAD REAL,PUERTOLLANO,PUERTOLLANO,12 HORAS,8,PUERTOLLANO,8-01,285,"404000,4789","4282597,1897","38.6867799907253, -4.10378002543071",38.6867799907253,-4.10378002543071,"1 DE MAYO, 15"
-4.40956398963868,39.4610830049563,110,1708,421,638,PABLO BERNARDO RODRIGUEZ VAZQUEZ DEL REY,13194,925421750,CR-201-F,13072000301,RETUERTA DEL BULLAQUE,674,130720003,RETUERTA DEL BULLAQUE,674,13072,RETUERTA DEL BULLAQUE,CIUDAD REAL,RETUERTA DEL BULLAQUE,CIUDAD REAL, ,3,CIUDAD REAL,3-02,300,"378737,1415","4368893,6043","39.4610830058823, -4.40956398963868",39.4610830058823,-4.40956398963868,"PELIGRO, 1"
-4.28306800104401,39.2189059952163,111,1709,422,639,ADELA MARIA TERCERO POZO,13114,926785225,CR-218-F,13901000101,ROBLEDO (EL),1006,139010001,ROBLEDO (EL),1006,13901,EL ROBLEDO,CIUDAD REAL,PORZUNA,CIUDAD REAL, ,3,CIUDAD REAL,3-02,280,"389238,1748","4341853,4983","39.2189059961407, -4.28306800104402",39.2189059961407,-4.28306800104402,"ENCINA, 3"
-2.88603398856286,38.9755880393348,112,1710,423,640,ANTONIO VALVERDE VAZQUEZ,13249,926528004,CR-220-F,13902000101,RUIDERA,555,139020001,RUIDERA,555,13902,RUIDERA,CIUDAD REAL,OSSA DE MONTIEL,ALBACETE, ,1,VILLARROBLEDO,1-08,105,"509871,9083","4314073,7428","38.9755880402576, -2.88603398856286",38.9755880402576,-2.88603398856286,"CASTILLA-LA MANCHA, 12"
-4.60623800669843,38.9452509709371,113,1711,424,641,Mª PAZ MADRONA RODRIGUEZ,13414,926779051,CR-202-F,13073000101,SACERUELA,526,130730001,SACERUELA,526,13073,SACERUELA,CIUDAD REAL,ABENOJAR,CIUDAD REAL, ,3,CIUDAD REAL,3-02,145,"360802,0426","4311927,6796","38.9452509718597, -4.60623800669843",38.9452509718597,-4.60623800669843,"DE LA MANCHA, 1"
-2.91564200597993,40.1226899736476,114,1712,425,696,MARTA MARTINEZ DIAZ,16460,969121011,CU-014-F,16027000101,BARAJAS DE MELO,616,160270001,BARAJAS DE MELO,616,16027,BARAJAS DE MELO,CUENCA,TARANCON,CUENCA, ,4,CUENCA,4-06,475,"507187,8695","4441378,1603","40.1226899745775, -2.91564200597993",40.1226899745775,-2.91564200597993,"CALLE PUERTA DEL SOL, 8"
-1.64858194635933,40.0418494360197,115,1713,426,710,CAROLINA MALLO DE LA VEGA,16300,969346003,CU-019-F,16052000101,CAÑETE,792,160520001,CAÑETE,792,16052,CAÑETE,CUENCA,CAÑETE,CUENCA, ,4,CUENCA,4-02,360,"615288,0507","4433276,9175","40.0418494369491, -1.64858194635933",40.0418494369491,-1.64858194635933,"CALLE SAN MIGUEL, 4"
-1.81011095979345,39.8967309942892,116,1714,427,711,Mª LUZ MOYA PLAZA,16350,969341088,CU-020-F,16055000101,CARBONERAS DE GUADAZAON,794,160550001,CARBONERAS DE GUADAZAON,794,16055,CARBONERAS DE GUADAZAÓN,CUENCA,CARBONERAS DE GUADAZAÓN,CUENCA, ,4,CUENCA,4-02,365,"601722,7225","4416973,0179","39.8967309952178, -1.81011095979345",39.8967309952178,-1.81011095979345,"CALLE LA MORERA, 15"
-1.68752995756706,39.7662439918152,117,1715,428,712,ELENA CARBONELL LLORENS,16373,969348003,CU-021-F,16056000101,CARDENETE,474,160560001,CARDENETE,474,16056,CARDENETE,CUENCA,CARDENETE,CUENCA, ,4,CUENCA,4-04,367,"612414,9356","4402636,776","39.766243992743, -1.68752995756706",39.766243992743,-1.68752995756706,"CALLE IGLESIA, 29"
-2.73940496566184,40.0371110361026,118,1716,429,713,EVELIO LOZANO GARCÍA,16830,969124103,CU-023-F,16901000101,CARRASCOSA DEL CAMPO,457,169010001,CARRASCOSA DEL CAMPO,457,16901,CAMPOS DEL PARAÍSO,CUENCA,CARRASCOSA DEL CAMPO,CUENCA, ,4,CUENCA,4-06,370,"522232,2805","4431908,7178","40.037111037032, -2.73940496566184",40.037111037032,-2.73940496566184,"CALLE JUAN GAVALA, 1"
-2.13104597851437,39.3615970329332,119,1717,430,714,Mª DEL ROSARIO FERNANDEZ PEREZ,16707,969382003,CU-059-F,16060000201,CASAS DE BENITEZ,801,160600002,CASAS DE BENITEZ,801,16060,CASAS DE BENÍTEZ,CUENCA,SISANTE,CUENCA, ,4,VILLARROBLEDO,4-04,465,"574860,3345","4357264,6814","39.3615970338585, -2.13104597851437",39.3615970338585,-2.13104597851437,"AVENIDA CERVANTES, 49"
-2.74542954146604,39.4854632827726,120,1718,431,756,JAVIER CUENCA ALCAÑIZ,16638,96716436,CU-062-F,16153000101,PEDERNOSO (EL),1125,161530001,PEDERNOSO (EL),1125,16153,EL PEDERNOSO,CUENCA,MOTA DEL CUERVO,LA MANCHA-CENTRO, ,2,ALCAZAR DE SAN,2-04,430,"521892,2896","4370682,142","39.4854632836987, -2.74542954146604",39.4854632836987,-2.74542954146604,"CTRA. GENERAL, 14"
-2.67547799190383,39.4486940142481,121,1719,432,757,FRANCISCO MARTINEZ VICARIA,16660,967160458,CU-044-F,16154000101,PEDROÑERAS (LAS),6583,161540001,PEDROÑERAS (LAS),6583,16154,LAS PEDROÑERAS,CUENCA,"PEDROÑERAS,LAS",LA MANCHA-CENTRO, ,2,VILLARROBLEDO,2-04,440,"527922,6139","4366620,807","39.448694015174, -2.67547799190382",39.448694015174,-2.67547799190382,"CALLE JULIANA IZQUIERDO, 7"
-2.67684196782844,39.450651008777,122,1720,433,758,ANA MARIA CARLAVILLA NOGUERA,16660,967160198,CU-165-F,16154000101,PEDROÑERAS (LAS),6583,161540001,PEDROÑERAS (LAS),6583,16154,LAS PEDROÑERAS,CUENCA,"PEDROÑERAS,LAS",LA MANCHA-CENTRO, ,2,VILLARROBLEDO,2-04,440,"527804,4757","4366837,5728","39.4506510097029, -2.67684196782844",39.4506510097029,-2.67684196782844,"AVENIDA JUAN XXIII, 49"
-2.67229398554738,39.4478960057479,123,1721,434,759,LUCIA MARTINEZ CHICANO,16660,967160034,CU-043-F,16154000101,PEDROÑERAS (LAS),6583,161540001,PEDROÑERAS (LAS),6583,16154,LAS PEDROÑERAS,CUENCA,"PEDROÑERAS,LAS",LA MANCHA-CENTRO, ,2,VILLARROBLEDO,2-04,440,"528196,8955","4366533,2348","39.4478960066738, -2.67229398554738",39.4478960066738,-2.67229398554738,"CALLE BORREROS, 9"
-2.67455695328871,39.4513229999564,124,1722,435,760,MARIA CONSUELO SAEZ MOTILLA,16660,967160023,CU-042-F,16154000101,PEDROÑERAS (LAS),6583,161540001,PEDROÑERAS (LAS),6583,16154,LAS PEDROÑERAS,CUENCA,"PEDROÑERAS,LAS",LA MANCHA-CENTRO, ,2,VILLARROBLEDO,2-04,440,"528000,8093","4366912,8575","39.4513230008823, -2.67455695328871",39.4513230008823,-2.67455695328871,"CALLE MONTEJANO, 62"
-1.89666801346533,39.4986159751939,125,1723,436,761,FATIMA TERESA TORMO CASTRO,16240,969339450,CU-095-F,16155000101,PERAL (EL),650,161550001,PERAL (EL),650,16155,EL PERAL,CUENCA,MOTILLA DEL PALANCAR,CUENCA, ,4,CUENCA,4-04,435,"594866,4101","4372691,9312","39.4986159761201, -1.89666801346533",39.4986159761201,-1.89666801346533,"CALLE PICOTA, 8"
-1.58661696371404,39.5726489796612,126,1724,437,762,SILVIA TERESA CAMPS TORRES,16269,962162032,CU-136-F,16157000101,PESQUERA (LA),212,161570001,PESQUERA (LA),212,16157,LA PESQUERA,CUENCA,MINGLANILLA,CUENCA, ,4,CUENCA,4-04,415,"621397,0184","4381281,1729","39.5726489805879, -1.58661696371404",39.5726489805879,-1.58661696371404,"CALLE NUEVA, 24 - BIS"
-2.08826001829838,39.4497289640688,127,1725,438,763,JUAN CARLOS GARCIA PAÑOS,16211,969380122,CU-087-F,16158000101,PICAZO (EL),674,161580001,PICAZO (EL),674,16158,EL PICAZO,CUENCA,CASASIMARRO,ALBACETE, ,1,ALBACETE,1-09,375,"578447,5901","4367082,0331","39.4497289649947, -2.08826001829838",39.4497289649947,-2.08826001829838,"CALLE ALARCON, 17 - B"
-2.42488595591949,39.6151119743815,128,1726,439,764,MARIA VICTORIA RECUENCO MORILLAS,16622,969291200,CU-100-F,16159000101,PINAREJO,189,161590001,PINAREJO,189,16159,PINAREJO,CUENCA,HONRUBIA,CUENCA, ,4,CUENCA,4-01,395,"549366,2289","4385197,8157","39.6151119753084, -2.42488595591949",39.6151119753084,-2.42488595591949,"CALLE MELGAREJO, 16"
-2.1952650373967,39.3652649827295,129,1727,440,765,CAROLINA CEBRIAN PICAZO,16708,969387395,CU-114-F,16166000101,POZOAMARGO,279,161660001,POZOAMARGO,279,16166,POZOAMARGO,CUENCA,SISANTE,CUENCA, ,4,VILLARROBLEDO,4-04,465,"569324,1653","4357620,4989","39.3652649836549, -2.1952650373967",39.3652649836549,-2.1952650373967,"CALLE ESCUELAS, 11"
-2.03853109651325,39.4469757936968,130,1728,441,766,SANDRA MUÑOZ SEGOVIA,16212, ,CU-154-F,16908000401,RUBIELOS BAJOS,135,169080004,RUBIELOS BAJOS,135,16908,POZORRUBIELOS DE LA MANCHA,CUENCA,CASASIMARRO,ALBACETE, ,1,ALBACETE,1-09,375,"582729,6818","4366820,9262","39.4469757946227, -2.03853109651325",39.4469757946227,-2.03853109651325,"CALLE HIEDRA, 14"
-2.94629217679575,39.8180624641237,131,1729,442,767,IGNACIO PEREZ CRESPO,16414,969127175,CU-113-F,16167000101,POZORRUBIO DE SANTIAGO,322,161670001,POZORRUBIO,322,16167,POZORRUBIO,CUENCA,HORCAJO DE SANTIAGO,CUENCA, ,4,CUENCA,4-06,397,"504596,6277","4407565,6292","39.8180624650518, -2.94629217679575",39.8180624650518,-2.94629217679575,"PLAZA DE LA CONSTITUCION, 5"
-2.31488704712227,40.4493419627799,132,1730,443,768,MARIA ROCIO OTER PEREZ,16800,969311017,CU-045-F,16170000101,PRIEGO,885,161700001,PRIEGO,885,16170,PRIEGO,CUENCA,PRIEGO,CUENCA, ,4,CUENCA,4-05,445,"558096,129","4477857,0751","40.4493419637115, -2.31488704712227",40.4493419637115,-2.31488704712227,"CALLE LARGA, 11"
-2.57415704134229,39.3759710051687,133,1731,444,769,"MATEO PASTOR, JOSE ENRIQUE",16670,967165015,CU-040-F,16171000101,PROVENCIO (EL),2387,161710001,PROVENCIO (EL),2387,16171,EL PROVENCIO,CUENCA,"PEDROÑERAS,LAS",LA MANCHA-CENTRO, ,2,VILLARROBLEDO,2-04,440,"536678,6121","4358586,3124","39.3759710060941, -2.57415704134229",39.3759710060941,-2.57415704134229,"CALLE LA VILLA, 26"
-2.81565975036227,39.7840106418313,134,1732,445,770,ENRIQUE PINAR HORCAJADA,16421,969120252,CU-094-F,16172000101,PUEBLA DE ALMENARA,311,161720001,PUEBLA DE ALMENARA,311,16172,PUEBLA DE ALMENARA,CUENCA,VILLAMAYOR DE SANTIAGO,CUENCA, ,4,CUENCA,4-06,505,"515784,6981","4403801,209","39.7840106427592, -2.81565975036227",39.7840106427592,-2.81565975036227,"CALLE MAYOR, 10"
-1.6763660293633,39.5646990407725,135,1733,446,771,"NAHARRO PONCE, JOSE VICENTA",16269,962187874,CU-140-F,16174000101,PUEBLA DEL SALVADOR,192,161740001,PUEBLA DEL SALVADOR,192,16174,PUEBLA DEL SALVADOR,CUENCA,MINGLANILLA,CUENCA, ,4,CUENCA,4-04,415,"613701,0894","4380281,5064","39.5646990416991, -1.6763660293633",39.5646990416991,-1.6763660293633,"CALLE POZO NUEVO, 6"
-1.92882399382213,39.3443170015579,136,1734,447,772,"RUIZ LOPEZ, EVA MARIA",16220,967495073,CU-046-F,16175000101,QUINTANAR DEL REY,7632,161750001,QUINTANAR DEL REY,7632,16175,QUINTANAR DEL REY,CUENCA,QUINTANAR DEL REY,ALBACETE, ,1,ALBACETE,1-09,450,"592304,8469","4355534,0036","39.3443170024831, -1.92882399382213",39.3443170024831,-1.92882399382213,"CALLE SAN PEDRO, 3"
-1.92852001319525,39.3425610252581,137,1735,448,773,Mª LOURDES HERNANDEZ BLAZQUEZ,16220,967495004,CU-047-F,16175000101,QUINTANAR DEL REY,7632,161750001,QUINTANAR DEL REY,7632,16175,QUINTANAR DEL REY,CUENCA,QUINTANAR DEL REY,ALBACETE, ,1,ALBACETE,1-09,450,"592333,3527","4355339,4333","39.3425610261833, -1.92852001319525",39.3425610261833,-1.92852001319525,"CALLE CURA, 1"
-1.92781304195843,39.3415240106177,138,1736,449,774,JOSE MARIA PASTOR BORONAT,16220,967496904,CU-161-F,16175000101,QUINTANAR DEL REY,7632,161750001,QUINTANAR DEL REY,7632,16175,QUINTANAR DEL REY,CUENCA,QUINTANAR DEL REY,ALBACETE, ,1,ALBACETE,1-09,450,"592395,6419","4355225,0665","39.3415240115429, -1.92781304195843",39.3415240115429,-1.92781304195843,"CALLE SANTA ANA, 1"
-2.80500095996265,39.919462001751,139,1737,450,775,Mª SAGRARIO OLMEDO LOPEZ,16430,969132041,CU-048-F,16186000101,SAELICES,450,161860001,SAELICES,450,16186,SAELICES,CUENCA,MONTALBO,CUENCA, ,4,CUENCA,4-01,425,"516664,6039","4418836,5486","39.9194620026797, -2.80500095996265",39.9194620026797,-2.80500095996265,"AVDA. MADRID-VALENCIA, 12"
-1.50241404711983,40.098243974742,140,1738,451,776,AMPARO SANCHEZ BARBERA,16318,969357129,CU-049-F,16189000303,SALVACAÑETE,241,161890003,SALVACAÑETE,269,16189,SALVACAÑETE,CUENCA,CAÑETE,CUENCA, ,4,CUENCA,4-02,360,"627652,6045","4439736,1046","40.0982439756717, -1.50241404711983",40.0982439756717,-1.50241404711983,"CALLE FIDEL SAHUQUILLO, 9"
-2.42784095190954,39.4049080201185,141,1739,452,777,MARIA GARCIA-COSIO PIQUERAS,16600,969300031,CU-053-F,16190000201,SAN CLEMENTE,6827,161900002,SAN CLEMENTE,6827,16190,SAN CLEMENTE,CUENCA,SAN CLEMENTE,CUENCA, ,4,VILLARROBLEDO,4-01,455,"549260,7975","4361867,3645","39.4049080210441, -2.42784095190954",39.4049080210441,-2.42784095190954,"CALLE BOTEROS, 37"
-3.85669199995456,40.0770039927335,142,1740,453,1029,VICTORIA MUÑOZ FUENTES,45230,925537062,TO-219-F,45119000101,NUMANCIA DE LA SAGRA,5006,451190001,NUMANCIA DE LA SAGRA,5006,45119,NUMANCIA DE LA SAGRA,TOLEDO,ILLESCAS,TOLEDO, ,7,TOLEDO,7-03,720,"426954,7655","4436655,5616","40.0770039936631, -3.85669199995456",40.0770039936631,-3.85669199995456,"PLAZA DE LOS SILOS, 7"
-4.61670501186825,40.1136570208726,143,1741,454,1030,JOSE LUIS BLAZQUEZ ARIAS,45644,925878533,TO-266-F,45120000101,NUÑO GOMEZ,145,451200001,NUÑO GOMEZ,145,45120,NUÑO GÓMEZ,TOLEDO,CASTILLO DE BAYUELA,TALAVERA DE LA REINA, ,6,TALAVERA,6-03,685,"362224,4755","4441624,7401","40.1136570218024, -4.61670501186825",40.1136570218024,-4.61670501186825,"CTRA NOMBELA, 33"
-3.98707595886017,39.9464320361534,144,1742,455,1031,CELIA MANZANARES MARTÍN,45280,925490793,TO-023-F,45122000101,OLIAS DEL REY,5100,451220001,OLIAS DEL REY,5100,45122,OLÍAS DEL REY,TOLEDO,BARGAS,TOLEDO, ,7,TOLEDO,7-04,665,"415676,949","4422278,1181","39.9464320370823, -3.98707595886018",39.9464320370823,-3.98707595886018,"PLAZA DE LA CONSTITUCION, 3"
-3.5721889581882,40.0032119848999,145,1743,456,1032,Mª TERESA ALVAREZ PALENCIA MEGIA,45340,925142064,TO-215-F,45123000101,ONTIGOLA,4752,451230001,ONTIGOLA,4752,45123,ONTÍGOLA,TOLEDO,OCAÑA,TOLEDO, ,7,TOLEDO,7-02,765,"451160,2683","4428270,4883","40.0032119858291, -3.5721889581882",40.0032119858291,-3.5721889581882,"CALLE REAL, 3"
-3.87480997738806,39.6475300061991,146,1744,457,1033,MERCEDES GARCIA DEL VISO,45450,925317304,TO-081-F,45124000201,ORGAZ,2535,451240002,ORGAZ,2535,45124,ORGAZ,TOLEDO,SONSECA,TOLEDO, ,7,TOLEDO,7-01,810,"424943,4144","4389003,3111","39.6475300071262, -3.87480997738806",39.6475300071262,-3.87480997738806,"CALLE REAL, 24"
-5.17472903530906,39.9163120005007,147,1745,458,1034,SANDRA AVIS CASTUERA,45560, ,TO-324-F,45125000201,OROPESA,2571,451250002,OROPESA,2571,45125,OROPESA,TOLEDO,OROPESA,TALAVERA DE LA REINA, ,6,TALAVERA,6-01,770,"314131,3885","4420732,7726","39.9163120014294, -5.17472903530906",39.9163120014294,-5.17472903530906,"CALLE TALLER, 1"
-2.99589696046585,40.7765199675375,148,1746,459,889,ALBA ORTEGA PAJARES,19192, ,GU-003-F,19290000101,TRIJUEQUE,428,192900001,TRIJUEQUE,428,19290,TRIJUEQUE,GUADALAJARA,BRIHUEGA,GUADALAJARA, ,5,GUADALAJARA,5-01,535,"500346,2348","4513949,1487","40.7765199684708, -2.99589696046585",40.7765199684708,-2.99589696046585,"AVENIDA CALLEJUELA, 15 - B"
-2.59104003369133,40.6999419969077,149,1747,460,890,AURORA AVELLANO ALBENDEA,19450,949815156,GU-066-F,19291000501,TRILLO,1106,192910005,TRILLO,1106,19291,TRILLO,GUADALAJARA,CIFUENTES,GUADALAJARA, ,5,GUADALAJARA,5-01,555,"534549,7083","4505529,0526","40.6999419978406, -2.59104003369133",40.6999419978406,-2.59104003369133,"CALLE DE LA FUENTE, 3"
-3.46526603769421,40.842152974683,150,1748,461,891,MARIA DOLORES PEREZ TORRALBA,19187,949856096,GU-089-F,19293000201,UCEDA,775,192930002,UCEDA,775,19293,UCEDA,GUADALAJARA,"CASAR,EL",GUADALAJARA, ,5,GUADALAJARA,5-04,545,"460777,1491","4521338,9345","40.8421529756165, -3.46526603769421",40.8421529756165,-3.46526603769421,"CALLE NORTE, 2-BIS"
-3.38678604866179,40.9068579844831,151,1749,462,892,LAURA AUÑON MORENO,19184,949850663,GU-047-F,19305000201,VALDEPEÑAS DE LA SIERRA,123,193050002,VALDEPEÑAS DE LA SIERRA,123,19305,VALDEPEÑAS DE LA SIERRA,GUADALAJARA,"CASAR,EL",GUADALAJARA, ,5,GUADALAJARA,5-04,545,"467424,9158","4528489,4991","40.9068579854169, -3.38678604866179",40.9068579854169,-3.38678604866179,"CALLE OLMO, S/N"
-3.29821715662911,40.5831837403317,152,1750,463,893,RAQUEL SAN MARTIN URSA,19209,949264921,GU-074-F,19319000101,VILLANUEVA DE LA TORRE,6559,193190001,VILLANUEVA DE LA TORRE,6559,19319,VILLANUEVA DE LA TORRE,GUADALAJARA,AZUQUECA DE HENARES,GUADALAJARA, ,5,GUADALAJARA,5-04,530,"474762,1308","4492530,9086","40.583183741264, -3.29821715662912",40.583183741264,-3.29821715662912,"AVDA. PICO OCEJON, 2 (CC VAL G"
-1.74129196625403,38.4614019888733,153,1751,464,1237,MARINA BAQUERO CANO,02409, ,AB-237-F,02037000901,MINGOGIL,261,020370009,MINGOGIL,261,02037,HELLÍN,ALBACETE,HELLIN,ALBACETE, ,1,HELLIN,1-06,85,"609817,2308","4257760,8951","38.4614019897924, -1.74129196625403",38.4614019897924,-1.74129196625403,"PLAZA DE LA IGLESIA, 4"
-3.93570511988024,38.9722492632103,154,1752,465,1238,PILAR ALVAREZ BALLESTEROS,13005, ,CR-304-F,13034000201,CIUDAD REAL,73105,130340002,CIUDAD REAL,73802,13034,CIUDAD REAL,CIUDAD REAL,CIUDAD REAL,CIUDAD REAL, ,3,CIUDAD REAL,3-02,216,"418943,2514","4314113,3639","38.9722492641331, -3.93570511988024",38.9722492641331,-3.93570511988024,"DIEGO DE MAZARIEGOS, 1"
-3.3729560464779,39.0017080016429,155,1753,466,1239,ALFREDO SERRANO DUQUE,13200,926476082,CR-311-F,13053000301,MANZANARES,17728,130530003,MANZANARES,17728,13053,MANZANARES,CIUDAD REAL,MANZANARES,LA MANCHA-CENTRO, ,2,MANZANARES,2-02,255,"467705,8105","4317032,2706","39.0017080025658, -3.3729560464779",39.0017080025658,-3.3729560464779,"CARRILEJOS, 40"
-4.07592099030385,38.7196890110655,156,1754,467,1240,MARIA L CARMEN MORENO PIZARRO,13440,926735119,CR-310-F,13020000102,RESIDENCIAL LOS ENCINARES,749,130200001,ARGAMASILLA DE CALATRAVA,5849,13020,ARGAMASILLA DE CALATRAVA,CIUDAD REAL,ARGAMASILLA DE CALATRAVA,PUERTOLLANO, ,8,PUERTOLLANO,8-01,190,"406466,4234","4286220,2823","38.7196890119865, -4.07592099030385",38.7196890119865,-4.07592099030385,"CASTAÑO, 6"
-4.25793398074673,39.2544270340558,157,1755,468,1241,MARTA PANIAGUA DE MIGUEL,13194,926783296,CR-307-F,13065000501,TORNO (EL),477,130650005,TORNO (EL),477,13065,PORZUNA,CIUDAD REAL,PORZUNA,CIUDAD REAL, ,3,CIUDAD REAL,3-02,280,"391462,7139","4345765,2321","39.2544270349804, -4.25793398074673",39.2544270349804,-4.25793398074673,"VELAZQUEZ, 12"
-3.14954404514767,40.6386789952569,158,1756,469,1242,ANA Mª COLLADO PRIETO,19002,925805113,GU-127-F,19130000101,GUADALAJARA,85629,191300001,GUADALAJARA,85629,19130,GUADALAJARA,GUADALAJARA,GUADALAJARA,GUADALAJARA, ,5,GUADALAJARA,5-04,580,"487354,6844","4498659,011","40.6386789961894, -3.14954404514767",40.6386789961894,-3.14954404514767,"CALLE ALCARRIA, 8"
-4.03077095755468,39.8036160186995,159,1757,470,1243,JOSÉ IGNACIO MARTÍN DE LA ROSA,45111,925254089,TO-352-F,45052000107,SECTOR 2,807,450520001,COBISA,3548,45052,COBISA,TOLEDO,TOLEDO,TOLEDO, ,7,TOLEDO,7-04,850,"411761,2944","4406469,026","39.8036160196276, -4.03077095755468",39.8036160196276,-4.03077095755468,"CALLE GARCILASO DE LA VEGA, 42"
-3.64720497658668,40.1086830160715,160,1758,471,1244,MARIA YOLANDA AMADOR REDONDO,45224,915491223,TO-360-F,45161000402,URBANIZACION VALLE GRANDE,1657,451610004,SESEÑA NUEVO,5465,45161,SESEÑA,TOLEDO,SESEÑA,TOLEDO, ,7,TOLEDO,7-03,807,"444842,2612","4440020,7866","40.1086830170013, -3.64720497658668",40.1086830170013,-3.64720497658668,"AVENIDA FYOMA, 14"
-3.18367202065951,40.6376579970025,161,1759,472,1245,Mª  INMACULADA CORTES SAAVEDRA,19004, ,GU-128-F,19130000101,GUADALAJARA,85629,191300001,GUADALAJARA,85629,19130,GUADALAJARA,GUADALAJARA,GUADALAJARA,GUADALAJARA, ,5,GUADALAJARA,5-04,586,"484468,6142","4498551,1429","40.637657997935, -3.18367202065951",40.637657997935,-3.18367202065951,"CALLE JOSE MARIA ALONSO GAMO, 50"
-2.02791303980775,38.8510189941785,162,1760,473,1246,ANTONIO FERNANDO CUEVAS MARTINEZ,02328, ,AB-243-F,02003000401,ARGAMASON,218,020030004,ARGAMASON,218,02003,ALBACETE,ALBACETE,ALBACETE,ALBACETE, ,1,ALBACETE,1-01,20,"584351,8207","4300693,1064","38.8510189951005, -2.02791303980775",38.8510189951005,-2.02791303980775,"CALLE VICTORIA, 43"
-2.15224203471527,40.5282069937898,163,1761,474,1247,"ENRIQUE TORMO Y JUAN JOSÉ SERRA, C.B",16891, ,CU-134-F,16053000301,PUENTE DE VADILLOS,131,160530003,PUENTE DE VADILLOS,131,16053,CAÑIZARES,CUENCA,BETETA,CUENCA, ,4,CUENCA,4-05,350,"571804,1195","4486730,9189","40.5282069947218, -2.15224203471527",40.5282069947218,-2.15224203471527,"CALLE CANALEJAS, 17"
-3.26061597771916,40.5679339608835,164,1762,475,1248,CARLOS GUILLEN LOPEZ,19200,949883330,GU-136-F,19046000101,AZUQUECA DE HENARES,35182,190460001,AZUQUECA DE HENARES,35182,19046,AZUQUECA DE HENARES,GUADALAJARA,AZUQUECA DE HENARES,GUADALAJARA, ,5,GUADALAJARA,5-04,530,"477939,2826","4490828,0649","40.5679339618157, -3.26061597771917",40.5679339618157,-3.26061597771917,"CALLE BULEVAR DE LAS ACACIAS, 57"
-3.44730903203326,40.6978299824847,165,1763,476,1249,ANGEL CAMINO FRIO,19170,926532389,GU-135-F,19071000701,ARENALES (LOS),1506,190710007,ARENALES (LOS),1506,19071,EL CASAR,GUADALAJARA,"CASAR,EL",GUADALAJARA, ,5,GUADALAJARA,5-04,545,"462209,2873","4505310,3971","40.6978299834175, -3.44730903203326",40.6978299834175,-3.44730903203326,"CALLE CENTRO COMERCIAL ARENALES, LOCAL 4"
-3.15184797939688,40.4401880211027,166,1764,477,1250,RAQUEL BATANERO HERNAN,19141, ,GU-138-F,19160000301,URBANIZACION MONTEJARAL,679,191600003,URBANIZACION MONTEJARAL,679,19160,LORANCA DE TAJUÑA,GUADALAJARA,GUADALAJARA,GUADALAJARA, ,5,GUADALAJARA,5-04,587,"487121,9125","4476626,7156","40.4401880220342, -3.15184797939688",40.4401880220342,-3.15184797939688,"CALLE VIÑAS (PARCELA 186), 2"
-3.33505096609406,40.652544970902,167,1765,478,1251,JORGE VIZUETE ZORITA,19174, ,GU-134-F,19280000301,SEÑORIO DE MURIEL,939,192800003,SEÑORIO DE MURIEL,939,19280,TORREJÓN DEL REY,GUADALAJARA,CABANILLAS DEL CAMPO,GUADALAJARA, ,5,GUADALAJARA,5-04,536,"471674,222","4500241,3789","40.6525449718347, -3.33505096609406",40.6525449718347,-3.33505096609406,"CALLE FORMENTERA, RU - 3.21"
-4.51420495796707,40.0677829887583,168,1766,479,1252,JOSE MANUEL MARTIN DIAZ,45542, ,TO-379-F,45040000301,CERRO ALBERCHE,454,450400003,CERRO ALBERCHE,454,45040,EL CASAR DE ESCALONA,TOLEDO,SANTA OLALLA,TALAVERA DE LA REINA, ,6,TALAVERA,6-03,805,"370873,2035","4436378,9679","40.0677829896878, -4.51420495796707",40.0677829896878,-4.51420495796707,"CALLE SALAMANCA, S/N"
-4.78962598387582,39.9949950126441,169,1767,480,1253,CLAUDIA SOLANO SOTO,45638,92800832,TO-371-F,45132000802,PRADO DEL ARCA,818,451320008,ESPINOSILLO (EL),1138,45132,PEPINO,TOLEDO,TALAVERA,TALAVERA DE LA REINA, ,6,TALAVERA,6-01,818,"347222,5389","4428735,5137","39.9949950135733, -4.78962598387582",39.9949950135733,-4.78962598387582,"AVENIDA ISAAC ALBENIZ S/N, S/N"
-3.88297304208388,40.1863319858505,170,1768,481,1254,CARLOS MARTIN VALENTIN,45217, ,TO-374-F,45176000405,LLANO (EL),835,451760004,PENDON PRADILLO TOPO,903,45176,UGENA,TOLEDO,ILLESCAS,TOLEDO, ,7,TOLEDO,7-03,720,"424834,4456","4448812,3271","40.1863319867807, -3.88297304208388",40.1863319867807,-3.88297304208388,"CALLE SERRANILLOS, 2"
-2.14202495958214,40.0606209540717,171,1769,482,1189,"FARMACIA GUAITA, C.B.",16003,969235386,CU-183-F,16078000301,CUENCA,52682,160780003,CUENCA,52682,16078,CUENCA,CUENCA,CUENCA,CUENCA, ,4,CUENCA,4-03,385,"573172,1628","4434838,2015","40.0606209550012, -2.14202495958214",40.0606209550012,-2.14202495958214,"CALLE GUARDIA CIVIL, 12"
-1.93022495945757,39.3485039680975,172,1770,483,1190,FEDERICO LEON ALARCON,16220, ,CU-182-F,16175000101,QUINTANAR DEL REY,7632,161750001,QUINTANAR DEL REY,7632,16175,QUINTANAR DEL REY,CUENCA,QUINTANAR DEL REY,ALBACETE, ,1,ALBACETE,1-09,450,"592178,6195","4355997,2494","39.3485039690228, -1.93022495945757",39.3485039690228,-1.93022495945757,"CALLE LARGA, 134"
-3.24867897966117,40.5972339841139,173,1771,484,1191,PABLO PEDROSA GALAN,19208,949314191,GU-132-F,19024000101,ALOVERA,13142,190240001,ALOVERA,13142,19024,ALOVERA,GUADALAJARA,AZUQUECA DE HENARES,GUADALAJARA, ,5,GUADALAJARA,5-04,530,"478958,9142","4494077,4935","40.5972339850462, -3.24867897966117",40.5972339850462,-3.24867897966117,"CALLE MAYOR, 7"
-3.27042997931797,40.5619930388803,174,1772,485,1192,MARIA OLGA UTRILLA FERNANDEZ,19200,949265056,GU-142-F,19046000101,AZUQUECA DE HENARES,35182,190460001,AZUQUECA DE HENARES,35182,19046,AZUQUECA DE HENARES,GUADALAJARA,AZUQUECA DE HENARES,GUADALAJARA, ,5,GUADALAJARA,5-04,530,"477106,5183","4490171,1187","40.5619930398125, -3.27042997931797",40.5619930398125,-3.27042997931797,"CALLE MOLINA DE ARAGON, 1"
-3.27171099524986,40.5671850418431,175,1773,486,1193,LAURA GONZÁLEZ SANTIAGO,19200, ,GU-140-F,19046000101,AZUQUECA DE HENARES,35182,190460001,AZUQUECA DE HENARES,35182,19046,AZUQUECA DE HENARES,GUADALAJARA,AZUQUECA DE HENARES,GUADALAJARA, ,5,GUADALAJARA,5-04,530,"476999,85","4490747,7713","40.5671850427753, -3.27171099524986",40.5671850427753,-3.27171099524986,"AVENIDA EUROPA 11, ESQ C/ HOLA"
-3.23323696537167,40.634455003038,176,1774,487,1194,PEDRO MERINO CAMPOS,19171, ,GU-141-F,19058000101,CABANILLAS DEL CAMPO,10333,190580001,CABANILLAS DEL CAMPO,10333,19058,CABANILLAS DEL CAMPO,GUADALAJARA,CABANILLAS DEL CAMPO,GUADALAJARA, ,5,GUADALAJARA,5-04,536,"480276,4352","4498205,5333","40.6344550039706, -3.23323696537167",40.6344550039706,-3.23323696537167,"CALLE BENALAQUE, 16, LOC - Pª"
-3.23679398589346,40.6264149858403,177,1775,488,1195,EMILIO PALA SOTERAS,19171, ,GU-145-F,19058000101,CABANILLAS DEL CAMPO,10333,190580001,CABANILLAS DEL CAMPO,10333,19058,CABANILLAS DEL CAMPO,GUADALAJARA,CABANILLAS DEL CAMPO,GUADALAJARA, ,5,GUADALAJARA,5-04,536,"479973,2355","4497313,8748","40.6264149867729, -3.23679398589347",40.6264149867729,-3.23679398589347,"CALLE MIGUEL DE CERVANTES, 5"
-3.2302289623452,40.641371990117,178,1776,489,1196,"FARMACIA CABANILLAS, C.B.",19171,949324938,GU-146-F,19058000101,CABANILLAS DEL CAMPO,10333,190580001,CABANILLAS DEL CAMPO,10333,19058,CABANILLAS DEL CAMPO,GUADALAJARA,CABANILLAS DEL CAMPO,GUADALAJARA, ,5,GUADALAJARA,5-04,536,"480532,815","4498972,6671","40.6413719910495, -3.2302289623452",40.6413719910495,-3.2302289623452,"CALLE VIRGEN DE LA ESPERANZA, 2"
-3.16004059433075,40.6293236415942,179,1777,490,1197,MARIA PILAR ESCUDERO BALLESTEROS,19002, ,GU-139-F,19130000101,GUADALAJARA,85629,191300001,GUADALAJARA,85629,19130,GUADALAJARA,GUADALAJARA,GUADALAJARA,GUADALAJARA, ,5,GUADALAJARA,5-04,570,"486465,2159","4497622,1052","40.6293236425267, -3.16004059433075",40.6293236425267,-3.16004059433075,"CALLE FERIAL, 6"
-3.16631600029343,40.6225430238507,180,1778,491,1198,MARÍA SOLEDAD JIMÉNEZ DEL RÍO,19002, ,GU-143-F,19130000101,GUADALAJARA,85629,191300001,GUADALAJARA,85629,19130,GUADALAJARA,GUADALAJARA,GUADALAJARA,GUADALAJARA, ,5,GUADALAJARA,5-04,570,"485933,0761","4496870,425","40.6225430247832, -3.16631600029343",40.6225430247832,-3.16631600029343,"AVDA EDUARDO GUITIAN, 13-19"
-3.1539699984229,40.6468740165084,181,1779,492,1199,MARIA PILAR VALDIVIESO ROMERO,19005, ,GU-137-F,19130000101,GUADALAJARA,85629,191300001,GUADALAJARA,85629,19130,GUADALAJARA,GUADALAJARA,GUADALAJARA,GUADALAJARA, ,5,GUADALAJARA,5-04,580,"486982,0217","4499569,3257","40.646874017441, -3.1539699984229",40.646874017441,-3.1539699984229,"CALLE BULEVAR CLARA DE CAMPOAMOR, 18"
-3.17796896451867,40.6352200035518,182,1780,493,1200,AURORA TURIENZO FARIÑAS,19004, ,GU-147-F,19130000101,GUADALAJARA,85629,191300001,GUADALAJARA,85629,19130,GUADALAJARA,GUADALAJARA,GUADALAJARA,GUADALAJARA, ,5,GUADALAJARA,5-04,575,"484950,3199","4498279,5282","40.6352200044843, -3.17796896451867",40.6352200044843,-3.17796896451867,"AVENIDA PEDRO SANZ VAZQUEZ, 33"
-3.24734204438654,40.7886420268551,183,1781,494,1201,MARIA AMPARO LINARES LLEDO,19219, ,GU-148-F,19166000101,MALAGA DEL FRESNO,174,191660001,MALAGA DEL FRESNO,174,19166,MÁLAGA DEL FRESNO,GUADALAJARA,YUNQUERA DE HENARES,GUADALAJARA, ,5,GUADALAJARA,5-04,650,"479131,8378","4515324,1788","40.7886420277884, -3.24734204438654",40.7886420277884,-3.24734204438654,"CALLE CASTILLA, 12"
-3.27909999397467,40.6102020422362,184,1782,495,1202,JUAN IGNACIO CARRASCO GONZALEZ,19209, ,GU-133-F,19230000101,QUER,945,192300001,QUER,945,19230,QUER,GUADALAJARA,AZUQUECA DE HENARES,GUADALAJARA, ,5,GUADALAJARA,5-04,530,"476389,5091","4495524,689","40.6102020431686, -3.27909999397467",40.6102020431686,-3.27909999397467,CALLE PAEZ DE CASTRO (URB. MIR
-3.31603803439084,40.6376770431567,185,1783,496,1203,CRISTINA CUBILLO SÁINZ,19173, ,GU-144-F,19300000201,VALDEAVERUELO,398,193000002,VALDEAVERUELO,398,19300,VALDEAVERUELO,GUADALAJARA,CABANILLAS DEL CAMPO,GUADALAJARA, ,5,GUADALAJARA,5-04,536,"473275,6804","4498585,046","40.6376770440892, -3.31603803439084",40.6376770440892,-3.31603803439084,"CALLE DONANTES DE SANGRE, 11"
-3.10945996137552,40.5335079824303,186,1784,497,1204,MARINA CRISTINA ATUCHA MEÑACA,19141, ,GU-131-F,19326000201,YEBES,727,193260002,YEBES,727,19326,YEBES,GUADALAJARA,HORCHE,GUADALAJARA, ,5,GUADALAJARA,5-01,595,"490729,6508","4486979,8782","40.5335079833623, -3.10945996137552",40.5335079833623,-3.10945996137552,"CALLE ARREÑAS, 9"
-4.57090703119678,39.9461199990229,187,1785,498,1205,CLARA CABRERA PASCUAL,45680,925866403,TO-376-F,45046000101,CEBOLLA,3201,450460001,CEBOLLA,3201,45046,CEBOLLA,TOLEDO,CEBOLLA,TALAVERA DE LA REINA, ,6,TALAVERA,6-03,690,"365799,5273","4422958,4796","39.9461199999518, -4.57090703119678",39.9461199999518,-4.57090703119678,"PLAZA DEL AYUNTAMIENTO, 5"
-4.2004249938501,40.0555039661802,188,1786,499,1206,LAURA GARCIA BENITO,45510, ,TO-366-F,45066000101,FUENSALIDA,11866,450660001,FUENSALIDA,12004,45066,FUENSALIDA,TOLEDO,FUENSALIDA,TOLEDO, ,7,TOLEDO,7-06,715,"397613,7921","4434607,9284","40.0555039671096, -4.2004249938501",40.0555039671096,-4.2004249938501,"CALLE MERIDA, 20"
-4.20469803349664,40.0519119890016,189,1787,500,1207,ROSA MARIA HERNANDEZ MORENO,45510, ,TO-369-F,45066000101,FUENSALIDA,11866,450660001,FUENSALIDA,12004,45066,FUENSALIDA,TOLEDO,FUENSALIDA,TOLEDO, ,7,TOLEDO,7-06,715,"397243,933","4434214,1585","40.0519119899311, -4.20469803349664",40.0519119899311,-4.20469803349664,"AVENIDA SAN CRISPIN, 59 - LOCA"
-3.85282695900083,40.1219349775581,190,1788,501,1208,ROCIO LUMBRERAS SANCHEZ,45200, ,TO-384-F,45081000101,ILLESCAS,20730,450810001,ILLESCAS,20771,45081,ILLESCAS,TOLEDO,ILLESCAS,TOLEDO, ,7,TOLEDO,7-03,720,"427332,1366","4441639,4771","40.121934978488, -3.85282695900083",40.121934978488,-3.85282695900083,"CALLE BOQUERON, 41"
-3.53252399249084,39.4716139590411,191,1789,502,1209,DAVID ANDALUZ GARCIA,45710,925145437,TO-377-F,45087000101,MADRIDEJOS,10202,450870001,MADRIDEJOS,10202,45087,MADRIDEJOS,TOLEDO,MADRIDEJOS,LA MANCHA-CENTRO, ,2,ALCAZAR DE SAN,2-03,725,"454195,3657","4369249,5319","39.4716139599672, -3.53252399249084",39.4716139599672,-3.53252399249084,"AVENIDA CONSTITUCION, 76"
-3.76947998775683,39.6850949846569,192,1790,503,1210,MARIA ISABEL GARCIA-BRIOLES MARTIN-ORTEGA,45400, ,TO-368-F,45106000101,MORA,9796,451060001,MORA,9796,45106,MORA,TOLEDO,MORA,TOLEDO, ,7,TOLEDO,7-01,735,"434016,3252","4393089,7393","39.6850949855842, -3.76947998775683",39.6850949855842,-3.76947998775683,"CALLE CASTILLO, 10"
-1.86651400682896,38.9993090052951,193,1791,504,265,PEDRO MANUEL CARMONA GARCIA,02005, ,AB-206-F,02003000201,ALBACETE,165263,020030002,ALBACETE,165785,02003,ALBACETE,ALBACETE,ALBACETE,ALBACETE, ,1,ALBACETE,1-01,26,"598152,8409","4317310,9338","38.999309006218, -1.86651400682896",38.999309006218,-1.86651400682896,"CALLE LOPE DE VEGA, 20"
-4.71092700215197,39.7615679652672,194,1792,505,1069,MIGUEL ANGEL FARRACES JIMENEZ,45653,925703036,TO-217-F,45155000101,SANTA ANA DE PUSA,358,451550001,SANTA ANA DE PUSA,358,45155,SANTA ANA DE PUSA,TOLEDO,"NAVALMORALES,LOS",TALAVERA DE LA REINA, ,6,TALAVERA,6-02,750,"353445,0921","4402693,9044","39.761567966195, -4.71092700215197",39.761567966195,-4.71092700215197,"PASEO DEL PRADO, S/N"
-3.18949284695731,39.98275504122,195,1793,506,1070,ELENA ELSO ROLDAN,45370,925143027,TO-105-F,45156000101,SANTA CRUZ DE LA ZARZA,4097,451560001,SANTA CRUZ DE LA ZARZA,4097,45156,SANTA CRUZ DE LA ZARZA,TOLEDO,SANTA CRUZ DE LA ZARZA,TOLEDO, ,7,TOLEDO,7-02,800,"483820,8741","4425860,3911","39.9827550421491, -3.18949284695731",39.9827550421491,-3.18949284695731,"CALLE CAVA, 23"
-3.18770099581658,39.9842329948725,196,1794,507,1071,HELENA MAÍZ GREGORES Y LOUIS PAUL PIAT,45370,925143291,TO-104-F,45156000101,SANTA CRUZ DE LA ZARZA,4097,451560001,SANTA CRUZ DE LA ZARZA,4097,45156,SANTA CRUZ DE LA ZARZA,TOLEDO,SANTA CRUZ DE LA ZARZA,TOLEDO, ,7,TOLEDO,7-02,800,"483974,2099","4426024,1056","39.9842329958016, -3.18770099581658",39.9842329958016,-3.18770099581658,"CALLE EMPEDRADA, 1"
-4.24070198456456,40.118481012621,197,1795,508,1072,ESTHER RODRIGUEZ RICO,45513,925794002,TO-106-F,45157000301,SANTA CRUZ DEL RETAMAR,2369,451570003,SANTA CRUZ DEL RETAMAR,2369,45157,SANTA CRUZ DEL RETAMAR,TOLEDO,FUENSALIDA,TOLEDO, ,7,TOLEDO,7-06,715,"394275,8991","4441645,256","40.1184810135508, -4.24070198456456",40.1184810135508,-4.24070198456456,"PLAZA DE ESPAÑA, 5"
-3.21939204450847,39.617882008585,198,1796,541,1105,ALFREDO CARPINTERO ANGULO,45850,925195033,TO-140-F,45186000101,VILLA DE DON FADRIQUE (LA),3572,451860001,VILLA DE DON FADRIQUE (LA),3572,45186,LA VILLA DE DON FADRIQUE,TOLEDO,VILLACAÑAS,LA MANCHA-CENTRO, ,2,ALCAZAR DE SAN,2-03,865,"481168,784","4385370,2506","39.6178820095119, -3.21939204450847",39.6178820095119,-3.21939204450847,"CALLE CONSTITUCION, 43"
-3.2168450001889,39.6179120141758,199,1797,542,1106,FRANCISCO CARRION GARCIA-MOLERO,45850,925195007,TO-139-F,45186000101,VILLA DE DON FADRIQUE (LA),3572,451860001,VILLA DE DON FADRIQUE (LA),3572,45186,LA VILLA DE DON FADRIQUE,TOLEDO,VILLACAÑAS,LA MANCHA-CENTRO, ,2,ALCAZAR DE SAN,2-03,865,"481387,4143","4385373,05","39.6179120151028, -3.2168450001889",39.6179120151028,-3.2168450001889,"CALLE POZO MENERO, 18"
-3.3629409681059,39.4274669780475,200,1798,543,1107,MANUEL FERNANDEZ MAZARAMBROZ FERNANDEZ-MONTES,45730,926578040,TO-144-F,45187000101,VILLAFRANCA DE LOS CABALLEROS,4830,451870001,VILLAFRANCA DE LOS CABALLEROS,4884,45187,VILLAFRANCA DE LOS CABALLEROS,TOLEDO,VILLAFRANCA DE LOS CABALLEROS,LA MANCHA-CENTRO, ,2,ALCAZAR DE SAN,2-03,870,"468762,2433","4364277,6339","39.4274669789732, -3.3629409681059",39.4274669789732,-3.3629409681059,"PLAZA DE ESPAÑA, 17"
-3.36429898145934,39.4284549650347,201,1799,544,1108,Mª PAZ GARCIA-TENORIO BALMASEDA,45730,926578032,TO-143-F,45187000101,VILLAFRANCA DE LOS CABALLEROS,4830,451870001,VILLAFRANCA DE LOS CABALLEROS,4884,45187,VILLAFRANCA DE LOS CABALLEROS,TOLEDO,VILLAFRANCA DE LOS CABALLEROS,LA MANCHA-CENTRO, ,2,ALCAZAR DE SAN,2-03,870,"468645,8037","4364387,7515","39.4284549659605, -3.36429898145934",39.4284549659605,-3.36429898145934,"CALLE DEL SANTO, 23"
-3.35518201032908,39.4253040346716,202,1800,545,1109,FLORENTINA GONZALEZ OLIVER,45730, ,TO-319-F,45187000101,VILLAFRANCA DE LOS CABALLEROS,4830,451870001,VILLAFRANCA DE LOS CABALLEROS,4884,45187,VILLAFRANCA DE LOS CABALLEROS,TOLEDO,VILLAFRANCA DE LOS CABALLEROS,LA MANCHA-CENTRO, ,2,ALCAZAR DE SAN,2-03,870,"469429,1012","4364034,9333","39.4253040355973, -3.35518201032908",39.4253040355973,-3.35518201032908,"CALLE BRUNETE, 22"
-3.91359593986273,40.0264067929563,203,1801,546,1110,MARIA TERESA CARMONA CABEZA,45520,925531175,TO-145-F,45188000101,VILLALUENGA DE LA SAGRA,3776,451880001,VILLALUENGA DE LA SAGRA,3776,45188,VILLALUENGA DE LA SAGRA,TOLEDO,VILLALUENGA DE LA SAGRA,TOLEDO, ,7,TOLEDO,7-03,875,"422045,1953","4431087,8546","40.0264067938856, -3.91359593986273",40.0264067938856,-3.91359593986273,"GLORIETA JUAN PALAREA, 2"
-4.12541502538268,39.9832609774285,204,1802,547,1111,PILAR GARCIA BRAVO,45594,925703022,TO-244-F,45189000101,VILLAMIEL DE TOLEDO,1021,451890001,VILLAMIEL DE TOLEDO,1021,45189,VILLAMIEL DE TOLEDO,TOLEDO,FUENSALIDA,TOLEDO, ,7,TOLEDO,7-06,715,"403910,3683","4426505,7875","39.9832609783576, -4.12541502538268",39.9832609783576,-4.12541502538268,"CALLE CONSTITUCION, 2"
-3.87278404443067,39.7112020308018,205,1803,548,1112,GEMA MARIA LOPEZ DIAZ-GUERRA,45440,925345062,TO-214-F,45190000101,VILLAMINAYA,508,451900001,VILLAMINAYA,508,45190,VILLAMINAYA,TOLEDO,MORA,TOLEDO, ,7,TOLEDO,7-01,735,"425185,9742","4396068,353","39.7112020317293, -3.87278404443067",39.7112020317293,-3.87278404443067,"CALLE ORGAZ, 27"
-3.73653598631277,39.8186779903347,206,1804,549,1113,RAQUES DIAZ-RONCERO SANCHEZ-PASCUALA,45749,925346613,TO-207-F,45191000101,VILLAMUELAS,610,451910001,VILLAMUELAS,610,45191,VILLAMUELAS,TOLEDO,YEPES,TOLEDO, ,7,TOLEDO,7-02,890,"436963,2167","4407892,0263","39.8186779912629, -3.73653598631277",39.8186779912629,-3.73653598631277,"CALLE LA LECHUGA, 47"
-3.01249104570425,39.6724910393781,207,1805,550,1114,MERCEDES LOPEZ SEVILLA,45810,925166269,TO-146-F,45192000101,VILLANUEVA DE ALCARDETE,3062,451920001,VILLANUEVA DE ALCARDETE,3062,45192,VILLANUEVA DE ALCARDETE,TOLEDO,QUINTANAR DE LA ORDEN,LA MANCHA-CENTRO, ,2,ALCAZAR DE SAN,2-03,795,"498928,6917","4391408,0316","39.6724910403054, -3.01249104570425",39.6724910403054,-3.01249104570425,"CALLE MIGUEL MORLAN, 5"
-3.65806695511433,39.7244860310519,208,1806,551,1115,MERCEDES VILLAMUELAS DONAIRE,45410,925313208,TO-209-F,45193000101,VILLANUEVA DE BOGAS,699,451930001,VILLANUEVA DE BOGAS,699,45193,VILLANUEVA DE BOGAS,TOLEDO,MORA,TOLEDO, ,7,TOLEDO,7-01,735,"443602,2676","4397385,5849","39.7244860319794, -3.65806695511433",39.7244860319794,-3.65806695511433,"CALLE LA FUENTE, 2"
-3.36873704292039,39.9829939570272,209,1807,552,1116,ANA MARIA HORNILLOS BRAOJOS,45360, ,TO-298-F,45195000101,VILLARRUBIA DE SANTIAGO,2509,451950001,VILLARRUBIA DE SANTIAGO,2509,45195,VILLARRUBIA DE SANTIAGO,TOLEDO,NOBLEJAS,TOLEDO, ,7,TOLEDO,7-02,760,"468516,8717","4425934,8138","39.9829939579563, -3.36873704292039",39.9829939579563,-3.36873704292039,"CALLE PICASSO, 4"
-3.36655499451003,39.9833569623048,210,1808,553,1117,FERNANDO SANCHEZ-ESCRIBANO GARCIA-TIZON,45360,925150290,TO-147-F,45195000101,VILLARRUBIA DE SANTIAGO,2509,451950001,VILLARRUBIA DE SANTIAGO,2509,45195,VILLARRUBIA DE SANTIAGO,TOLEDO,NOBLEJAS,TOLEDO, ,7,TOLEDO,7-02,760,"468703,3432","4425974,3357","39.9833569632338, -3.36655499451003",39.9833569632338,-3.36655499451003,"CALLE HONDA, 14"
-3.86856397699136,39.5802600000931,211,1809,554,1124,JUAN HERNANDEZ MARTINEZ,45470, ,TO-328-F,45200000501,YEBENES (LOS),5624,452000005,YEBENES (LOS),5624,45200,LOS YÉBENES,TOLEDO,"YEBENES,LOS",TOLEDO, ,7,TOLEDO,7-01,885,"425407,1442","4381532,1318","39.5802600010198, -3.86856397699136",39.5802600010198,-3.86856397699136,"CALLE SAN SEBASTIAN, 8, S/N"
-3.80352297111124,40.1202549920256,212,1810,555,1125,Mª LUZ RODRIGUEZ GOMEZ,45220,925545307,TO-211-F,45201000101,YELES,3868,452010001,YELES,3868,45201,YELES,TOLEDO,ESQUIVIAS,TOLEDO, ,7,TOLEDO,7-03,710,"431531,6049","4441413,8731","40.1202549929555, -3.80352297111124",40.1202549929555,-3.80352297111124,"PLAZA DE ESPAÑA, 7"
-3.62262496296245,39.9036539696925,213,1811,556,1126,"Dolores y Elena Rodríguez García-Bravo, C.B.",45313,925154403,TO-220-F,45202000101,YEPES,5268,452020001,YEPES,5268,45202,YEPES,TOLEDO,YEPES,TOLEDO, ,7,TOLEDO,7-02,890,"446778,1133","4417249,3517","39.9036539706211, -3.62262496296245",39.9036539706211,-3.62262496296245,"CALLE VIRGEN DE LAS NIEVES, S/"
-3.62435295463498,39.9003190055494,214,1812,557,1127,MARIA MARTINEZ PEREZ,45313,925154004,TO-153-F,45202000101,YEPES,5268,452020001,YEPES,5268,45202,YEPES,TOLEDO,YEPES,TOLEDO, ,7,TOLEDO,7-02,890,"446627,8163","4416880,2368","39.900319006478, -3.62435295463498",39.900319006478,-3.62435295463498,"CALLE ANCHA,21"
-3.90313095228538,40.0413220285294,215,1813,558,1128,AGUSTIN ALONSO MATEOS,45529,925531220,TO-154-F,45203000101,YUNCLER,4450,452030001,YUNCLER,4450,45203,YUNCLER,TOLEDO,VILLALUENGA DE LA SAGRA,TOLEDO, ,7,TOLEDO,7-03,875,"422954,9456","4432734,2398","40.0413220294588, -3.90313095228538",40.0413220294588,-3.90313095228538,"CALLE VILLALUENGA, 22"
-3.98986019544614,40.022245447968,216,1814,559,1129,ROSA RAQUEL MARTIN GARCIA,45591,925356032,TO-221-F,45204000101,YUNCLILLOS,806,452040001,YUNCLILLOS,806,45204,YUNCLILLOS,TOLEDO,VILLALUENGA DE LA SAGRA,TOLEDO, ,7,TOLEDO,7-03,875,"415532,5202","4430695,499","40.0222454488972, -3.98986019544614",40.0222454488972,-3.98986019544614,"CALLE REAL, 28"
-3.87408095342963,40.0871069684069,217,1815,560,1130,MIRIAM LOPEZ PASCUAS,45210,925537200,TO-178-F,45205000101,YUNCOS,9788,452050001,YUNCOS,9788,45205,YUNCOS,TOLEDO,ILLESCAS,TOLEDO, ,7,TOLEDO,7-03,720,"425483,1049","4437791,3504","40.0871069693366, -3.87408095342963",40.0871069693366,-3.87408095342963,"CALLE REAL, 61"
-3.87270396585234,40.0889510390262,218,1816,561,1131,MARÍA DOLORES MUÑOZ GARCÍA,45210, ,TO-322-F,45205000101,YUNCOS,9788,452050001,YUNCOS,9788,45205,YUNCOS,TOLEDO,ILLESCAS,TOLEDO, ,7,TOLEDO,7-03,720,"425602,5048","4437994,879","40.0889510399559, -3.87270396585234",40.0889510399559,-3.87270396585234,"CALLE REAL, 89"
-3.60829304381208,39.2212820297494,219,1817,562,1132,ARANZAZU MAGRO BELLO,13670, ,CR-268-F,13096000101,VILLARRUBIA DE LOS OJOS,9667,130960001,VILLARRUBIA DE LOS OJOS,9667,13096,VILLARRUBIA DE LOS OJOS,CIUDAD REAL,VILLARRUBIA DE LOS OJOS,CIUDAD REAL, ,3,CIUDAD REAL,3-01,335,"447491,0985","4341509,2084","39.2212820306739, -3.60829304381208",39.2212820306739,-3.60829304381208,"SERAFIN ROMEU, 30"
-3.36346204339201,38.9969610439585,220,1818,563,1133,MIGUEL IGNACIO SANCHEZ VALDIVIA,13200,926613122,CR-301-F,13053000301,MANZANARES,17728,130530003,MANZANARES,17728,13053,MANZANARES,CIUDAD REAL,MANZANARES,LA MANCHA-CENTRO, ,2,MANZANARES,2-02,256,"468525,7937","4316502,1685","38.9969610448815, -3.36346204339201",38.9969610448815,-3.36346204339201,"TRAFALGAR, 12"
-3.88591799497558,38.9642980175399,221,1819,564,1134,MONICA GOMEZ FERNANZ,13170,926241061,CR-284-F,13056000101,MIGUELTURRA,15717,130560001,MIGUELTURRA,15717,13056,MIGUELTURRA,CIUDAD REAL,MIGUELTURRA,CIUDAD REAL, ,3,CIUDAD REAL,3-01,265,"423247,6236","4313187,8631","38.9642980184626, -3.88591799497558",38.9642980184626,-3.88591799497558,"CALLE CARNAVAL, 24"
-4.82432301840391,39.9663659538621,222,1820,565,1135,CONCEPCION HERRERA CHICO,45600,925810076,TO-156-F,45165000601,TALAVERA DE LA REINA,79975,451650006,TALAVERA DE LA REINA,79975,45165,TALAVERA DE LA REINA,TOLEDO,TALAVERA,TALAVERA DE LA REINA, ,6,TALAVERA,6-01,820,"344195,2998","4425617,7583","39.9663659547911, -4.82432301840391",39.9663659547911,-4.82432301840391,"CALLE CARLOS GARCIA VERDUGO,12"
-3.94514601968233,38.8354950230116,223,1821,566,1136,LOURDES LOPEZ- IBARRA LOZANO,13428, ,CR-198-F,13022000101,BALLESTEROS DE CALATRAVA,367,130220001,BALLESTEROS DE CALATRAVA,367,13022,BALLESTEROS DE CALATRAVA,CIUDAD REAL,CORRAL DE CALATRAVA,CIUDAD REAL, ,3,CIUDAD REAL,3-01,230,"417968,1723","4298945,852","38.8354950239334, -3.94514601968233",38.8354950239334,-3.94514601968233,"DAMASO LOPEZ SANCHO, 5"
-3.23640295922077,39.1735020308463,224,1822,567,1137,SOFÍA GARCÍA SÁNCHEZ,13720, ,CR-229-F,13005000301,CINCO CASAS,585,130050003,CINCO CASAS,585,13005,ALCÁZAR DE SAN JUAN,CIUDAD REAL,ARGAMASILLA DE ALBA,LA MANCHA-CENTRO, ,2,TOMELLOSO,2-02,185,"479579,5294","4336057,1881","39.1735020317704, -3.23640295922077",39.1735020317704,-3.23640295922077,"CALLE DON QUIJOTE, 41"
-2.56856602251477,38.6197709536952,225,1823,568,1138,GENMA FELIPE GARCIA,02316, ,AB-227-F,02070000101,REOLID,133,020700001,REOLID,133,02070,SALOBRE,ALBACETE,ALCARAZ,ALBACETE, ,1,ALBACETE,1-02,30,"537557,8253","4274671,7929","38.6197709546154, -2.56856602251477",38.6197709546154,-2.56856602251477,"CALLE CRISTOBAL COLON, 13"
-1.69190897291027,38.5071960128285,226,1824,569,1139,FRANCISCO-JAVIER VALVERDE GOMEZ,02400,967176134,AB-244-F,02037000501,HELLIN,26023,020370005,HELLIN,26023,02037,HELLÍN,ALBACETE,HELLIN,ALBACETE, ,1,HELLIN,1-06,85,"614053,657","4262902,5985","38.5071960137479, -1.69190897291027",38.5071960137479,-1.69190897291027,"CALLE PABLO PICASSO, 15"
-2.12373003287788,40.0587449936164,227,1825,570,1140,"FARMACIA RUBIO YUSTE, C.B.",16004,969172142,CU-179-F,16078000301,CUENCA,52682,160780003,CUENCA,52682,16078,CUENCA,CUENCA,CUENCA,CUENCA, ,4,CUENCA,4-03,392,"574734,5111","4434645,1808","40.0587449945459, -2.12373003287788",40.0587449945459,-2.12373003287788,AVENIDA DE LA MUSICA ESPAÑOLA
-4.03217797864313,39.876872039515,228,1826,571,1141,PEDRO ESPEJO-SAAVEDRA ROCA,45005, ,TO-349-F,45168000103,TOLEDO,59391,451680001,TOLEDO,85085,45168,TOLEDO,TOLEDO,TOLEDO,TOLEDO,24 HORAS,7,TOLEDO,7-04,840,"411734,6933","4414601,1307","39.8768720404434, -4.03217797864313",39.8768720404434,-4.03217797864313,"AVENIDA DE PORTUGAL, 28"
-2.15033200039553,39.2037509671698,229,1827,572,1142,EDUARDO CABRERA OROZCO,02630,967114671,AB-229-F,02069000101,RODA (LA),15488,020690001,RODA (LA),15488,02069,LA RODA,ALBACETE,"RODA,LA",ALBACETE, ,1,ALBACETE,1-07,115,"573363,3097","4339731,2902","39.2037509680941, -2.15033200039553",39.2037509680941,-2.15033200039553,"CALLE SAN RICARDO, 13"
-2.59944101662655,39.2751790079701,230,1828,573,1147,ANTONIO MOYA CASANOVA,02600,967142277,AB-230-F,02081000301,VILLARROBLEDO,24874,020810003,VILLARROBLEDO,24874,02081,VILLARROBLEDO,ALBACETE,VILLARROBLEDO,ALBACETE, ,1,VILLARROBLEDO,1-08,135,"534550,4092","4347390,6712","39.2751790088948, -2.59944101662655",39.2751790088948,-2.59944101662655,"CALLE MOLINO ESTRADA, 39 - BAJ"
-1.69783803255943,38.503831000865,231,1829,574,1148,FERNANDO LUIS ABAD GIL,02400,967303323,AB-236-F,02037000501,HELLIN,26023,020370005,HELLIN,26023,02037,HELLÍN,ALBACETE,HELLIN,ALBACETE, ,1,HELLIN,1-06,85,"613541,9611","4262521,856","38.5038310017845, -1.69783803255944",38.5038310017845,-1.69783803255944,"AVENIDA CASTILLA LA MANCHA, 14"
-1.69996301789576,38.5169759663729,232,1830,575,1149,MARGARITA SANCHEZ TOVAR,02400,967542743,AB-228-F,02037000501,HELLIN,26023,020370005,HELLIN,26023,02037,HELLÍN,ALBACETE,HELLIN,ALBACETE, ,1,HELLIN,1-06,86,"613336,0541","4263977,9096","38.5169759672925, -1.69996301789576",38.5169759672925,-1.69996301789576,"AVENIDA LIBERTAD, 107"
-1.09282599756652,38.8724959836154,233,1831,576,1150,MARIA ELENA PALMA FEREZ,02640,967344839,AB-232-F,02009000101,ALMANSA,24224,020090001,ALMANSA,24224,02009,ALMANSA,ALBACETE,ALMANSA,ALBACETE, ,1,ALMANSA,1-03,35,"665448,0832","4304355,9608","38.8724959845375, -1.09282599756652",38.8724959845375,-1.09282599756652,"PASEO DE LAS HUERTAS, 26 - BAJ"
-3.93404799544766,38.986187955495,234,1832,577,1151,LAURA QUINTANA TIRADO,13002,926387270,CR-308-F,13034000201,CIUDAD REAL,73105,130340002,CIUDAD REAL,73802,13034,CIUDAD REAL,CIUDAD REAL,CIUDAD REAL,CIUDAD REAL, ,3,CIUDAD REAL,3-02,215,"419102,6685","4315658,7201","38.9861879564179, -3.93404799544767",38.9861879564179,-3.93404799544767,"RONDA ALARCOS, 34"
-4.83680895451752,39.9606660376661,235,1833,578,1217,PAULA DIAZ PEREZ,45600, ,TO-364-F,45165000601,TALAVERA DE LA REINA,79975,451650006,TALAVERA DE LA REINA,79975,45165,TALAVERA DE LA REINA,TOLEDO,TALAVERA,TALAVERA DE LA REINA, ,6,TALAVERA,6-01,826,"343115,8528","4425006,9626","39.9606660385951, -4.83680895451753",39.9606660385951,-4.83680895451753,"CALLE SANTO DOMINGO, 3 - BAJO"
-4.818441013543,39.9714949667409,236,1834,579,1218,ANDRES GARCIA DIAZ,45600, ,TO-378-F,45165000601,TALAVERA DE LA REINA,79975,451650006,TALAVERA DE LA REINA,79975,45165,TALAVERA DE LA REINA,TOLEDO,TALAVERA,TALAVERA DE LA REINA, ,6,TALAVERA,6-01,818,"344709,288","4426176,8145","39.9714949676699, -4.818441013543",39.9714949676699,-4.818441013543,"CALLE FRANCISCO AGUIRRE, 60"
-4.81666797200595,39.9674350314576,237,1835,580,1219,ANA MARIA GOMEZ PEREZ,45600,696599700,TO-381-F,45165000601,TALAVERA DE LA REINA,79975,451650006,TALAVERA DE LA REINA,79975,45165,TALAVERA DE LA REINA,TOLEDO,TALAVERA,TALAVERA DE LA REINA, ,6,TALAVERA,6-01,825,"344851,5288","4425723,0769","39.9674350323866, -4.81666797200595",39.9674350323866,-4.81666797200595,"CALLE ECUADOR, 6"
-4.85438602034485,39.9501479841219,238,1836,581,1220,VANESA MARTIN GONZALEZ,45600, ,TO-383-F,45165000601,TALAVERA DE LA REINA,79975,451650006,TALAVERA DE LA REINA,79975,45165,TALAVERA DE LA REINA,TOLEDO,TALAVERA,TALAVERA DE LA REINA, ,6,TALAVERA,6-01,826,"341590,2067","4423870,5339","39.9501479850508, -4.85438602034485",39.9501479850508,-4.85438602034485,"CALLE SAN SILVESTRE, 3 - LOCAL"
-3.95116696870139,39.8615679701722,239,1837,582,1221,NOELIA GARCIA RODRIGUEZ,45007, ,TO-375-F,45168000102,POLIGONO SANTA MARIA DE BENQUERENCIA,22811,451680001,TOLEDO,85085,45168,TOLEDO,TOLEDO,TOLEDO-3-STA Mª BENQUERENCIA,TOLEDO, ,7,TOLEDO,7-04,845,"418644,282","4412825,6421","39.8615679711006, -3.95116696870139",39.8615679711006,-3.95116696870139,"CALLE FRESNEDOSO, 11"
-1.32498185468481,39.7403626314582,240,1838,583,690,M. ASUNCIÓN SANCHÍS ARNAU,16313,969364036,CU-024-F,16014000101,ALIAGUILLA,634,160140001,ALIAGUILLA,634,16014,ALIAGUILLA,CUENCA,TALAYUELAS,CUENCA, ,4,CUENCA,4-02,470,"643522,8697","4400282,0853","39.7403626323859, -1.32498185468481",39.7403626323859,-1.32498185468481,"CALLE GASPAR ZAFRILLA, 14"
-2.37895400218378,39.6876280006907,241,1839,584,691,MARIA LOURDES DIAZ ALARCON,16740,969291017,CU-018-F,16015000101,ALMARCHA (LA),425,160150001,ALMARCHA (LA),425,16015,LA ALMARCHA,CUENCA,HONRUBIA,CUENCA, ,4,CUENCA,4-01,395,"553253,2622","4393272,2321","39.6876280016181, -2.37895400218378",39.6876280016181,-2.37895400218378,"CALLE DON QUIJOTE, S/N"
-2.88482996357378,39.9211299590005,242,1840,585,692,ANA Mª MARTINEZ ALEMANY,16420,969126004,CU-119-F,16016000101,ALMENDROS,234,160160001,ALMENDROS,234,16016,ALMENDROS,CUENCA,TARANCON,CUENCA, ,4,CUENCA,4-06,475,"509842,182","4419009,8233","39.9211299599292, -2.88482996357378",39.9211299599292,-2.88482996357378,"CALLE CANDELARIA, 34"
-1.85084195759606,40.35041502,243,1841,604,799,LOURDES MAQUEDA RUIZ,16150,969289197,CU-082-F,16215000101,TRAGACETE,277,162150001,TRAGACETE,277,16215,TRAGACETE,CUENCA,TRAGACETE,CUENCA, ,4,CUENCA,4-02,485,"597589,6085","4467284,7271","40.3504150209311, -1.85084195759606",40.3504150209311,-1.85084195759606,"PLAZA DE LA CONSTITUCION, 7"
-2.75548301048723,39.7006950409059,244,1842,605,800,ANA ISABEL CASTILLO LARA,16422,969122426,CU-074-F,16216000101,TRESJUNCOS,268,162160001,TRESJUNCOS,268,16216,TRESJUNCOS,CUENCA,BELMONTE,CUENCA, ,4,CUENCA,4-01,345,"520962,7503","4394566,7287","39.7006950418334, -2.75548301048723",39.7006950418334,-2.75548301048723,"CALLE HIEDRA, 20"
-2.86131092938326,39.9804173037278,245,1843,606,801,Mª JOSE PALOMAR GOMEZ,16450,969135111,CU-060-F,16218000101,UCLES,222,162180001,UCLES,222,16218,UCLÉS,CUENCA,CARRASCOSA DEL CAMPO,CUENCA, ,4,CUENCA,4-06,370,"511841,8405","4425592,9434","39.9804173046569, -2.86131092938326",39.9804173046569,-2.86131092938326,"PLAZA PELAYO QUINTERO, 8"
-2.44493463085645,40.5049800058689,246,1844,607,802,FATIMA ROJO MERTINEZ,16813,650960589,CU-061-F,16228000101,VALDEOLIVAS,218,162280001,VALDEOLIVAS,218,16228,VALDEOLIVAS,CUENCA,PRIEGO,CUENCA, ,4,CUENCA,4-05,445,"547029,4678","4483955,4764","40.5049800068008, -2.44493463085645",40.5049800068008,-2.44493463085645,"CALLE DEL PARAISO, 1"
-2.15707301440149,39.7677080046181,247,1845,608,803,BEATRIZ HERRAIZ DE LA FUNTE,16120,969208112,CU-081-F,16903000101,VALERA DE ABAJO,1428,169030001,VALERA DE ABAJO,1428,16903,VALERAS (LAS),CUENCA,VALVERDE DE JUCAR,CUENCA, ,4,CUENCA,4-04,490,"572195,6899","4402315,3214","39.767708005546, -2.15707301440149",39.767708005546,-2.15707301440149,"CALLE SAMUEL BALTES, 67"
-2.21909700838273,39.7178330048669,248,1846,609,804,RUBEN DAVID GARCIA GONZALEZ,16100,969201063,CU-064-F,16236000101,VALVERDE DE JUCAR,1091,162360001,VALVERDE DE JUCAR,1091,16236,VALVERDE DE JÚCAR,CUENCA,VALVERDE DE JUCAR,CUENCA, ,4,CUENCA,4-04,490,"566931,5841","4396731,678","39.7178330057945, -2.21909700838273",39.7178330057945,-2.21909700838273,"CALLE SAN MARCOS, 5"
-2.29154897844749,39.4235679665417,249,1847,610,805,JUAN GUILLERMO VIVERO SEGADO,16709,969386020,CU-085-F,16238000201,VARA DE REY,450,162380002,VARA DE REY,450,16238,VARA DE REY,CUENCA,SISANTE,CUENCA, ,4,VILLARROBLEDO,4-04,465,"560978,8844","4364021,506","39.4235679674675, -2.29154897844749",39.4235679674675,-2.29154897844749,"CALLE DEL AGUA, 5"
-2.31924200047153,40.4001370176383,250,1848,611,806,MARIA ESTRELLA PEÑA MARTINEZ,16860,969315556,CU-105-F,16242000101,VILLACONEJOS DE TRABAQUE,323,162420001,VILLACONEJOS DE TRABAQUE,323,16242,VILLACONEJOS DE TRABAQUE,CUENCA,CAÑAVERAS,CUENCA, ,4,CUENCA,4-05,355,"557768,9174","4472392,4874","40.4001370185697, -2.31924200047153",40.4001370185697,-2.31924200047153,"CTRA CAÑAVERAS, S/N"
-2.67360001702596,39.5970109764737,251,1849,612,807,GODOFREDO SOTO BARAÑANO,16647,967168544,CU-032-F,16243000201,VILLAESCUSA DE HARO,474,162430002,VILLAESCUSA DE HARO,474,16243,VILLAESCUSA DE HARO,CUENCA,BELMONTE,CUENCA, ,4,CUENCA,4-01,345,"528024,5243","4383081,8164","39.5970109774005, -2.67360001702596",39.5970109774005,-2.67360001702596,"CALLE JOSE ANTONIO, 2"
-4.28074697346716,39.9844060203757,252,1850,613,450,MARIA SOLEDAD GOMEZ LOPEZ,45500, ,TO-300-F,45173000101,TORRIJOS,13678,451730001,TORRIJOS,13678,45173,TORRIJOS,TOLEDO,TORRIJOS,TOLEDO, ,7,TOLEDO,7-06,855,"390649,3521","4426811,8552","39.9844060213048, -4.28074697346716",39.9844060213048,-4.28074697346716,"AVENIDA DE LA ESTACION, 71"
-4.27811195702191,39.9805210381036,253,1851,614,451,MARIA JOSE TORREJON BENAYAS,45500, ,TO-290-F,45173000101,TORRIJOS,13678,451730001,TORRIJOS,13678,45173,TORRIJOS,TOLEDO,TORRIJOS,TOLEDO, ,7,TOLEDO,7-06,855,"390868,1555","4426377,4137","39.9805210390327, -4.27811195702191",39.9805210390327,-4.27811195702191,"AVENIDA DEL PILAR, 36"
-3.33312204271072,39.6221109750731,254,1852,615,452,LUCIANA TERCERO POZO,45860,925100614,TO-160-F,45185000101,VILLACAÑAS,9418,451850001,VILLACAÑAS,9418,45185,VILLACAÑAS,TOLEDO,VILLACAÑAS,LA MANCHA-CENTRO, ,2,ALCAZAR DE SAN,2-03,865,"471408,6481","4385869,6089","39.622110976, -3.33312204271072",39.622110976,-3.33312204271072,"CALLE CALDERON DE LA BARCA, 46"
-3.33376095455913,39.6190359706866,255,1853,616,453,VICTOR MANUEL ZARAGOZA VILLANUEVA,45860,925160553,TO-141-F,45185000101,VILLACAÑAS,9418,451850001,VILLACAÑAS,9418,45185,VILLACAÑAS,TOLEDO,VILLACAÑAS,LA MANCHA-CENTRO, ,2,ALCAZAR DE SAN,2-03,865,"471352,5434","4385528,5383","39.6190359716135, -3.33376095455913",39.6190359716135,-3.33376095455913,"CALLE TIREZ, 27"
-3.34344198697414,39.6209519763158,256,1854,617,454,CARMEN BARAJAS PLAZA,45860, ,TO-320-F,45185000101,VILLACAÑAS,9418,451850001,VILLACAÑAS,9418,45185,VILLACAÑAS,TOLEDO,VILLACAÑAS,LA MANCHA-CENTRO, ,2,ALCAZAR DE SAN,2-03,865,"470522,4095","4385744,3144","39.6209519772428, -3.34344198697414",39.6209519772428,-3.34344198697414,"CALLE DE LA PAZ, 103"
-3.33629299001907,39.62481998208,257,1855,618,455,FRANCISCO JOSE MARTINEZ MORA,45860,925160040,TO-142-F,45185000101,VILLACAÑAS,9418,451850001,VILLACAÑAS,9418,45185,VILLACAÑAS,TOLEDO,VILLACAÑAS,LA MANCHA-CENTRO, ,2,ALCAZAR DE SAN,2-03,865,"471137,6154","4386171,2775","39.624819983007, -3.33629299001907",39.624819983007,-3.33629299001907,"CALLE MAYOR, 33"
-1.54019696073487,39.2096219706246,258,1856,619,456,MARIA BELEN MOLINA ALFARO,02250,967471053,AB-108-F,02001000101,ABENGIBRE,739,020010001,ABENGIBRE,739,02001,ABENGIBRE,ALBACETE,CASAS-IBAÑEZ,ALBACETE, ,1,ALBACETE,1-04,65,"626035,8418","4341054,091","39.2096219715489, -1.54019696073487",39.2096219715489,-1.54019696073487,"CALLE LOPE DE VEGA, 1"
-1.35884398773924,39.0949219762678,259,1857,620,457,MARIA TERESA BORDOY TORNERO,02152,967402054,AB-147-F,02002000101,ALATOZ,496,020020001,ALATOZ,496,02002,ALATOZ,ALBACETE,CASAS DE JUAN NUÑEZ,ALBACETE, ,1,ALBACETE,1-04,60,"641924,52","4328592,2376","39.0949219771914, -1.35884398773924",39.0949219771914,-1.35884398773924,"CALLE RAMON Y CAJAL, 2"
-1.73317451152404,38.80170156954,260,1858,621,458,ROSARIO BAUTISTA GASCON,02510,967250635,AB-046-F,02901000101,POZO CAÑADA,2763,029010001,POZO CAÑADA,2763,02901,POZO CAÑADA,ALBACETE,CHINCHILLA DE MONTE-ARAGON,ALBACETE, ,1,ALBACETE,1-01,75,"610004,1188","4295533,6851","38.8017015704616, -1.73317451152405",38.8017015704616,-1.73317451152405,"CALLE BALMES, 11"
-1.22888697757328,38.958558041413,261,1859,622,459,JAIME FRANCISCO GARCIA BAÑON,02690,967330102,AB-064-F,02010000101,ALPERA,2245,020100001,ALPERA,2245,02010,ALPERA,ALBACETE,BONETE,ALBACETE, ,1,ALMANSA,1-03,50,"653458,3782","4313669,3151","38.9585580423357, -1.22888697757328",38.9585580423357,-1.22888697757328,"CALLE GARCIA TREJO, 40"
-2.07199296764168,38.5540349948108,262,1860,623,460,ALBERTO VIDAL  ORTIZ-CAÑAVATE,02125,967295004,AB-132-F,02011000101,AYNA,419,020110001,AYNA,419,02011,AYNA,ALBACETE,ALCADOZO,ALBACETE, ,1,ALBACETE,1-01,27,"580860,5468","4267697,4125","38.5540349957306, -2.07199296764168",38.5540349957306,-2.07199296764168,"CALLE INDUSTRIAS, 11"
-2.15215198716053,38.885475954528,263,1861,624,461,MARIA BEATRIZ GONZALEZ DIAZ,02320,967360045,AB-049-F,02012000101,BALAZOTE,2388,020120001,BALAZOTE,2388,02012,BALAZOTE,ALBACETE,BALAZOTE,ALBACETE, ,1,ALBACETE,1-07,40,"573535,4252","4304409,4199","38.8854759554501, -2.15215198716053",38.8854759554501,-2.15215198716053,"CALLE MAYOR, 48"
-2.45552700207844,38.8432639698354,264,1862,625,462,MERCEDES MADALENO MONTALVO,02614,967384090,AB-149-F,02014000101,BALLESTERO (EL),427,020140001,BALLESTERO (EL),427,02014,EL BALLESTERO,ALBACETE,"BONILLO,EL",ALBACETE, ,1,VILLARROBLEDO,1-08,55,"547250,8647","4299524,4642","38.8432639707572, -2.45552700207844",38.8432639707572,-2.45552700207844,"PLAZA ESCUELAS, 2"
-1.19555600496125,39.2648660241757,265,1863,626,463,RAQUEL FELIPE MESA,02214,967476287,AB-172-F,02013000101,BALSA DE VES,82,020130001,BALSA DE VES,82,02013,BALSA DE VES,ALBACETE,CASAS-IBAÑEZ,ALBACETE,CER.TEMP,1,ALBACETE,1-04,65,"655670,9279","4347721,4539","39.2648660251004, -1.19555600496125",39.2648660251004,-1.19555600496125,"CALLE CALVARIO, 7"
-2.2020979869624,39.0456759810691,266,1864,627,464,NATALIA CANO RUIZ,02639,967364576,AB-048-F,02015000101,BARRAX,1831,020150001,BARRAX,1831,02015,BARRAX,ALBACETE,"RODA,LA",ALBACETE, ,1,ALBACETE,1-07,115,"569047,7564","4322148,1892","39.0456759819924, -2.2020979869624",39.0456759819924,-2.2020979869624,"CALLE SALAMANCA, 21"
-2.61109296076294,38.5158089778336,267,1865,628,465,MARINA PRETEL SERRANO,02360,967394027,AB-052-F,02016000101,BIENSERVIDA,574,020160001,BIENSERVIDA,574,02016,BIENSERVIDA,ALBACETE,ALCARAZ,ALBACETE, ,1,ALBACETE,1-02,30,"533904,5122","4263119,2744","38.5158089787531, -2.61109296076294",38.5158089787531,-2.61109296076294,"CALLE RAMON Y CAJAL, 3"
-2.21246599838699,38.5832859574925,268,1866,629,466,DOLORES CASTRO LOPEZ,02130,967290383,AB-120-F,02017000201,BOGARRA,554,020170002,BOGARRA,554,02017,BOGARRA,ALBACETE,BOGARRA,ALBACETE, ,1,ALBACETE,1-02,45,"568592,627","4270829,0351","38.5832859584125, -2.21246599838699",38.5832859584125,-2.21246599838699,"CALLE CALVARIO, 33"
-1.34463803307907,38.870824017478,269,1867,630,467,ANGEL Y ANTONIO MEDRANO CALERO,02691,967334144,AB-140-F,02018000101,BONETE,1006,020180001,BONETE,1006,02018,BONETE,ALBACETE,BONETE,ALBACETE, ,1,ALMANSA,1-03,50,"643605,254","4303744,0254","38.8708240184, -1.34463803307907",38.8708240184,-1.34463803307907,"AVENIDA DE LA LIBERTAD, 98"
-2.54168099509413,38.9491630345705,270,1868,631,468,MARIA JOSE MARTINEZ DIAZ-GUERRA,02610,967370131,AB-054-F,02019000101,BONILLO (EL),2698,020190001,BONILLO (EL),2698,02019,EL BONILLO,ALBACETE,"BONILLO,EL",ALBACETE, ,1,VILLARROBLEDO,1-08,55,"539715,1196","4311235,0306","38.9491630354931, -2.54168099509413",38.9491630354931,-2.54168099509413,"CALLE MEDICO SOLANA, 14"
-2.53903902498365,38.9508679559922,271,1869,632,469,LUIS ALBERTO MARTINEZ DIAZ-GUERRA,02610,967370032,AB-053-F,02019000101,BONILLO (EL),2698,020190001,BONILLO (EL),2698,02019,EL BONILLO,ALBACETE,"BONILLO,EL",ALBACETE, ,1,VILLARROBLEDO,1-08,55,"539943,1007","4311425,3818","38.9508679569148, -2.53903902498365",38.9508679569148,-2.53903902498365,"CALLE MAGDALENA, 1"
-1.30811498240667,39.1015529986614,272,1870,633,470,PALOMA GARCIA VILLENA,02153,967403058,AB-127-F,02020000101,CARCELEN,458,020200001,CARCELEN,458,02020,CARCELÉN,ALBACETE,CASAS DE JUAN NUÑEZ,ALBACETE, ,1,ALBACETE,1-04,60,"646298,0334","4329408,6614","39.101552999585, -1.30811498240667",39.101552999585,-1.30811498240667,"CALLE SAN ANDRES, 2"
-1.90131303656768,39.7253249958987,273,1871,586,693,RICARDO CARRION MONDEJAR,16130,969336030,CU-093-F,16017000101,ALMODOVAR DEL PINAR,386,160170001,ALMODOVAR DEL PINAR,386,16017,ALMODÓVAR DEL PINAR,CUENCA,CAMPILLO DE ALTOBUEY,CUENCA, ,4,CUENCA,4-04,353,"594159,3455","4397848,7206","39.7253249968262, -1.90131303656768",39.7253249968262,-1.90131303656768,"CALLE LA VIRGEN, 2"
-2.76680002325957,39.8225029741845,274,1872,587,694,ELADIO RODRIGUEZ ESTEVEZ,16431,969120035,CU-138-F,16018000101,ALMONACID DEL MARQUESADO,424,160180001,ALMONACID DEL MARQUESADO,424,16018,ALMONACID DEL MARQUESADO,CUENCA,MONTALBO,CUENCA, ,4,CUENCA,4-01,425,"519957,3345","4408083,0974","39.8225029751127, -2.76680002325957",39.8225029751127,-2.76680002325957,"CALLE ARCEDIANO, 10"
-2.11385230421131,39.990454315372,275,1873,588,695,MARIA TEJEDOR TEJEDOR,16123,969253102,CU-102-F,16905000101,ARCAS,1443,169050001,ARCAS,1946,16905,ARCAS,CUENCA,CUENCA,CUENCA, ,4,CUENCA,4-03,392,"575652,3643","4427073,7319","39.9904543163011, -2.11385230421131",39.9904543163011,-2.11385230421131,"CALLE MENENDEZ PIDAL, 9"
-3.05962296922404,40.0468190111186,276,1874,589,697,LUIS ENRIQUE CUELLAR GARCIA,16471,969324122,CU-132-F,16032000101,BELINCHON,383,160320001,BELINCHON,383,16032,BELINCHÓN,CUENCA,TARANCON,CUENCA, ,4,CUENCA,4-06,475,"494914,0787","4432955,3947","40.046819012048, -3.05962296922404",40.046819012048,-3.05962296922404,"CALLE MAESTROS, S/N"
-2.70425401921073,39.5589009772967,277,1875,590,698,LAURA PEREA MANJAVACAS,16640,967170719,CU-013-F,16033000101,BELMONTE,1782,160330001,BELMONTE,1782,16033,BELMONTE,CUENCA,BELMONTE,CUENCA, ,4,CUENCA,4-01,345,"525406,4935","4378843,1691","39.5589009782233, -2.70425401921073",39.5589009782233,-2.70425401921073,"CALLE ELENA OSORIO, 1"
-2.34457001882066,39.8204769990274,278,1876,591,699,Mª SALUD ROMAN BELMONTE,16779,969195127,CU-149-F,16034000101,BELMONTEJO,141,160340001,BELMONTEJO,141,16034,BELMONTEJO,CUENCA,SAN LORENZO DE LA PARRILLA,CUENCA, ,4,CUENCA,4-03,460,"556093,7659","4408037,6967","39.8204769999556, -2.34457001882066",39.8204769999556,-2.34457001882066,"CALLE LAS PEÑAS, 11"
-2.075936959369,40.572434997647,279,1877,592,700,ALFREDO MONTEAGUADO SUAREZ,16870,969318250,CU-015-F,16035000101,BETETA,202,160350001,BETETA,202,16035,BETETA,CUENCA,BETETA,CUENCA, ,4,CUENCA,4-05,350,"578215,6757","4491705,3064","40.5724349985792, -2.075936959369",40.5724349985792,-2.075936959369,"PLAZA DE LA IGLESIA, 3"
-2.16001103117541,39.6559810296594,280,1878,593,701,ROCIO ALARCON GASCUEÑA,16114,969209026,CU-016-F,16039000101,BUENACHE DE ALARCON,447,160390001,BUENACHE DE ALARCON,447,16039,BUENACHE DE ALARCÓN,CUENCA,VALVERDE DE JUCAR,CUENCA, ,4,CUENCA,4-04,490,"572060,2107","4389912,726","39.6559810305865, -2.16001103117541",39.6559810305865,-2.16001103117541,"CALLE AGUA, 30"
-2.75395204090206,40.3680508974867,281,1879,594,702,JAVIER HERNANDO MARTINEZ,16512,969373071,CU-073-F,16041000101,BUENDIA,383,160410001,BUENDIA,383,16041,BUENDÍA,CUENCA,SACEDON,GUADALAJARA, ,5,GUADALAJARA,5-01,630,"520889,3953","4468637,6217","40.3680508984179, -2.75395204090206",40.3680508984179,-2.75395204090206,"CALLE ISABELA, 7"
-1.79667196014717,39.6112639811363,282,1880,595,703,ANTONIO MILLA SANCHEZ,16210,969337264,CU-017-F,16042000101,CAMPILLO DE ALTOBUEY,1262,160420001,CAMPILLO DE ALTOBUEY,1262,16042,CAMPILLO DE ALTOBUEY,CUENCA,CAMPILLO DE ALTOBUEY,CUENCA, ,4,CUENCA,4-04,353,"603297,2417","4385304,424","39.6112639820632, -1.79667196014717",39.6112639820632,-1.79667196014717,"CALLE TOLEDILLO, 2"
-2.49101704253716,40.3699690356821,283,1881,596,704,Mª JOSE ROSILLO MARTIN,16857,969315021,CU-112-F,16045000101,CANALEJAS DEL ARROYO,168,160450001,CANALEJAS DEL ARROYO,168,16045,CANALEJAS DEL ARROYO,CUENCA,CAÑAVERAS,CUENCA, ,4,CUENCA,4-05,355,"543211,341","4468945,799","40.3699690366133, -2.49101704253716",40.3699690366133,-2.49101704253716,"CALLE SANTA ANA, 8"
-1.90000896878785,39.968335987096,284,1882,597,705,AGUSTIN RODRIGUEZ GUADALAJARA,16340,969345125,CU-122-F,16046000101,CAÑADA DEL HOYO,231,160460001,CAÑADA DEL HOYO,231,16046,CAÑADA DEL HOYO,CUENCA,CARBONERAS DE GUADAZAÓN,CUENCA, ,4,CUENCA,4-02,365,"593939,2804","4424822,1203","39.968335988025, -1.90000896878785",39.968335988025,-1.90000896878785,"CALLE CALVARIO, 16"
-2.25035602280706,39.549172012553,285,1883,598,706,JUAN CARLOS GUIJARRO LOPEZ,16720,969381058,CU-106-F,16047000101,CAÑADA JUNCOSA,231,160470001,CAÑADA JUNCOSA,231,16047,CAÑADA JUNCOSA,CUENCA,HONRUBIA,CUENCA, ,4,CUENCA,4-01,395,"564408,5619","4377989,9728","39.5491720134795, -2.25035602280706",39.5491720134795,-2.25035602280706,"CALLE VALENCIA, 28"
-2.23883103414452,40.4509460116012,286,1884,599,707,ROSA MARIA DOMINGO ORIHUELA,16890,969310095,CU-103-F,16048000101,CAÑAMARES,445,160480001,CAÑAMARES,445,16048,CAÑAMARES,CUENCA,PRIEGO,CUENCA, ,4,CUENCA,4-05,445,"564544,0411","4478087,9382","40.4509460125329, -2.23883103414452",40.4509460125329,-2.23883103414452,"CALLE CUENCA, 15"
-2.39595296777791,40.3597260253122,287,1885,600,708,DESAMPARADOS ESTEBAN TORRES,16850,969276072,CU-097-F,16050000101,CAÑAVERAS,244,160500001,CAÑAVERAS,244,16050,CAÑAVERAS,CUENCA,CAÑAVERAS,CUENCA, ,4,CUENCA,4-05,355,"551289,8442","4467859,6201","40.3597260262434, -2.39595296777791",40.3597260262434,-2.39595296777791,"CALLE PORTILLO, 13"
-2.58213797323405,40.3259270314066,288,1886,601,796,ANTONIO MONICO RUIZ LARA,16534,969370211,CU-121-F,16206000101,TINAJAS,196,162060001,TINAJAS,196,16206,TINAJAS,CUENCA,VILLALBA DEL REY,CUENCA, ,4,CUENCA,4-06,500,"535498,4669","4464016,7223","40.3259270323376, -2.58213797323405",40.3259270323376,-2.58213797323405,"CALLE BAJADA POSITO, 6"
-2.57231001199235,40.0083070214734,289,1887,602,797,Mª VICTORIA CAÑADA RUIZ,16161,969278003,CU-058-F,16211000301,TORREJONCILLO DEL REY,222,162110003,TORREJONCILLO DEL REY,222,16211,TORREJONCILLO DEL REY,CUENCA,TORREJONCILLO DEL REY,CUENCA, ,4,CUENCA,4-06,480,"536503,1241","4428766,8073","40.0083070224026, -2.57231001199235",40.0083070224026,-2.57231001199235,"CALLE SOLEDAD, 12"
-2.96166501211706,39.8974249884874,290,1888,603,798,MARIA ANTONIA DELGADO GARCIA,16413,969134024,CU-075-F,16212000101,TORRUBIA DEL CAMPO,296,162120001,TORRUBIA DEL CAMPO,296,16212,TORRUBIA DEL CAMPO,CUENCA,TARANCON,CUENCA, ,4,CUENCA,4-06,475,"503277,1541","4416373,2","39.897424989416, -2.96166501211706",39.897424989416,-2.96166501211706,"CALLE MISERICORDIA, 11"
-1.5563369795885,39.1022620124739,291,1889,634,471,ELENA QUIJANO TRIVIÑO,02151,967275190,AB-078-F,02021000101,CASAS DE JUAN NUÑEZ,1356,020210001,CASAS DE JUAN NUÑEZ,1356,02021,CASAS DE JUAN NÚÑEZ,ALBACETE,CASAS DE JUAN NUÑEZ,ALBACETE, ,1,ALBACETE,1-04,60,"624831,899","4329116,8208","39.1022620133975, -1.5563369795885",39.1022620133975,-1.5563369795885,"CALLE ROSARIO, 1"
-2.24052799014876,38.7711089661905,292,1890,635,472,CARMEN RAMIREZ LOPEZ,02329,967358135,AB-156-F,02022000201,CASAS DE LAZARO,243,020220002,CASAS DE LAZARO,243,02022,CASAS DE LÁZARO,ALBACETE,BALAZOTE,ALBACETE, ,1,ALBACETE,1-07,40,"565975,7918","4291650,6269","38.7711089671119, -2.24052799014876",38.7711089671119,-2.24052799014876,"CALLE HIGUERA, 23"
-1.33263788465362,39.2586573791347,293,1891,636,473,"MOTIÑO PALACIO, INMACULADA",02212,967475081,AB-073-F,02023000101,CASAS DE VES,561,020230001,CASAS DE VES,561,02023,CASAS DE VES,ALBACETE,CASAS-IBAÑEZ,ALBACETE, ,1,ALBACETE,1-04,65,"643856,7522","4346805,5303","39.2586573800593, -1.33263788465362",39.2586573800593,-1.33263788465362,"CALLE LA MANCHA, 34"
-1.99680999827635,39.1139999610329,294,1892,637,492,ANA ISABEL MARTINEZ PEREZ-ROMERO,02110,967275119,AB-047-F,02035000101,GINETA (LA),2345,020350001,GINETA (LA),2568,02035,LA GINETA,ALBACETE,"RODA,LA",ALBACETE, ,1,ALBACETE,1-07,115,"586729,3285","4329906,4301","39.1139999619566, -1.99680999827635",39.1139999619566,-1.99680999827635,"CALLE CAMINO REAL, 63"
-2.12644099489983,38.9607299633319,295,1893,638,493,PATRICIA SANCHEZ MOLINA,02162,967362788,AB-170-F,02038000201,HERRERA (LA),254,020380002,HERRERA (LA),254,02038,LA HERRERA,ALBACETE,BALAZOTE,ALBACETE, ,1,ALBACETE,1-07,40,"575685,4219","4312781,5658","38.9607299642546, -2.12644099489983",38.9607299642546,-2.12644099489983,"CALLE LA LIBERTAD, 14"
-1.44431503679004,38.9629469906168,296,1894,639,494,FELICIANA OLIVARES DELICADO,02694,967287072,AB-082-F,02039000301,HIGUERUELA,1124,020390003,HIGUERUELA,1124,02039,HIGUERUELA,ALBACETE,BONETE,ALBACETE, ,1,ALMANSA,1-03,50,"634783,2231","4313815,5553","38.9629469915395, -1.44431503679004",38.9629469915395,-1.44431503679004,"AVENIDA DE LA CONSTITUCION, 16"
-1.52180403144556,39.1748419585746,297,1895,640,496,ALFONSO ALACID GONZALEZ,02248,967471262,AB-141-F,02041000401,JORQUERA,275,020410004,JORQUERA,275,02041,JORQUERA,ALBACETE,CASAS DE JUAN NUÑEZ,ALBACETE, ,1,ALBACETE,1-04,60,"627686,8577","4337219,8714","39.1748419594987, -1.52180403144557",39.1748419594987,-1.52180403144557,"CALLE SOSIEGO, 1"
-2.10208420688082,38.3640265198702,298,1896,641,497,ESTER MARTINEZ GONZALEZ,02434,967426212,AB-135-F,02042000302,LETUR,285,020420003,LETUR,703,02042,LETUR,ALBACETE,SOCOVOS,ALBACETE, ,1,HELLIN,1-05,120,"578444,0649","4246587,2903","38.3640265207886, -2.10208420688082",38.3640265207886,-2.10208420688082,"PSO. GUARDIA CIVIL, 10"
-2.35484202951832,38.9484939729504,299,1897,642,498,JORGE RAFAEL JIMENEZ ROLDAN,02160,967354033,AB-056-F,02043000101,LEZUZA,826,020430001,LEZUZA,826,02043,LEZUZA,ALBACETE,BALAZOTE,ALBACETE, ,1,ALBACETE,1-07,40,"555906,0904","4311258,7957","38.948493973873, -2.35484202951832",38.948493973873,-2.35484202951832,"CALLE LUCIANA, 15"
-1.95359302585836,38.5406950271677,300,1898,643,499,MARTA ARGANDOÑA MARTINEZ,02410,967200196,AB-098-F,02044000501,LIETOR,1027,020440005,LIETOR,1027,02044,LIÉTOR,ALBACETE,HELLIN,ALBACETE, ,1,HELLIN,1-06,86,"591194,2471","4266327,9213","38.5406950280874, -1.95359302585836",38.5406950280874,-1.95359302585836,"CALLE CURA, 5"
-1.80183396641472,39.2359150263188,301,1899,644,500,OCTAVIANO MARTINEZ GARVI,02230, ,AB-181-F,02045000101,MADRIGUERAS,4644,020450001,MADRIGUERAS,4644,02045,MADRIGUERAS,ALBACETE,MADRIGUERAS,ALBACETE, ,1,ALBACETE,1-04,90,"603407,4062","4343640,8045","39.2359150272433, -1.80183396641472",39.2359150272433,-1.80183396641472,"CALLE HORNO, 7"
-1.80190998403406,39.2373660379369,302,1900,645,501,JESUS TORRES MERINO,02230,967484341,AB-114-F,02045000101,MADRIGUERAS,4644,020450001,MADRIGUERAS,4644,02045,MADRIGUERAS,ALBACETE,MADRIGUERAS,ALBACETE, ,1,ALBACETE,1-04,90,"603398,7151","4343801,7517","39.2373660388614, -1.80190998403406",39.2373660388614,-1.80190998403406,"CALLE ALCALDE LUIS FUENTES, 28"
-1.72248803261615,39.2116490012458,303,1901,646,502,JOSE REOLID ARGANDOÑA,02240,967494115,AB-106-F,02046000101,MAHORA,1430,020460001,MAHORA,1430,02046,MAHORA,ALBACETE,MADRIGUERAS,ALBACETE, ,1,ALBACETE,1-04,90,"610293,5355","4341041,3336","39.2116490021702, -1.72248803261615",39.2116490021702,-1.72248803261615,"AVENIDA 1º DE MAYO, 7"
-2.32066599557316,39.2706469909975,304,1902,647,503,MIGUEL ANGEL RODRIGUEZ-SOLIS SEGURA,02620,967450021,AB-115-F,02048000101,MINAYA,1442,020480001,MINAYA,1442,02048,MINAYA,ALBACETE,"RODA,LA",ALBACETE, ,1,ALBACETE,1-07,115,"558600,2387","4347031,1744","39.2706469919223, -2.32066599557316",39.2706469919223,-2.32066599557316,"CALLE RAMBLA, 2"
-2.24073997802129,38.4663930410411,305,1903,648,504,NURIA SERRANO JIMENEZ,02440,967437019,AB-138-F,02049001101,MOLINICOS,450,020490011,MOLINICOS,450,02049,MOLINICOS,ALBACETE,ELCHE DE LA SIERRA,ALBACETE, ,1,HELLIN,1-05,80,"566237,0531","4257837,3695","38.4663930419602, -2.24073997802129",38.4663930419602,-2.24073997802129,"CALLE NUEVA, 17"
-1.32685007192191,38.7863921665313,306,1904,649,505,FERNANDO JOSE GALLAR GRAMAGE,02650,967336002,AB-067-F,02051000101,MONTEALEGRE DEL CASTILLO,2056,020510001,MONTEALEGRE DEL CASTILLO,2056,02051,MONTEALEGRE DEL CASTILLO,ALBACETE,BONETE,ALBACETE, ,1,ALMANSA,1-03,50,"645320,0912","4294402,0839","38.7863921674528, -1.32685007192191",38.7863921674528,-1.32685007192191,"CALLE ALCALDE SINFORIANO MONTES, 51"
-1.78851202119319,39.1787819984725,307,1905,650,506,LUIS FERNANDEZ GARRIDO Y JOSE PABLO FERNANDEZ LOPEZ,02220,967493673,AB-155-F,02052000101,MOTILLEJA,660,020520001,MOTILLEJA,660,02052,MOTILLEJA,ALBACETE,MADRIGUERAS,ALBACETE, ,1,ALBACETE,1-04,90,"604641,9493","4337315,472","39.1787819993966, -1.78851202119319",39.1787819993966,-1.78851202119319,"CALLE NUEVA, 2"
-2.48119902931478,39.0402279812822,308,1906,651,507,Mª TRINIDAD MARTINEZ MARTINEZ,02612,967372106,AB-116-F,02053000101,MUNERA,3422,020530001,MUNERA,3422,02053,MUNERA,ALBACETE,MUNERA,ALBACETE, ,1,VILLARROBLEDO,1-08,92,"544898,5645","4321368,7779","39.0402279822054, -2.48119902931478",39.0402279822054,-2.48119902931478,"CALLE MAYOR, 17"
-2.48244896531356,39.0396719793771,309,1907,652,508,LUIS GARCIA MORENO,02612,967372286,AB-117-F,02053000101,MUNERA,3422,020530001,MUNERA,3422,02053,MUNERA,ALBACETE,MUNERA,ALBACETE, ,1,VILLARROBLEDO,1-08,92,"544790,7418","4321306,4606","39.0396719803004, -2.48244896531357",39.0396719803004,-2.48244896531357,"PLAZA DE LA CONSTITUCION, 4"
-1.71914196266823,39.2810020291479,310,1908,653,509,ALFONSO JOSE CUENCA LLORET,02246,967482187,AB-159-F,02054000101,NAVAS DE JORQUERA,528,020540001,NAVAS DE JORQUERA,528,02054,NAVAS DE JORQUERA,ALBACETE,MADRIGUERAS,ALBACETE, ,1,ALBACETE,1-04,90,"610473,5505","4348742,3061","39.2810020300727, -1.71914196266823",39.2810020300727,-1.71914196266823,"CALLE SAN ANTONIO, 1"
-2.30337503525459,38.1465280250339,311,1909,654,510,FRANCISCO JAVIER SANCHEZ MARTINEZ,02530,967438084,AB-136-F,02055000901,NERPIO,712,020550009,NERPIO,712,02055,NERPIO,ALBACETE,NERPIO,ALBACETE, ,1,HELLIN,1-05,95,"561040,2747","4222302,0226","38.1465280259506, -2.30337503525459",38.1465280259506,-2.30337503525459,"CALLE CAÑOS, 5"
-1.49894700631909,38.6158400149722,312,1910,655,511,MIGUEL ANGEL Y CAMILO SALAS GAUDE,02652,967323035,AB-099-F,02056000101,ONTUR,1934,020560001,ONTUR,1934,02056,ONTUR,ALBACETE,ONTUR,ALBACETE, ,1,HELLIN,1-06,100,"630682,0699","4275215,8222","38.6158400158924, -1.49894700631909",38.6158400158924,-1.49894700631909,"CALLE FLORIDA, 26"
-2.74446896624642,38.9622489854254,313,1911,656,512,MANUEL MIGUEL DE AVILES DE AVILES,02611, ,AB-225-F,02057000201,OSSA DE MONTIEL,2134,020570002,OSSA DE MONTIEL,2194,02057,OSSA DE MONTIEL,ALBACETE,OSSA DE MONTIEL,ALBACETE, ,1,VILLARROBLEDO,1-08,105,"522138,6489","4312618,369","38.9622489863481, -2.74446896624642",38.9622489863481,-2.74446896624642,"CALLE ALVAREZ QUINTERO, 86"
-2.34582800827648,38.5985850133524,314,1912,657,513,CARLOS PORTELA VICENTE,02136,967290145,AB-150-F,02058000601,PATERNA DEL MADERA,276,020580006,PATERNA DEL MADERA,276,02058,PATERNA DEL MADERA,ALBACETE,BOGARRA,ALBACETE, ,1,ALBACETE,1-02,45,"556964,8486","4272435,5481","38.5985850142726, -2.34582800827648",38.5985850142726,-2.34582800827648,"CALLE SAN CRISTOBAL, 12"
-2.10003398789692,38.8073200238002,315,1913,664,520,MARIA ISABEL ABELLAN MAXIA,02327,967358248,AB-142-F,02065000201,POZUELO,428,020650002,POZUELO,428,02065,POZUELO,ALBACETE,BALAZOTE,ALBACETE, ,1,ALBACETE,1-07,40,"578141,2487","4295779,6565","38.8073200247218, -2.10003398789692",38.8073200247218,-2.10003398789692,"CALLE SAN PEDRO, 14"
-1.49067312372254,39.1753387700777,316,1914,665,521,BRAULIA MATEOS CARBONERO,02249,967471232,AB-161-F,02066000101,RECUEJA (LA),221,020660001,RECUEJA (LA),221,02066,LA RECUEJA,ALBACETE,CASAS DE JUAN NUÑEZ,ALBACETE, ,1,ALBACETE,1-04,60,"630375,1596","4337319,307","39.1753387710018, -1.49067312372254",39.1753387710018,-1.49067312372254,"CALLE PUENTE, 2"
-2.42052104204081,38.49970596863,317,1915,666,522,CARLOS INIESTA MARTÍNEZ,02450,967435080,AB-143-F,02067000401,RIOPAR,1123,020670004,RIOPAR,1132,02067,RIÓPAR,ALBACETE,RIOPAR,ALBACETE, ,1,HELLIN,1-02,110,"550529,734","4261419,8703","38.4997059695494, -2.42052104204081",38.4997059695494,-2.42052104204081,"CALLE HUERTAS, 18"
-2.44861404077318,38.757036961883,318,1916,667,523,AMELIA ENDRINO PALOMARES,02340,967388293,AB-134-F,02068000301,ROBLEDO,248,020680003,ROBLEDO,248,02068,ROBLEDO,ALBACETE,ALCARAZ,ALBACETE, ,1,ALBACETE,1-02,30,"547908,4955","4289959,5911","38.7570369628042, -2.44861404077319",38.7570369628042,-2.44861404077319,"CALLE HUERTAS, 33"
-3.08988202497272,39.1288700118455,319,1917,668,524,PETRA RUIZ PEINADO LOPEZ DE LA REINA,13710,926521281,CR-028-F,13019000101,ARGAMASILLA DE ALBA,6846,130190001,ARGAMASILLA DE ALBA,6846,13019,ARGAMASILLA DE ALBA,CIUDAD REAL,ARGAMASILLA DE ALBA,LA MANCHA-CENTRO, ,2,TOMELLOSO,2-02,185,"492231,0953","4331081,4309","39.1288700127694, -3.08988202497272",39.1288700127694,-3.08988202497272,"ESPAÑA, 3"
-3.09151897502438,39.1280460070083,320,1918,669,525,CELIA GALDON MARTINEZ,13710,926521146,CR-029-F,13019000101,ARGAMASILLA DE ALBA,6846,130190001,ARGAMASILLA DE ALBA,6846,13019,ARGAMASILLA DE ALBA,CIUDAD REAL,ARGAMASILLA DE ALBA,LA MANCHA-CENTRO, ,2,TOMELLOSO,2-02,185,"492089,5142","4330990,1295","39.1280460079321, -3.09151897502438",39.1280460079321,-3.09151897502438,"LA SOLANA, 2"
-2.00119604154429,38.726946011943,321,1919,658,514,JOSE LUIS GARCIA PEREZ Y CRISTINA GARCIA GARCIA,02120,967298053,AB-083-F,02060000701,PEÑAS DE SAN PEDRO,1066,020600007,PEÑAS DE SAN PEDRO,1174,02060,PEÑAS DE SAN PEDRO,ALBACETE,ALCADOZO,ALBACETE, ,1,ALBACETE,1-01,27,"586820,5853","4286949,6538","38.7269460128641, -2.00119604154429",38.7269460128641,-2.00119604154429,"CALLE FUENTE, 7"
-1.5563839702381,38.8281090167304,322,1921,660,516,ELISA PALOU CARRION,02692,967286110,AB-128-F,02061000201,PETROLA,543,020610002,PETROLA,543,02061,PÉTROLA,ALBACETE,CHINCHILLA DE MONTE-ARAGON,ALBACETE, ,1,ALBACETE,1-01,75,"625310,0013","4298691,8437","38.8281090176522, -1.5563839702381",38.8281090176522,-1.5563839702381,"CALLE EJIDOS, 49"
-2.60224897635579,38.7009930076503,323,1922,661,517,ISABEL RUIZ DE LA FUENTE GARCIA,02311,967392089,AB-144-F,02062000101,POVEDILLA,388,020620001,POVEDILLA,388,02062,POVEDILLA,ALBACETE,ALCARAZ,ALBACETE, ,1,ALBACETE,1-02,30,"534586,5095","4283671,3711","38.7009930085712, -2.60224897635579",38.7009930085712,-2.60224897635579,"CALLE ALBACETE, 5"
-1.91144497543805,38.7197790056011,324,1923,662,518,TERESA EMILIA CANO VERDEJO,02141,967205053,AB-084-F,02063000501,POZOHONDO,1019,020630005,POZOHONDO,1019,02063,POZOHONDO,ALBACETE,ALCADOZO,ALBACETE, ,1,ALBACETE,1-01,27,"594631,8076","4286243,2476","38.7197790065221, -1.91144497543805",38.7197790065221,-1.91144497543805,"AVENIDA DE LA MANCHA, 13"
-1.50549296876057,39.0763640136265,325,1924,663,519,Mª ELENA GAUDE CAZAÑA,02154,967406467,AB-158-F,02064000101,POZO-LORENTE,391,020640001,POZO-LORENTE,391,02064,POZO-LORENTE,ALBACETE,CASAS DE JUAN NUÑEZ,ALBACETE, ,1,ALBACETE,1-04,60,"629275,8072","4326313,7613","39.07636401455, -1.50549296876057",39.07636401455,-1.50549296876057,"CALLE ALMANSA, 14"
-3.32349796490153,39.9017800145122,326,1925,819,1120,MARIA GONZALEZ PITARCH,45310,925152253,TO-149-F,45198000101,VILLATOBAS,2595,451980001,VILLATOBAS,2595,45198,VILLATOBAS,TOLEDO,NOBLEJAS,TOLEDO, ,7,TOLEDO,7-02,760,"472346,7613","4416905,9316","39.9017800154408, -3.32349796490153",39.9017800154408,-3.32349796490153,"PLAZA ENCOMIENDA, 3"
-3.91756672292299,40.1418998572545,327,1926,820,1121,MARIA VICTORIA DEL VIGO MORALEDA,45215,925559023,TO-223-F,45199000101,VISO DE SAN JUAN (EL),3314,451990001,VISO DE SAN JUAN (EL),3314,45199,EL VISO DE SAN JUAN,TOLEDO,ILLESCAS,TOLEDO, ,7,TOLEDO,7-03,720,"421838,5747","4443910,4087","40.1418998581844, -3.91756672292299",40.1418998581844,-3.91756672292299,"CALLE CARRERA, 27"
-3.87287702670265,39.5797179841029,328,1927,821,1122,Mª CARMEN GARCIA ANDRES,45470,925320007,TO-150-F,45200000501,YEBENES (LOS),5624,452000005,YEBENES (LOS),5624,45200,LOS YÉBENES,TOLEDO,"YEBENES,LOS",TOLEDO, ,7,TOLEDO,7-01,885,"425036,1472","4381475,5633","39.5797179850296, -3.87287702670265",39.5797179850296,-3.87287702670265,"CALLE ARROYADA, 8, S/N"
-3.87071948376766,39.5815839177806,329,1928,822,1123,GLORIA GARCÍA MORA,45470,925320022,TO-151-F,45200000501,YEBENES (LOS),5624,452000005,YEBENES (LOS),5624,45200,LOS YÉBENES,TOLEDO,"YEBENES,LOS",TOLEDO, ,7,TOLEDO,7-01,885,"425223,448","4381680,8567","39.5815839187073, -3.87071948376766",39.5815839187073,-3.87071948376766,"PZA. CONSTITUCIÓN, 20"
-3.93965795897597,39.8674500246794,330,1929,823,1222,MARIA ANGELES CARBAJO NUÑEZ,45007, ,TO-380-F,45168000102,POLIGONO SANTA MARIA DE BENQUERENCIA,22811,451680001,TOLEDO,85085,45168,TOLEDO,TOLEDO,TOLEDO-3-STA Mª BENQUERENCIA,TOLEDO, ,7,TOLEDO,7-04,845,"419635,5562","4413468,0813","39.8674500256079, -3.93965795897598",39.8674500256079,-3.93965795897598,"AVDA. RIO BOLADIEZ, 52"
-4.05475802860559,39.8902599639471,331,1930,824,1223,Mª ISABEL NAVARRO VALENCIA,45005,969294442,TO-382-F,45168000103,TOLEDO,59391,451680001,TOLEDO,85085,45168,TOLEDO,TOLEDO,TOLEDO,TOLEDO, ,7,TOLEDO,7-04,852,"409821,2946","4416109,6237","39.8902599648757, -4.0547580286056",39.8902599648757,-4.0547580286056,"AVENIDA MADROÑO, 6, LOCAL 8"
-4.03101195517866,39.8577030330945,332,1931,825,1224,MARIA INES GARCIA DIAZ,45002,652563833,TO-385-F,45168000103,TOLEDO,59391,451680001,TOLEDO,85085,45168,TOLEDO,TOLEDO,TOLEDO,TOLEDO, ,7,TOLEDO,7-04,835,"411809,8624","4412472,394","39.8577030340229, -4.03101195517866",39.8577030340229,-4.03101195517866,"CALLE REYES CATOLICOS, 10"
-3.01446400414169,39.6734110264154,333,1932,826,1225,PASCUAL ISIDORO GARCIA VISO,45810, ,TO-367-F,45192000101,VILLANUEVA DE ALCARDETE,3062,451920001,VILLANUEVA DE ALCARDETE,3062,45192,VILLANUEVA DE ALCARDETE,TOLEDO,QUINTANAR DE LA ORDEN,LA MANCHA-CENTRO, ,2,ALCAZAR DE SAN,2-03,795,"498759,4952","4391510,1608","39.6734110273427, -3.01446400414169",39.6734110273427,-3.01446400414169,"CALLE LARA, 17"
-3.20269195440245,39.3936879930614,334,1933,827,1226,MARIA ISABEL RABASA SANROQUE,13600, ,CR-316-F,13005000201,ALCAZAR DE SAN JUAN,29715,130050002,ALCAZAR DE SAN JUAN,29715,13005,ALCÁZAR DE SAN JUAN,CIUDAD REAL,ALCAZAR DE SAN JUAN,LA MANCHA-CENTRO, ,2,ALCAZAR DE SAN,2-01,161,"482546,2193","4360485,6358","39.3936879939869, -3.20269195440245",39.3936879939869,-3.20269195440245,"CRIPTANA, 36"
-2.7959760153323,39.2906059785447,335,1934,828,1227,RAMON ALARCON GOZALVEZ,13630, ,CR-317-F,13078000101,SOCUELLAMOS,12098,130780001,SOCUELLAMOS,12098,13078,SOCUÉLLAMOS,CIUDAD REAL,SOCUELLAMOS,LA MANCHA-CENTRO, ,2,TOMELLOSO,2-02,310,"517594,3064","4349046,0842","39.2906059794696, -2.79597601533231",39.2906059794696,-2.79597601533231,"PASEO DE LA CONCORDIA, 66"
-1.91951003859389,38.9183589969886,336,1935,829,1228,PILAR ALAMILLO FRIAS,02040,967273104,AB-166-F,02003000101,AGUAS NUEVAS,1930,020030001,AGUAS NUEVAS,1967,02003,ALBACETE,ALBACETE,ALBACETE,ALBACETE, ,1,ALBACETE,1-01,20,"593670,1278","4308271,7437","38.918358997911, -1.91951003859389",38.918358997911,-1.91951003859389,"PLAZA DE LOS COLONOS, 13"
-1.92012197266967,38.865986023314,337,1936,830,1229,CONCEPCION JIMENEZ TORRES,02140,967271586,AB-057-F,02003001201,SALOBRAL (EL),985,020030012,SALOBRAL (EL),1008,02003,ALBACETE,ALBACETE,ALBACETE,ALBACETE, ,1,ALBACETE,1-01,20,"593685,8609","4302459,1169","38.865986024236, -1.92012197266967",38.865986024236,-1.92012197266967,"CTRA LAS PEÑAS DE SAN PEDRO, 7"
-1.86247197515797,39.0040990172474,338,1937,923,263,ARTURO DIAZ LOPEZ,02005,967615494,AB-189-F,02003000201,ALBACETE,165263,020030002,ALBACETE,165785,02003,ALBACETE,ALBACETE,ALBACETE,ALBACETE, ,1,ALBACETE,1-01,25,"598496,2226","4317846,8748","39.0040990181704, -1.86247197515797",39.0040990181704,-1.86247197515797,"CALLE GABRIEL CISCAR, 40"
-1.86395803848775,39.0024720312378,339,1938,924,264,"HERMANAS BUENDIA SANCHEZ, C.B.",02005,967210724,AB-036-F,02003000201,ALBACETE,165263,020030002,ALBACETE,165785,02003,ALBACETE,ALBACETE,ALBACETE,ALBACETE, ,1,ALBACETE,1-01,25,"598369,7973","4317664,7118","39.0024720321608, -1.86395803848775",39.0024720321608,-1.86395803848775,AVENIDA RAMON MENENDEZ PIDAL
-1.85605396847128,38.9847090097773,340,1939,925,277,JOSE JOAQUIN OCHANDO GARVI,02002, ,AB-194-F,02003000201,ALBACETE,165263,020030002,ALBACETE,165785,02003,ALBACETE,ALBACETE,ALBACETE,ALBACETE, ,1,ALBACETE,1-01,24,"599078,9976","4315702,0213","38.9847090107002, -1.85605396847128",38.9847090107002,-1.85605396847128,"CALLE YESTE, 7"
-1.85756395729979,38.9844669534344,341,1940,926,278,JOSEFINA NUÑEZ GARCIA,02002, ,AB-187-F,02003000201,ALBACETE,165263,020030002,ALBACETE,165785,02003,ALBACETE,ALBACETE,ALBACETE,ALBACETE, ,1,ALBACETE,1-01,24,"598948,5484","4315673,5171","38.9844669543572, -1.85756395729979",38.9844669543572,-1.85756395729979,"PLAZA SAN FELIPE NERI, S/N"
-1.85372799701552,38.9887930093106,342,1941,927,279,Mª FELISA MARTINEZ ALVAREZ,02002, ,AB-217-F,02003000201,ALBACETE,165263,020030002,ALBACETE,165785,02003,ALBACETE,ALBACETE,ALBACETE,ALBACETE,24 HORAS,1,ALBACETE,1-01,24,"599274,754","4316157,7786","38.9887930102334, -1.85372799701552",38.9887930102334,-1.85372799701552,"CALLE TEJARES, 63"
-1.8481089928567,38.984402009233,343,1942,928,280,"ROLDÁN FERNÁNDEZ, C.B",02002,967226365,AB-059-F,02003000201,ALBACETE,165263,020030002,ALBACETE,165785,02003,ALBACETE,ALBACETE,ALBACETE,ALBACETE,12 HORAS,1,ALBACETE,1-01,1,"599767,5751","4315676,6265","38.9844020101558, -1.8481089928567",38.9844020101558,-1.8481089928567,"CALLE HERMANOS FALCO, 36"
-1.8482847752706,38.9907260887515,344,1943,929,281,ENCARNACION ESCRIVA PARDO,02002, ,AB-190-F,02003000201,ALBACETE,165263,020030002,ALBACETE,165785,02003,ALBACETE,ALBACETE,ALBACETE,ALBACETE, ,1,ALBACETE,1-01,1,"599743,4729","4316378,2522","38.9907260896744, -1.8482847752706",38.9907260896744,-1.8482847752706,"CALLE ALCALDE CONANGLA, 90"
-1.8467899695204,38.989131040682,345,1944,930,282,ADORACION LIANTE GUTIERREZ,02006,967219988,AB-154-F,02003000201,ALBACETE,165263,020030002,ALBACETE,165785,02003,ALBACETE,ALBACETE,ALBACETE,ALBACETE, ,1,ALBACETE,1-01,1,"599875,1751","4316202,8794","38.9891310416049, -1.8467899695204",38.9891310416049,-1.8467899695204,"CALLE JOSE CARBAJAL, 20"
-1.85282599558063,38.9794859621657,346,1945,931,283,CARMEN POLO GOMEZ,02006, ,AB-223-F,02003000201,ALBACETE,165263,020030002,ALBACETE,165785,02003,ALBACETE,ALBACETE,ALBACETE,ALBACETE, ,1,ALBACETE,1-01,24,"599365,887","4315125,9086","38.9794859630885, -1.85282599558063",38.9794859630885,-1.85282599558063,"AVENIDA DE LA MANCHA, 77 - BL"
-1.86090998131629,38.9934200036021,347,1946,932,284,"GARCIA BERZOSA, C.B.",02004,967220374,AB-012-F,02003000201,ALBACETE,165263,020030002,ALBACETE,165785,02003,ALBACETE,ALBACETE,ALBACETE,ALBACETE, ,1,ALBACETE,1-01,10,"598646,3052","4316663,4556","38.993420004525, -1.86090998131629",38.993420004525,-1.86090998131629,"CALLE DIONISIO GUARDIOLA, 59"
-1.85641310608111,39.0014252363139,348,1947,933,1143,JOSE Mª LOPEZ-ESPEJO Y FRANCISCO ANTONIO RODRIGUEZ,02006,967522168,AB-240-F,02003000201,ALBACETE,165263,020030002,ALBACETE,165785,02003,ALBACETE,ALBACETE,ALBACETE,ALBACETE, ,1,ALBACETE,1-01,25,"599024,5901","4317556,7238","39.0014252372369, -1.85641310608111",39.0014252372369,-1.85641310608111,PASEO DE LA CUBA 19-20
-1.84008196348846,38.9785510349079,349,1948,934,1144,JESÚS MARÍA MORENO GÓMEZ,02006,967278780,AB-234-F,02003000201,ALBACETE,165263,020030002,ALBACETE,165785,02003,ALBACETE,ALBACETE,ALBACETE,ALBACETE, ,1,ALBACETE,1-01,1,"600471,1023","4315036,1369","38.9785510358307, -1.84008196348846",38.9785510358307,-1.84008196348846,"AVENIDA JOSE PRAT, 14"
-3.61296800930471,39.466741963069,350,1949,1208,957,ALICIA PERULERO TARJUELO,45700, ,TO-315-F,45053000101,CONSUEGRA,9886,450530001,CONSUEGRA,9886,45053,CONSUEGRA,TOLEDO,CONSUEGRA,TOLEDO, ,7,TOLEDO,7-01,695,"447272,3115","4368752,803","39.466741963995, -3.61296800930471",39.466741963995,-3.61296800930471,"CALLE MORA, 25"
-4.40397802676705,40.1656269669892,351,1950,1209,970,ANA BELEN AREVALO CORPAS,45910,925780024,TO-037-F,45061000101,ESCALONA,1821,450610001,ESCALONA,1821,45061,ESCALONA,TOLEDO,ESCALONA,TOLEDO, ,7,TOLEDO,7-06,705,"380444,8724","4447085,3486","40.1656269679193, -4.40397802676705",40.1656269679193,-4.40397802676705,"PLAZA INFANTE DON JUAN MANUEL, 25"
-4.40568697246972,40.1705869656029,352,1951,1210,971,JOSE LUIS PRADO JIMENEZ,45910,925780742,TO-269-F,45061000101,ESCALONA,1821,450610001,ESCALONA,1821,45061,ESCALONA,TOLEDO,ESCALONA,TOLEDO, ,7,TOLEDO,7-06,705,"380308,0573","4447638,2061","40.170586966533, -4.40568697246972",40.170586966533,-4.40568697246972,"AVENIDA CONSTITUCION, 41"
-4.34775600225111,39.9243980028593,353,1952,1211,972,JOSÉ M.ª ARROYO NOMBELA,45517,925758013,TO-039-F,45062000101,ESCALONILLA,1440,450620001,ESCALONILLA,1440,45062,ESCALONILLA,TOLEDO,"PUEBLA DE MONTALBAN,LA",TOLEDO, ,7,TOLEDO,7-06,780,"384827,283","4420235,6238","39.924398003788, -4.34775600225111",39.924398003788,-4.34775600225111,"CALLE JOSE ANTONIO, 10"
-4.78361397394938,39.6539939886449,354,1953,1212,973,AMALIA N. MANZANARES ALEJANDRE,45650,925703713,TO-041-F,45063000101,ESPINOSO DEL REY,437,450630001,ESPINOSO DEL REY,437,45063,ESPINOSO DEL REY,TOLEDO,"NAVALMORALES,LOS",TALAVERA DE LA REINA, ,6,TALAVERA,6-02,750,"346980,9521","4390875,26","39.653993989572, -4.78361397394938",39.653993989572,-4.78361397394938,"CALLE FERNANDO CADALSO, 14"
-3.76763686542325,40.1053698027523,355,1954,1213,974,FATIMA SARA NEBOT DEL VALLE,45221, ,TO-343-F,45064000101,ESQUIVIAS,5740,450640001,ESQUIVIAS,5740,45064,ESQUIVIAS,TOLEDO,ESQUIVIAS,TOLEDO, ,7,TOLEDO,7-03,710,"434575,2386","4439734,6859","40.105369803682, -3.76763686542325",40.105369803682,-3.76763686542325,"PLAZA DE DON QUIJOTE, 6"
-3.76513698057442,40.1040379771162,356,1955,1214,975,JOSÉ ÁNGEL DORREGO BENÉITEZ,45221,925520067,TO-042-F,45064000101,ESQUIVIAS,5740,450640001,ESQUIVIAS,5740,45064,ESQUIVIAS,TOLEDO,ESQUIVIAS,TOLEDO, ,7,TOLEDO,7-03,710,"434787,0312","4439585,0253","40.104037978046, -3.76513698057442",40.104037978046,-3.76513698057442,"PLAZA MAYOR, 11"
-5.09418003416111,39.6904009710056,357,1956,1215,976,ALBERTO SÁNCHEZ GÓMEZ,45574,925458110,TO-043-F,45065000101,ESTRELLA (LA),183,450650001,ESTRELLA (LA),183,45065,LA ESTRELLA,TOLEDO,ALDEANUEVA DE SAN BARTOLOME,TALAVERA DE LA REINA, ,6,TALAVERA,6-02,655,"320429,2758","4395492,0003","39.690400971933, -5.09418003416111",39.690400971933,-5.09418003416111,"CALLE LUNA, 6"
-4.27232097000973,39.6994210091374,358,1957,1216,977,MILAGROS RICO JEREZ,45164,925400058,TO-155-F,45067000101,GALVEZ,2986,450670001,GALVEZ,2986,45067,GÁLVEZ,TOLEDO,MENASALBAS,TOLEDO, ,7,TOLEDO,7-05,730,"390918,7026","4395170,4558","39.6994210100648, -4.27232097000973",39.6994210100648,-4.27232097000973,"PLAZA GARRIDO, 9"
-4.64676703375699,40.1001820057683,359,1958,1217,978,TERESA MUÑOZ VAZQUEZ,45643,925862406,TO-278-F,45068000101,GARCIOTUM,216,450680001,GARCIOTUN,216,45068,GARCIOTUN,TOLEDO,CASTILLO DE BAYUELA,TALAVERA DE LA REINA, ,6,TALAVERA,6-03,685,"359634,7691","4440176,035","40.100182006698, -4.64676703375699",40.100182006698,-4.64676703375699,"CALLE STA.ANA, 19"
-4.30284696141235,39.9679070075935,360,1959,1218,979,Mª CRISTINA MORENO NUÑEZ,45518,925760903,TO-047-F,45069000101,GERINDOTE,2518,450690001,GERINDOTE,2518,45069,GERINDOTE,TOLEDO,TORRIJOS,TOLEDO, ,7,TOLEDO,7-06,855,"388735,6318","4425007,8924","39.9679070085225, -4.30284696141235",39.9679070085225,-4.30284696141235,"CTRA TORRIJOS, 15"
-4.148278994292,39.8113149704092,361,1960,1219,980,ELENA DE LAS HERAS GÓMEZ,45160,925291374,TO-048-F,45070000101,GUADAMUR,1765,450700001,GUADAMUR,1765,45070,GUADAMUR,TOLEDO,POLAN,TOLEDO, ,7,TOLEDO,7-05,775,"401712,8013","4407446,0071","39.8113149713374, -4.148278994292",39.8113149713374,-4.148278994292,"CALLE ANDRES HORNILLOS, 4"
-3.47343695934363,39.787910966652,362,1961,1220,981,FRANCISCO HERNANDEZ NUÑO DE LA ROSA,45760,925138110,TO-261-F,45071000101,GUARDIA (LA),2163,450710001,GUARDIA (LA),2163,45071,LA GUARDIA,TOLEDO,TEMBLEQUE,TOLEDO, ,7,TOLEDO,7-02,830,"459462,7285","4404325,0224","39.78791096758, -3.47343695934363",39.78791096758,-3.47343695934363,"CALLE ANCHA, 4"
-3.47573702683792,39.788101003071,363,1962,1221,982,VIRTUDES MALDONADO RODRÍGUEZ,45760,925138145,TO-049-F,45071000101,GUARDIA (LA),2163,450710001,GUARDIA (LA),2163,45071,LA GUARDIA,TOLEDO,TEMBLEQUE,TOLEDO, ,7,TOLEDO,7-02,830,"459265,9002","4404347,1579","39.7881010039989, -3.47573702683792",39.7881010039989,-3.47573702683792,"CALLE MAYOR, 12"
-4.92235997543679,39.8676050162791,364,1963,1222,983,BEATRIZ MONTES DE LA NAVA,45664,925816997,TO-228-F,45072000101,HERENCIAS (LAS),576,450720001,HERENCIAS (LAS),576,45072,LAS HERENCIAS,TOLEDO,TALAVERA,TALAVERA DE LA REINA, ,6,TALAVERA,6-01,815,"335585,8962","4414831,2339","39.8676050172075, -4.92235997543679",39.8676050172075,-4.92235997543679,"CALLE PRIMO DE RIVERA, 8"
-5.24261679310422,39.887849527112,365,1964,1223,984,JULIA CUEVAS RODRIGUEZ,45588,925435202,TO-233-F,45073000101,HERRERUELA DE OROPESA,304,450730001,HERRERUELA DE OROPESA,304,45073,HERRERUELA DE OROPESA,TOLEDO,OROPESA,TALAVERA DE LA REINA, ,6,TALAVERA,6-01,770,"308249,3038","4417716,941","39.8878495280405, -5.24261679310422",39.8878495280405,-5.24261679310422,"CALLE TOLEDO, 3"
-4.72206255547162,40.1057745193393,366,1965,1224,985,ELENA ROMERO MOLINA,45645,925878104,TO-231-F,45074000101,HINOJOSA DE SAN VICENTE,394,450740001,HINOJOSA DE SAN VICENTE,394,45074,HINOJOSA DE SAN VICENTE,TOLEDO,CASTILLO DE BAYUELA,TALAVERA DE LA REINA, ,6,TALAVERA,6-03,685,"353228,5128","4440918,383","40.1057745202691, -4.72206255547162",40.1057745202691,-4.72206255547162,"CALLE SAN ROQUE, 23"
-4.4427709883264,40.0974969713097,367,1966,1225,986,JOSE ANGEL CASTELLANOS BULLIDO,45919,925790483,TO-226-F,45076000101,HORMIGOS,529,450760001,HORMIGOS,529,45076,HORMIGOS,TOLEDO,ESCALONA,TOLEDO, ,7,TOLEDO,7-06,705,"377018,5921","4439575,9472","40.0974969722394, -4.4427709883264",40.0974969722394,-4.4427709883264,"CALLE MAQUEDA, 1"
-4.19786900683608,40.0124670212557,368,1967,1226,987,ANGELES SACRISTAN ENCABO,45511,925785328,TO-249-F,45077000101,HUECAS,810,450770001,HUECAS,810,45077,HUECAS,TOLEDO,FUENSALIDA,TOLEDO, ,7,TOLEDO,7-06,715,"397767,5524","4429828,1013","40.012467022185, -4.19786900683608",40.012467022185,-4.19786900683608,"CALLE REAL, 17"
-3.61190098006174,39.8638510255024,369,1968,1227,988,MARIANO GALÁN MONTEMAYOR,45750,925129515,TO-050-F,45078000101,HUERTA DE VALDECARABANOS,1726,450780001,HUERTA DE VALDECARABANOS,1726,45078,HUERTA DE VALDECARÁBANOS,TOLEDO,YEPES,TOLEDO, ,7,TOLEDO,7-02,890,"447664,5498","4412825,3222","39.8638510264308, -3.61190098006174",39.8638510264308,-3.61190098006174,"CALLE REAL, 6"
-4.7515569954703,40.2308650066431,370,1969,1228,989,FRANCISCO JAVIER MARTÍN MIRANDA,45633,925874758,TO-057-F,45079000101,IGLESUELA DEL TIETAR (LA),471,450790001,IGLESUELA (LA),471,45079,LA IGLESUELA,TOLEDO,NAVAMORCUENDE,TALAVERA DE LA REINA, ,6,TALAVERA,6-01,755,"350988,4572","4454852,8176","40.2308650075736, -4.7515569954703",40.2308650075736,-4.7515569954703,AVDA. SIERRA DE SAN VICENTE
-5.20078802665586,39.9062940401243,371,1970,1229,990,FERNANDO MASA MASA,45567,925430908,TO-052-F,45082000101,LAGARTERA,1292,450820001,LAGARTERA,1292,45082,LAGARTERA,TOLEDO,OROPESA,TALAVERA DE LA REINA, ,6,TALAVERA,6-01,770,"311876,5789","4419675,3479","39.9062940410529, -5.20078802665586",39.9062940410529,-5.20078802665586,"CALLE MATIAS ESPUELA, 5"
-4.06565295229593,39.7765329546462,372,1971,1230,991,SOLEDAD GARCIA MARTIN,45123,925376559,TO-258-F,45083000101,LAYOS,845,450830001,LAYOS,845,45083,LAYOS,TOLEDO,POLAN,TOLEDO, ,7,TOLEDO,7-04,775,"408739,3904","4403498,0607","39.7765329555741, -4.06565295229593",39.7765329555741,-4.06565295229593,"CALLE CONDE DE MORA, 10"
-3.3067939812764,39.7224339932615,373,1972,1231,992,ÁNGELA LÓPEZ LÓPEZ,45870,925170043,TO-053-F,45084000101,LILLO,2487,450840001,LILLO,2487,45084,LILLO,TOLEDO,CORRAL DE ALMAGUER,TOLEDO, ,7,TOLEDO,7-02,700,"473706,4103","4396995,8342","39.7224339941891, -3.3067939812764",39.7224339941891,-3.3067939812764,"CALLE FRANCISCO MOLINA, 15"
-3.96694499436626,40.0902850311003,374,1973,1232,993,RAFAEL CABAÑAS CABAÑAS,45212,925558163,TO-208-F,45085000101,LOMINCHAR,2429,450850001,LOMINCHAR,2429,45085,LOMINCHAR,TOLEDO,VILLALUENGA DE LA SAGRA,TOLEDO, ,7,TOLEDO,7-03,875,"417569,997","4438226,0119","40.09028503203, -3.96694499436626",40.09028503203,-3.96694499436626,"CALLE PALOMEQUE, 28"
-4.61264898169034,39.9869130184764,375,1974,1233,994,Mª LEONOR PIÑA DELGADO,45554,925865014,TO-054-F,45086000101,LUCILLOS,483,450860001,LUCILLOS,483,45086,LUCILLOS,TOLEDO,CEBOLLA,TALAVERA DE LA REINA, ,6,TALAVERA,6-03,690,"362315,287","4427550,025","39.9869130194055, -4.61264898169034",39.9869130194055,-4.61264898169034,"CALLE HEROES DEL ALCAZAR, 60"
-3.93232449108946,39.9602062260242,376,1975,1234,995,EVA ALCAZAR PRIOR,45590,925360300,TO-072-F,45088000101,MAGAN,3875,450880001,MAGAN,3875,45088,MAGÁN,TOLEDO,BARGAS,TOLEDO, ,7,TOLEDO,7-04,665,"420370,2611","4423756,6342","39.9602062269532, -3.93232449108946",39.9602062269532,-3.93232449108946,"AVDA AMERICA, 33"
-4.54795599403206,39.8948339633822,377,1976,1235,996,M.ª YOLANDA HORMIGOS CORRAL,45692,925877018,TO-163-F,45089000201,MALPICA DE TAJO,1592,450890002,MALPICA DE TAJO,1592,45089,MALPICA DE TAJO,TOLEDO,CEBOLLA,TALAVERA DE LA REINA, ,6,TALAVERA,6-03,690,"367661,5708","4417231,6653","39.8948339643108, -4.54795599403206",39.8948339643108,-4.54795599403206,"CALLE MARQUES DE POVAR, 11"
-3.79168607540436,39.6350852952967,378,1977,1236,997,ANA ROSA SANCHEZ MIGALLON SANCHEZ GIL,45640,925344743,TO-213-F,45090000101,MANZANEQUE,382,450900001,MANZANEQUE,382,45090,MANZANEQUE,TOLEDO,MORA,TOLEDO, ,7,TOLEDO,7-01,735,"432063,1582","4387555,9468","39.6350852962237, -3.79168607540436",39.6350852962237,-3.79168607540436,"CALLE CALVO SOTELO, 19"
-4.37250997986219,40.065390038387,379,1978,1237,998,Mª ELENA GONZALEZ LORENZO,45515,925790138,TO-237-F,45091000101,MAQUEDA,459,450910001,MAQUEDA,459,45091,MAQUEDA,TOLEDO,SANTA OLALLA,TALAVERA DE LA REINA, ,6,TALAVERA,6-03,805,"382952,8459","4435917,3718","40.0653900393166, -4.37250997986219",40.0653900393166,-4.37250997986219,"CALLE HERRENES, S/N"
-3.93678252394534,39.5631499740423,380,1979,1238,999,Mª TERESA HERRERO PELAEZ,45479,925321101,TO-254-F,45092000101,MARJALIZA,253,450920001,MARJALIZA,253,45092,MARJALIZA,TOLEDO,"YEBENES,LOS",TOLEDO, ,7,TOLEDO,7-01,885,"419528,6134","4379691,9946","39.5631499749689, -3.93678252394534",39.5631499749689,-3.93678252394534,"CALLE PARAISO, 1"
-4.79410999716056,40.0905070224927,381,1980,1239,1000,MONICA PEREZ ROLDAN HESSE,45636,925879068,TO-285-F,45093000101,MARRUPE,147,450930001,MARRUPE,147,45093,MARRUPE,TOLEDO,NAVAMORCUENDE,TALAVERA DE LA REINA, ,6,TALAVERA,6-01,755,"347053,3754","4439345,0941","40.0905070234224, -4.79410999716056",40.0905070234224,-4.79410999716056,"CALLE GENERAL MOLA, 2"
-3.81340795324147,39.7141500198097,382,1981,1240,1001,ALICIA PALOMAR MARTINEZ,45430,925316079,TO-200-F,45094000101,MASCARAQUE,414,450940001,MASCARAQUE,414,45094,MASCARAQUE,TOLEDO,MORA,TOLEDO, ,7,TOLEDO,7-01,735,"430278,6571","4396347,6861","39.7141500207372, -3.81340795324147",39.7141500207372,-3.81340795324147,"CALLE DE LAS SALINAS, 1"
-4.43699397187201,39.9438640235141,383,1982,1241,1002,Mª EUDELIA GOMEZ CAÑIZARES,45534,925747013,TO-058-F,45095000101,MATA (LA),854,450950001,MATA (LA),854,45095,LA MATA,TOLEDO,TORRIJOS,TOLEDO, ,7,TOLEDO,7-06,855,"377235,9526","4422515,2198","39.943864024443, -4.43699397187201",39.943864024443,-4.43699397187201,"CALLE CARMENA, 13"
-4.02140596857073,39.6942619973783,384,1983,1242,1003,PILAR PANTOJA MARTIN,45114,925397350,TO-199-F,45096000201,MAZARAMBROZ,1223,450960002,MAZARAMBROZ,1223,45096,MAZARAMBROZ,TOLEDO,SONSECA,TOLEDO, ,7,TOLEDO,7-01,810,"412424,6313","4394322,7783","39.6942619983057, -4.02140596857072",39.6942619983057,-4.02140596857072,"CALLE HERMANOS MACHADO, 1"
-4.88356996908248,40.0104230450387,385,1984,1243,1004,Mª DE LOS ANGELES CUADRADO BLAZQUEZ,45622,925890005,TO-187-F,45097000101,MEJORADA,1354,450970001,MEJORADA,1354,45097,MEJORADA,TOLEDO,TALAVERA,TALAVERA DE LA REINA, ,6,TALAVERA,6-01,820,"339238,4012","4430613,3315","40.010423045968, -4.88356996908248",40.010423045968,-4.88356996908248,"CALLE REAL, 1"
-4.28392696123489,39.6410609980365,386,1985,1244,1005,MARIA MUÑOZ PINERO,45128, ,TO-305-F,45098000101,MENASALBAS,2459,450980001,MENASALBAS,2459,45098,MENASALBAS,TOLEDO,MENASALBAS,TOLEDO, ,7,TOLEDO,7-05,730,"389830,9685","4388707,3113","39.6410609989636, -4.28392696123489",39.6410609989636,-4.28392696123489,"CALLE RAMON Y CAJAL, 2-A"
-4.28323500917113,39.6394250272545,387,1986,1245,1006,M.ª ELISA GARCÍA-MORENO DÍAZ-MARTA,45128,925407208,TO-059-F,45098000101,MENASALBAS,2459,450980001,MENASALBAS,2459,45098,MENASALBAS,TOLEDO,MENASALBAS,TOLEDO, ,7,TOLEDO,7-05,730,"389887,7494","4388524,8885","39.6394250281816, -4.28323500917113",39.6394250281816,-4.28323500917113,CALLE ARROYO DE LOS CERMEÑOS
-4.19419798154371,40.2378939923837,388,1987,1246,1007,ELENA JIMENEZ LOPEZ,45930,918177346,TO-060-F,45099000101,MENTRIDA,4202,450990001,MENTRIDA,4479,45099,MÉNTRIDA,TOLEDO,VALMOJADO,TOLEDO, ,7,TOLEDO,7-03,860,"398417,0116","4454845,5591","40.2378939933141, -4.19419798154371",40.2378939933141,-4.19419798154371,"CALLE SAN SEBASTIAN, 3"
-4.50188301293495,39.9251099827235,389,1988,1247,1008,Mª GEMA CASTELLANO ORDUÑEZ,45541,925880116,TO-274-F,45100000101,MESEGAR DE TAJO,203,451000001,MESEGAR DE TAJO,203,45100,MESEGAR DE TAJO,TOLEDO,SANTA OLALLA,TALAVERA DE LA REINA, ,6,TALAVERA,6-03,805,"371657,1524","4420524,9049","39.9251099836523, -4.50188301293495",39.9251099836523,-4.50188301293495,"CALLE CARPIO, 4"
-3.0766010394577,39.5235250253217,390,1989,1248,1009,MARTA NURIA GALÁN MATEO,45830, ,TO-292-F,45101000101,MIGUEL ESTEBAN,4791,451010001,MIGUEL ESTEBAN,4791,45101,MIGUEL ESTEBAN,TOLEDO,QUINTANAR DE LA ORDEN,LA MANCHA-CENTRO, ,2,ALCAZAR DE SAN,2-03,795,"493416,1386","4374878,1362","39.523525026248, -3.0766010394577",39.523525026248,-3.0766010394577,"CALLE PADRE JOAQUIN, 41"
-3.0766559658983,39.526188953824,391,1990,1249,1010,M.ª DEL MAR LÓPEZ-BREA VELA,45830,925172041,TO-061-F,45101000101,MIGUEL ESTEBAN,4791,451010001,MIGUEL ESTEBAN,4791,45101,MIGUEL ESTEBAN,TOLEDO,QUINTANAR DE LA ORDEN,LA MANCHA-CENTRO, ,2,ALCAZAR DE SAN,2-03,795,"493411,6694","4375173,786","39.5261889547504, -3.0766559658983",39.5261889547504,-3.0766559658983,"CALLE GENERAL SANJURJO, 6"
-3.0735990023574,39.5221119667901,392,1991,1250,1011,PEDRO TORRILLAS TORRILLAS,45830,925172501,TO-252-F,45101000101,MIGUEL ESTEBAN,4791,451010001,MIGUEL ESTEBAN,4791,45101,MIGUEL ESTEBAN,TOLEDO,QUINTANAR DE LA ORDEN,LA MANCHA-CENTRO, ,2,ALCAZAR DE SAN,2-03,795,"493674,0356","4374721,0982","39.5221119677164, -3.0735990023574",39.5221119677164,-3.0735990023574,"CALLE SAN ANTON, 4"
-3.91675601961022,39.9398480308088,393,1992,1251,1012,"MARTIN BASANTA, C.B",45270,925360037,TO-062-F,45102000201,MOCEJON,5004,451020002,MOCEJON,5004,45102,MOCEJÓN,TOLEDO,BARGAS,TOLEDO, ,7,TOLEDO,7-04,665,"421676,7655","4421483,2599","39.9398480317376, -3.91675601961022",39.9398480317376,-3.91675601961022,"CALLE VIRGEN DEL CARMEN, 3"
-3.91764601984486,39.9376619882231,394,1993,1252,1013,Mª CARMEN SANCHEZ ALONSO,45071,925270467,TO-342-F,45102000201,MOCEJON,5004,451020002,MOCEJON,5004,45102,MOCEJÓN,TOLEDO,BARGAS,TOLEDO, ,7,TOLEDO,7-04,665,"421598,2321","4421241,4091","39.937661989152, -3.91764601984486",39.937661989152,-3.91764601984486,"AVENIDA CASTILLA-LA MANCHA, 33"
-5.14432995126897,39.6041649741162,395,1994,1253,1014,ANTONIO BELVIS HERNANDEZ,45576,925441274,TO-202-F,45103000101,MOHEDAS DE LA JARA,389,451030001,MOHEDAS DE LA JARA,389,45103,MOHEDAS DE LA JARA,TOLEDO,ALDEANUEVA DE SAN BARTOLOME,TALAVERA DE LA REINA, ,6,TALAVERA,6-02,655,"315899,9902","4386021,608","39.6041649750431, -5.14432995126897",39.6041649750431,-5.14432995126897,"PLAZA DE ESPAÑA, 16"
-4.63005200788634,39.9652539732527,396,1995,1254,1015,Mª DEL MAR VERGARA SERRANO,45555,925865149,TO-225-F,45104000101,MONTEARAGON,533,451040001,MONTEARAGON,533,45104,MONTEARAGÓN,TOLEDO,CEBOLLA,TALAVERA DE LA REINA, ,6,TALAVERA,6-03,690,"360785,4272","4425172,9488","39.9652539741816, -4.63005200788634",39.9652539741816,-4.63005200788634,"CALLE DEL POZO, 15"
-4.93901801500947,40.1079560209223,397,1996,1255,1016,PILAR GONZALEZ DEL RIO,45620,925868414,TO-243-F,45105000101,MONTESCLAROS,384,451050001,MONTESCLAROS,384,45105,MONTESCLAROS,TOLEDO,TALAVERA,TALAVERA DE LA REINA, ,6,TALAVERA,6-01,820,"334741,5217","4441541,2671","40.107956021852, -4.93901801500947",40.107956021852,-4.93901801500947,"CALLE ALCORNOQUES, 12"
-4.08040101212428,38.7269309641669,398,1997,670,526,Mª DEL CARMEN  DE DIOS CANO,13440,926477158,CR-030-F,13020000101,ARGAMASILLA DE CALATRAVA,5100,130200001,ARGAMASILLA DE CALATRAVA,5849,13020,ARGAMASILLA DE CALATRAVA,CIUDAD REAL,ARGAMASILLA DE CALATRAVA,PUERTOLLANO, ,8,PUERTOLLANO,8-01,190,"406086,4301","4287028,5077","38.726930965088, -4.08040101212428",38.726930965088,-4.08040101212428,"DE NAVARRA, 2"
-4.07988004189975,38.72756095372,399,1998,671,527,Mª JOSE BLANCO PASCUAL,13440,926477213,CR-171-F,13020000101,ARGAMASILLA DE CALATRAVA,5100,130200001,ARGAMASILLA DE CALATRAVA,5849,13020,ARGAMASILLA DE CALATRAVA,CIUDAD REAL,ARGAMASILLA DE CALATRAVA,PUERTOLLANO, ,8,PUERTOLLANO,8-01,190,"406132,5409","4287097,8836","38.7275609546411, -4.07988004189975",38.7275609546411,-4.07988004189975,"NOMENCLATOR, 1"
-4.07792296080976,38.7274839652877,400,1999,672,528,JUAN JESUS RISQUEZ ASENSIO,13440,926477084,CR-031-F,13020000101,ARGAMASILLA DE CALATRAVA,5100,130200001,ARGAMASILLA DE CALATRAVA,5849,13020,ARGAMASILLA DE CALATRAVA,CIUDAD REAL,ARGAMASILLA DE CALATRAVA,PUERTOLLANO, ,8,PUERTOLLANO,8-01,190,"406302,562","4287087,3358","38.7274839662088, -4.07792296080976",38.7274839662088,-4.07792296080976,"MAYOR, 1"
-4.54325196016574,39.1525920330152,401,2000,673,529,JUAN JOSE PEÑA MALDONADO,13193,926771569,CR-206-F,13021000101,ARROBA DE LOS MONTES,402,130210001,ARROBA DE LOS MONTES,402,13021,ARROBA DE LOS MONTES,CIUDAD REAL,ALCOBA DE LOS MONTES,CIUDAD REAL, ,3,CIUDAD REAL,3-02,165,"366651,3065","4334844,145","39.1525920339391, -4.54325196016574",39.1525920339391,-4.54325196016574,"ESCUELAS, 1"
-3.66856300197399,38.9068709597529,402,2001,674,530,Mª JESUS ARANDA ALMANSA,13260,926884505,CR-267-F,13023000101,BOLAÑOS DE CALATRAVA,11910,130230001,BOLAÑOS DE CALATRAVA,11910,13023,BOLAÑOS DE CALATRAVA,CIUDAD REAL,BOLAÑOS DE CALATRAVA,CIUDAD REAL, ,3,CIUDAD REAL,3-01,195,"442031,863","4306654,4529","38.9068709606753, -3.66856300197399",38.9068709606753,-3.66856300197399,"CRISTO, 9"
-3.43017599857006,40.7025229875229,403,2002,675,840,JUAN RAMÓN MORALES SANZ,19170,949334688,GU-081-F,19071000101,CASAR (EL),4575,190710001,CASAR (EL),4575,19071,EL CASAR,GUADALAJARA,"CASAR,EL",GUADALAJARA, ,5,GUADALAJARA,5-04,545,"463659,3191","4505824,1125","40.7025229884558, -3.43017599857006",40.7025229884558,-3.43017599857006,"CALLE ESPERANZA, 13"
-1.78964293037762,40.5857777272018,404,2003,676,841,NOELIA LLUCH MARCO,19310,949836107,GU-037-F,19103000101,CHECA,286,191030001,CHECA,286,19103,CHECA,GUADALAJARA,CHECA,GUADALAJARA, ,5,GUADALAJARA,5-03,550,"602428,6658","4493480,0344","40.5857777281341, -1.78964293037762",40.5857777281341,-1.78964293037762,"CALLE LARGA,1"
-3.16302598425516,40.572976983756,405,2004,677,842,MARIA JESUS BARROSO NIETO,19160,949271073,GU-010-F,19105000201,CHILOECHES,1936,191050002,CHILOECHES,1936,19105,CHILOECHES,GUADALAJARA,GUADALAJARA,GUADALAJARA, ,5,GUADALAJARA,5-04,587,"486201,1568","4491367,985","40.5729769846883, -3.16302598425516",40.5729769846883,-3.16302598425516,"PZA. DE LA IGLESIA, 1"
-2.62077960991603,40.7857729792711,406,2005,678,843,BERNARDINA MORO MEDIANO,19420,949810053,GU-044-F,19086000201,CIFUENTES,1300,190860002,CIFUENTES,1300,19086,CIFUENTES,GUADALAJARA,CIFUENTES,GUADALAJARA, ,5,GUADALAJARA,5-01,555,"531996,0893","4515045,4419","40.7857729802044, -2.62077960991603",40.7857729802044,-2.62077960991603,"CALLE REMEDIO, 12"
-2.34077995628529,40.615921975332,407,2006,679,874,CASILDA MARRA-LOPEZ GREDILLA,19494,949810897,GU-018-F,19232000101,RECUENCO (EL),61,192320001,RECUENCO (EL),61,19232,EL RECUENCO,GUADALAJARA,VILLANUEVA DE ALCORON,GUADALAJARA, ,5,GUADALAJARA,5-01,640,"555762,184","4496331,0148","40.6159219762645, -2.34077995628529",40.6159219762645,-2.34077995628529,"CALLE BOLEO, 6"
-2.41681695777332,40.83302998076,408,2007,680,875,JULIA MARIA DEL CASTILLO ABANADES,19432,949814013,GU-028-F,19244000201,SACECORBO,85,192440002,SACECORBO,85,19244,SACECORBO,GUADALAJARA,CIFUENTES,GUADALAJARA, ,5,GUADALAJARA,5-01,555,"549170,2746","4520385,6986","40.8330299816935, -2.41681695777332",40.8330299816935,-2.41681695777332,"CALLE MAYOR, 18"
-2.73284501154279,40.4804200181008,409,2008,681,876,BENJAMIN Y ANTONIO RUIZ CALVO,19120,949350247,GU-111-F,19245000401,SACEDON,1427,192450004,SACEDON,1427,19245,SACEDÓN,GUADALAJARA,SACEDON,GUADALAJARA, ,5,GUADALAJARA,5-01,630,"522643,6656","4481115,6319","40.4804200190326, -2.73284501154279",40.4804200190326,-2.73284501154279,"CALLE MAYOR, 12"
-2.32413501983306,40.9062270112167,410,2009,682,877,JOSE LUIS SOTILLO MEMBIBRE,19440,974391736,GU-026-F,19246000101,SAELICES DE LA SAL,48,192460001,SAELICES DE LA SAL,48,19246,SAELICES DE LA SAL,GUADALAJARA,ALCOLEA DEL PINAR,GUADALAJARA, ,5,GUADALAJARA,5-02,520,"556921,9537","4528567,3032","40.9062270121505, -2.32413501983306",40.9062270121505,-2.32413501983306,"CTRA CIFUENTES/UNICA, S/N"
-2.49442103075266,40.5449750190203,411,2010,683,878,FERNANDO LOPEZ DEL AGUILA,19126,949355009,GU-042-F,19247000101,SALMERON,128,192470001,SALMERON,128,19247,SALMERÓN,GUADALAJARA,SACEDON,GUADALAJARA,CER.TEMP,5,GUADALAJARA,5-01,630,"542811,1207","4488369,7553","40.5449750199524, -2.49442103075266",40.5449750199524,-2.49442103075266,"CALLE DEL ARCO, 3"
-3.77751200538754,39.2275969865832,412,2012,685,555,ASUNCION CASTEJON MARTIN,13680,926806067,CR-069-F,13044000301,FUENTE EL FRESNO,2974,130440003,FUENTE EL FRESNO,2974,13044,FUENTE EL FRESNO,CIUDAD REAL,MALAGON,CIUDAD REAL, ,3,CIUDAD REAL,3-01,250,"432889,679","4342321,733","39.2275969875077, -3.77751200538754",39.2275969875077,-3.77751200538754,"MELCHOR CANO, 54"
-3.7446720022999,38.7968090307988,413,2013,686,556,PATRICIA BODOQUE MURIEL,13360,926868032,CR-070-F,13045000101,GRANATULA DE CALATRAVA,716,130450001,GRANATULA DE CALATRAVA,716,13045,GRANÁTULA DE CALATRAVA,CIUDAD REAL,CALZADA DE CALATRAVA,CIUDAD REAL, ,3,CIUDAD REAL,3-01,200,"435333,1288","4294491,9686","38.7968090317204, -3.7446720022999",38.7968090317204,-3.7446720022999,"CARMEN, 2"
-4.97167504531372,38.7271669686299,414,2014,687,557,EVA ANTONIA SAEZ FERNANDEZ,13490,926742018,CR-071-F,13046000101,GUADALMEZ,718,130460001,GUADALMEZ,718,13046,GUADALMEZ,CIUDAD REAL,ALMADEN,PUERTOLLANO, ,8,PUERTOLLANO,8-01,170,"328608,0401","4288346,0496","38.7271669695509, -4.97167504531372",38.7271669695509,-4.97167504531372,"PZA. DE LA CONSTITUCION, 3"
-3.35423202189194,39.3661099683873,415,2015,688,558,SAGRARIO FERNANDEZ-MAZARAMBROZ GOMEZ-LOBO,13640,926571054,CR-073-F,13047000101,HERENCIA,8432,130470001,HERENCIA,8432,13047,HERENCIA,CIUDAD REAL,HERENCIA,LA MANCHA-CENTRO, ,2,ALCAZAR DE SAN,2-01,245,"469485,0905","4357465,3105","39.3661099693126, -3.35423202189194",39.3661099693126,-3.35423202189194,"COLON, 17"
-3.84973600764239,39.1698020067807,416,2016,689,571,MANUEL SALCEDO BARREDA,13420,926800690,CR-087-F,13052000301,MALAGON,7324,130520003,MALAGON,7324,13052,MALAGÓN,CIUDAD REAL,MALAGON,CIUDAD REAL, ,3,CIUDAD REAL,3-01,250,"426595,5106","4335963,7871","39.1698020077048, -3.8497360076424",39.1698020077048,-3.8497360076424,"HERAS, 16"
-3.34544801763036,38.9738489814607,417,2017,690,572,AURORA GORDO PINES,13230, ,CR-236-F,13054000101,MEMBRILLA,5904,130540001,MEMBRILLA,5904,13054,MEMBRILLA,CIUDAD REAL,MANZANARES,LA MANCHA-CENTRO, ,2,MANZANARES,2-02,255,"470076,0042","4313931,3218","38.9738489823835, -3.34544801763036",38.9738489823835,-3.34544801763036,"SAN ROQUE, 15"
-3.34753897942755,38.9717630123553,418,2018,691,573,LUCILA MENCHEN FERNANDEZ,13230,926636122,CR-094-F,13054000101,MEMBRILLA,5904,130540001,MEMBRILLA,5904,13054,MEMBRILLA,CIUDAD REAL,MANZANARES,LA MANCHA-CENTRO, ,2,MANZANARES,2-02,255,"469893,9937","4313700,5287","38.971763013278, -3.34753897942755",38.971763013278,-3.34753897942755,"RAMON Y CAJAL, 2"
-3.3431896893588,38.972517585023,419,2019,692,574,ISABEL MOTIÑO PALACIOS,13230, ,CR-230-F,13054000101,MEMBRILLA,5904,130540001,MEMBRILLA,5904,13054,MEMBRILLA,CIUDAD REAL,MANZANARES,LA MANCHA-CENTRO, ,2,MANZANARES,2-02,255,"470271,0729","4313782,836","38.9725175859457, -3.3431896893588",38.9725175859457,-3.3431896893588,"PAPA JUAN XXIII, 19"
-4.07044602427013,38.5786890069621,420,2020,693,575,INMACULADA NAVAS NIETO,13592,926485528,CR-135-F,13055000201,MESTANZA,427,130550002,MESTANZA,427,13055,MESTANZA,CIUDAD REAL,PUERTOLLANO,PUERTOLLANO, ,8,PUERTOLLANO,8-01,295,"406759,8023","4270568,1182","38.5786890078821, -4.07044602427013",38.5786890078821,-4.07044602427013,"PUERTOLLANO, 19"
-3.88675901336465,38.9593309889076,421,2021,694,576,ÁNGEL JACINTO ARÉVALO SERRANO,13170,926233462,CR-097-F,13056000101,MIGUELTURRA,15717,130560001,MIGUELTURRA,15717,13056,MIGUELTURRA,CIUDAD REAL,MIGUELTURRA,CIUDAD REAL, ,3,CIUDAD REAL,3-01,265,"423169,3952","4312637,3651","38.9593309898302, -3.88675901336465",38.9593309898302,-3.88675901336465,"FCO. FERNANDEZ ORDOÑEZ, 4"
-3.89495596121433,38.9681490200878,422,2022,695,577,ANTONIA CACHERO SANCHEZ,13170,926240096,CR-262-F,13056000101,MIGUELTURRA,15717,130560001,MIGUELTURRA,15717,13056,MIGUELTURRA,CIUDAD REAL,MIGUELTURRA,CIUDAD REAL, ,3,CIUDAD REAL,3-01,265,"422468,7953","4313622,8745","38.9681490210105, -3.89495596121433",38.9681490210105,-3.89495596121433,"REAL, 66"
-3.8883479990944,38.9663370093164,423,2023,696,578,MONICA GESTEIRA MARTINS,13170,926272153,CR-279-F,13056000101,MIGUELTURRA,15717,130560001,MIGUELTURRA,15717,13056,MIGUELTURRA,CIUDAD REAL,MIGUELTURRA,CIUDAD REAL, ,3,CIUDAD REAL,3-01,265,"423039,3006","4313416,1866","38.9663370102391, -3.8883479990944",38.9663370102391,-3.8883479990944,"JOSE MORA, 27"
-3.89018298803706,38.9650009948665,424,2024,697,579,JESUS ROMERO GÓMEZ,13170,926240252,CR-096-F,13056000101,MIGUELTURRA,15717,130560001,MIGUELTURRA,15717,13056,MIGUELTURRA,CIUDAD REAL,MIGUELTURRA,CIUDAD REAL, ,3,CIUDAD REAL,3-01,265,"422878,8777","4313269,4765","38.9650009957892, -3.89018298803706",38.9650009957892,-3.89018298803706,"PZA CONSTITUCION, 5"
-3.89157797276524,38.9643759972908,425,2025,698,580,TERESA ROSPIDE GARCIA,13170, ,CR-249-F,13056000101,MIGUELTURRA,15717,130560001,MIGUELTURRA,15717,13056,MIGUELTURRA,CIUDAD REAL,MIGUELTURRA,CIUDAD REAL, ,3,CIUDAD REAL,3-01,265,"422757,3422","4313201,3003","38.9643759982135, -3.89157797276524",38.9643759982135,-3.89157797276524,"PELIGROS, 21"
-2.86618295600592,38.6962130362682,426,2026,699,581,ARROYO C.B.,13326,926353134,CR-098-F,13057000101,MONTIEL,1233,130570001,MONTIEL,1233,13057,MONTIEL,CIUDAD REAL,VILLANUEVA DE LOS INFANTES,CIUDAD REAL, ,3,VALDEPEÑAS,3-03,330,"511636,8406","4283074,3926","38.696213037189, -2.86618295600592",38.696213037189,-2.86618295600592,"ALMEDINA, 7"
-3.57952499567284,38.8292609651671,427,2027,700,582,PEDRO ALBERTO GALDON MARTINEZ,13350,926330009,CR-099-F,13058000101,MORAL DE CALATRAVA,5178,130580001,MORAL DE CALATRAVA,5178,13058,MORAL DE CALATRAVA,CIUDAD REAL,MORAL DE CALATRAVA,CIUDAD REAL, ,3,VALDEPEÑAS,3-03,270,"449697,3483","4297989,2767","38.8292609660889, -3.57952499567284",38.8292609660889,-3.57952499567284,"NTRA.SRA.MERCEDES, 2"
-3.58209096295841,38.8290139558995,428,2028,701,583,INMACULADA ECHALECU PALACIOS,13350,926319669,CR-276-F,13058000101,MORAL DE CALATRAVA,5178,130580001,MORAL DE CALATRAVA,5178,13058,MORAL DE CALATRAVA,CIUDAD REAL,MORAL DE CALATRAVA,CIUDAD REAL, ,3,VALDEPEÑAS,3-03,270,"449474,4466","4297963,282","38.8290139568212, -3.58209096295841",38.8290139568212,-3.58209096295841,"DULCINEA, 1"
-3.57700100010302,38.8290490279044,429,2029,702,584,Mª ELENA FERNANZ-MAYORALAS NUÑO,13350,926330023,CR-100-F,13058000101,MORAL DE CALATRAVA,5178,130580001,MORAL DE CALATRAVA,5178,13058,MORAL DE CALATRAVA,CIUDAD REAL,MORAL DE CALATRAVA,CIUDAD REAL, ,3,VALDEPEÑAS,3-03,270,"449916,2837","4297964,3718","38.8290490288261, -3.57700100010302",38.8290490288261,-3.57700100010302,"AGUSTIN SALIDO, 25"
-4.59144699454716,39.2238220358863,430,2030,703,585,ENRIQUE PRADO FERNANDEZ,13193,926771062,CR-148-F,13059000101,NAVALPINO,203,130590001,NAVALPINO,203,13059,NAVALPINO,CIUDAD REAL,ALCOBA DE LOS MONTES,CIUDAD REAL, ,3,CIUDAD REAL,3-02,165,"362625,4544","4342821,4413","39.2238220368108, -4.59144699454716",39.2238220368108,-4.59144699454716,"ERAS, 12"
-4.52181395590067,39.4958570111848,431,2031,704,586,LUCIA MARTOS HERNANZ,13194,925409207,CR-095-F,13060000101,NAVAS DE ESTENA,292,130600001,NAVAS DE ESTENA,292,13060,NAVAS DE ESTENA,CIUDAD REAL,RETUERTA DEL BULLAQUE,CIUDAD REAL, ,3,CIUDAD REAL,3-02,300,"369145,1961","4372910,1368","39.495857012111, -4.52181395590067",39.495857012111,-4.52181395590067,"CASTILLA-LA MANCHA, 2"
-2.95142703193785,39.3995800144009,432,2032,705,587,DOMINGO JESUS GARCIA MARTINEZ,13620, ,CR-293-F,13061000101,PEDRO MUÑOZ,7480,130610001,PEDRO MUÑOZ,7480,13061,PEDRO MUÑOZ,CIUDAD REAL,PEDRO MUÑOZ,LA MANCHA-CENTRO, ,2,TOMELLOSO,2-01,272,"504182,2592","4361121,0564","39.3995800153265, -2.95142703193785",39.3995800153265,-2.95142703193785,"CONCORDIA, 8"
-2.94627297505729,39.4046159754054,433,2033,706,588,ANTONIO BETETA LOPEZ,13620,926586070,CR-101-F,13061000101,PEDRO MUÑOZ,7480,130610001,PEDRO MUÑOZ,7480,13061,PEDRO MUÑOZ,CIUDAD REAL,PEDRO MUÑOZ,LA MANCHA-CENTRO, ,2,TOMELLOSO,2-01,272,"504625,7043","4361680,1926","39.404615976331, -2.94627297505729",39.404615976331,-2.94627297505729,"AMOS OLIVARES, 40"
-2.94438099775946,39.4002139689826,434,2034,707,589,MADRID Y ZAMBRANA C.B.,13620,926586813,CR-184-F,13061000101,PEDRO MUÑOZ,7480,130610001,PEDRO MUÑOZ,7480,13061,PEDRO MUÑOZ,CIUDAD REAL,PEDRO MUÑOZ,LA MANCHA-CENTRO, ,2,TOMELLOSO,2-01,272,"504788,8978","4361191,762","39.4002139699082, -2.94438099775946",39.4002139699082,-2.94438099775946,"SAN CRISTOBAL, 5"
-2.94806201013863,39.4038859861174,435,2035,708,590,JAVIER QUINTANAR CENJOR,13620,926586465,CR-102-F,13061000101,PEDRO MUÑOZ,7480,130610001,PEDRO MUÑOZ,7480,13061,PEDRO MUÑOZ,CIUDAD REAL,PEDRO MUÑOZ,LA MANCHA-CENTRO, ,2,TOMELLOSO,2-01,272,"504471,7214","4361599,0891","39.403885987043, -2.94806201013863",39.403885987043,-2.94806201013863,"VIRGEN, 36"
-4.06053298789003,39.0493089924538,436,2036,709,591,MARTA PALOMO GOMEZ,13196,926820061,CR-208-F,13062000101,PICON,651,130620001,PICON,667,13062,PICÓN,CIUDAD REAL,PIEDRABUENA,CIUDAD REAL, ,3,CIUDAD REAL,3-02,275,"408229,2695","4322783,5799","39.049308993377, -4.06053298789003",39.049308993377,-4.06053298789003,"REAL, 2"
-4.17369203226775,39.0354009943787,437,2037,710,592,TERESA BERMEJO ARROYO,13100,926760360,CR-103-F,13063000201,PIEDRABUENA,4247,130630002,PIEDRABUENA,4247,13063,PIEDRABUENA,CIUDAD REAL,PIEDRABUENA,CIUDAD REAL, ,3,CIUDAD REAL,3-02,275,"398417,127","4321360,4096","39.0354009953018, -4.17369203226775",39.0354009953018,-4.17369203226775,"REAL, 1"
-4.17619202291958,39.0356659910472,438,2038,711,593,MARIA GONZALEZ RODRIGUEZ,13100,926760005,CR-104-F,13063000201,PIEDRABUENA,4247,130630002,PIEDRABUENA,4247,13063,PIEDRABUENA,CIUDAD REAL,PIEDRABUENA,CIUDAD REAL, ,3,CIUDAD REAL,3-02,275,"398201,1271","4321392,613","39.0356659919704, -4.17619202291958",39.0356659919704,-4.17619202291958,"DEL CUADRO, 1"
-3.98062999048325,38.9368139668648,439,2039,712,594,CELIA ISABEL MATEO GONZALEZ,13195,926833009,CR-203-F,13064000101,POBLETE,2802,130640001,POBLETE,2802,13064,POBLETE,CIUDAD REAL,CIUDAD REAL,CIUDAD REAL, ,3,CIUDAD REAL,3-02,215,"415009,1758","4310221,9168","38.9368139677873, -3.98062999048325",38.9368139677873,-3.98062999048325,"CERVANTES, 4B"
-4.15490300576372,39.1467300190071,440,2040,713,595,ASUNCION ARROYO VERA,13120,926780019,CR-105-F,13065000201,PORZUNA,2675,130650002,PORZUNA,2675,13065,PORZUNA,CIUDAD REAL,PORZUNA,CIUDAD REAL, ,3,CIUDAD REAL,3-02,280,"400200,4146","4333694,609","39.146730019931, -4.15490300576372",39.146730019931,-4.15490300576372,"EN MEDIO, 6"
-2.64438496388023,41.068950040172,441,2041,714,880,ELENA MARCOS BENEDI,19250,949390798,GU-069-F,19257002501,SIGUENZA,3968,192570025,SIGUENZA,3968,19257,SIGÜENZA,GUADALAJARA,SIGÜENZA,GUADALAJARA, ,5,GUADALAJARA,5-02,635,"529876,6069","4546472,1287","41.0689500411066, -2.64438496388023",41.0689500411066,-2.64438496388023,"AVENIDA PIO XII, 2"
-2.64266098065393,41.0680810061756,442,2042,715,881,LAURA SERRANO PARRILLA,19250,949390290,GU-030-F,19257002501,SIGUENZA,3968,192570025,SIGUENZA,3968,19257,SIGÜENZA,GUADALAJARA,SIGÜENZA,GUADALAJARA, ,5,GUADALAJARA,5-02,635,"530021,841","4546376,2483","41.0680810071101, -2.64266098065393",41.0680810071101,-2.64266098065393,"CALLE MANUEL GARCIA ATANCE, 4"
-3.66003696646816,38.9096370193699,443,2043,716,531,MANUEL ARREAZA PRADO,13260,926884494,CR-251-F,13023000101,BOLAÑOS DE CALATRAVA,11910,130230001,BOLAÑOS DE CALATRAVA,11910,13023,BOLAÑOS DE CALATRAVA,CIUDAD REAL,BOLAÑOS DE CALATRAVA,CIUDAD REAL, ,3,CIUDAD REAL,3-01,195,"442773,3458","4306956,0216","38.9096370202922, -3.66003696646816",38.9096370202922,-3.66003696646816,"DON QUIJOTE, 8"
-3.6621190337476,38.9015740332274,444,2044,717,532,LAURA ZAR ALCOBA,13260,926871585,CR-130-F,13023000101,BOLAÑOS DE CALATRAVA,11910,130230001,BOLAÑOS DE CALATRAVA,11910,13023,BOLAÑOS DE CALATRAVA,CIUDAD REAL,BOLAÑOS DE CALATRAVA,CIUDAD REAL, ,3,CIUDAD REAL,3-01,195,"442586,3301","4306062,5734","38.9015740341496, -3.6621190337476",38.9015740341496,-3.6621190337476,"CARDENAL CISNEROS, 60"
-3.66832146384131,38.9036136418183,445,2045,718,533,ANTONIO RIVERA COLL,13260, ,CR-239-F,13023000101,BOLAÑOS DE CALATRAVA,11910,130230001,BOLAÑOS DE CALATRAVA,11910,13023,BOLAÑOS DE CALATRAVA,CIUDAD REAL,BOLAÑOS DE CALATRAVA,CIUDAD REAL, ,3,CIUDAD REAL,3-01,195,"442050,1578","4306292,832","38.9036136427406, -3.66832146384131",38.9036136427406,-3.66832146384131,"CALLE DE LA VEREDA, 46"
-3.66995103484419,38.9054179639705,446,2046,719,534,Mª PILAR SANCHEZ VALDIVIA,13260,926870041,CR-032-F,13023000101,BOLAÑOS DE CALATRAVA,11910,130230001,BOLAÑOS DE CALATRAVA,11910,13023,BOLAÑOS DE CALATRAVA,CIUDAD REAL,BOLAÑOS DE CALATRAVA,CIUDAD REAL, ,3,CIUDAD REAL,3-01,195,"441910,3275","4306494,0956","38.9054179648928, -3.66995103484419",38.9054179648928,-3.66995103484419,"ALMAGRO, 23"
-3.66585699114843,38.9063909896299,447,2047,720,535,CARLOS SANCHEZ TORRES,13260,926870133,CR-033-F,13023000101,BOLAÑOS DE CALATRAVA,11910,130230001,BOLAÑOS DE CALATRAVA,11910,13023,BOLAÑOS DE CALATRAVA,CIUDAD REAL,BOLAÑOS DE CALATRAVA,CIUDAD REAL, ,3,CIUDAD REAL,3-01,195,"442266,1027","4306599,4741","38.9063909905522, -3.66585699114843",38.9063909905522,-3.66585699114843,"CALLE LIBERTAD, 5"
-3.66473904473249,38.9058049830982,448,2048,721,536,ALBINO GRECIET RODRIGUEZ,13260,926870584,CR-187-F,13023000101,BOLAÑOS DE CALATRAVA,11910,130230001,BOLAÑOS DE CALATRAVA,11910,13023,BOLAÑOS DE CALATRAVA,CIUDAD REAL,BOLAÑOS DE CALATRAVA,CIUDAD REAL, ,3,CIUDAD REAL,3-01,195,"442362,5626","4306533,7375","38.9058049840205, -3.66473904473249",38.9058049840205,-3.66473904473249,"REAL, 1"
-4.29381234320504,38.65731059549,449,2049,722,537,INMACULADA ZAR ECHALECU,13450,926471006,CR-034-F,13024000101,BRAZATORTAS,889,130240001,BRAZATORTAS,889,13024,BRAZATORTAS,CIUDAD REAL,ALMODOVAR DEL CAMPO,PUERTOLLANO, ,8,PUERTOLLANO,8-01,180,"387425,9918","4279543,1308","38.6573105964105, -4.29381234320504",38.6573105964105,-4.29381234320504,"CALLE REAL, 87"
-4.18444859445705,38.6143366379816,450,2050,723,538,EDUARDO DIAZ GUILLEN,13591,926476082,CR-195-F,13026000101,CABEZARRUBIAS DEL PUERTO,484,130260001,CABEZARRUBIAS DEL PUERTO,484,13026,CABEZARRUBIAS DEL PUERTO,CIUDAD REAL,PUERTOLLANO,PUERTOLLANO, ,8,PUERTOLLANO,8-01,295,"396880,4344","4274645,7591","38.6143366389018, -4.18444859445705",38.6143366389018,-4.18444859445705,"CALLE MAYOR, 11"
-3.77545097491105,38.7027959974615,451,2051,724,539,JESUS CIUDAD CIUDAD,13370,926875363,CR-036-F,13027000101,CALZADA DE CALATRAVA,3621,130270001,CALZADA DE CALATRAVA,3621,13027,CALZADA DE CALATRAVA,CIUDAD REAL,CALZADA DE CALATRAVA,CIUDAD REAL, ,3,CIUDAD REAL,3-01,200,"432571,8841","4284081,6976","38.7027959983824, -3.77545097491105",38.7027959983824,-3.77545097491105,"REAL, 83"
-3.77645902515087,38.7036829898915,452,2052,725,540,CRISTINA FERNANDEZ PARDIÑAS,13370,926876610,CR-035-F,13027000101,CALZADA DE CALATRAVA,3621,130270001,CALZADA DE CALATRAVA,3621,13027,CALZADA DE CALATRAVA,CIUDAD REAL,CALZADA DE CALATRAVA,CIUDAD REAL, ,3,CIUDAD REAL,3-01,200,"432485,0636","4284180,8674","38.7036829908124, -3.77645902515087",38.7036829908124,-3.77645902515087,"REAL, 92"
-3.7739800417507,38.7008309743689,453,2053,726,541,EMILIO ALAÑON RIVERA,13370, ,CR-295-F,13027000101,CALZADA DE CALATRAVA,3621,130270001,CALZADA DE CALATRAVA,3621,13027,CALZADA DE CALATRAVA,CIUDAD REAL,CALZADA DE CALATRAVA,CIUDAD REAL, ,3,CIUDAD REAL,3-01,200,"432697,9466","4283862,5622","38.7008309752898, -3.7739800417507",38.7008309752898,-3.7739800417507,"REAL, 162"
-4.06283604397521,38.8448660107093,454,2054,727,542,MARGARITA MARTINEZ MARIN,13191,926830185,CR-224-F,13030000101,CARACUEL DE CALATRAVA,125,130300001,CARACUEL DE CALATRAVA,125,13030,CARACUEL DE CALATRAVA,CIUDAD REAL,CORRAL DE CALATRAVA,CIUDAD REAL, ,3,CIUDAD REAL,3-01,230,"407765,3912","4300098,0275","38.8448660116312, -4.06283604397521",38.8448660116312,-4.06283604397521,"CONSTITUCION, 31"
-3.81628203460604,39.0178610113873,455,2055,728,543,SERRANO VILA C.B.,13150,926814003,CR-041-F,13031000101,CARRION DE CALATRAVA,3131,130310001,CARRION DE CALATRAVA,3131,13031,CARRIÓN DE CALATRAVA,CIUDAD REAL,CARRION DE CALATRAVA,CIUDAD REAL, ,3,CIUDAD REAL,3-01,210,"429333,9802","4319075,5647","39.0178610123103, -3.81628203460604",39.0178610123103,-3.81628203460604,"LIBERTAD, 13"
-2.9923730381885,38.8415780048503,456,2056,729,544,LUIS AURELIANO VAZQUEZ GALLEGO,13329,926368077,CR-042-F,13032000101,CARRIZOSA,1154,130320001,CARRIZOSA,1154,13032,CARRIZOSA,CIUDAD REAL,VILLANUEVA DE LOS INFANTES,CIUDAD REAL, ,3,VALDEPEÑAS,3-03,330,"500661,9022","4299196,591","38.8415780057722, -2.9923730381885",38.8415780057722,-2.9923730381885,"JOSE ANTONIO, 26"
-3.27469698859769,38.5386730173283,457,2057,730,545,JOSE JULIO NIEVES CARRASCOSA,13750,926340011,CR-043-F,13033000101,CASTELLAR DE SANTIAGO,1819,130330001,CASTELLAR DE SANTIAGO,1819,13033,CASTELLAR DE SANTIAGO,CIUDAD REAL,SANTA CRUZ DE MUDELA,CIUDAD REAL, ,3,VALDEPEÑAS,3-03,305,"476059,799","4265620,4153","38.538673018248, -3.27469698859769",38.538673018248,-3.27469698859769,"ERAS, 41"
-4.86714390700624,38.7966699480901,458,2058,731,546,EUSEBIO LUIS CALVO SANCHEZ,13412,926711309,CR-058-F,13038000101,CHILLON,1758,130380001,CHILLON,1758,13038,CHILLÓN,CIUDAD REAL,ALMADEN,PUERTOLLANO, ,8,PUERTOLLANO,8-01,170,"337852,7834","4295868,9246","38.7966699490117, -4.86714390700624",38.7966699490117,-4.86714390700624,"CONSTITUCION, 7"
-4.08080004133421,38.8587730430621,459,2059,732,547,HILARIO SANCHEZ-GARRIDO CALVO,13190,926830009,CR-056-F,13035000101,CORRAL DE CALATRAVA,1089,130350001,CORRAL DE CALATRAVA,1089,13035,CORRAL DE CALATRAVA,CIUDAD REAL,CORRAL DE CALATRAVA,CIUDAD REAL, ,3,CIUDAD REAL,3-01,230,"406224,6717","4301659,6196","38.8587730439841, -4.08080004133421",38.8587730439841,-4.08080004133421,"VALVERDE, 1"
-3.46435500019291,38.6419509744721,460,2070,743,645,PILAR RUÍZ-POVEDA VALERA,13730,926331347,CR-291-F,13077000101,SANTA CRUZ DE MUDELA,3950,130770001,SANTA CRUZ DE MUDELA,3950,13077,SANTA CRUZ DE MUDELA,CIUDAD REAL,SANTA CRUZ DE MUDELA,CIUDAD REAL, ,3,VALDEPEÑAS,3-03,305,"459588,725","4277146,9791","38.6419509753926, -3.46435500019291",38.6419509753926,-3.46435500019291,"SAN SEBASTIAN, 28"
-3.46664701844235,38.641631008953,461,2071,744,646,DIEGO GALLEGO PAREDES,13730,926342107,CR-129-F,13077000101,SANTA CRUZ DE MUDELA,3950,130770001,SANTA CRUZ DE MUDELA,3950,13077,SANTA CRUZ DE MUDELA,CIUDAD REAL,SANTA CRUZ DE MUDELA,CIUDAD REAL, ,3,VALDEPEÑAS,3-03,305,"459389,0767","4277112,4861","38.6416310098735, -3.46664701844235",38.6416310098735,-3.46664701844235,"CAPITAN CASADO, 3"
-3.46785499545377,38.6415159920135,462,2072,745,647,OSCAR  HARO VELAZQUEZ  CASTRO,13730,926342066,CR-128-F,13077000101,SANTA CRUZ DE MUDELA,3950,130770001,SANTA CRUZ DE MUDELA,3950,13077,SANTA CRUZ DE MUDELA,CIUDAD REAL,SANTA CRUZ DE MUDELA,CIUDAD REAL, ,3,VALDEPEÑAS,3-03,305,"459283,8844","4277100,2586","38.6415159929339, -3.46785499545377",38.6415159929339,-3.46785499545377,"CERVANTES, 36"
-4.07365195929369,38.4653319901408,463,2073,746,648,MANUEL OVIDIO DELGADO QUINTANA,13593,926485055,CR-200-F,13080000201,SOLANA DEL PINO,328,130800002,SOLANA DEL PINO,328,13080,SOLANA DEL PINO,CIUDAD REAL,SOLANA DEL PINO,PUERTOLLANO, ,8,PUERTOLLANO,8-01,317,"406333,723","4257992,5579","38.46533199106, -4.07365195929369",38.46533199106,-4.07365195929369,"PRIMERO DE MAYO, 3"
-3.23815696919003,38.9428039569468,464,2074,747,649,JOAQUIN ANTEQUERA RECIO,13240,926631084,CR-083-F,13079000101,SOLANA (LA),15313,130790001,SOLANA (LA),15313,13079,LA SOLANA,CIUDAD REAL,"SOLANA,LA",LA MANCHA-CENTRO, ,2,MANZANARES,2-02,315,"479360,9651","4310456,4691","38.9428039578693, -3.23815696919003",38.9428039578693,-3.23815696919003,"CANALEJAS, 4"
-3.24047197252171,38.9423829673045,465,2075,748,650,MARIA CAÑAMERO MOLINA,13240,926631552,CR-084-F,13079000101,SOLANA (LA),15313,130790001,SOLANA (LA),15313,13079,LA SOLANA,CIUDAD REAL,"SOLANA,LA",LA MANCHA-CENTRO, ,2,MANZANARES,2-02,315,"479160,22","4310410,2785","38.942382968227, -3.24047197252171",38.942382968227,-3.24047197252171,"MONJAS, 8"
-3.24106602854909,38.9454569860857,466,2076,749,651,ALFREDO CARVAJAL PARRONDO,13240, ,CR-254-F,13079000101,SOLANA (LA),15313,130790001,SOLANA (LA),15313,13079,LA SOLANA,CIUDAD REAL,"SOLANA,LA",LA MANCHA-CENTRO, ,2,MANZANARES,2-02,315,"479109,64","4310751,539","38.9454569870083, -3.24106602854909",38.9454569870083,-3.24106602854909,"DON RODRIGO, 50"
-3.2359520291513,38.9447180178101,467,2077,750,652,CARMEN CASTILLO SERRANO,13240, ,CR-278-F,13079000101,SOLANA (LA),15313,130790001,SOLANA (LA),15313,13079,LA SOLANA,CIUDAD REAL,"SOLANA,LA",LA MANCHA-CENTRO, ,2,MANZANARES,2-02,315,"479552,5985","4310668,3759","38.9447180187327, -3.2359520291513",38.9447180187327,-3.2359520291513,"Dª ANTONIA CORTES, 38"
-3.23756403988089,38.9430169806551,468,2078,751,653,MARTA NAVAS ALVAREZ Y SARA CARVAJAL PARRONDO,13240,926631078,CR-082-F,13079000101,SOLANA (LA),15313,130790001,SOLANA (LA),15313,13079,LA SOLANA,CIUDAD REAL,"SOLANA,LA",LA MANCHA-CENTRO, ,2,MANZANARES,2-02,315,"479412,4109","4310479,9743","38.9430169815777, -3.23756403988089",38.9430169815777,-3.23756403988089,"CARRERA, 60"
-3.23767498687728,38.941392954536,469,2079,752,654,ANA MARIA FERNANDEZ RUANO,13240,926631072,CR-080-F,13079000101,SOLANA (LA),15313,130790001,SOLANA (LA),15313,13079,LA SOLANA,CIUDAD REAL,"SOLANA,LA",LA MANCHA-CENTRO, ,2,MANZANARES,2-02,315,"479402,3262","4310299,7809","38.9413929554586, -3.23767498687728",38.9413929554586,-3.23767498687728,"FERIA, 2"
-3.23772404220691,38.9395569689227,470,2080,753,655,GUADALUPE LORCA COBOS,13240, ,CR-296-F,13079000101,SOLANA (LA),15313,130790001,SOLANA (LA),15313,13079,LA SOLANA,CIUDAD REAL,"SOLANA,LA",LA MANCHA-CENTRO, ,2,MANZANARES,2-02,315,"479397,5436","4310096,0524","38.9395569698452, -3.23772404220691",38.9395569698452,-3.23772404220691,"ENCOMIENDA, 19"
-3.23389996708271,38.9419950335943,471,2081,754,656,AMPARO MARIA OCAÑA MUÑOZ,13240,926631164,CR-081-F,13079000101,SOLANA (LA),15313,130790001,SOLANA (LA),15313,13079,LA SOLANA,CIUDAD REAL,"SOLANA,LA",LA MANCHA-CENTRO, ,2,MANZANARES,2-02,315,"479729,6533","4310365,7475","38.9419950345169, -3.23389996708271",38.9419950345169,-3.23389996708271,"EMILIO NIETO, 34"
-2.84160201977103,38.6085129732721,472,2082,755,657,EDUARDO QUINTANA TIRADO,13341,926387270,CR-136-F,13081000101,TERRINCHES,622,130810001,TERRINCHES,622,13081,TERRINCHES,CIUDAD REAL,ALBALADEJO,CIUDAD REAL, ,3,VALDEPEÑAS,3-03,155,"513791,2241","4273346,2027","38.6085129741923, -2.84160201977103",38.6085129741923,-2.84160201977103,"CERVANTES, 32"
-3.7500830210322,39.0177000253911,473,2083,756,658,VICTOR MANUEL RODRIGUEZ  ISLA SOBRINO,13160,926810112,CR-145-F,13083000101,TORRALBA DE CALATRAVA,3040,130830001,TORRALBA DE CALATRAVA,3040,13083,TORRALBA DE CALATRAVA,CIUDAD REAL,CARRION DE CALATRAVA,CIUDAD REAL, ,3,CIUDAD REAL,3-01,210,"435064,7925","4319008,3783","39.0177000263142, -3.7500830210322",39.0177000263142,-3.7500830210322,"CONCEPCION, 1"
-3.05990903988263,38.5837329608889,474,2084,757,659,ANASTASIO DELGADO CASAS,13344,926383070,CR-146-F,13084000101,TORRE DE JUAN ABAD,1003,130840001,TORRE DE JUAN ABAD,1003,13084,TORRE DE JUAN ABAD,CIUDAD REAL,TORRE DE JUAN ABAD,CIUDAD REAL, ,3,VALDEPEÑAS,3-03,323,"494782,1122","4270586,3345","38.5837329618089, -3.05990903988263",38.5837329618089,-3.05990903988263,"CALVARIO, 7"
-3.36389897739819,38.6389909708967,475,2085,758,660,JOSE MARIA DEL CAMPO DIAZ,13740,926341021,CR-147-F,13085000101,TORRENUEVA,2659,130850001,TORRENUEVA,2659,13085,TORRENUEVA,CIUDAD REAL,VALDEPEÑAS,CIUDAD REAL, ,3,VALDEPEÑAS,3-03,325,"468329,8065","4276779,064","38.6389909718171, -3.36389897739819",38.6389909718171,-3.36389897739819,"REAL, 55"
-3.36409699608649,38.6401330081915,476,2086,759,661,RAFAEL GONZALEZ-CALERO GARCIA,13740, ,CR-263-F,13085000101,TORRENUEVA,2659,130850001,TORRENUEVA,2659,13085,TORRENUEVA,CIUDAD REAL,VALDEPEÑAS,CIUDAD REAL, ,3,VALDEPEÑAS,3-03,325,"468313,0757","4276905,8582","38.640133009112, -3.36409699608649",38.640133009112,-3.36409699608649,"CONSTITUCION, 68"
-3.77165996983309,38.8517280053749,477,2088,761,663,ANA ISABEL MATA RAMOS,13279,926867009,CR-186-F,13088000101,VALENZUELA DE CALATRAVA,661,130880001,VALENZUELA DE CALATRAVA,661,13088,VALENZUELA DE CALATRAVA,CIUDAD REAL,ALMAGRO,CIUDAD REAL, ,3,CIUDAD REAL,3-01,175,"433040,9407","4300605,7541","38.8517280062969, -3.77165996983309",38.8517280062969,-3.77165996983309,"GRANATULA, 5"
-4.03989203484221,38.9642399902538,478,2089,762,664,Mª LUISA RENART GARCIA (REGENTE),13195, ,CR-252-F,13034000401,VALVERDE,385,130340004,VALVERDE,385,13034,CIUDAD REAL,CIUDAD REAL,CIUDAD REAL,CIUDAD REAL, ,3,CIUDAD REAL,3-02,216,"409907,5709","4313322,4157","38.9642399911765, -4.03989203484221",38.9642399911765,-4.03989203484221,"GATO, 8"
-2.87207398964371,38.7500039658797,479,2090,763,665,FRANCISCO JAVIER FERNANDEZ MOYA,13332,926375112,CR-158-F,13089000201,VILLAHERMOSA,1765,130890002,VILLAHERMOSA,1765,13089,VILLAHERMOSA,CIUDAD REAL,VILLAHERMOSA,CIUDAD REAL, ,3,VALDEPEÑAS,3-03,327,"511116,2144","4289042,6178","38.750003966801, -2.87207398964372",38.750003966801,-2.87207398964372,"ESPAÑA, 13"
-2.87129102958686,38.7492069912952,480,2091,764,666,MARIA GRACIA ORTIZ VAZQUEZ,13332,926375009,CR-159-F,13089000201,VILLAHERMOSA,1765,130890002,VILLAHERMOSA,1765,13089,VILLAHERMOSA,CIUDAD REAL,VILLAHERMOSA,CIUDAD REAL, ,3,VALDEPEÑAS,3-03,327,"511184,3746","4288954,2758","38.7492069922165, -2.87129102958686",38.7492069922165,-2.87129102958686,"FERIA, 24"
-2.99868204462885,38.5470549864024,481,2092,765,667,MARIA DEL ROSARIO LOPEZ LUNA,13343,926354006,CR-160-F,13090000101,VILLAMANRIQUE,1083,130900001,VILLAMANRIQUE,1083,13090,VILLAMANRIQUE,CIUDAD REAL,TORRE DE JUAN ABAD,CIUDAD REAL, ,3,VALDEPEÑAS,3-03,323,"500114,8481","4266514,7433","38.5470549873222, -2.99868204462885",38.5470549873222,-2.99868204462885,"JERONIMO FRIAS, 42"
-4.13945451485879,38.7874005067245,482,2093,766,668,ADELA MARIA HIDALGO GARRIDO,13595,926466129,CR-161-F,13091000101,VILLAMAYOR DE CALATRAVA,607,130910001,VILLAMAYOR DE CALATRAVA,607,13091,VILLAMAYOR DE CALATRAVA,CIUDAD REAL,ARGAMASILLA DE CALATRAVA,PUERTOLLANO, ,8,PUERTOLLANO,8-01,190,"401036,6295","4293801,1083","38.787400507646, -4.1394545148588",38.787400507646,-4.1394545148588,"REAL, 58"
-2.69480299594963,38.6925739662987,483,2094,767,669,AMPARO REQUENA ORTIZ,13330,967396032,CR-162-F,13092000101,VILLANUEVA DE LA FUENTE,1965,130920001,VILLANUEVA DE LA FUENTE,1965,13092,VILLANUEVA DE LA FUENTE,CIUDAD REAL,VILLAHERMOSA,CIUDAD REAL, ,3,VALDEPEÑAS,3-03,327,"526541,5505","4282706,2775","38.6925739672195, -2.69480299594963",38.6925739672195,-2.69480299594963,"FERIA, 20"
-2.69642599260645,38.6927070333257,484,2095,768,670,MARIA PEREZ MONTERO,13320, ,CR-286-F,13092000101,VILLANUEVA DE LA FUENTE,1965,130920001,VILLANUEVA DE LA FUENTE,1965,13092,VILLANUEVA DE LA FUENTE,CIUDAD REAL,VILLAHERMOSA,CIUDAD REAL, ,3,VALDEPEÑAS,3-03,327,"526400,3569","4282720,5746","38.6927070342465, -2.69642599260645",38.6927070342465,-2.69642599260645,"JUAN CARLOS I, 20"
-3.01339295463006,38.7360170007259,485,2096,769,671,AMELIA LOPEZ NIETO,13320,926361519,CR-077-F,13093000101,VILLANUEVA DE LOS INFANTES,4828,130930001,VILLANUEVA DE LOS INFANTES,4828,13093,VILLANUEVA DE LOS INFANTES,CIUDAD REAL,VILLANUEVA DE LOS INFANTES,CIUDAD REAL, ,3,VALDEPEÑAS,3-03,330,"498835,9836","4287482,8553","38.736017001647, -3.01339295463006",38.736017001647,-3.01339295463006,"CERVANTES, 1"
-3.01124597573253,38.733888989973,486,2097,770,672,Mª JOSE GARCIA FONTES,13004,926350185,CR-078-F,13093000101,VILLANUEVA DE LOS INFANTES,4828,130930001,VILLANUEVA DE LOS INFANTES,4828,13093,VILLANUEVA DE LOS INFANTES,CIUDAD REAL,VILLANUEVA DE LOS INFANTES,CIUDAD REAL, ,3,VALDEPEÑAS,3-03,330,"499022,5541","4287246,6933","38.7338889908941, -3.01124597573253",38.7338889908941,-3.01124597573253,"DE SAN JUAN, 1"
-3.01388898243999,38.7371079548609,487,2098,771,673,FERNANDO MARTOS HERNANDEZ,13320,926360337,CR-079-F,13093000101,VILLANUEVA DE LOS INFANTES,4828,130930001,VILLANUEVA DE LOS INFANTES,4828,13093,VILLANUEVA DE LOS INFANTES,CIUDAD REAL,VILLANUEVA DE LOS INFANTES,CIUDAD REAL, ,3,VALDEPEÑAS,3-03,330,"498792,8909","4287603,9206","38.737107955782, -3.01388898243999",38.737107955782,-3.01388898243999,"JUAN CARLOS I, 7"
-3.90970297356199,38.6221029935927,488,2099,772,674,NELIDA COBREROS RODRIGUEZ,13379,926879052,CR-207-F,13094000301,VILLANUEVA DE SAN CARLOS,206,130940003,VILLANUEVA DE SAN CARLOS,206,13094,VILLANUEVA DE SAN CARLOS,CIUDAD REAL,CALZADA DE CALATRAVA,CIUDAD REAL, ,3,CIUDAD REAL,3-01,200,"420809,1872","4275234,7283","38.622102994513, -3.90970297356199",38.622102994513,-3.90970297356199,"JOSE ANTONIO, 2"
-3.6104429701632,39.2198779790821,489,2100,773,675,JESUS HERRERA BANEGAS,13670, ,CR-237-F,13096000101,VILLARRUBIA DE LOS OJOS,9667,130960001,VILLARRUBIA DE LOS OJOS,9667,13096,VILLARRUBIA DE LOS OJOS,CIUDAD REAL,VILLARRUBIA DE LOS OJOS,CIUDAD REAL, ,3,CIUDAD REAL,3-01,335,"447304,462","4341354,6398","39.2198779800065, -3.6104429701632",39.2198779800065,-3.6104429701632,"DEL CARMEN, 33"
-3.60720103541146,39.2181020256195,490,2101,774,676,RAFAEL ARROYO VERA,13670,926896130,CR-164-F,13096000101,VILLARRUBIA DE LOS OJOS,9667,130960001,VILLARRUBIA DE LOS OJOS,9667,13096,VILLARRUBIA DE LOS OJOS,CIUDAD REAL,VILLARRUBIA DE LOS OJOS,CIUDAD REAL, ,3,CIUDAD REAL,3-01,335,"447582,9984","4341155,6703","39.2181020265439, -3.60720103541146",39.2181020265439,-3.60720103541146,"CONSTITUCION, 18"
-3.61057499743689,39.2215890124669,491,2102,775,677,PALOMA VILLALOBOS TABUENCA,13670,926899005,CR-057-F,13096000101,VILLARRUBIA DE LOS OJOS,9667,130960001,VILLARRUBIA DE LOS OJOS,9667,13096,VILLARRUBIA DE LOS OJOS,CIUDAD REAL,VILLARRUBIA DE LOS OJOS,CIUDAD REAL, ,3,CIUDAD REAL,3-01,335,"447294,3444","4341544,6012","39.2215890133913, -3.61057499743689",39.2215890133913,-3.61057499743689,"VALENCIA, 6"
-3.60491599722285,39.2230189974539,492,2103,776,678,ELISABET SANCHEZ DE PABLOS RODRIGUEZ,13670,926897185,CR-166-F,13096000101,VILLARRUBIA DE LOS OJOS,9667,130960001,VILLARRUBIA DE LOS OJOS,9667,13096,VILLARRUBIA DE LOS OJOS,CIUDAD REAL,VILLARRUBIA DE LOS OJOS,CIUDAD REAL, ,3,CIUDAD REAL,3-01,335,"447783,9001","4341700,0195","39.2230189983783, -3.60491599722285",39.2230189983783,-3.60491599722285,"PASEO CORDON, 30"
-3.4242200296576,39.2389229653311,493,2104,777,679,FRANCISCA COBO CASTRO,13210, ,CR-269-F,13097000101,VILLARTA DE SAN JUAN,2713,130970001,VILLARTA DE SAN JUAN,2713,13097,VILLARTA DE SAN JUAN,CIUDAD REAL,VILLARTA DE SAN JUAN,LA MANCHA-CENTRO, ,2,ALCAZAR DE SAN,2-01,340,"463389,8366","4343376,3983","39.2389229662556, -3.4242200296576",39.2389229662556,-3.4242200296576,"CERVANTES, 28"
-3.4235091715905,39.2362816174184,494,2105,778,680,JOSE MANUEL MASCARAQUE GALLEGO,13210,926640137,CR-163-F,13097000101,VILLARTA DE SAN JUAN,2713,130970001,VILLARTA DE SAN JUAN,2713,13097,VILLARTA DE SAN JUAN,CIUDAD REAL,VILLARTA DE SAN JUAN,LA MANCHA-CENTRO, ,2,ALCAZAR DE SAN,2-01,340,"463449,8133","4343082,9844","39.2362816183429, -3.4235091715905",39.2362816183429,-3.4235091715905,"ESCUELAS, 12"
-3.56269602859358,38.5215029714889,495,2106,779,681,Mª ROSA GARCIA PICO,13770,926336078,CR-167-F,13098000801,VISO DEL MARQUES,2056,130980008,VISO DEL MARQUES,2056,13098,VISO DEL MARQUÉS,CIUDAD REAL,SANTA CRUZ DE MUDELA,CIUDAD REAL, ,3,VALDEPEÑAS,3-03,305,"450948,515","4263829,4498","38.5215029724084, -3.56269602859359",38.5215029724084,-3.56269602859359,"VIRGEN DEL VALLE, 4"
-3.56469096055499,38.5219980274499,496,2107,780,682,ANA MARIA PALOMARES PEREZ,13770,926336031,CR-168-F,13098000801,VISO DEL MARQUES,2056,130980008,VISO DEL MARQUES,2056,13098,VISO DEL MARQUÉS,CIUDAD REAL,SANTA CRUZ DE MUDELA,CIUDAD REAL, ,3,VALDEPEÑAS,3-03,305,"450774,9482","4263885,4484","38.5219980283695, -3.56469096055499",38.5219980283695,-3.56469096055499,"REAL, 48"
-3.60645099689413,39.4601079767869,497,2108,781,958,JOSÉ ALBERTO NIEVES SUÁREZ,45700,925480501,TO-028-F,45053000101,CONSUEGRA,9886,450530001,CONSUEGRA,9886,45053,CONSUEGRA,TOLEDO,CONSUEGRA,TOLEDO, ,7,TOLEDO,7-01,695,"447827,9577","4368012,7636","39.4601079777128, -3.60645099689413",39.4601079777128,-3.60645099689413,"CALLE EL CARMEN, 16"
-3.61214397510941,39.4626899548107,498,2109,782,959,Mª ISABEL IRALA OCAÑA,45700, ,TO-311-F,45053000101,CONSUEGRA,9886,450530001,CONSUEGRA,9886,45053,CONSUEGRA,TOLEDO,CONSUEGRA,TOLEDO, ,7,TOLEDO,7-01,695,"447340,1418","4368302,6246","39.4626899557367, -3.61214397510941",39.4626899557367,-3.61214397510941,"CALLE LUIS CONTADOR REY, 35"
-3.60945301313667,39.4622479259941,499,2110,783,960,MARIA ISABEL PORTILLO CALVO,45700,925480931,TO-033-F,45053000101,CONSUEGRA,9886,450530001,CONSUEGRA,9886,45053,CONSUEGRA,TOLEDO,CONSUEGRA,TOLEDO, ,7,TOLEDO,7-01,695,"447571,3026","4368251,9992","39.4622479269201, -3.60945301313667",39.4622479269201,-3.60945301313667,"PZA. DON EUSTASIO M. PALOMINO, 5"
-3.60729298092903,39.4609620230059,500,2111,784,961,CRISTINA SALGADO PEREA,45700,925480136,TO-029-F,45053000101,CONSUEGRA,9886,450530001,CONSUEGRA,9886,45053,CONSUEGRA,TOLEDO,CONSUEGRA,TOLEDO, ,7,TOLEDO,7-01,695,"447756,1611","4368108,0342","39.4609620239318, -3.60729298092903",39.4609620239318,-3.60729298092903,"CALLE EL ARCO, 10"
-3.60340700198854,39.4578870374627,501,2112,785,962,ALICIA TAPIA MONTALVO,45700, ,TO-307-F,45053000101,CONSUEGRA,9886,450530001,CONSUEGRA,9886,45053,CONSUEGRA,TOLEDO,CONSUEGRA,TOLEDO, ,7,TOLEDO,7-01,695,"448088,18","4367764,5242","39.4578870383886, -3.60340700198855",39.4578870383886,-3.60340700198855,"CALLE PADRE GABRIEL, 7"
-3.16315503231276,39.7596350412476,502,2113,786,963,Mª PRADO BALLESTEROS GARCIA,45880,925190323,TO-030-F,45054000101,CORRAL DE ALMAGUER,4827,450540001,CORRAL DE ALMAGUER,4827,45054,CORRAL DE ALMAGUER,TOLEDO,CORRAL DE ALMAGUER,TOLEDO, ,7,TOLEDO,7-02,700,"486024,4236","4401092,3404","39.7596350421754, -3.16315503231276",39.7596350421754,-3.16315503231276,"CALLE DIAZ CORDOBES, 7"
-3.16800400549002,39.7617510280125,503,2114,787,964,LUIS YLLÁ HIDALGO,45880,925190067,TO-031-F,45054000101,CORRAL DE ALMAGUER,4827,450540001,CORRAL DE ALMAGUER,4827,45054,CORRAL DE ALMAGUER,TOLEDO,CORRAL DE ALMAGUER,TOLEDO, ,7,TOLEDO,7-02,700,"485609,5092","4401327,9524","39.7617510289403, -3.16800400549002",39.7617510289403,-3.16800400549002,"CALLE REAL, 107"
-3.16237995614037,39.7599819582917,504,2115,788,965,MARTA MORLAN GIMENEZ MONTESINOS,45880,925190141,TO-175-F,45054000101,CORRAL DE ALMAGUER,4827,450540001,CORRAL DE ALMAGUER,4827,45054,CORRAL DE ALMAGUER,TOLEDO,CORRAL DE ALMAGUER,TOLEDO, ,7,TOLEDO,7-02,700,"486090,8851","4401130,7226","39.7599819592195, -3.16237995614037",39.7599819592195,-3.16237995614037,"CALLE REAL ESQUINA C/ LUNA, 2"
-4.2124619889611,39.6635409738902,505,2116,789,966,ELENA BARTOLOMÉ ALONSO,45125,925400804,TO-032-F,45055000101,CUERVA,1248,450550001,CUERVA,1248,45055,CUERVA,TOLEDO,MENASALBAS,TOLEDO, ,7,TOLEDO,7-05,730,"395996,9882","4391117,0808","39.6635409748175, -4.2124619889611",39.6635409748175,-4.2124619889611,"CALLE CALVO SOTELO, 6"
-4.50442003788872,39.9779229727332,506,2117,790,967,JAIME HERNANDEZ GONZALEZ,45544,925880451,TO-157-F,45058000101,DOMINGO PEREZ,306,450580001,DOMINGO PEREZ,306,45058,DOMINGO PÉREZ,TOLEDO,SANTA OLALLA,TALAVERA DE LA REINA, ,6,TALAVERA,6-03,805,"371539,2039","4426390,591","39.9779229736623, -4.50442003788872",39.9779229736623,-4.50442003788872,"CALLE VIRGEN DEL PRADO, 14"
-3.48534999798373,39.8816749796667,507,2118,791,968,PALOMA PORTILLO CALVO,45311,925122240,TO-035-F,45059000101,DOSBARRIOS,2273,450590001,DOSBARRIOS,2273,45059,DOSBARRIOS,TOLEDO,OCAÑA,TOLEDO, ,7,TOLEDO,7-02,765,"458499,1604","4414737,143","39.8816749805952, -3.48534999798373",39.8816749805952,-3.48534999798373,"AVENIDA DE ROSARIO, 10"
-4.49792402626181,39.9580589852486,508,2119,792,969,FRANCISCO JAVIER LORENZO RODRIGUEZ,45540,925800200,TO-277-F,45060000101,ERUSTES,192,450600001,ERUSTES,206,45060,ERUSTES,TOLEDO,SANTA OLALLA,TALAVERA DE LA REINA, ,6,TALAVERA,6-03,805,"372056,878","4424176,4217","39.9580589861776, -4.49792402626182",39.9580589861776,-4.49792402626182,"AVENIDA CASTILLA-LA MANCHA, 2"
-3.24757499167252,39.510321039018,509,2120,793,1057,FRANCISCO SASTRE GARCIA ROJO,45790,926577018,TO-092-F,45141000101,QUERO,985,451410001,QUERO,985,45141,QUERO,TOLEDO,VILLAFRANCA DE LOS CABALLEROS,LA MANCHA-CENTRO, ,2,ALCAZAR DE SAN,2-03,870,"478716,8822","4373439,1991","39.5103210399443, -3.24757499167252",39.5103210399443,-3.24757499167252,"CALLE REAL EL POZO, 11"
-4.32504604549746,40.1067280332029,510,2121,794,1058,SANTIAGO DIAZ RUIZ,45514,925790210,TO-096-F,45143000101,QUISMONDO,1673,451430001,QUISMONDO,1673,45143,QUISMONDO,TOLEDO,SANTA OLALLA,TALAVERA DE LA REINA, ,6,TALAVERA,6-03,805,"387069,023","4440444,4204","40.1067280341327, -4.32504604549746",40.1067280341327,-4.32504604549746,"CALLE HIPOLITO DEL CASTILLO, 1"
-4.69103295429155,40.136756022609,511,2122,795,1059,JOSE EUGENIO MARTIN DEL RIO DE JAEN,45640,925879212,TO-097-F,45144000101,REAL DE SAN VICENTE (EL),973,451440001,REAL DE SAN VICENTE (EL),973,45144,EL REAL DE SAN VICENTE,TOLEDO,CASTILLO DE BAYUELA,TALAVERA DE LA REINA, ,6,TALAVERA,6-03,685,"355938,7261","4444306,5942","40.136756023539, -4.69103295429155",40.136756023539,-4.69103295429155,"CALLE SALVADOR MORALES, 4"
-3.99226601942136,40.0534079605507,512,2123,796,1060,MERCEDES ALMUDENA HERVAS BERZAL,45211,925522022,TO-098-F,45145000101,RECAS,4552,451450001,RECAS,4552,45145,RECAS,TOLEDO,VILLALUENGA DE LA SAGRA,TOLEDO, ,7,TOLEDO,7-03,875,"415365,7591","4434156,6302","40.0534079614802, -3.99226601942136",40.0534079614802,-3.99226601942136,"CALLE CERRO MARRERO, 8"
-4.19351095938971,39.9610530243165,513,2124,797,1061,MARTA LUDEÑA RODRIGUEZ,45524,925761489,TO-241-F,45147000101,RIELVES,760,451470001,RIELVES,760,45147,RIELVES,TOLEDO,TORRIJOS,TOLEDO, ,7,TOLEDO,7-06,855,"398063,1","4424116,4539","39.9610530252455, -4.19351095938971",39.9610530252455,-4.19351095938971,"CALLE LA BARCA, 14"
-3.65327596577461,40.1079030051615,514,2125,798,1236,"ENCINAS MARTÍNEZ, S.C.P.",45224, ,TO-337-F,45161000401,SESEÑA NUEVO,3808,451610004,SESEÑA NUEVO,5465,45161,SESEÑA,TOLEDO,SESEÑA,TOLEDO, ,7,TOLEDO,7-03,807,"444324,2242","4439937,9935","40.1079030060913, -3.65327596577461",40.1079030060913,-3.65327596577461,"PLAZA LEPANTO, 1 - BIS, LOCAL"
-4.39826634128544,40.1595696844904,515,2126,799,1255,JOSE ANTONIO MUÑOZ SALMERON,45910,678653431,TO-387-F,45061000901,RIBERA DEL ALBERCHE,812,450610009,RIBERA DEL ALBERCHE,812,45061,ESCALONA,TOLEDO,ESCALONA,TOLEDO, ,7,TOLEDO,7-06,705,"380920,6801","4446405,3231","40.1595696854205, -4.39826634128544",40.1595696854205,-4.39826634128544,"CALLE AJOFRIN, 6"
-3.02790397722468,39.160440988806,516,2127,800,1256,RAQUEL ALCOLEA TORRES,13700,926502309,CR-320-F,13082000201,TOMELLOSO,36024,130820002,TOMELLOSO,36024,13082,TOMELLOSO,CIUDAD REAL,TOMELLOSO,LA MANCHA-CENTRO, ,2,TOMELLOSO,2-02,321,"497589,212","4334581,5085","39.16044098973, -3.02790397722468",39.16044098973,-3.02790397722468,"MANTEROLA, 64"
-3.15693099169922,40.6246590194687,517,2128,801,1257,BEGOÑA RUIZ DOMINGUEZ,19002, ,GU-149-F,19130000101,GUADALAJARA,85629,191300001,GUADALAJARA,85629,19130,GUADALAJARA,GUADALAJARA,GUADALAJARA,GUADALAJARA, ,5,GUADALAJARA,5-04,570,"486727,2746","4497103,8475","40.6246590204012, -3.15693099169922",40.6246590204012,-3.15693099169922,"CALLE HUMANES DE MOHERNANDO, 8"
-3.49128104319427,40.7871119562148,518,2129,802,1258,ELENA GONZALEZ HERRANZ,19187,949857943,GU-092-F,19293000101,CARAQUIZ,2085,192930001,CARAQUIZ,2085,19293,UCEDA,GUADALAJARA,"CASAR,EL",GUADALAJARA, ,5,GUADALAJARA,5-04,545,"458549,7816","4515240,9958","40.7871119571481, -3.49128104319427",40.7871119571481,-3.49128104319427,"CALLE OLMO, 2, CENTRO COMERCIA"
-1.85695995733633,38.9944900372551,519,2130,803,1,RICARDO MARIO SERRA LOPEZ-MATENCIO,02001,967217398,AB-002-F,02003000201,ALBACETE,165263,020030002,ALBACETE,165785,02003,ALBACETE,ALBACETE,ALBACETE,ALBACETE, ,1,ALBACETE,1-01,10,"598986,8998","4316786,4906","38.994490038178, -1.85695995733633",38.994490038178,-1.85695995733633,"CALLE MAYOR, 3"
-1.85567599963799,38.9935369845085,520,2131,804,2,ELVIRA MANSILLA LEGORBURO,02001,967216082,AB-006-F,02003000201,ALBACETE,165263,020030002,ALBACETE,165785,02003,ALBACETE,ALBACETE,ALBACETE,ALBACETE, ,1,ALBACETE,1-01,10,"599099,4226","4316682,1218","38.9935369854314, -1.85567599963799",38.9935369854314,-1.85567599963799,"CALLE MAYOR, 30"
-1.84655802212925,38.9966630097929,521,2132,805,3,PILAR RAMIREZ ABAD,02001,967211394,AB-019-F,02003000201,ALBACETE,165263,020030002,ALBACETE,165785,02003,ALBACETE,ALBACETE,ALBACETE,ALBACETE, ,1,ALBACETE,1-01,25,"599884,6743","4317038,9992","38.9966630107158, -1.84655802212925",38.9966630107158,-1.84655802212925,"CALLE FEDERICO Gª LORCA, 15"
-1.87200396099691,38.999043022786,522,2133,806,4,PURIFICACION AMPARO MIÑANO FALCON,02006,967235208,AB-169-F,02003000201,ALBACETE,165263,020030002,ALBACETE,165785,02003,ALBACETE,ALBACETE,ALBACETE,ALBACETE, ,1,ALBACETE,1-01,26,"597677,7978","4317275,5111","38.9990430237089, -1.87200396099692",38.9990430237089,-1.87200396099692,"CALLE CONCORDIA, 3-4"
-1.87206802687575,38.9952299740553,523,2134,807,5,ISABEL ALCANTARA SERRA,02006,967221888,AB-021-F,02003000201,ALBACETE,165263,020030002,ALBACETE,165785,02003,ALBACETE,ALBACETE,ALBACETE,ALBACETE, ,1,ALBACETE,1-01,15,"597677,4927","4316852,2872","38.9952299749782, -1.87206802687575",38.9952299749782,-1.87206802687575,"CALLE BENAVENTE, 44"
-1.86992196340967,38.9925589805477,524,2135,808,6,EDUARDO GIMENEZ BENITEZ,02004,967228191,AB-018-F,02003000201,ALBACETE,165263,020030002,ALBACETE,165785,02003,ALBACETE,ALBACETE,ALBACETE,ALBACETE, ,1,ALBACETE,1-01,15,"597867,0234","4316558,1771","38.9925589814707, -1.86992196340967",38.9925589814707,-1.86992196340967,"PASEO DE CIRCUNVALACION, 23"
-1.87053796881267,38.9904159885189,525,2136,809,7,LUCRECIA JUNCOS TOBARRA,02006,967224741,AB-042-F,02003000201,ALBACETE,165263,020030002,ALBACETE,165785,02003,ALBACETE,ALBACETE,ALBACETE,ALBACETE, ,1,ALBACETE,1-01,15,"597816,6248","4316319,6956","38.9904159894418, -1.87053796881267",38.9904159894418,-1.87053796881267,"CALLE DONANTES DE SANGRE, 24"
-1.87473400049837,38.99299901247,526,2137,810,8,PATRICIA LERMA CUARTERO,02006,967224250,AB-089-F,02003000201,ALBACETE,165263,020030002,ALBACETE,165785,02003,ALBACETE,ALBACETE,ALBACETE,ALBACETE, ,1,ALBACETE,1-01,15,"597449,6765","4316601,8482","38.9929990133929, -1.87473400049837",38.9929990133929,-1.87473400049837,"CTRA DE JAEN, 44"
-1.87350903748484,38.9968750063365,527,2138,811,9,CONSUELO LOPEZ MARTINEZ,02006,967239688,AB-173-F,02003000201,ALBACETE,165263,020030002,ALBACETE,165785,02003,ALBACETE,ALBACETE,ALBACETE,ALBACETE, ,1,ALBACETE,1-01,15,"597550,4407","4317033,3004","38.9968750072594, -1.87350903748484",38.9968750072594,-1.87350903748484,"CALLE MIGUEL SERVET, 25"
-1.86450100243027,38.988765019326,528,2139,812,10,BEATRIZ GARCIA LORENTE,02003,967228320,AB-043-F,02003000201,ALBACETE,165263,020030002,ALBACETE,165785,02003,ALBACETE,ALBACETE,ALBACETE,ALBACETE, ,1,ALBACETE,1-01,20,"598341,7532","4316142,9816","38.9887650202489, -1.86450100243027",38.9887650202489,-1.86450100243027,"CALLE PEDRO COCA, 76"
-1.86417898196403,38.9924299660087,529,2140,813,11,MARIA AMPARO MONTERO ALONSO,02004,967223399,AB-032-F,02003000201,ALBACETE,165263,020030002,ALBACETE,165785,02003,ALBACETE,ALBACETE,ALBACETE,ALBACETE, ,1,ALBACETE,1-01,10,"598364,5694","4316550,0487","38.9924299669316, -1.86417898196403",38.9924299669316,-1.86417898196403,"CALLE FRANCISCO PIZARRO, 36"
-1.86734496884919,38.994037980026,530,2141,814,12,LINA ENGUIDANOS Y JOSE ENRIQUE MARTINEZ LOPEZ,02004,967221890,AB-034-F,02003000201,ALBACETE,165263,020030002,ALBACETE,165785,02003,ALBACETE,ALBACETE,ALBACETE,ALBACETE, ,1,ALBACETE,1-01,15,"598088,1605","4316725,0831","38.9940379809489, -1.86734496884919",38.9940379809489,-1.86734496884919,"CALLE CRISTOBAL PEREZ PASTOR, 81"
-1.86761598736339,39.000743964618,531,2142,815,13,ELISA GONZALEZ ALEMAN,02005,967229073,AB-044-F,02003000201,ALBACETE,165263,020030002,ALBACETE,165785,02003,ALBACETE,ALBACETE,ALBACETE,ALBACETE, ,1,ALBACETE,1-01,26,"598055,4327","4317468,9917","39.000743965541, -1.86761598736339",39.000743965541,-1.86761598736339,"CALLE BILBAO, 24"
-1.86154696295544,39.0013640059115,532,2143,816,14,LUIS ORTIZ MEDINA,02005,967211306,AB-088-F,02003000201,ALBACETE,165263,020030002,ALBACETE,165785,02003,ALBACETE,ALBACETE,ALBACETE,ALBACETE, ,1,ALBACETE,1-01,5,"598580,1158","4317544,3563","39.0013640068345, -1.86154696295544",39.0013640068345,-1.86154696295544,"CALLE GABRIEL CISCAR, 19"
-3.88256504182785,39.9607960268489,533,2144,817,1118,TOMAS DE MORA TRAPERO Y ARTURO DE MORA GARCIA,45260,925278184,TO-170-F,45196000201,VILLASECA DE LA SAGRA,1854,451960002,VILLASECA DE LA SAGRA,1854,45196,VILLASECA DE LA SAGRA,TOLEDO,BARGAS,TOLEDO, ,7,TOLEDO,7-04,665,"424620,9195","4423778,8626","39.9607960277779, -3.88256504182785",39.9607960277779,-3.88256504182785,"PLAZA SILERA, 1, S/N"
-3.73163702942409,39.8759360210862,534,2145,818,1119,CELIA CARMENA MONROY,45740,925310006,TO-148-F,45197000101,VILLASEQUILLA,2563,451970001,VILLASEQUILLA,2563,45197,VILLASEQUILLA,TOLEDO,YEPES,TOLEDO, ,7,TOLEDO,7-02,890,"437434,4997","4414243,5935","39.8759360220147, -3.73163702942409",39.8759360220147,-3.73163702942409,"CALLE MAGDALENA, 4"
-4.82511897845411,39.9391320327979,535,2146,831,1230,ANA ISABEL MOLINA YUBERO,45600,925812137,TO-299-F,45165000101,BARRIO DE SANTA MARIA,648,451650001,BARRIO DE SANTA MARIA,648,45165,TALAVERA DE LA REINA,TOLEDO,TALAVERA,TALAVERA DE LA REINA, ,6,TALAVERA,6-01,815,"344065,4607","4422596,2033","39.9391320337267, -4.82511897845411",39.9391320337267,-4.82511897845411,"CALLE LOS NAVALMORALES, 92"
-1.9936510138106,38.9015549772382,536,2147,832,1231,MONTSERRAT ENGUIDANOS LOPEZ,02639, ,AB-203-F,02003001301,SANTA ANA,942,020030013,SANTA ANA,1006,02003,ALBACETE,ALBACETE,ALBACETE,ALBACETE, ,1,ALBACETE,1-01,20,"587263,1068","4306333,4083","38.9015549781604, -1.99365101381061",38.9015549781604,-1.99365101381061,"AVENIDA PRINCIPE, 7"
-1.74362403779411,39.0682540418831,537,2148,833,1232,JOSE NAVARRO CALLEJA,02155, ,AB-186-F,02003001401,TINAJEROS,233,020030014,TINAJEROS,267,02003,ALBACETE,ALBACETE,ALBACETE,ALBACETE, ,1,ALBACETE,1-01,25,"608689,0096","4325101,958","39.0682540428065, -1.74362403779411",39.0682540428065,-1.74362403779411,"CALLE ESCUELAS PIAS, 16"
-3.37271602578556,40.6874879758367,538,2149,834,1233,SILVIA DIAZ RUIZ,19170, ,GU-119-F,19280000101,PARQUE DE LAS CASTILLAS,2872,192800001,PARQUE DE LAS CASTILLAS,2872,19280,TORREJÓN DEL REY,GUADALAJARA,"CASAR,EL",GUADALAJARA, ,5,GUADALAJARA,5-04,545,"468506,3913","4504132,9868","40.6874879767695, -3.37271602578556",40.6874879767695,-3.37271602578556,"AVENIDA DE LOS CASTILLOS, 629"
-4.93074903821806,39.9110889655051,539,2150,835,1234,AMELIA CORROTO GUTIÉRREZ,45695,925850181,TO-168-F,45028000101,ALBERCHE DEL CAUDILLO,1717,450280001,ALBERCHE DEL CAUDILLO,1717,45028,CALERA Y CHOZAS,TOLEDO,VELADA,TALAVERA DE LA REINA, ,6,TALAVERA,6-01,827,"334972,7022","4419673,3983","39.9110889664338, -4.93074903821806",39.9110889664338,-4.93074903821806,"CALLE SAN MIGUEL, 79"
-4.00297996261708,39.9092329680706,540,2151,836,1235,ANA MARIA RODRIGUEZ ALONSO,45280,925353937,TO-268-F,45122000201,BEATO (EL),1615,451220002,BEATO (EL),1615,45122,OLÍAS DEL REY,TOLEDO,BARGAS,TOLEDO, ,7,TOLEDO,7-04,665,"414271,8984","4418164,4754","39.9092329689993, -4.00297996261708",39.9092329689993,-4.00297996261708,CALLE CENTRO COMERCIAL - URB.
-1.86038995235065,38.9896070236493,541,2152,837,19,JOSE CRISTOBAL ROBLES CARVAJAL,02003,967220670,AB-033-F,02003000201,ALBACETE,165263,020030002,ALBACETE,165785,02003,ALBACETE,ALBACETE,ALBACETE,ALBACETE, ,1,ALBACETE,1-01,10,"598696,6378","4316240,8717","38.9896070245722, -1.86038995235065",38.9896070245722,-1.86038995235065,"CALLE ANTONIO MACHADO, 20"
-1.86028997300875,38.9882719695556,542,2153,838,20,MARIA BELEN CANDEL NAVARRO,02003,967226483,AB-039-F,02003000201,ALBACETE,165263,020030002,ALBACETE,165785,02003,ALBACETE,ALBACETE,ALBACETE,ALBACETE, ,1,ALBACETE,1-01,10,"598707,1513","4316092,8218","38.9882719704785, -1.86028997300875",38.9882719704785,-1.86028997300875,"CALLE ROSARIO, 103"
-1.86034702507715,38.9870060180836,543,2154,839,21,FEDERICO SALAR POMARES,02003,967224471,AB-031-F,02003000201,ALBACETE,165263,020030002,ALBACETE,165785,02003,ALBACETE,ALBACETE,ALBACETE,ALBACETE, ,1,ALBACETE,1-01,20,"598703,9684","4315952,2704","38.9870060190064, -1.86034702507715",38.9870060190064,-1.86034702507715,"CALLE ARQUITECTO VANDELVIRA, 1"
-1.86132795986567,38.9913709864442,544,2155,840,22,FRANCISCO JAVIER IRNAN REINA,02004,967220352,AB-035-F,02003000201,ALBACETE,165263,020030002,ALBACETE,165785,02003,ALBACETE,ALBACETE,ALBACETE,ALBACETE, ,1,ALBACETE,1-01,10,"598612,9507","4316435,612","38.991370987367, -1.86132795986567",38.991370987367,-1.86132795986567,"CALLE PEREZ GALDOS, 43"
-3.458147410259,39.4281682398752,545,2156,841,936,VERONICA BEAMUD VEGA,45720,925470213,TO-017-F,45034000101,CAMUÑAS,1742,450340001,CAMUÑAS,1742,45034,Camuñas,TOLEDO,VILLAFRANCA DE LOS CABALLEROS,LA MANCHA-CENTRO, ,2,ALCAZAR DE SAN,2-03,870,"460568,3396","4364392,7505","39.4281682408009, -3.458147410259",39.4281682408009,-3.458147410259,"PLAZA PECADOS Y DANZANTES, 3"
-1.55593929450519,38.957689994601,546,2157,842,495,ANA OLIVAS GARRIDO,02696,967287606,AB-145-F,02040000101,HOYA-GONZALO,561,020400001,HOYA-GONZALO,561,02040,Hoya-Gonzalo,ALBACETE,CHINCHILLA DE MONTE-ARAGON,ALBACETE, ,1,ALBACETE,1-01,75,"625120,9901","4313072,9065","38.9576899955236, -1.55593929450519",38.9576899955236,-1.55593929450519,"PZA. DE LA CONSTITUCION, 13"
-3.95699268241356,39.8657660398083,547,2158,843,439,JORGE CAPITAN SANCHEZ,45007, ,TO-312-F,45168000102,POLIGONO SANTA MARIA DE BENQUERENCIA,22811,451680001,TOLEDO,85085,45168,Toledo,TOLEDO,TOLEDO-3-STA Mª BENQUERENCIA,TOLEDO,12 HORAS,7,TOLEDO,7-04,845,"418150,9744","4413296,9062","39.8657660407367, -3.95699268241356",39.8657660407367,-3.95699268241356,"C/ VALDEMARIAS, 1 ESQ. C/ RIO ESTENILLA"
-1.84817995297936,39.3266039668088,548,2159,844,808,MARIA RUEDA COLLADO,16236,967489090,CU-109-F,16244000201,VILLAGARCIA DEL LLANO,675,162440002,VILLAGARCIA DEL LLANO,675,16244,VILLAGARCÍA DEL LLANO,CUENCA,TARAZONA DE LA MANCHA,ALBACETE, ,1,ALBACETE,1-07,125,"599279,2974","4353653,6564","39.3266039677339, -1.84817995297936",39.3266039677339,-1.84817995297936,"CALLE SAN FERNANDO, 3"
-2.08910799383096,40.235529002221,549,2160,845,809,RAQUEL BENITO FERNANDEZ,16140,969281007,CU-067-F,16245000201,VILLALBA DE LA SIERRA,451,162450002,VILLALBA DE LA SIERRA,451,16245,VILLALBA DE LA SIERRA,CUENCA,VILLALBA DE LA SIERRA,CUENCA, ,4,CUENCA,4-03,495,"577486,2153","4454297,0407","40.2355290031515, -2.08910799383096",40.2355290031515,-2.08910799383096,"CALLE RIO VILLALVILLA, 6"
-2.6390429942458,40.3450939741891,550,2161,846,810,SUSANA ÉCIJA FONSECA,16535,969370159,CU-066-F,16246000101,VILLALBA DEL REY,481,162460001,VILLALBA DEL REY,481,16246,VILLALBA DEL REY,CUENCA,VILLALBA DEL REY,CUENCA, ,4,CUENCA,4-06,500,"530655,5506","4466122,9336","40.3450939751201, -2.6390429942458",40.3450939751201,-2.6390429942458,"PLAZA DE LA VILLA, 8"
-1.62353195969027,39.4725920418361,551,2162,847,811,JOSE LUIS CHACON RECIO,16270,962311043,CU-086-F,16248000101,VILLALPARDO,1013,162480001,VILLALPARDO,1013,16248,VILLALPARDO,CUENCA,MINGLANILLA,CUENCA, ,4,CUENCA,4-04,415,"618396,0423","4370126,9433","39.4725920427621, -1.62353195969027",39.4725920427621,-1.62353195969027,"CALLE CERVANTES, 11"
-2.92639299633617,39.729807966028,552,2163,848,812,JOSE IGNACIO MARTINEZ GOMEZ,16415,969139008,CU-069-F,16249000101,VILLAMAYOR DE SANTIAGO,2433,162490001,VILLAMAYOR DE SANTIAGO,2433,16249,VILLAMAYOR DE SANTIAGO,CUENCA,VILLAMAYOR DE SANTIAGO,CUENCA, ,4,CUENCA,4-06,505,"506307,7658","4397771,8363","39.7298079669556, -2.92639299633617",39.7298079669556,-2.92639299633617,"CALLE MAYOR, 46"
-1.9531160130304,39.4395899802963,553,2164,849,813,JUAN BAUTISTA VINDEL CHECA,16230,967498081,CU-072-F,16251000401,VILLANUEVA DE LA JARA,2184,162510004,VILLANUEVA DE LA JARA,2184,16251,VILLANUEVA DE LA JARA,CUENCA,CASASIMARRO,ALBACETE, ,1,ALBACETE,1-09,375,"590088,8999","4366083,0764","39.4395899812221, -1.9531160130304",39.4395899812221,-1.9531160130304,"CALLE VALERO Y LOSA, 2"
-2.56313496878987,39.7771329677391,554,2165,850,814,ANA HUELAMO SEVILLANO,16433,969194017,CU-115-F,16253000201,VILLAR DE CAÑAS,270,162530002,VILLAR DE CAÑAS,270,16253,VILLAR DE CAÑAS,CUENCA,VILLARES DEL SAZ,CUENCA, ,4,CUENCA,4-01,510,"537411,6842","4403112,8891","39.777132968667, -2.56313496878987",39.777132968667,-2.56313496878987,"CALLE TRAVESIA DE VALENCIA, 2"
-2.29205798276398,40.2379859862898,555,2166,851,815,"ROMERO MARTIN, Mª ANGUSTIAS",16840,969270054,CU-126-F,16254000401,VILLAR DE DOMINGO GARCIA,205,162540004,VILLAR DE DOMINGO GARCIA,205,16254,VILLAR DE DOMINGO GARCÍA,CUENCA,VILLAS DE LA VENTOSA,CUENCA, ,4,CUENCA,4-05,515,"560219,6648","4454412,2073","40.2379859872203, -2.29205798276398",40.2379859872203,-2.29205798276398,"CALLE PLAZA, 3"
-2.52351396291942,39.6360379841951,556,2167,852,816,MARIA VICTORIA GARCIA HUERTA,16648,969290073,CU-145-F,16255000101,VILLAR DE LA ENCINA,161,162550001,VILLAR DE LA ENCINA,161,16255,VILLAR DE LA ENCINA,CUENCA,BELMONTE,CUENCA, ,4,CUENCA,4-01,345,"540887,9095","4387470,723","39.6360379851221, -2.52351396291942",39.6360379851221,-2.52351396291942,"CALLE ESCUELAS, 21"
-2.19460502501268,40.0143199660991,557,2168,853,817,ENCARNACION HIDALGO SAINZ,16196,969267029,CU-089-F,16263000301,VILLAR DE OLALLA,1160,162630003,VILLAR DE OLALLA,1331,16263,VILLAR DE OLALLA,CUENCA,CUENCA,CUENCA, ,4,CUENCA,4-03,385,"568734,3071","4429657,2261","40.0143199670283, -2.19460502501268",40.0143199670283,-2.19460502501268,"CALLE LA MANCHA, 55"
-3.96460103193507,40.1201279697239,558,2169,854,1037,VANESA MESSAL MENDOZA,45213, ,TO-247-F,45127000101,PALOMEQUE,385,451270001,PALOMEQUE,385,45127,PALOMEQUE,TOLEDO,ILLESCAS,TOLEDO, ,7,TOLEDO,7-03,720,"417805,7456","4441536,2581","40.1201279706538, -3.96460103193507",40.1201279706538,-3.96460103193507,"CALLE PRINCIPE DE ASTURIAS, 16"
-3.83615099375258,40.049344959037,559,2170,855,1038,Mª FERNANDA BARGUEÑO MORENO,45290,925554203,TO-181-F,45128000101,PANTOJA,3506,451280001,PANTOJA,3506,45128,PANTOJA,TOLEDO,AÑOVER DE TAJO,TOLEDO, ,7,TOLEDO,7-03,660,"428677,3636","4433568,9299","40.0493449599664, -3.83615099375258",40.0493449599664,-3.83615099375258,"AVENIDA DE PORTUGAL, 21"
-5.06326698495252,40.0628959961506,560,2171,856,1040,Mª PIEDAD ARROYO RODRIGUEZ,45611,925844229,TO-227-F,45130000101,PARRILLAS,337,451300001,PARRILLAS,337,45130,PARRILLAS,TOLEDO,VELADA,TALAVERA DE LA REINA, ,6,TALAVERA,6-01,827,"324035,2412","4436777,7967","40.0628959970802, -5.06326698495252",40.0628959970802,-5.06326698495252,"PLAZA DE LA CONSTITUCION, 2"
-4.5957340451926,40.1774570357447,561,2172,857,1041,CRISTINA MORENO SOBRINO,45918,925740741,TO-210-F,45131000101,PELAHUSTAN,342,451310001,PELAHUSTAN,342,45131,PELAHUSTÁN,TOLEDO,CASTILLO DE BAYUELA,TALAVERA DE LA REINA, ,6,TALAVERA,6-03,685,"364138,8967","4448674,2752","40.1774570366748, -4.59573404519261",40.1774570366748,-4.59573404519261,"AVENIDA MADRID, 38"
-4.80256200179551,40.0329110128089,562,2173,858,1042,Mª PILAR MARTIN GARCIA,45638,925709448,TO-242-F,45132000101,PEPINO,846,451320001,PEPINO,846,45132,PEPINO,TOLEDO,TALAVERA,TALAVERA DE LA REINA, ,6,TALAVERA,6-01,820,"346203,3113","4432966,4525","40.0329110137383, -4.80256200179551",40.0329110137383,-4.80256200179551,CALLE ZANJA C/V C/ CERCA MATA
-4.16952602496279,39.7881099745951,563,2174,859,1043,MARIA JOSE MAYORAL JARILLO,45161, ,TO-216-F,45133000101,POLAN,3870,451330001,POLAN,3870,45133,POLÁN,TOLEDO,POLAN,TOLEDO, ,7,TOLEDO,7-05,775,"399860,4549","4404894,0266","39.7881099755231, -4.16952602496279",39.7881099755231,-4.16952602496279,"CALLE DE LA IGLEISA, 27"
-3.12175295598548,39.3988730340006,564,2175,860,1152,MARIA LUISA GONZALEZ SANCHEZ,13610,967187006,CR-312-F,13028000201,CAMPO DE CRIPTANA,13142,130280002,CAMPO DE CRIPTANA,13142,13028,CAMPO DE CRIPTANA,CIUDAD REAL,CAMPO DE CRIPTANA,LA MANCHA-CENTRO, ,2,ALCAZAR DE SAN,2-01,205,"489516,6459","4361048,5412","39.3988730349262, -3.12175295598548",39.3988730349262,-3.12175295598548,"ANTONIO ESPIN, 19"
-3.39017801951713,38.7531070043466,565,2176,861,1153,DIEGO GALLEGO PAREDES,13300,926356467,CR-309-F,13087000102,VALDEPEÑAS,29781,130870001,VALDEPEÑAS,29920,13087,VALDEPEÑAS,CIUDAD REAL,VALDEPEÑAS,CIUDAD REAL, ,3,VALDEPEÑAS,3-03,324,"466096,6422","4289451,4446","38.7531070052678, -3.39017801951713",38.7531070052678,-3.39017801951713,"SEIS DE JUNIO, 248"
-3.22964303253309,38.9437429689025,566,2177,862,1154,MARIA DEL CARMEN SANCHEZ-BARBA MUÑOZ,13240,959124835,CR-306-F,13079000101,SOLANA (LA),15313,130790001,SOLANA (LA),15313,13079,LA SOLANA,CIUDAD REAL,"SOLANA,LA",LA MANCHA-CENTRO, ,2,MANZANARES,2-02,315,"480099,0588","4310558,7782","38.9437429698251, -3.22964303253309",38.9437429698251,-3.22964303253309,"SEVERO OCHOA, 32"
-3.00736900586567,39.1565759623156,567,2178,863,1155,LAURA MATEOS GRANDE,13700,926508655,CR-305-F,13082000201,TOMELLOSO,36024,130820002,TOMELLOSO,36024,13082,TOMELLOSO,CIUDAD REAL,TOMELLOSO,LA MANCHA-CENTRO, ,2,TOMELLOSO,2-02,320,"499363,3136","4334152,2458","39.1565759632396, -3.00736900586567",39.1565759632396,-3.00736900586567,"CAMPOMANES, 95"
-3.61532204092571,39.0724560104731,568,2179,864,1156,CONSUELO PIZARRO SANCHEZ,13250,926771085,CR-303-F,13039000101,DAIMIEL,17680,130390001,DAIMIEL,17680,13039,DAIMIEL,CIUDAD REAL,DAIMIEL,CIUDAD REAL, ,3,CIUDAD REAL,3-01,236,"446772,3577","4324997,3093","39.0724560113965, -3.61532204092571",39.0724560113965,-3.61532204092571,"CALLE VALDELOMAR, 2"
-2.26497904314474,39.770081040004,569,2180,865,1157,PILAR GORRIZ EDO,16111,969202542,CU-180-F,16273000101,VILLAVERDE Y PASACONSOL,338,162730001,VILLAVERDE Y PASACONSOL,338,16273,VILLAVERDE Y PASACONSOL,CUENCA,VALVERDE DE JUCAR,CUENCA, ,4,CUENCA,4-04,490,"562951,4058","4402497,2844","39.7700810409319, -2.26497904314474",39.7700810409319,-2.26497904314474,"CALLE CANTON, 11"
-2.12141400405632,40.059505987372,570,2181,866,1158,ELVIRA DEL ESPINO RUIZ GARCIA,16004,969338084,CU-181-F,16078000301,CUENCA,52682,160780003,CUENCA,52682,16078,CUENCA,CUENCA,CUENCA,CUENCA, ,4,CUENCA,4-03,392,"574931,2075","4434731,5932","40.0595059883016, -2.12141400405632",40.0595059883016,-2.12141400405632,"CALLE FRANCISCO DE LUNA, 12"
-3.16343495927802,40.6406390022474,571,2182,867,1159,CARLOS JAVIER MONGE MERENCIO,19005,667550031,GU-126-F,19130000101,GUADALAJARA,85629,191300001,GUADALAJARA,85629,19130,GUADALAJARA,GUADALAJARA,GUADALAJARA,GUADALAJARA, ,5,GUADALAJARA,5-04,580,"486180,4844","4498878,6663","40.6406390031799, -3.16343495927802",40.6406390031799,-3.16343495927802,"CALLE BULEVAR DE ENTREPEÑAS, 6"
-3.87080395432765,40.0911559989774,572,2183,868,1160,FRANCISCO JAVIER JIMENO GIL,45210,925557813,TO-365-F,45205000101,YUNCOS,9788,452050001,YUNCOS,9788,45205,YUNCOS,TOLEDO,ILLESCAS,TOLEDO, ,7,TOLEDO,7-03,720,"425766,8774","4438238,0295","40.0911559999071, -3.87080395432765",40.0911559999071,-3.87080395432765,"CALLE REAL, 100"
-4.27345304275872,39.7007960123773,573,2184,869,1161,MIGUEL ANGEL MAGAN DE LA ROCHA,45164,925706311,TO-351-F,45067000101,GALVEZ,2986,450670001,GALVEZ,2986,45067,GÁLVEZ,TOLEDO,MENASALBAS,TOLEDO, ,7,TOLEDO,7-05,730,"390823,8094","4395324,4444","39.7007960133048, -4.27345304275872",39.7007960133048,-4.27345304275872,"CALLE IGLESIA, 11"
-3.82812396800019,40.1533740316277,574,2185,870,1162,M.ª MERCEDES RODRÍGUEZ ESQUIVIAS,45200,925513977,TO-362-F,45081000801,SEÑORIO DE ILLESCAS (EL),8946,450810008,SEÑORIO DE ILLESCAS (EL),8946,45081,ILLESCAS,TOLEDO,ILLESCAS,TOLEDO, ,7,TOLEDO,7-03,720,"429469,5749","4445109,1509","40.1533740325578, -3.82812396800019",40.1533740325578,-3.82812396800019,"AVENIDA SANTA CLARA, LOCAL 12, EDIFICO PELICANOS"
-4.05951702009323,39.8019000406894,575,2186,871,1163,MARIA DOLORES PRIETO PEREA,45122,927575734,TO-356-F,45016000101,ARGES,6453,450160001,ARGES,6453,45016,ARGÉS,TOLEDO,POLAN,TOLEDO, ,7,TOLEDO,7-04,775,"409298,1947","4406307,3089","39.8019000416174, -4.05951702009323",39.8019000416174,-4.05951702009323,"AVENIDA DE TOLEDO, 13 - LOCAL"
-3.8575619656339,40.0775960256416,576,2187,872,1164,JOSE SANCHEZ GONZALEZ,45230,923191343,TO-350-F,45119000101,NUMANCIA DE LA SAGRA,5006,451190001,NUMANCIA DE LA SAGRA,5006,45119,NUMANCIA DE LA SAGRA,TOLEDO,ILLESCAS,TOLEDO, ,7,TOLEDO,7-03,720,"426881,2208","4436721,9881","40.0775960265712, -3.8575619656339",40.0775960265712,-3.8575619656339,CALLE ZURBANO Nº 2 C/V AVDA. DE LA SAGRA
-3.34446298267139,39.6118899703156,577,2188,873,1165,ENCARNACION YUNTA PERETE,45860,969124147,TO-358-F,45185000101,VILLACAÑAS,9418,451850001,VILLACAÑAS,9418,45185,VILLACAÑAS,TOLEDO,VILLACAÑAS,LA MANCHA-CENTRO, ,2,ALCAZAR DE SAN,2-03,865,"470430,9218","4384738,9191","39.6118899712425, -3.34446298267139",39.6118899712425,-3.34446298267139,"AVENIDA MADRIDEJOS, 75 - B"
-4.81251599329951,39.9678009768916,578,2189,874,1166,GLORIA ALONSO DEL OLMO,45600,925878104,TO-353-F,45165000601,TALAVERA DE LA REINA,79975,451650006,TALAVERA DE LA REINA,79975,45165,TALAVERA DE LA REINA,TOLEDO,TALAVERA,TALAVERA DE LA REINA, ,6,TALAVERA,6-01,818,"345206,9659","4425756,4801","39.9678009778206, -4.81251599329951",39.9678009778206,-4.81251599329951,AVENIDA PRINCIPE FELIPE 70 ESQ
-4.81298604839405,39.9626040203272,579,2190,875,1167,MIGUEL RODRIGUEZ CHAMORRO,45600,927371614,TO-354-F,45165000601,TALAVERA DE LA REINA,79975,451650006,TALAVERA DE LA REINA,79975,45165,TALAVERA DE LA REINA,TOLEDO,TALAVERA,TALAVERA DE LA REINA, ,6,TALAVERA,6-01,818,"345155,0913","4425180,4373","39.9626040212562, -4.81298604839405",39.9626040212562,-4.81298604839405,"AVENIDA DE MADRID, 2 C/V C/ GREGORIO DE LOS RIOS"
-4.84132401084212,39.9569429543276,580,2191,876,1168,ESTEBAN RODRÍGUEZ GARCÍA,45600,925813196,TO-355-F,45165000601,TALAVERA DE LA REINA,79975,451650006,TALAVERA DE LA REINA,79975,45165,TALAVERA DE LA REINA,TOLEDO,TALAVERA,TALAVERA DE LA REINA, ,6,TALAVERA,6-01,826,"342721,6602","4424601,6551","39.9569429552566, -4.84132401084212",39.9569429552566,-4.84132401084212,CALLE CALERA ESQUINA CALLE GAMONAL
-4.82510401553523,39.968596001417,581,2192,877,1169,MARINA SANCHEZ VILLAR,45600,925868005,TO-359-F,45165000601,TALAVERA DE LA REINA,79975,451650006,TALAVERA DE LA REINA,79975,45165,TALAVERA DE LA REINA,TOLEDO,TALAVERA,TALAVERA DE LA REINA, ,6,TALAVERA,6-01,820,"344133,6621","4425866,6576","39.968596002346, -4.82510401553523",39.968596002346,-4.82510401553523,"AVENIDA JUAN CARLOS I, 23"
-3.84881001586799,40.1275410074133,582,2193,878,1170,MARIA CONCEPCION BARRIENTOS CASERO,45200,629249636,TO-363-F,45081000101,ILLESCAS,20730,450810001,ILLESCAS,20771,45081,ILLESCAS,TOLEDO,ILLESCAS,TOLEDO, ,7,TOLEDO,7-03,720,"427680,3586","4442258,4411","40.1275410083432, -3.84881001586799",40.1275410083432,-3.84881001586799,"CALLE JULIAN SANZ DEL RIO, 2"
-3.15059897013598,40.6421509798302,583,2194,879,1171,MARIA COLLADO PRIETO,19005, ,GU-129-F,19130000101,GUADALAJARA,85629,191300001,GUADALAJARA,85629,19130,GUADALAJARA,GUADALAJARA,GUADALAJARA,GUADALAJARA, ,5,GUADALAJARA,5-04,580,"487266,1406","4499044,5625","40.6421509807628, -3.15059897013598",40.6421509807628,-3.15059897013598,"CALLE PRADO TARACENA, 9 A"
-3.17324001224306,40.6275690119008,584,2195,880,1172,ALFONSO DE LA CALLE SILOS,19003, ,GU-130-F,19130000101,GUADALAJARA,85629,191300001,GUADALAJARA,85629,19130,GUADALAJARA,GUADALAJARA,GUADALAJARA,GUADALAJARA, ,5,GUADALAJARA,5-04,575,"485348,5447","4497429,4512","40.6275690128333, -3.17324001224306",40.6275690128333,-3.17324001224306,"CALLE CONSTITUCION, 7-BAJO - L"
-1.10318195616266,38.8702710124735,585,2196,881,1175,ISABEL Y CRISTINA RODRIGUEZ RUÍZ DE LA FUENTE,02640, ,AB-242-F,02009000101,ALMANSA,24224,020090001,ALMANSA,24224,02009,ALMANSA,ALBACETE,ALMANSA,ALBACETE, ,1,ALMANSA,1-03,35,"664554,7614","4304090,3049","38.8702710133955, -1.10318195616266",38.8702710133955,-1.10318195616266,"PASEO DE LA LIBERTAD, 2"
-1.73217583848501,38.8040549491657,586,2197,882,1176,REMEDIOS VIÑAS PICAZO,02510, ,AB-241-F,02029000701,POZO BUENO,79,020290007,POZO BUENO,79,02029,CHINCHILLA DE MONTE-ARAGÓN,ALBACETE,CHINCHILLA DE MONTE-ARAGON,ALBACETE, ,1,ALBACETE,1-01,75,"610087,2192","4295796,0494","38.8040549500872, -1.73217583848501",38.8040549500872,-1.73217583848501,"CTRA MURCIA, 17"
-1.69657397872274,38.4682460303853,587,2198,883,1177,MARIA CONSUELO CABALLERO SANZ,02409, ,AB-233-F,02037000401,CAÑADA DE AGRA,397,020370004,CAÑADA DE AGRA,397,02037,HELLÍN,ALBACETE,HELLIN,ALBACETE, ,1,HELLIN,1-06,85,"613708,0984","4258574,6295","38.4682460313045, -1.69657397872274",38.4682460313045,-1.69657397872274,"PLAZA CONSTITUCION, S/N"
-1.65072102874346,38.4906699764083,588,2199,884,1178,JUAN ANTONIO PIÑERO MORA,02409, ,AB-231-F,02037001001,NAVA CAMPAÑA,494,020370010,NAVA CAMPAÑA,494,02037,HELLÍN,ALBACETE,HELLIN,ALBACETE, ,1,HELLIN,1-06,85,"617671,9087","4261120,5912","38.4906699773276, -1.65072102874346",38.4906699773276,-1.65072102874346,"CALLE SAN FRANCISCO DE ASIS, 12"
-3.98561298754764,39.033728986784,589,2200,885,1179,MARIA INMACULADA FERNANDEZ-BRAVO GARCIA,13196, ,CR-313-F,13034000101,CASAS (LAS),663,130340001,CASAS (LAS),663,13034,CIUDAD REAL,CIUDAD REAL,CIUDAD REAL,CIUDAD REAL, ,3,CIUDAD REAL,3-02,216,"414693,698","4320981,6467","39.0337289877072, -3.98561298754764",39.0337289877072,-3.98561298754764,"HIERBABUENA, 2"
-3.93674912837878,38.9922952492663,590,2201,886,1180,"FISAC LOZANO, C.B.",13005,926232121,CR-319-F,13034000201,CIUDAD REAL,73105,130340002,CIUDAD REAL,73802,13034,CIUDAD REAL,CIUDAD REAL,CIUDAD REAL,CIUDAD REAL,24 HORAS,3,CIUDAD REAL,3-02,216,"418875,693","4316338,874","38.9922952501892, -3.93674912837878",38.9922952501892,-3.93674912837878,"PORZUNA, S/N"
-3.91781945808762,38.9798489602787,591,2202,887,1181,TERESA RAQUEL OLMO RUBIO,13001,926233288,CR-302-F,13034000201,CIUDAD REAL,73105,130340002,CIUDAD REAL,73802,13034,CIUDAD REAL,CIUDAD REAL,CIUDAD REAL,CIUDAD REAL, ,3,CIUDAD REAL,3-02,216,"420501,1482","4314940,9661","38.9798489612015, -3.91781945808762",38.9798489612015,-3.91781945808762,"VALDEPEÑAS, 19"
-3.60766199074822,39.0718110212365,592,2203,888,1182,LUIS ALFONSO CUERVA GOMEZ,13250, ,CR-315-F,13039000101,DAIMIEL,17680,130390001,DAIMIEL,17680,13039,DAIMIEL,CIUDAD REAL,DAIMIEL,CIUDAD REAL, ,3,CIUDAD REAL,3-01,236,"447434,5072","4324921,2748","39.0718110221599, -3.60766199074822",39.0718110221599,-3.60766199074822,"DEL CARMEN, 2"
-4.11148203974482,38.6895959745597,593,2204,889,1183,MARIA DOLORES CASERO GOMEZ,13500, ,CR-285-F,13071000401,PUERTOLLANO,45199,130710004,PUERTOLLANO,45394,13071,PUERTOLLANO,CIUDAD REAL,PUERTOLLANO,PUERTOLLANO, ,8,PUERTOLLANO,8-01,285,"403334,3796","4282917,7745","38.6895959754805, -4.11148203974482",38.6895959754805,-4.11148203974482,"ANCHA, 1"
-3.01169396670863,39.1515440136259,594,2205,890,1184,MARIA DOLORES MALDONADO GONZALEZ,13700, ,CR-314-F,13082000201,TOMELLOSO,36024,130820002,TOMELLOSO,36024,13082,TOMELLOSO,CIUDAD REAL,TOMELLOSO,LA MANCHA-CENTRO, ,2,TOMELLOSO,2-02,320,"498989,5625","4333593,8695","39.1515440145498, -3.01169396670863",39.1515440145498,-3.01169396670863,"GERONA, 72"
-3.02902999574831,39.1511189895282,595,2206,891,1185,FRANCISCO MOIX SUBIAS,13700, ,CR-318-F,13082000201,TOMELLOSO,36024,130820002,TOMELLOSO,36024,13082,TOMELLOSO,CIUDAD REAL,TOMELLOSO,LA MANCHA-CENTRO, ,2,TOMELLOSO,2-02,320,"497491,5977","4333547,039","39.1511189904521, -3.02902999574831",39.1511189904521,-3.02902999574831,"DE LA ESTACION, 62"
-3.75011600992971,39.0157649683313,596,2207,892,1186,JESUS ADOLFO HUERTAS-DIAZ DE LOPEZ-DIAZ,13160,926811005,CR-144-F,13083000101,TORRALBA DE CALATRAVA,3040,130830001,TORRALBA DE CALATRAVA,3040,13083,TORRALBA DE CALATRAVA,CIUDAD REAL,CARRION DE CALATRAVA,CIUDAD REAL, ,3,CIUDAD REAL,3-01,210,"435060,1666","4318793,662","39.0157649692543, -3.75011600992971",39.0157649692543,-3.75011600992971,"SAN JOSE, 1"
-3.61231402366961,39.2187420247088,597,2208,893,1187,CARMEN LUNA MONTAÑO,13670, ,CR-232-F,13096000101,VILLARRUBIA DE LOS OJOS,9667,130960001,VILLARRUBIA DE LOS OJOS,9667,13096,VILLARRUBIA DE LOS OJOS,CIUDAD REAL,VILLARRUBIA DE LOS OJOS,CIUDAD REAL, ,3,CIUDAD REAL,3-01,335,"447142,0931","4341229,6653","39.2187420256332, -3.61231402366961",39.2187420256332,-3.61231402366961,"C/ CRISTO REY, 56"
-2.1367979555041,40.0647219718081,598,2209,894,1188,EVA CONSUELO GUIRAO SANCHEZ,16002, ,CU-184-F,16078000301,CUENCA,52682,160780003,CUENCA,52682,16078,CUENCA,CUENCA,CUENCA,CUENCA, ,4,CUENCA,4-03,385,"573613,5381","4435297,698","40.0647219727376, -2.1367979555041",40.0647219727376,-2.1367979555041,"PASEO SAN ANTONIO, 25"
-4.4708579573579,39.6332480172209,599,2210,895,1211,MANUEL JESUS TOLEDANO VILLANUEVA,45150, ,TO-067-F,45109000101,NAVAHERMOSA,3510,451090001,NAVAHERMOSA,3510,45109,NAVAHERMOSA,TOLEDO,NAVAHERMOSA,TOLEDO, ,7,TOLEDO,7-05,742,"373776,2849","4388086,2077","39.6332480181479, -4.4708579573579",39.6332480181479,-4.4708579573579,"CALLE MARTIRES, 10"
-3.49793096330766,39.9574559643904,600,2211,896,1212,VALERIO ALBACETE DE LA CRUZ,45300, ,TO-372-F,45121000101,OCAÑA,13185,451210001,OCAÑA,13185,45121,OCAÑA,TOLEDO,OCAÑA,TOLEDO, ,7,TOLEDO,7-02,765,"457470,3017","4423153,9498","39.9574559653194, -3.49793096330766",39.9574559653194,-3.49793096330766,"AVENIDA DEL PARQUE, 4"
-3.98711502610676,39.9440530088913,601,2212,897,1213,ENRIQUE Y ELENA MORA MERA,45280, ,TO-370-F,45122000101,OLIAS DEL REY,5100,451220001,OLIAS DEL REY,5100,45122,OLÍAS DEL REY,TOLEDO,BARGAS,TOLEDO, ,7,TOLEDO,7-04,665,"415670,6904","4422014,1018","39.9440530098202, -3.98711502610676",39.9440530098202,-3.98711502610676,"CALLE ALAMILLO, 9 LOC.2 - SOTA"
-3.69266502455778,40.1078050188651,602,2213,898,1214,ANTOLIN DE DIOS MATEOS,45223, ,TO-386-F,45161000301,SESEÑA,12397,451610003,SESEÑA,22616,45161,SESEÑA,TOLEDO,SESEÑA,TOLEDO, ,7,TOLEDO,7-03,807,"440967,1596","4439952,5205","40.1078050197949, -3.69266502455778",40.1078050197949,-3.69266502455778,"CALLE SESEÑA NUEVO, 21"
-3.98067198872714,39.6786739656874,603,2214,899,1215,JOSE CARBONELL MORENO,45100, ,TO-373-F,45163000201,SONSECA,11066,451630002,SONSECA,11066,45163,SONSECA,TOLEDO,SONSECA,TOLEDO, ,7,TOLEDO,7-01,810,"415898,3169","4392553,7284","39.6786739666147, -3.98067198872714",39.6786739666147,-3.98067198872714,"CALLE MAZARAMBROZ, 43A"
-4.83967299038348,39.9600349598066,604,2215,900,1216,JUAN JOSÉ BALTASAR PAREDES,45600, ,TO-361-F,45165000601,TALAVERA DE LA REINA,79975,451650006,TALAVERA DE LA REINA,79975,45165,TALAVERA DE LA REINA,TOLEDO,TALAVERA,TALAVERA DE LA REINA, ,6,TALAVERA,6-01,826,"342869,772","4424941,9559","39.9600349607355, -4.83967299038348",39.9600349607355,-4.83967299038348,"CALLE REYES CATOLICOS, 6"
-1.86323397624943,38.9940499786739,605,2216,901,23,MARIA JOSE GARCIA SOCIATS,02004,967221586,AB-028-F,02003000201,ALBACETE,165263,020030002,ALBACETE,165785,02003,ALBACETE,ALBACETE,ALBACETE,ALBACETE, ,1,ALBACETE,1-01,10,"598444,1665","4316730,8519","38.9940499795968, -1.86323397624943",38.9940499795968,-1.86323397624943,"CALLE BLASCO IBAÑEZ, 32"
-1.85934404045274,38.9958430326101,606,2217,902,24,JULIA FERNANDEZ-REYES LUIS,02005,967218930,AB-005-F,02003000201,ALBACETE,165263,020030002,ALBACETE,165785,02003,ALBACETE,ALBACETE,ALBACETE,ALBACETE, ,1,ALBACETE,1-01,5,"598778,552","4316934,0506","38.995843033533, -1.85934404045274",38.995843033533,-1.85934404045274,"CALLE FERIA, 16"
-1.86299797358358,38.9961479841975,607,2218,903,25,JUAN CARLOS MOLINA CULLELL,02004,967220589,AB-014-F,02003000201,ALBACETE,165263,020030002,ALBACETE,165785,02003,ALBACETE,ALBACETE,ALBACETE,ALBACETE, ,1,ALBACETE,1-01,10,"598461,6972","4316963,9345","38.9961479851205, -1.86299797358358",38.9961479851205,-1.86299797358358,"CALLE FERIA, 63"
-1.8553979869581,38.9906519575907,608,2219,904,26,PILAR CUERVAS-MONS MEDINA,02002,967223734,AB-025-F,02003000201,ALBACETE,165263,020030002,ALBACETE,165785,02003,ALBACETE,ALBACETE,ALBACETE,ALBACETE, ,1,ALBACETE,1-01,10,"599127,5244","4316362,2569","38.9906519585136, -1.8553979869581",38.9906519585136,-1.8553979869581,"CALLE LA RODA, 43"
-1.85852904421171,38.990932007234,609,2220,905,27,Mª ANTONIA RUEDA GUIZAN,02003,967221597,AB-011-F,02003000201,ALBACETE,165263,020030002,ALBACETE,165785,02003,ALBACETE,ALBACETE,ALBACETE,ALBACETE, ,1,ALBACETE,1-01,10,"598855,964","4316389,9313","38.9909320081569, -1.85852904421171",38.9909320081569,-1.85852904421171,"CALLE OCTAVIO CUARTERO, 21"
-1.85770198672529,38.9888449586442,610,2221,906,28,CARMEN SAINZ DE BARANDA CAMINO,02003,967222627,AB-017-F,02003000201,ALBACETE,165263,020030002,ALBACETE,165785,02003,ALBACETE,ALBACETE,ALBACETE,ALBACETE, ,1,ALBACETE,1-01,10,"598930,4982","4316159,2183","38.9888449595671, -1.85770198672529",38.9888449595671,-1.85770198672529,"PASEO SIMON ABRIL, 10"
-1.85784700782787,38.9926050003141,611,2222,907,29,ADELA DIAZ MORENO,02001,967237821,AB-024-F,02003000201,ALBACETE,165263,020030002,ALBACETE,165785,02003,ALBACETE,ALBACETE,ALBACETE,ALBACETE, ,1,ALBACETE,1-01,10,"598912,7037","4316576,3334","38.9926050012369, -1.85784700782787",38.9926050012369,-1.85784700782787,"CALLE ROSARIO, 38"
-1.85332097027289,38.9928530406331,612,2223,908,30,MIGUEL MAHIQUES GIMENEZ DE CORDOBA,02002,967211454,AB-008-F,02003000201,ALBACETE,165263,020030002,ALBACETE,165785,02003,ALBACETE,ALBACETE,ALBACETE,ALBACETE, ,1,ALBACETE,1-01,25,"599304,3318","4316608,7868","38.992853041556, -1.85332097027289",38.992853041556,-1.85332097027289,"CALLE MAYOR, 61"
-1.85707100484347,38.9997440002273,613,2224,909,31,ISABEL MARIA Y PABLO GARCIA GONZALEZ,02005,967214680,AB-075-F,02003000201,ALBACETE,165263,020030002,ALBACETE,165785,02003,ALBACETE,ALBACETE,ALBACETE,ALBACETE, ,1,ALBACETE,1-01,5,"598969,9628","4317369,4319","38.9997440011502, -1.85707100484347",38.9997440011502,-1.85707100484347,"AVENIDA RAMON Y CAJAL, 25"
-1.85762903896616,38.9953839919129,614,2225,910,32,MARIA JOSE FERNANDEZ NOVOA,02001,967215469,AB-003-F,02003000201,ALBACETE,165263,020030002,ALBACETE,165785,02003,ALBACETE,ALBACETE,ALBACETE,ALBACETE, ,1,ALBACETE,1-01,10,"598927,7111","4316884,9705","38.9953839928358, -1.85762903896616",38.9953839928358,-1.85762903896616,"CALLE ZAPATEROS, 10"
-1.85785696095542,38.9979559944013,615,2226,911,33,LAURA ROMERO GALVEZ,02005,967216499,AB-013-F,02003000201,ALBACETE,165263,020030002,ALBACETE,165785,02003,ALBACETE,ALBACETE,ALBACETE,ALBACETE, ,1,ALBACETE,1-01,5,"598904,3919","4317170,1525","38.9979559953242, -1.85785696095542",38.9979559953242,-1.85785696095542,"CALLE IRIS, 48"
-1.85568997999999,38.991929978204,616,2227,912,34,GLORIA BAUTISTA RODENAS,02002,967301156,AB-015-F,02003000201,ALBACETE,165263,020030002,ALBACETE,165785,02003,ALBACETE,ALBACETE,ALBACETE,ALBACETE,12 HORAS,1,ALBACETE,1-01,10,"599100,4533","4316503,7681","38.9919299791269, -1.85568997999999",38.9919299791269,-1.85568997999999,"CALLE TESIFONTE GALLEGO, 13"
-1.85223199534431,38.9948820042656,617,2228,913,35,JOSÉ LUIS MONTOYA RODRÍGUEZ,02001,967212312,AB-026-F,02003000201,ALBACETE,165263,020030002,ALBACETE,165785,02003,ALBACETE,ALBACETE,ALBACETE,ALBACETE, ,1,ALBACETE,1-01,25,"599395,8029","4316835,1407","38.9948820051886, -1.85223199534431",38.9948820051886,-1.85223199534431,"CALLE MUELLE, 7"
-1.85490400320068,38.9953979983845,618,2229,914,36,ALMUDENA FERNANDEZ MARTINEZ,02001,967216013,AB-004-F,02003000201,ALBACETE,165263,020030002,ALBACETE,165785,02003,ALBACETE,ALBACETE,ALBACETE,ALBACETE, ,1,ALBACETE,1-01,10,"599163,6824","4316889,4896","38.9953979993074, -1.85490400320068",38.9953979993074,-1.85490400320068,"CALLE MARTINEZ VILLENA, 10"
-1.84813202093868,38.9865349753131,619,2230,915,37,JUAN GABRIEL CALLEJO CARRILLO,02006,967243273,AB-058-F,02003000201,ALBACETE,165263,020030002,ALBACETE,165785,02003,ALBACETE,ALBACETE,ALBACETE,ALBACETE, ,1,ALBACETE,1-01,1,"599762,5863","4315913,3083","38.9865349762359, -1.84813202093868",38.9865349762359,-1.84813202093868,"CALLE HERMANO FALCO, 27"
-1.85410900155384,38.9835390026841,620,2231,916,38,MARIA ROSEL PAÑOS PADILLA,02002,967228047,AB-087-F,02003000201,ALBACETE,165263,020030002,ALBACETE,165785,02003,ALBACETE,ALBACETE,ALBACETE,ALBACETE,24 HORAS,1,ALBACETE,1-01,24,"599249,0929","4315574,2973","38.983539003607, -1.85410900155384",38.983539003607,-1.85410900155384,"AVENIDA DE ESPAÑA, 28"
-1.85429403855307,38.9859210424267,621,2232,917,39,"FERNÁNDEZ-JIMÉNEZ, C.B",02002,967224028,AB-027-F,02003000201,ALBACETE,165263,020030002,ALBACETE,165785,02003,ALBACETE,ALBACETE,ALBACETE,ALBACETE, ,1,ALBACETE,1-01,24,"599229,7399","4315838,4436","38.9859210433496, -1.85429403855307",38.9859210433496,-1.85429403855307,"AVENIDA ESPAÑA, 8"
-1.847394004994,38.9875440105667,622,2233,918,40,PABLO SILVESTRE MOLINA,02008,967225748,AB-007-F,02003000201,ALBACETE,165263,020030002,ALBACETE,165785,02003,ALBACETE,ALBACETE,ALBACETE,ALBACETE, ,1,ALBACETE,1-01,1,"599825,0898","4316026,0954","38.9875440114895, -1.847394004994",38.9875440114895,-1.847394004994,"CALLE RAMON CASAS, 20"
-1.85348100662837,39.0011140204093,623,2234,919,259,MARIA JOSE MORENO DE LA ROSA,02001, ,AB-200-F,02003000201,ALBACETE,165263,020030002,ALBACETE,165785,02003,ALBACETE,ALBACETE,ALBACETE,ALBACETE, ,1,ALBACETE,1-01,25,"599278,9263","4317525,3802","39.0011140213322, -1.85348100662837",39.0011140213322,-1.85348100662837,"CALLE GUADALAJARA, 10"
-1.86707577154341,39.0058129054326,624,2235,920,260,ROSA MARIA MARTIN LA CALLE,02005, ,AB-185-F,02003000201,ALBACETE,165263,020030002,ALBACETE,165785,02003,ALBACETE,ALBACETE,ALBACETE,ALBACETE, ,1,ALBACETE,1-01,5,"598095,211","4318032,103","39.0058129063556, -1.86707577154341",39.0058129063556,-1.86707577154341,"CALLE BRUSELAS, 4"
-1.86608004637689,38.9981419768946,625,2236,921,261,MANUEL MARTINEZ MANCEBO,02005,967223791,AB-040-F,02003000201,ALBACETE,165263,020030002,ALBACETE,165785,02003,ALBACETE,ALBACETE,ALBACETE,ALBACETE, ,1,ALBACETE,1-01,26,"598192,0334","4317181,8901","38.9981419778176, -1.86608004637689",38.9981419778176,-1.86608004637689,"AVDA ARQ. JULIO CARRILERO, 44"
-1.87090199905998,39.002036014544,626,2237,922,262,ANA RUBIO PEIRO,02006, ,AB-208-F,02003000201,ALBACETE,165263,020030002,ALBACETE,165785,02003,ALBACETE,ALBACETE,ALBACETE,ALBACETE, ,1,ALBACETE,1-01,26,"597769,104","4317608,8432","39.002036015467, -1.87090199905998",39.002036015467,-1.87090199905998,"CALLE VIRGEN DEL PILAR, 47"
-1.87412402936363,38.9902070414991,627,2238,935,1145,Mª CRUZ Y Mª DOLORES TOBOSO PICAZO,02006,967520321,AB-235-F,02003000201,ALBACETE,165263,020030002,ALBACETE,165785,02003,ALBACETE,ALBACETE,ALBACETE,ALBACETE, ,1,ALBACETE,1-01,1,"597506,3337","4316292,6611","38.9902070424219, -1.87412402936363",38.9902070424219,-1.87412402936363,"CALLE DESAMPARADOS BERRIOS CAMPOS, 1"
-1.87546096547949,38.9944180286631,628,2239,936,1146,"FARMACIA SAN PABLO, C.B.",02006,967501844,AB-238-F,02003000201,ALBACETE,165263,020030002,ALBACETE,165785,02003,ALBACETE,ALBACETE,ALBACETE,ALBACETE, ,1,ALBACETE,1-01,15,"597384,7735","4316758,5463","38.994418029586, -1.87546096547949",38.994418029586,-1.87546096547949,"CALLE SANTIAGO RUSIÑOL, 43"
-1.87116202942278,39.0041649612,629,2240,937,1173,JUAN CARLOS PUÑAL TORRES,02006, ,AB-050-F,02003000201,ALBACETE,165263,020030002,ALBACETE,165785,02003,ALBACETE,ALBACETE,ALBACETE,ALBACETE, ,1,ALBACETE,1-01,26,"597743,6573","4317844,8252","39.004164962123, -1.87116202942279",39.004164962123,-1.87116202942279,"AVDA. DE LA ILUSTRACION, 32"
-1.86704797799863,38.9877690404259,630,2241,938,1174,EMILIA ANDRES CIFUENTES,02005, ,AB-130-F,02003000201,ALBACETE,165263,020030002,ALBACETE,165785,02003,ALBACETE,ALBACETE,ALBACETE,ALBACETE, ,1,ALBACETE,1-01,20,"598122,5374","4316029,7046","38.9877690413488, -1.86704797799863",38.9877690413488,-1.86704797799863,"CALLE CIRCUNVALACION, 86"
-2.78988297878209,39.28712097762,631,2242,939,124,JOSEFA ORTEGA MELERO,13630,926530017,CR-133-F,13078000101,SOCUELLAMOS,12098,130780001,SOCUELLAMOS,12098,13078,SOCUÉLLAMOS,CIUDAD REAL,SOCUELLAMOS,LA MANCHA-CENTRO, ,2,TOMELLOSO,2-02,310,"518120,6469","4348660,5327","39.2871209785449, -2.78988297878209",39.2871209785449,-2.78988297878209,GENERAL AGUILERA/ESQU DON QUIJ
-2.78705696835255,39.2829340143229,632,2243,940,125,Mª TERESA PEDRAZA GALIANA,13630,926530009,CR-132-F,13078000101,SOCUELLAMOS,12098,130780001,SOCUELLAMOS,12098,13078,SOCUÉLLAMOS,CIUDAD REAL,SOCUELLAMOS,LA MANCHA-CENTRO, ,2,TOMELLOSO,2-02,310,"518365,4578","4348196,4472","39.2829340152477, -2.78705696835255",39.2829340152477,-2.78705696835255,"CALVO SOTELO, 12"
-2.79675448759512,39.2844439483586,633,2244,941,126,FRANCISCO JOSE IZQUIERO BARBA,13630, ,CR-134-F,13078000101,SOCUELLAMOS,12098,130780001,SOCUELLAMOS,12098,13078,SOCUÉLLAMOS,CIUDAD REAL,SOCUELLAMOS,LA MANCHA-CENTRO, ,2,TOMELLOSO,2-02,310,"517528,7097","4348362,0913","39.2844439492834, -2.79675448759513",39.2844439492834,-2.79675448759513,"CALLE DON QUIJOTE, 97"
-2.79336701883981,39.2851190015573,634,2245,942,127,PABLO BARBERA SALOM,13630,926530298,CR-131-F,13078000101,SOCUELLAMOS,12098,130780001,SOCUELLAMOS,12098,13078,SOCUÉLLAMOS,CIUDAD REAL,SOCUELLAMOS,LA MANCHA-CENTRO, ,2,TOMELLOSO,2-02,310,"517820,6878","4348437,6681","39.2851190024821, -2.79336701883981",39.2851190024821,-2.79336701883981,"DE CERVANTES, 18"
-2.79168401893162,39.2826820221149,635,2246,943,128,JUANA ESPERANZA NOGUERON SARRION,13630, ,CR-271-F,13078000101,SOCUELLAMOS,12098,130780001,SOCUELLAMOS,12098,13078,SOCUÉLLAMOS,CIUDAD REAL,SOCUELLAMOS,LA MANCHA-CENTRO, ,2,TOMELLOSO,2-02,310,"517966,4578","4348167,5531","39.2826820230397, -2.79168401893162",39.2826820230397,-2.79168401893162,"DON JAVIER, 12"
-2.7933310118837,39.2822429719561,636,2247,944,129,"MEDINA ALARCON, C.B.",13630,926531811,CR-217-F,13078000101,SOCUELLAMOS,12098,130780001,SOCUELLAMOS,12098,13078,SOCUÉLLAMOS,CIUDAD REAL,SOCUELLAMOS,LA MANCHA-CENTRO, ,2,TOMELLOSO,2-02,310,"517824,5221","4348118,5031","39.2822429728809, -2.7933310118837",39.2822429728809,-2.7933310118837,"GENERALISIMO, 98"
-3.0103009812744,39.161463993703,637,2248,945,130,CELIA MARTINEZ RUBIO,13700,926514669,CR-266-F,13082000201,TOMELLOSO,36024,130820002,TOMELLOSO,36024,13082,TOMELLOSO,CIUDAD REAL,TOMELLOSO,LA MANCHA-CENTRO, ,2,TOMELLOSO,2-02,321,"499110,0508","4334694,7154","39.161463994627, -3.0103009812744",39.161463994627,-3.0103009812744,"DULCINEA, 120"
-3.02093198303245,39.1587999684805,638,2249,946,131,"MENCHEN RUIZ DE CASTAÑEDA, C.B.",13700,926510945,CR-141-F,13082000201,TOMELLOSO,36024,130820002,TOMELLOSO,36024,13082,TOMELLOSO,CIUDAD REAL,TOMELLOSO,LA MANCHA-CENTRO, ,2,TOMELLOSO,2-02,320,"498191,5214","4334399,2356","39.1587999694046, -3.02093198303245",39.1587999694046,-3.02093198303245,"SOCUELLAMOS, 6"
-3.01312376294365,39.1670769294778,639,2250,947,132,PILAR CARO SANCHEZ,13700, ,CR-280-F,13082000201,TOMELLOSO,36024,130820002,TOMELLOSO,36024,13082,TOMELLOSO,CIUDAD REAL,TOMELLOSO,LA MANCHA-CENTRO, ,2,TOMELLOSO,2-02,321,"498866,2678","4335317,638","39.1670769304019, -3.01312376294365",39.1670769304019,-3.01312376294365,"CALLE SOCUELLAMOS, 118"
-3.00880398404134,39.1541380412605,640,2251,948,133,MIGUEL JOSE DE LA FUENTE PIZARRO,13700,926506601,CR-290-F,13082000201,TOMELLOSO,36024,130820002,TOMELLOSO,36024,13082,TOMELLOSO,CIUDAD REAL,TOMELLOSO,LA MANCHA-CENTRO, ,2,TOMELLOSO,2-02,320,"499239,3044","4333881,7109","39.1541380421845, -3.00880398404134",39.1541380421845,-3.00880398404134,"JUAN CARLOS I, 8"
-3.02086697206874,39.1577769765497,641,2252,949,134,VILLEGAS C.B.,13700,926510067,CR-139-F,13082000201,TOMELLOSO,36024,130820002,TOMELLOSO,36024,13082,TOMELLOSO,CIUDAD REAL,TOMELLOSO,LA MANCHA-CENTRO, ,2,TOMELLOSO,2-02,320,"498197,1121","4334285,7087","39.1577769774737, -3.02086697206874",39.1577769774737,-3.02086697206874,"INDEPENDENCIA, 54"
-3.02070300190146,39.1580819697698,642,2253,950,135,FELIX ALVAREZ LIZCANO,13700,926511239,CR-140-F,13082000201,TOMELLOSO,36024,130820002,TOMELLOSO,36024,13082,TOMELLOSO,CIUDAD REAL,TOMELLOSO,LA MANCHA-CENTRO, ,2,TOMELLOSO,2-02,320,"498211,2867","4334319,5518","39.1580819706938, -3.02070300190146",39.1580819706938,-3.02070300190146,"DOÑA CRISANTA, 2"
-3.02513295775628,39.1486797148989,643,2254,951,136,JOSE JAVIER VELASCO MARTINEZ,13700, ,CR-244-F,13082000201,TOMELLOSO,36024,130820002,TOMELLOSO,36024,13082,TOMELLOSO,CIUDAD REAL,TOMELLOSO,LA MANCHA-CENTRO, ,2,TOMELLOSO,2-02,320,"497828,2551","4333276,2426","39.1486797158228, -3.02513295775628",39.1486797158228,-3.02513295775628,"PASEO DE SAN ISIDRO, 19"
-3.02310096920478,39.1544489764985,644,2255,952,137,AUGUSTO ORTEGA JIMENEZ,13700,926510208,CR-143-F,13082000201,TOMELLOSO,36024,130820002,TOMELLOSO,36024,13082,TOMELLOSO,CIUDAD REAL,TOMELLOSO,LA MANCHA-CENTRO, ,2,TOMELLOSO,2-02,320,"498004,0027","4333916,4338","39.1544489774225, -3.02310096920478",39.1544489774225,-3.02310096920478,"DON VICTOR PEÑASCO, 71"
-3.01427504654365,39.1518640065833,645,2256,953,138,CRISTINA GONZALEZ DE LA CRUZ,13700,926510013,CR-169-F,13082000201,TOMELLOSO,36024,130820002,TOMELLOSO,36024,13082,TOMELLOSO,CIUDAD REAL,TOMELLOSO,LA MANCHA-CENTRO, ,2,TOMELLOSO,2-02,320,"498766,5454","4333629,4123","39.1518640075073, -3.01427504654365",39.1518640075073,-3.01427504654365,"ANTONIO HUERTAS, 141"
-3.01891501521539,39.1522849798914,646,2257,954,139,JOSE RUIZ RUBIO,13700,926511420,CR-189-F,13082000201,TOMELLOSO,36024,130820002,TOMELLOSO,36024,13082,TOMELLOSO,CIUDAD REAL,TOMELLOSO,LA MANCHA-CENTRO, ,2,TOMELLOSO,2-02,320,"498365,6324","4333676,2027","39.1522849808153, -3.01891501521539",39.1522849808153,-3.01891501521539,"SANTA RITA, 45"
-3.26457904025522,40.5690020180014,647,2258,955,310,IGNACIO BARRERA SERRANO,19200, ,GU-118-F,19046000101,AZUQUECA DE HENARES,35182,190460001,AZUQUECA DE HENARES,35182,19046,AZUQUECA DE HENARES,GUADALAJARA,AZUQUECA DE HENARES,GUADALAJARA, ,5,GUADALAJARA,5-04,530,"477604,1715","4490947,6206","40.5690020189337, -3.26457904025522",40.5690020189337,-3.26457904025522,"CALLE TRINIDAD TORTUERO, 1"
-3.26256897838896,40.5739830061527,648,2259,956,311,Mª PILAR VILLA PEREZ,19200, ,GU-070-F,19046000101,AZUQUECA DE HENARES,35182,190460001,AZUQUECA DE HENARES,35182,19046,AZUQUECA DE HENARES,GUADALAJARA,AZUQUECA DE HENARES,GUADALAJARA, ,5,GUADALAJARA,5-04,530,"477775,9654","4491500,0082","40.5739830070849, -3.26256897838896",40.5739830070849,-3.26256897838896,"AVENIDA VALLEHERMOSO, 5"
-3.26291699105016,40.5666459605531,649,2260,957,312,JOSE CAYETANO LOPEZ GOÑI,19200, ,GU-108-F,19046000101,AZUQUECA DE HENARES,35182,190460001,AZUQUECA DE HENARES,35182,19046,AZUQUECA DE HENARES,GUADALAJARA,AZUQUECA DE HENARES,GUADALAJARA, ,5,GUADALAJARA,5-04,530,"477744,0787","4490685,6739","40.5666459614853, -3.26291699105016",40.5666459614853,-3.26291699105016,"CALLE POBOS, 3"
-3.26737704082976,40.5652489954659,650,2261,958,313,DELIA PEREZ SANCHEZ,19200, ,GU-120-F,19046000101,AZUQUECA DE HENARES,35182,190460001,AZUQUECA DE HENARES,35182,19046,AZUQUECA DE HENARES,GUADALAJARA,AZUQUECA DE HENARES,GUADALAJARA, ,5,GUADALAJARA,5-04,530,"477366,0645","4490531,7452","40.5652489963981, -3.26737704082976",40.5652489963981,-3.26737704082976,"CALLE SIGÜENZA, 2"
-3.26479899168899,40.5623260132225,651,2262,959,314,ANTONIO LOPEZ RODRIGUEZ,19200,949261746,GU-053-F,19046000101,AZUQUECA DE HENARES,35182,190460001,AZUQUECA DE HENARES,35182,19046,AZUQUECA DE HENARES,GUADALAJARA,AZUQUECA DE HENARES,GUADALAJARA, ,5,GUADALAJARA,5-04,530,"477583,326","4490206,6314","40.5623260141547, -3.26479899168899",40.5623260141547,-3.26479899168899,"AVENIDA CONSTITUCION, 14"
-3.26862603080192,40.5645700274879,652,2263,960,315,ELENA RODENAS BLEDA,19200,949267437,GU-052-F,19046000101,AZUQUECA DE HENARES,35182,190460001,AZUQUECA DE HENARES,35182,19046,AZUQUECA DE HENARES,GUADALAJARA,AZUQUECA DE HENARES,GUADALAJARA, ,5,GUADALAJARA,5-04,530,"477260,1054","4490456,7005","40.5645700284201, -3.26862603080192",40.5645700284201,-3.26862603080192,"AVENIDA ALCALA, 2"
-3.2611429955447,40.5710449822611,653,2264,961,316,MARIA JOSE MARTINEZ GADEA,19200,949883026,GU-123-F,19046000101,AZUQUECA DE HENARES,35182,190460001,AZUQUECA DE HENARES,35182,19046,AZUQUECA DE HENARES,GUADALAJARA,AZUQUECA DE HENARES,GUADALAJARA, ,5,GUADALAJARA,5-04,530,"477895,695","4491173,5246","40.5710449831934, -3.2611429955447",40.5710449831934,-3.2611429955447,"CALLE RIO GUADIANA, S/N"
-3.26395703531873,40.5646840107827,654,2265,962,317,"FARMACIA LAS TORRES, C.B.",19200,949261012,GU-077-F,19046000101,AZUQUECA DE HENARES,35182,190460001,AZUQUECA DE HENARES,35182,19046,AZUQUECA DE HENARES,GUADALAJARA,AZUQUECA DE HENARES,GUADALAJARA, ,5,GUADALAJARA,5-04,530,"477655,3864","4490468,1582","40.564684011715, -3.26395703531874",40.564684011715,-3.26395703531874,"CALLE TOLEDO, 6"
-3.24781399753712,40.5961340138447,655,2266,963,318,DIONISIA RABOSO CAMPOS,19208,949270124,GU-019-F,19024000101,ALOVERA,13142,190240001,ALOVERA,13142,19024,ALOVERA,GUADALAJARA,AZUQUECA DE HENARES,GUADALAJARA, ,5,GUADALAJARA,5-04,530,"479031,758","4493955,1884","40.5961340147771, -3.24781399753712",40.5961340147771,-3.24781399753712,"CALLE SOLEDAD, 12"
-3.2367860193391,40.6368569631234,656,2267,964,319,CAROLINA DEL VAL DE BLAS,19171,949332025,GU-043-F,19058000101,CABANILLAS DEL CAMPO,10333,190580001,CABANILLAS DEL CAMPO,10333,19058,CABANILLAS DEL CAMPO,GUADALAJARA,CABANILLAS DEL CAMPO,GUADALAJARA,CER.TEMP,5,GUADALAJARA,5-04,536,"479977,0286","4498472,9588","40.6368569640559, -3.2367860193391",40.6368569640559,-3.2367860193391,"CALLE SANTA ANA, 8"
-3.17637702836042,40.6335610194291,657,2268,965,326,VIRGINIA PAGAN ALMARZA,19004,949225331,GU-114-F,19130000101,GUADALAJARA,85629,191300001,GUADALAJARA,85629,19130,GUADALAJARA,GUADALAJARA,GUADALAJARA,GUADALAJARA, ,5,GUADALAJARA,5-04,575,"485084,5705","4498095,1057","40.6335610203616, -3.17637702836042",40.6335610203616,-3.17637702836042,"CALLE TOMILLO, 5"
-3.18095600705873,40.6318609849906,658,2269,966,327,Mª AMPARO GARCIA GARZON,19004, ,GU-106-F,19130000101,GUADALAJARA,85629,191300001,GUADALAJARA,85629,19130,GUADALAJARA,GUADALAJARA,GUADALAJARA,GUADALAJARA, ,5,GUADALAJARA,5-04,575,"484696,9581","4497907,184","40.6318609859231, -3.18095600705873",40.6318609859231,-3.18095600705873,"CALLE JULIAN BESTEIRO, 11-B"
-3.18136201683501,40.6294809752504,659,2270,967,328,JESUS CORTIJO ALCAZAR,19004, ,GU-054-F,19130000101,GUADALAJARA,85629,191300001,GUADALAJARA,85629,19130,GUADALAJARA,GUADALAJARA,GUADALAJARA,GUADALAJARA, ,5,GUADALAJARA,5-04,575,"484662,0782","4497643,0678","40.6294809761829, -3.18136201683501",40.6294809761829,-3.18136201683501,"CALLE RONCESVALLES, 2"
-3.16636699653299,40.633193978323,660,2271,968,329,NOELIA CALDERON CHECA,19001,949211749,GU-115-F,19130000101,GUADALAJARA,85629,191300001,GUADALAJARA,85629,19130,GUADALAJARA,GUADALAJARA,GUADALAJARA,GUADALAJARA,12 HORAS,5,GUADALAJARA,5-04,585,"485930,9982","4498052,7144","40.6331939792555, -3.16636699653299",40.6331939792555,-3.16636699653299,"CALLE MAYOR, 13"
-3.16600002316273,40.6327790147479,661,2272,969,330,FERNANDO VICENTI DEL CASTILLO,19001,949211054,GU-055-F,19130000101,GUADALAJARA,85629,191300001,GUADALAJARA,85629,19130,GUADALAJARA,GUADALAJARA,GUADALAJARA,GUADALAJARA, ,5,GUADALAJARA,5-04,585,"485961,9448","4498006,5938","40.6327790156804, -3.16600002316273",40.6327790156804,-3.16600002316273,"CALLE MAYOR, 19"
-3.16501400407001,40.6312630226399,662,2273,970,331,"GARCIA VENTOSA JUAN Y ANA, C.B.",19001,949220646,GU-017-F,19130000101,GUADALAJARA,85629,191300001,GUADALAJARA,85629,19130,GUADALAJARA,GUADALAJARA,GUADALAJARA,GUADALAJARA, ,5,GUADALAJARA,5-04,585,"486045,0135","4497838,1581","40.6312630235725, -3.16501400407001",40.6312630235725,-3.16501400407001,"CALLE MAYOR, 36"
-3.15595002356537,40.6369100195964,663,2274,971,332,ANGELA MUÑIZ GAVILAN,19005, ,GU-121-F,19130000101,GUADALAJARA,85629,191300001,GUADALAJARA,85629,19130,GUADALAJARA,GUADALAJARA,GUADALAJARA,GUADALAJARA, ,5,GUADALAJARA,5-04,580,"486812,6521","4498463,5907","40.636910020529, -3.15595002356537",40.636910020529,-3.15595002356537,"CALLE ALAMIN, 123- LOCAL 6"
-3.15786298788374,40.6364759871242,664,2275,972,333,CAROLINA BISTUER MALO,19005,949221546,GU-064-F,19130000101,GUADALAJARA,85629,191300001,GUADALAJARA,85629,19130,GUADALAJARA,GUADALAJARA,GUADALAJARA,GUADALAJARA, ,5,GUADALAJARA,5-04,580,"486650,8027","4498415,7005","40.6364759880568, -3.15786298788374",40.6364759880568,-3.15786298788374,"CALLE ALAMIN, 28"
-3.15670798507291,40.6341960036917,665,2276,973,334,Mª CONCEPCION HUERTA VILLADANGOS,19005, ,GU-086-F,19130000101,GUADALAJARA,85629,191300001,GUADALAJARA,85629,19130,GUADALAJARA,GUADALAJARA,GUADALAJARA,GUADALAJARA, ,5,GUADALAJARA,5-04,580,"486748,0212","4498162,442","40.6341960046242, -3.15670798507291",40.6341960046242,-3.15670798507291,"CALLE CASTELLON, 1"
-3.15925701640727,40.6334350309375,666,2277,974,335,GEMA MARIA GAMO ALCAZAR,19005, ,GU-124-F,19130000101,GUADALAJARA,85629,191300001,GUADALAJARA,85629,19130,GUADALAJARA,GUADALAJARA,GUADALAJARA,GUADALAJARA, ,5,GUADALAJARA,5-04,580,"486532,3099","4498078,3592","40.6334350318701, -3.15925701640727",40.6334350318701,-3.15925701640727,"AVENIDA DE BARCELONA, 6"
-3.16086200953123,40.637665001453,667,2278,975,336,Mª ANGELES SILVIA SANZ MORATILLA,19005, ,GU-006-F,19130000101,GUADALAJARA,85629,191300001,GUADALAJARA,85629,19130,GUADALAJARA,GUADALAJARA,GUADALAJARA,GUADALAJARA, ,5,GUADALAJARA,5-04,580,"486397,4409","4498548,1435","40.6376650023855, -3.16086200953123",40.6376650023855,-3.16086200953123,"CALLE CUESTA DE HITA, 19"
-3.15537201971254,40.6417699674025,668,2279,976,337,GLORIA JORDAN JIMENEZ,19005, ,GU-116-F,19130000101,GUADALAJARA,85629,191300001,GUADALAJARA,85629,19130,GUADALAJARA,GUADALAJARA,GUADALAJARA,GUADALAJARA, ,5,GUADALAJARA,5-04,580,"486862,4817","4499002,971","40.6417699683351, -3.15537201971254",40.6417699683351,-3.15537201971254,"CALLE LA BARCA, 5"
-3.15487496439427,40.6337130008093,669,2280,977,338,ANGEL MANUEL GONZALEZ MONTERO,19005,949220139,GU-020-F,19130000101,GUADALAJARA,85629,191300001,GUADALAJARA,85629,19130,GUADALAJARA,GUADALAJARA,GUADALAJARA,GUADALAJARA, ,5,GUADALAJARA,5-04,580,"486902,9359","4498108,553","40.6337130017418, -3.15487496439428",40.6337130017418,-3.15487496439428,"CALLE AMERICA, 7"
-3.15895796123091,40.6248830436204,670,2281,978,339,ESPERANZA GIMENEZ ARTIEDA,19002,949221099,GU-056-F,19130000101,GUADALAJARA,85629,191300001,GUADALAJARA,85629,19130,GUADALAJARA,GUADALAJARA,GUADALAJARA,GUADALAJARA, ,5,GUADALAJARA,5-04,570,"486555,8848","4497129,0224","40.6248830445529, -3.15895796123091",40.6248830445529,-3.15895796123091,"CALLE FERIAL, 64"
-3.16129395685084,40.6277199773823,671,2282,979,340,ANA DEL MONTE DIEGO,19002,949220061,GU-011-F,19130000101,GUADALAJARA,85629,191300001,GUADALAJARA,85629,19130,GUADALAJARA,GUADALAJARA,GUADALAJARA,GUADALAJARA, ,5,GUADALAJARA,5-04,570,"486358,8915","4497444,2882","40.6277199783148, -3.16129395685084",40.6277199783148,-3.16129395685084,"CALLE ALONSO NUÑEZ DE REINOSO, 15"
-3.03536298805088,39.590781997579,672,2283,980,376,EVA GARCIA-MORENO DIAZ-MARTA,45800, ,TO-333-F,45142000101,QUINTANAR DE LA ORDEN,11069,451420001,QUINTANAR DE LA ORDEN,11069,45142,QUINTANAR DE LA ORDEN,TOLEDO,QUINTANAR DE LA ORDEN,LA MANCHA-CENTRO, ,2,ALCAZAR DE SAN,2-03,795,"496963,4843","4382340,2273","39.5907819985058, -3.03536298805088",39.5907819985058,-3.03536298805088,"CALLE MONTE, 73"
-3.6954380226185,40.1043450322832,673,2284,981,377,JUAN MATEO GARCIA ARGUDO RUIZ ESCRIBANO,45223,918957057,TO-180-F,45161000301,SESEÑA,12397,451610003,SESEÑA,22616,45161,SESEÑA,TOLEDO,SESEÑA,TOLEDO, ,7,TOLEDO,7-03,807,"440727,824","4439570,3283","40.104345033213, -3.6954380226185",40.104345033213,-3.6954380226185,"CALLE LA VEGA, 20"
-4.83156700925465,39.9602180273945,674,2285,982,378,JOSÉ RAMÓN RODRÍGUEZ FERNÁNDEZ,45600,925800240,TO-111-F,45165000601,TALAVERA DE LA REINA,79975,451650006,TALAVERA DE LA REINA,79975,45165,TALAVERA DE LA REINA,TOLEDO,TALAVERA,TALAVERA DE LA REINA,12 HORAS,6,TALAVERA,6-01,815,"343562,5796","4424948,0246","39.9602180283235, -4.83156700925465",39.9602180283235,-4.83156700925465,"CALLE CORREDERA DEL CRISTO, 7"
-4.83278300026704,39.9591090196546,675,2286,983,379,CLARA DE ANA MADROÑAL,45600,925805377,TO-192-F,45165000601,TALAVERA DE LA REINA,79975,451650006,TALAVERA DE LA REINA,79975,45165,TALAVERA DE LA REINA,TOLEDO,TALAVERA,TALAVERA DE LA REINA, ,6,TALAVERA,6-01,815,"343456,1835","4424827,0592","39.9591090205835, -4.83278300026704",39.9591090205835,-4.83278300026704,"CALLE PALENQUE, 6"
-4.83933003387179,39.9582930039286,676,2287,984,380,Mª BELEN GARCIA MARTIN,45600,925801320,TO-176-F,45165000601,TALAVERA DE LA REINA,79975,451650006,TALAVERA DE LA REINA,79975,45165,TALAVERA DE LA REINA,TOLEDO,TALAVERA,TALAVERA DE LA REINA, ,6,TALAVERA,6-01,826,"342895,0785","4424747,9953","39.9582930048575, -4.83933003387179",39.9582930048575,-4.83933003387179,"PLAZA PUERTA DE CUARTOS, 7"
-4.8366189805734,39.9577229696063,677,2288,985,381,MARIA DEL PILAR ZOFIO RUIZ DE ADANA,45600,925812285,TO-304-F,45165000601,TALAVERA DE LA REINA,79975,451650006,TALAVERA DE LA REINA,79975,45165,TALAVERA DE LA REINA,TOLEDO,TALAVERA,TALAVERA DE LA REINA, ,6,TALAVERA,6-01,826,"343125,352","4424679,9492","39.9577229705353, -4.8366189805734",39.9577229705353,-4.8366189805734,"CALLE OLIVARES, 6"
-4.83014401352922,39.9609039798711,678,2289,986,382,Mª CONCEPCION PADILLA ALONSO-RODRIGUEZ,45600,925800097,TO-115-F,45165000601,TALAVERA DE LA REINA,79975,451650006,TALAVERA DE LA REINA,79975,45165,TALAVERA DE LA REINA,TOLEDO,TALAVERA,TALAVERA DE LA REINA, ,6,TALAVERA,6-01,815,"343685,6901","4425021,6696","39.9609039808, -4.83014401352922",39.9609039808,-4.83014401352922,"CALLE SAN FRANCISCO, 18"
-4.79706676346734,39.9630077072148,679,2290,987,383,MARIA LAURA ROLO CORCHERO,45600,925805901,TO-108-F,45165000601,TALAVERA DE LA REINA,79975,451650006,TALAVERA DE LA REINA,79975,45165,TALAVERA DE LA REINA,TOLEDO,TALAVERA,TALAVERA DE LA REINA,12 HORAS,6,TALAVERA,6-01,815,"346515,7201","4425197,7238","39.9630077081438, -4.79706676346734",39.9630077081438,-4.79706676346734,CENTRO COMERCIAL LOS ALFARES
-4.82618998078906,39.9637749867025,680,2291,988,384,JUAN CARLOS MAYO HIERRO,45600,925805553,TO-004-F,45165000601,TALAVERA DE LA REINA,79975,451650006,TALAVERA DE LA REINA,79975,45165,TALAVERA DE LA REINA,TOLEDO,TALAVERA,TALAVERA DE LA REINA,24 HORAS,6,TALAVERA,6-01,815,"344029,9541","4425333,4262","39.9637749876315, -4.82618998078906",39.9637749876315,-4.82618998078906,"CALLE TRINIDAD, 20"
-4.82797199966591,39.9619469787282,681,2292,989,385,ENRIQUE MARTÍN  AMAGO,45600,925801442,TO-113-F,45165000601,TALAVERA DE LA REINA,79975,451650006,TALAVERA DE LA REINA,79975,45165,TALAVERA DE LA REINA,TOLEDO,TALAVERA,TALAVERA DE LA REINA,24 HORAS,6,TALAVERA,6-01,815,"343873,5881","4425133,6368","39.9619469796572, -4.82797199966591",39.9619469796572,-4.82797199966591,"CALLE PRADO, 9"
-4.82507804777045,39.962611026929,682,2293,990,386,ARMANDO DAVID PROPIN RODRIGUEZ,45600,925800309,TO-169-F,45165000601,TALAVERA DE LA REINA,79975,451650006,TALAVERA DE LA REINA,79975,45165,TALAVERA DE LA REINA,TOLEDO,TALAVERA,TALAVERA DE LA REINA, ,6,TALAVERA,6-01,825,"344122,2828","4425202,2829","39.9626110278579, -4.82507804777045",39.9626110278579,-4.82507804777045,"AVENIDA DE TOLEDO, 10"
-4.82195101708855,39.9629670166372,683,2294,991,387,LUIS ENRIQUE ALVAREZ DE LLANO,45600,925802787,TO-182-F,45165000601,TALAVERA DE LA REINA,79975,451650006,TALAVERA DE LA REINA,79975,45165,TALAVERA DE LA REINA,TOLEDO,TALAVERA,TALAVERA DE LA REINA, ,6,TALAVERA,6-01,825,"344390,182","4425236,3359","39.9629670175662, -4.82195101708855",39.9629670175662,-4.82195101708855,"CALLE JOAQUINA SANTANDER, 27"
-4.82818597354613,39.9598650079616,684,2295,992,388,JAVIER RODRIGUEZ GOMEZ,45600,925805097,TO-134-F,45165000601,TALAVERA DE LA REINA,79975,451650006,TALAVERA DE LA REINA,79975,45165,TALAVERA DE LA REINA,TOLEDO,TALAVERA,TALAVERA DE LA REINA, ,6,TALAVERA,6-01,815,"343850,574","4424902,9138","39.9598650088906, -4.82818597354613",39.9598650088906,-4.82818597354613,"PLAZA DE SANTA LEOCADIA, 5"
-4.81871799292916,39.9629640278122,685,2296,993,389,BEGOÑA DE PEREDA BAÑUELOS,45600,925806629,TO-088-F,45165000601,TALAVERA DE LA REINA,79975,451650006,TALAVERA DE LA REINA,79975,45165,TALAVERA DE LA REINA,TOLEDO,TALAVERA,TALAVERA DE LA REINA, ,6,TALAVERA,6-01,825,"344666,3189","4425230,3672","39.9629640287412, -4.81871799292916",39.9629640287412,-4.81871799292916,"CALLE JOAQUINA SANTANDER, 76"
-4.95977799265224,39.9610659916588,686,2297,994,390,DIANA DE MIGUEL CENTELLAS,45613,925708547,TO-281-F,45165000501,GAMONAL,966,451650005,GAMONAL,966,45165,TALAVERA DE LA REINA,TOLEDO,VELADA,TALAVERA DE LA REINA, ,6,TALAVERA,6-01,827,"332613,1869","4425274,9481","39.9610659925877, -4.95977799265224",39.9610659925877,-4.95977799265224,"PLAZA DE LA CONSTITUCION, 3"
-3.20111297853179,40.6686049809093,687,2298,995,862,MIGUEL ANGEL GARCIA GAY,19180,949250885,GU-027-F,19171000101,MARCHAMALO,8030,191710001,MARCHAMALO,8030,19171,MARCHAMALO,GUADALAJARA,"CAMPIÑA,LA",GUADALAJARA, ,5,GUADALAJARA,5-04,537,"483001,6538","4501989,573","40.668604981842, -3.20111297853179",40.668604981842,-3.20111297853179,"CALLE ALAMEDA, 13"
-3.01023597729121,40.2621050075636,688,2299,996,863,MARIA PAZ GARCIA GARCIA,19114,949380382,GU-087-F,19176000101,MAZUECOS,260,191760001,MAZUECOS,260,19176,MAZUECOS,GUADALAJARA,MONDEJAR,GUADALAJARA, ,5,GUADALAJARA,5-01,610,"499129,6099","4456849,0213","40.2621050084942, -3.01023597729122",40.2621050084942,-3.01023597729122,"CALLE ROSARIO, 3"
-1.87669102708861,41.0861840311395,689,2300,997,864,MONICA YLORO LAPERA,19330,949840243,GU-014-F,19183000101,MILMARCOS,70,191830001,MILMARCOS,70,19183,MILMARCOS,GUADALAJARA,MOLINA DE ARAGON,GUADALAJARA, ,5,GUADALAJARA,5-03,605,"594349,6761","4548932,248","41.0861840320742, -1.87669102708861",41.0861840320742,-1.87669102708861,"CALLE SORIA, 1"
-1.88543403040251,40.8434720185233,690,2301,998,865,MARIANO GARCIA SAGRADO,19300,949830428,GU-109-F,19190000401,MOLINA,3152,191900004,MOLINA,3152,19190,MOLINA DE ARAGÓN,GUADALAJARA,MOLINA DE ARAGON,GUADALAJARA, ,5,GUADALAJARA,5-03,605,"593958,9797","4521978,9243","40.8434720194568, -1.88543403040251",40.8434720194568,-1.88543403040251,"CALLE LAS TIENDAS, 67"
-1.88748903455503,40.8435620165818,691,2302,999,866,SONIA SANZ NOVELLA,19300,949830028,GU-050-F,19190000401,MOLINA,3152,191900004,MOLINA,3152,19190,MOLINA DE ARAGÓN,GUADALAJARA,MOLINA DE ARAGON,GUADALAJARA, ,5,GUADALAJARA,5-03,605,"593785,6108","4521986,7127","40.8435620175154, -1.88748903455503",40.8435620175154,-1.88748903455503,"CALLE CHORRO, 1"
-3.10994302133392,40.3227960103442,692,2303,1000,867,CONCEPCION SANCHEZ MONTERO,19110,949385269,GU-107-F,19192000101,MONDEJAR,2757,191920001,MONDEJAR,2757,19192,MONDÉJAR,GUADALAJARA,MONDEJAR,GUADALAJARA, ,5,GUADALAJARA,5-01,610,"490659,6353","4463591,2189","40.3227960112752, -3.10994302133392",40.3227960112752,-3.10994302133392,"PLAZA MAYOR, 15"
-2.64900798188142,40.5548800179668,693,2304,1001,868,MERCEDES ORTEGA OSONA,19129,949354073,GU-039-F,19211000401,PAREJA,266,192110004,PAREJA,266,19211,PAREJA,GUADALAJARA,SACEDON,GUADALAJARA, ,5,GUADALAJARA,5-01,630,"529716,687","4489405,6145","40.554880018899, -2.64900798188142",40.554880018899,-2.64900798188142,"CALLE HOSPITAL, 1"
-2.9220499527735,40.4188459856395,694,2305,1002,869,LOURDES SANCHEZ-SECO FRAILE,19100,949370108,GU-101-F,19212000101,PASTRANA,850,192120001,PASTRANA,850,19212,PASTRANA,GUADALAJARA,PASTRANA,GUADALAJARA, ,5,GUADALAJARA,5-01,615,"506612,961","4474249,6294","40.418845986571, -2.9220499527735",40.418845986571,-2.9220499527735,"CALLE PRINCESA DE EBOLI, 17"
-2.88787999227441,40.5802680285792,695,2306,1003,870,LUCILA MAGDALENA MENENDEZ BUENO,19134,949284166,GU-024-F,19215000101,PEÑALVER,154,192150001,PEÑALVER,154,19215,PEÑALVER,GUADALAJARA,SACEDON,GUADALAJARA, ,5,GUADALAJARA,5-01,630,"509489,029","4492170,5717","40.5802680295115, -2.88787999227441",40.5802680295115,-2.88787999227441,"CALLE CAMILO JOSE CELA, 1"
-3.17891203973799,40.4648970102466,696,2307,1004,871,ALMUDENA ROBLEDO AVILA,19162,949272236,GU-083-F,19220000101,PIOZ,645,192200001,PIOZ,645,19220,PIOZ,GUADALAJARA,GUADALAJARA,GUADALAJARA, ,5,GUADALAJARA,5-04,587,"484832,19","4479373,6864","40.4648970111783, -3.17891203973799",40.4648970111783,-3.17891203973799,"CALLE REAL, 1"
-1.64829196927666,40.7782919746615,697,2308,1005,872,Mª SAGRARIO MARAÑON DE LA TORRE,19326,949841100,GU-068-F,19222000101,POBO DE DUEÑAS (EL),101,192220001,POBO DE DUEÑAS (EL),101,19222,EL POBO DE DUEÑAS,GUADALAJARA,"POBO DE DUEÑAS,EL",GUADALAJARA, ,5,GUADALAJARA,5-03,620,"614062,3646","4515024,6998","40.7782919755947, -1.64829196927666",40.7782919755947,-1.64829196927666,"CALLE EXTRAMUROS, 88"
-3.17991297734528,40.496234970748,698,2309,1006,873,ANA Mª BORJABAD ARIAS,19161,949272011,GU-110-F,19225000101,POZO DE GUADALAJARA,1555,192250001,POZO DE GUADALAJARA,1555,19225,POZO DE GUADALAJARA,GUADALAJARA,GUADALAJARA,GUADALAJARA, ,5,GUADALAJARA,5-04,587,"484754,4234","4482852,3584","40.4962349716799, -3.17991297734528",40.4962349716799,-3.17991297734528,"CALLE CONSTITUCION, 1"
-4.81315199645757,39.9649750089219,699,2310,1007,391,MARIA VAZQUEZ ORTIZ,45600,925806409,TO-112-F,45165000601,TALAVERA DE LA REINA,79975,451650006,TALAVERA DE LA REINA,79975,45165,TALAVERA DE LA REINA,TOLEDO,TALAVERA,TALAVERA DE LA REINA, ,6,TALAVERA,6-01,818,"345146,2682","4425443,9037","39.9649750098509, -4.81315199645757",39.9649750098509,-4.81315199645757,"AVENIDA PABLO PICASSO, 19"
-4.81817498528475,39.9656140062463,700,2311,1008,392,NOELIA POLO CASTELLANOS,45600,925805416,TO-080-F,45165000601,TALAVERA DE LA REINA,79975,451650006,TALAVERA DE LA REINA,79975,45165,TALAVERA DE LA REINA,TOLEDO,TALAVERA,TALAVERA DE LA REINA, ,6,TALAVERA,6-01,825,"344718,6965","4425523,5675","39.9656140071753, -4.81817498528476",39.9656140071753,-4.81817498528476,"CALLE MARIANO ORTEGA, 20"
-4.81662598095082,39.9653240367823,701,2312,1009,393,BENITA IZQUIERDO SANCHEZ,45600, ,TO-321-F,45165000601,TALAVERA DE LA REINA,79975,451650006,TALAVERA DE LA REINA,79975,45165,TALAVERA DE LA REINA,TOLEDO,TALAVERA,TALAVERA DE LA REINA, ,6,TALAVERA,6-01,825,"344850,3414","4425488,6846","39.9653240377113, -4.81662598095082",39.9653240377113,-4.81662598095082,"AVENIDA DEL PRINCIPE, 18"
-4.81534902117224,39.9665510148514,702,2313,1010,394,FERNANDEZ LAHERA C.B.,45600,925807508,TO-073-F,45165000601,TALAVERA DE LA REINA,79975,451650006,TALAVERA DE LA REINA,79975,45165,TALAVERA DE LA REINA,TOLEDO,TALAVERA,TALAVERA DE LA REINA, ,6,TALAVERA,6-01,825,"344962,1798","4425622,6573","39.9665510157804, -4.81534902117224",39.9665510157804,-4.81534902117224,"AVENIDA PRINCIPE, 41"
-4.81509699968385,39.9632649834851,703,2314,1011,395,JOAQUIN RAMIREZ VARGAS,45600,925810116,TO-250-F,45165000601,TALAVERA DE LA REINA,79975,451650006,TALAVERA DE LA REINA,79975,45165,TALAVERA DE LA REINA,TOLEDO,TALAVERA,TALAVERA DE LA REINA, ,6,TALAVERA,6-01,818,"344976,2802","4425257,4716","39.963264984414, -4.81509699968385",39.963264984414,-4.81509699968385,"CALLE VELAZQUEZ, 6"
-4.82897998246399,39.9621469784966,704,2315,1012,396,Mª JOSE RECIO ARANDA,45600,925803643,TO-161-F,45165000601,TALAVERA DE LA REINA,79975,451650006,TALAVERA DE LA REINA,79975,45165,TALAVERA DE LA REINA,TOLEDO,TALAVERA,TALAVERA DE LA REINA, ,6,TALAVERA,6-01,815,"343787,9468","4425157,602","39.9621469794256, -4.82897998246399",39.9621469794256,-4.82897998246399,"CALLE BARRIO NUEVO, 2"
-4.83109904770301,39.9631430394682,705,2316,1013,397,MIGUEL ANGEL GARCIA PEREZ,45600,925802615,TO-177-F,45165000601,TALAVERA DE LA REINA,79975,451650006,TALAVERA DE LA REINA,79975,45165,TALAVERA DE LA REINA,TOLEDO,TALAVERA,TALAVERA DE LA REINA, ,6,TALAVERA,6-01,815,"343609,2181","4425271,8787","39.9631430403971, -4.83109904770301",39.9631430403971,-4.83109904770301,"CALLE ALFARES, 21"
-4.83130200175519,39.9676329888827,706,2317,1014,398,LUIS SEVILLEJA FERNANDEZ,45600,925802615,TO-184-F,45165000601,TALAVERA DE LA REINA,79975,451650006,TALAVERA DE LA REINA,79975,45165,TALAVERA DE LA REINA,TOLEDO,TALAVERA,TALAVERA DE LA REINA, ,6,TALAVERA,6-01,820,"343602,1185","4425770,6172","39.9676329898117, -4.83130200175519",39.9676329898117,-4.83130200175519,"CTRA DE CERVERA, 39"
-4.82927799260073,39.9664089914348,707,2318,1015,399,PATRICIA MARIA MERA CERRATO,45600, ,TO-309-F,45165000601,TALAVERA DE LA REINA,79975,451650006,TALAVERA DE LA REINA,79975,45165,TALAVERA DE LA REINA,TOLEDO,TALAVERA,TALAVERA DE LA REINA, ,6,TALAVERA,6-01,820,"343772,1972","4425631,2056","39.9664089923638, -4.82927799260073",39.9664089923638,-4.82927799260073,"CALLE ALFEREZ PROVISIONAL, 34"
-4.82879803645583,39.9647199680987,708,2319,1016,400,PEDRO DIAZ RODRIGUEZ,45600,925800665,TO-191-F,45165000601,TALAVERA DE LA REINA,79975,451650006,TALAVERA DE LA REINA,79975,45165,TALAVERA DE LA REINA,TOLEDO,TALAVERA,TALAVERA DE LA REINA, ,6,TALAVERA,6-01,820,"343809,3448","4425442,8839","39.9647199690277, -4.82879803645583",39.9647199690277,-4.82879803645583,"AVENIDA PIO XII, 32"
-4.82196399384448,39.9671569710585,709,2320,1017,401,MARTA ESPEJO DORADO,45600,925804652,TO-190-F,45165000601,TALAVERA DE LA REINA,79975,451650006,TALAVERA DE LA REINA,79975,45165,TALAVERA DE LA REINA,TOLEDO,TALAVERA,TALAVERA DE LA REINA, ,6,TALAVERA,6-01,820,"344398,5763","4425701,4413","39.9671569719875, -4.82196399384448",39.9671569719875,-4.82196399384448,"PLAZA POETA JIMENEZ DE CASTRO, 1"
-4.82565704378135,39.9667419829349,710,2321,1018,402,BEATRIZ GARCIA ALFONSO,45600,925801928,TO-173-F,45165000601,TALAVERA DE LA REINA,79975,451650006,TALAVERA DE LA REINA,79975,45165,TALAVERA DE LA REINA,TOLEDO,TALAVERA,TALAVERA DE LA REINA, ,6,TALAVERA,6-01,820,"344082,2163","4425661,8293","39.9667419838638, -4.82565704378135",39.9667419838638,-4.82565704378135,"PASEO DE LA ESTACION, 30"
-4.83348304303158,39.9634799556501,711,2322,1019,403,CRISTINA COLLADO PRIETO,45600,925805113,TO-133-F,45165000601,TALAVERA DE LA REINA,79975,451650006,TALAVERA DE LA REINA,79975,45165,TALAVERA DE LA REINA,TOLEDO,TALAVERA,TALAVERA DE LA REINA, ,6,TALAVERA,6-01,826,"343406,3621","4425313,4602","39.9634799565791, -4.83348304303158",39.9634799565791,-4.83348304303158,"PLAZA TINAJONES, 11"
-4.82855000471223,39.9688889959768,712,2323,1020,404,VERONICA MATUTE SALINERO,45600, ,TO-318-F,45165000601,TALAVERA DE LA REINA,79975,451650006,TALAVERA DE LA REINA,79975,45165,TALAVERA DE LA REINA,TOLEDO,TALAVERA,TALAVERA DE LA REINA, ,6,TALAVERA,6-01,820,"343840,0193","4425905,2098","39.9688889969058, -4.82855000471223",39.9688889969058,-4.82855000471223,"AVENIDA FRANCISCO AGUIRRE, 198"
-4.82716303332557,39.9676110430229,713,2324,1021,405,Mª DEL CARMEN JIMENEZ BOSCH,45600,925800530,TO-197-F,45165000601,TALAVERA DE LA REINA,79975,451650006,TALAVERA DE LA REINA,79975,45165,TALAVERA DE LA REINA,TOLEDO,TALAVERA,TALAVERA DE LA REINA, ,6,TALAVERA,6-01,820,"343955,5683","4425760,9292","39.9676110439519, -4.82716303332558",39.9676110439519,-4.82716303332558,"CALLE ISAAC GABALDON, 24"
-4.82198802664296,39.9686799834725,714,2325,1022,406,ANTONIO TOMAS FERNANDEZ BLANCO PADILLA,45600,925804914,TO-114-F,45165000601,TALAVERA DE LA REINA,79975,451650006,TALAVERA DE LA REINA,79975,45165,TALAVERA DE LA REINA,TOLEDO,TALAVERA,TALAVERA DE LA REINA, ,6,TALAVERA,6-01,818,"344399,9781","4425870,5369","39.9686799844015, -4.82198802664296",39.9686799844015,-4.82198802664296,"CALLE ALVARADO, ESQUINA C/ PILAR, 22"
-4.833982991775,39.9664439732385,715,2326,1023,407,JOSE ALBERTO RUBIALES MEDINA,45600, ,TO-306-F,45165000601,TALAVERA DE LA REINA,79975,451650006,TALAVERA DE LA REINA,79975,45165,TALAVERA DE LA REINA,TOLEDO,TALAVERA,TALAVERA DE LA REINA, ,6,TALAVERA,6-01,826,"343370,4267","4425643,3431","39.9664439741675, -4.833982991775",39.9664439741675,-4.833982991775,"AVENIDA FRANCISCO AGUIRRE, 251"
-4.8322730459508,39.9650869748182,716,2327,1024,408,SILVIA GRANADOS ROBLES,45600,925812973,TO-166-F,45165000601,TALAVERA DE LA REINA,79975,451650006,TALAVERA DE LA REINA,79975,45165,TALAVERA DE LA REINA,TOLEDO,TALAVERA,TALAVERA DE LA REINA,12 HORAS,6,TALAVERA,6-01,820,"343513,3767","4425489,7144","39.9650869757472, -4.8322730459508",39.9650869757472,-4.8322730459508,"AVENIDA PIO XII, 89"
-4.03583497797495,39.8733900397927,717,2328,1025,426,BEATRIZ MONTILLA ISLA,45005,925223476,TO-152-F,45168000103,TOLEDO,59391,451680001,TOLEDO,85085,45168,TOLEDO,TOLEDO,TOLEDO,TOLEDO, ,7,TOLEDO,7-04,840,"411417,4839","4414218,2786","39.8733900407212, -4.03583497797495",39.8733900407212,-4.03583497797495,"CALLE LA MANCHA, 10"
-4.03676001673126,39.8781719940991,718,2329,1026,427,JOSÉ LUIS ECHEVARRÍA MANSO,45005,925223546,TO-124-F,45168000103,TOLEDO,59391,451680001,TOLEDO,85085,45168,TOLEDO,TOLEDO,TOLEDO,TOLEDO, ,7,TOLEDO,7-04,852,"411344,5329","4414749,9504","39.8781719950276, -4.03676001673126",39.8781719950276,-4.03676001673126,"CALLE RONDA DE BUENAVISTA, 33"
-4.03506996219059,39.8798859785948,719,2330,1027,428,CRISTINA RODRIGUEZ GARCIA-ROJAS,45005, ,TO-296-F,45168000103,TOLEDO,59391,451680001,TOLEDO,85085,45168,TOLEDO,TOLEDO,TOLEDO,TOLEDO, ,7,TOLEDO,7-04,852,"411491,2595","4414938,512","39.8798859795233, -4.03506996219059",39.8798859795233,-4.03506996219059,"CALLE RONDA DE BUENAVISTA, 43"
-4.03328200467795,39.8821819999477,720,2331,1028,429,SUSANA SACRISTAN GALLEGO,45005,925283311,TO-294-F,45168000103,TOLEDO,59391,451680001,TOLEDO,85085,45168,TOLEDO,TOLEDO,TOLEDO,TOLEDO, ,7,TOLEDO,7-04,852,"411647,0977","4415191,5805","39.8821820008762, -4.03328200467795",39.8821820008762,-4.03328200467795,"CALLE REINO UNIDO, 6"
-4.03124597897223,39.8819540273844,721,2332,1029,430,MARIA DEL CARMEN PITA RODRIGAÑEZ,45005, ,TO-341-F,45168000103,TOLEDO,59391,451680001,TOLEDO,85085,45168,TOLEDO,TOLEDO,TOLEDO,TOLEDO, ,7,TOLEDO,7-04,852,"411820,9036","4415164,2661","39.8819540283129, -4.03124597897223",39.8819540283129,-4.03124597897223,"AVENIDA IRLANDA, 16"
-4.01681099858274,39.9057430261859,722,2333,1030,431,AMPARO RODRIGUEZ GARCIA-ROJAS,45003, ,TO-332-F,45168000103,TOLEDO,59391,451680001,TOLEDO,85085,45168,TOLEDO,TOLEDO,TOLEDO,TOLEDO,12 HORAS,7,TOLEDO,7-04,852,"413085,2801","4417790,4915","39.9057430271146, -4.01681099858274",39.9057430271146,-4.01681099858274,"PARQUE COMERCIAL ABADIA, LOCAL"
-4.02703104762437,39.8705800409909,723,2334,1031,432,ESMERALDA GARCIA-ROJAS GOMEZ,45005, ,TO-303-F,45168000103,TOLEDO,59391,451680001,TOLEDO,85085,45168,TOLEDO,TOLEDO,TOLEDO,TOLEDO,12 HORAS,7,TOLEDO,7-04,852,"412166,8085","4413897,7039","39.8705800419193, -4.02703104762437",39.8705800419193,-4.02703104762437,"AVENIDA DE EUROPA, 12 - (ESQ."
-4.02773297150559,39.8729710072431,724,2335,1032,433,AIDA Y ALESA GOMEZ-CARO ANDRES,45003, ,TO-317-F,45168000103,TOLEDO,59391,451680001,TOLEDO,85085,45168,TOLEDO,TOLEDO,TOLEDO,TOLEDO, ,7,TOLEDO,7-04,852,"412109,8297","4414163,7697","39.8729710081716, -4.02773297150559",39.8729710081716,-4.02773297150559,"CALLE BERLIN, 3 - LOCAL 9"
-4.03290996621439,39.8686720232871,725,2336,1033,434,RAFAEL ALONSO MORENO,45004,925252560,TO-264-F,45168000103,TOLEDO,59391,451680001,TOLEDO,85085,45168,TOLEDO,TOLEDO,TOLEDO,TOLEDO, ,7,TOLEDO,7-04,840,"411661,5774","4413691,7258","39.8686720242155, -4.03290996621439",39.8686720242155,-4.03290996621439,"CALLE URUGUAY, 5"
-4.02335603737496,39.865551968574,726,2337,1034,435,JOSE MARCOS MARCOS,45003, ,TO-331-F,45168000103,TOLEDO,59391,451680001,TOLEDO,85085,45168,TOLEDO,TOLEDO,TOLEDO,TOLEDO, ,7,TOLEDO,7-04,840,"412474,7166","4413336,0282","39.8655519695024, -4.02335603737496",39.8655519695024,-4.02335603737496,"CALLE CARDENAL TAVERA, 18-B"
-3.97284597144827,39.8832489796598,727,2338,1035,436,TERESA GLORIA DIAZ PLAZA,45008, ,TO-308-F,45168000101,AZUCAICA,2883,451680001,TOLEDO,85085,45168,TOLEDO,TOLEDO,TOLEDO,TOLEDO, ,7,TOLEDO,7-04,840,"416816,1866","4415251,9882","39.8832489805883, -3.97284597144827",39.8832489805883,-3.97284597144827,"AVENIDA AZUCAICA, LOCAL 11 ESQ. C/ BEGOÑA"
-4.01060903452134,39.8612469703769,728,2339,1036,437,PALOMA SÁNCHEZ GARCÍA,45006, ,TO-344-F,45168000103,TOLEDO,59391,451680001,TOLEDO,85085,45168,TOLEDO,TOLEDO,TOLEDO,TOLEDO, ,7,TOLEDO,7-04,850,"413559,5564","4412845,808","39.8612469713053, -4.01060903452134",39.8612469713053,-4.01060903452134,"PASEO DE LA ROSA, 82"
-3.94462699952591,39.8647669967681,729,2340,1037,438,MARIA ELENA LOZOYA ANGULO,45007, ,TO-287-F,45168000102,POLIGONO SANTA MARIA DE BENQUERENCIA,22811,451680001,TOLEDO,85085,45168,TOLEDO,TOLEDO,TOLEDO-3-STA Mª BENQUERENCIA,TOLEDO, ,7,TOLEDO,7-04,845,"419207,4237","4413174,771","39.8647669976966, -3.94462699952591",39.8647669976966,-3.94462699952591,"CALLE GUADARRAMA, 34 - LOCAL 5"
-3.95565699820338,39.8639860008098,730,2341,1038,440,VICENTA RODRIGUEZ APARICIO Y EVA PLATA RODRIGUEZ,45007, ,TO-295-F,45168000102,POLIGONO SANTA MARIA DE BENQUERENCIA,22811,451680001,TOLEDO,85085,45168,TOLEDO,TOLEDO,TOLEDO-3-STA Mª BENQUERENCIA,TOLEDO, ,7,TOLEDO,7-04,845,"418263,1014","4413098,1166","39.8639860017382, -3.95565699820338",39.8639860017382,-3.95565699820338,"CALLE RIO ALBERCHE, 1"
-4.00098098970604,39.8605619939462,731,2342,1039,441,ALVARO CARMENA MONTALVO,45006,925228912,TO-036-F,45168000103,TOLEDO,59391,451680001,TOLEDO,85085,45168,TOLEDO,TOLEDO,TOLEDO,TOLEDO, ,7,TOLEDO,7-04,850,"414382,236","4412760,5154","39.8605619948746, -4.00098098970604",39.8605619948746,-4.00098098970604,"CALLE FUENTE DEL MORO, 6"
-4.00368396545202,39.8593669725775,732,2343,1040,442,JOSE LUIS CALLE PEREZ Y JOSE ARAGÜETE RODRIGUEZ,45006,925220172,TO-171-F,45168000103,TOLEDO,59391,451680001,TOLEDO,85085,45168,TOLEDO,TOLEDO,TOLEDO,TOLEDO, ,7,TOLEDO,7-04,850,"414149,5465","4412630,4718","39.8593669735059, -4.00368396545202",39.8593669735059,-4.00368396545202,"CALLE ESPARTEROS, 3"
-3.95317103550016,39.865129028869,733,2344,1041,443,MARIA EUGENIA DEL VIGO MORALEDA,45007, ,TO-326-F,45168000102,POLIGONO SANTA MARIA DE BENQUERENCIA,22811,451680001,TOLEDO,85085,45168,TOLEDO,TOLEDO,TOLEDO-3-STA Mª BENQUERENCIA,TOLEDO, ,7,TOLEDO,7-04,845,"418477,0811","4413222,7113","39.8651290297974, -3.95317103550016",39.8651290297974,-3.95317103550016,"CALLE RIO VALDEYERNOS, 4 POLIG"
-3.9457549532728,39.8657969635962,734,2345,1042,444,"Mª IRENE DIAZ ALONSO,Mª LETICIA DIAZ ALONSO",45007,925230318,TO-196-F,45168000102,POLIGONO SANTA MARIA DE BENQUERENCIA,22811,451680001,TOLEDO,85085,45168,TOLEDO,TOLEDO,TOLEDO-3-STA Mª BENQUERENCIA,TOLEDO, ,7,TOLEDO,7-04,845,"419112,1595","4413290,1076","39.8657969645246, -3.9457549532728",39.8657969645246,-3.9457549532728,"CALLE GUADARRAMA, 22"
-3.94450098516316,39.8676769626919,735,2346,1043,445,ELENA BUENO VERA,45007,925231074,TO-034-F,45168000102,POLIGONO SANTA MARIA DE BENQUERENCIA,22811,451680001,TOLEDO,85085,45168,TOLEDO,TOLEDO,TOLEDO-3-STA Mª BENQUERENCIA,TOLEDO, ,7,TOLEDO,7-04,845,"419221,6148","4413497,6353","39.8676769636204, -3.94450098516316",39.8676769636204,-3.94450098516316,"CALLE ALBERCHE, 50"
-3.94967297593117,39.8660420339125,736,2347,1044,446,CAROLINA Y NATALIA DE LOS REYES MARTIN,45007,925230001,TO-040-F,45168000102,POLIGONO SANTA MARIA DE BENQUERENCIA,22811,451680001,TOLEDO,85085,45168,TOLEDO,TOLEDO,TOLEDO-3-STA Mª BENQUERENCIA,TOLEDO, ,7,TOLEDO,7-04,845,"418777,3452","4413320,8613","39.8660420348409, -3.94967297593117",39.8660420348409,-3.94967297593117,"CALLE ALBERCHE, 25"
-4.28361498355165,39.9806200140608,737,2348,1045,447,Mª CARMEN FERNANDEZ PACHECO JIMENEZ,45500,925760066,TO-130-F,45173000101,TORRIJOS,13678,451730001,TORRIJOS,13678,45173,TORRIJOS,TOLEDO,TORRIJOS,TOLEDO, ,7,TOLEDO,7-06,855,"390398,4228","4426395,1501","39.9806200149898, -4.28361498355165",39.9806200149898,-4.28361498355165,"CALLE MANUEL BENAYAS, 2"
-4.28529099399717,39.980576036902,738,2349,1046,448,MARIA ASUNCION GONZALEZ GUILLEN,45500, ,TO-336-F,45173000101,TORRIJOS,13678,451730001,TORRIJOS,13678,45173,TORRIJOS,TOLEDO,TORRIJOS,TOLEDO, ,7,TOLEDO,7-06,855,"390255,2419","4426392,3306","39.9805760378311, -4.28529099399717",39.9805760378311,-4.28529099399717,"CALLE GERINDOTE, 2"
-4.27949798309819,39.9877090299673,739,2350,1047,449,AURELIO ALMOGUERA MONTERO,45500,925760335,TO-129-F,45173000101,TORRIJOS,13678,451730001,TORRIJOS,13678,45173,TORRIJOS,TOLEDO,TORRIJOS,TOLEDO, ,7,TOLEDO,7-06,855,"390761,2564","4427176,9409","39.9877090308965, -4.27949798309819",39.9877090308965,-4.27949798309819,"AVENIDA ESTACION, 101"
-3.35357603719715,39.3681210433532,740,2351,1048,559,JESUS ANGEL GARCIA-MORATO SOTO,13640,926573397,CR-072-F,13047000101,HERENCIA,8432,130470001,HERENCIA,8432,13047,HERENCIA,CIUDAD REAL,HERENCIA,LA MANCHA-CENTRO, ,2,ALCAZAR DE SAN,2-01,245,"469542,4733","4357688,2752","39.3681210442786, -3.35357603719715",39.3681210442786,-3.35357603719715,"MESONES, 28"
-3.35652399269417,39.3686730342087,741,2352,1049,560,ANA REDONDO MARTIN-BENITO,13640,926572384,CR-287-F,13047000101,HERENCIA,8432,130470001,HERENCIA,8432,13047,HERENCIA,CIUDAD REAL,HERENCIA,LA MANCHA-CENTRO, ,2,ALCAZAR DE SAN,2-01,245,"469288,7735","4357750,5325","39.368673035134, -3.35652399269418",39.368673035134,-3.35652399269418,"PAZ, 10"
-3.35490897898593,39.3673230294574,742,2353,1050,561,FCO. JAVIER RODRIGUEZ MORALEDA,13640,926571066,CR-074-F,13047000101,HERENCIA,8432,130470001,HERENCIA,8432,13047,HERENCIA,CIUDAD REAL,HERENCIA,LA MANCHA-CENTRO, ,2,ALCAZAR DE SAN,2-01,245,"469427,3036","4357600,1631","39.3673230303827, -3.35490897898593",39.3673230303827,-3.35490897898593,"ESPAÑA, 16"
-4.14125401469886,38.6148450395627,743,2354,1051,562,TERESA SOBRINO ALAÑON,13590,926476013,CR-075-F,13048000101,HINOJOSAS DE CALATRAVA,505,130480001,HINOJOSAS DE CALATRAVA,505,13048,HINOJOSAS DE CALATRAVA,CIUDAD REAL,PUERTOLLANO,PUERTOLLANO, ,8,PUERTOLLANO,8-01,295,"400641,8228","4274654,5364","38.6148450404829, -4.14125401469886",38.6148450404829,-4.14125401469886,"PLAZA DEL PILAR, 6"
-4.65115999668776,39.3270159567633,744,2355,1052,563,GERARDO ORTEGA VIDAL,13110,926775003,CR-076-F,13049000101,HORCAJO DE LOS MONTES,821,130490001,HORCAJO DE LOS MONTES,821,13049,HORCAJO DE LOS MONTES,CIUDAD REAL,ALCOBA DE LOS MONTES,CIUDAD REAL, ,3,CIUDAD REAL,3-02,165,"357679,7124","4354366,7412","39.3270159576884, -4.65115999668776",39.3270159576884,-4.65115999668776,"FUENTE, 18"
-3.51958699491878,39.274701975684,745,2356,1053,564,LAURA CONTRERAS NAVARRO,13660,926892092,CR-205-F,13050000101,LABORES (LAS),557,130500001,LABORES (LAS),557,13050,LAS LABORES,CIUDAD REAL,VILLARRUBIA DE LOS OJOS,CIUDAD REAL, ,3,CIUDAD REAL,3-01,335,"455182,418","4347389,9214","39.2747019766088, -3.51958699491878",39.2747019766088,-3.51958699491878,"CERVANTES, 22"
-3.35171599496904,39.1196729646166,746,2357,1054,565,ALFONSO MARIA GOMEZ-CAMINERO LOPEZ,13220,926644073,CR-274-F,13904000101,LLANOS DEL CAUDILLO,693,139040001,LLANOS DEL CAUDILLO,693,13904,LLANOS DEL CAUDILLO,CIUDAD REAL,MANZANARES,LA MANCHA-CENTRO, ,2,MANZANARES,2-02,255,"469595,6261","4330115,8374","39.1196729655403, -3.35171599496904",39.1196729655403,-3.35171599496904,"PONCE, 18"
-4.0387739653337,39.3134480371486,747,2358,1055,566,MANUEL SERIOLA GARCIA-MORALES,13427, ,CR-246-F,13036000101,CORTIJOS DE ABAJO,417,130360001,CORTIJOS DE ABAJO,417,13036,CORTIJOS (LOS),CIUDAD REAL,MALAGON,CIUDAD REAL, ,3,CIUDAD REAL,3-01,250,"410447,9788","4352075,5376","39.3134480380736, -4.0387739653337",39.3134480380736,-4.0387739653337,"VICTORIA, 21"
-4.29194899986375,38.9848830243113,748,2359,1056,567,PAULA  DE LA FUENTE CAÑIZARES,13108,926769057,CR-213-F,13051000301,LUCIANA,368,130510003,LUCIANA,368,13051,LUCIANA,CIUDAD REAL,PIEDRABUENA,CIUDAD REAL, ,3,CIUDAD REAL,3-02,275,"388102,0706","4315892,7925","38.9848830252341, -4.29194899986376",38.9848830252341,-4.29194899986376,"CALLE SANTA MARIA EGIPCIACA, 7"
-3.85395099331912,39.1697520041363,749,2360,1057,568,Mª JESUS  DE LA TORRE LIEBANA,13420,926800056,CR-088-F,13052000301,MALAGON,7324,130520003,MALAGON,7324,13052,MALAGÓN,CIUDAD REAL,MALAGON,CIUDAD REAL, ,3,CIUDAD REAL,3-01,250,"426231,3411","4335961,6575","39.1697520050603, -3.85395099331912",39.1697520050603,-3.85395099331912,"TERCIA, 44"
-3.85489504252634,39.1675539892107,750,2361,1058,569,MARIA VICTORIA TAPIADOR MORAGA,13420, ,CR-277-F,13052000301,MALAGON,7324,130520003,MALAGON,7324,13052,MALAGÓN,CIUDAD REAL,MALAGON,CIUDAD REAL, ,3,CIUDAD REAL,3-01,250,"426147,4891","4335718,497","39.1675539901347, -3.85489504252634",39.1675539901347,-3.85489504252634,"ANCHA, 9"
-3.85211302076034,39.1672979686599,751,2362,1059,570,ELISA SALCEDO BARREDA,13420,926800011,CR-086-F,13052000301,MALAGON,7324,130520003,MALAGON,7324,13052,MALAGÓN,CIUDAD REAL,MALAGON,CIUDAD REAL, ,3,CIUDAD REAL,3-01,250,"426387,5586","4335687,8233","39.167297969584, -3.85211302076034",39.167297969584,-3.85211302076034,"FUNDAD. COOPERATIVA, 65"
-2.98384299483823,39.9080199659873,752,2363,1060,683,Mª BEGOÑA GARCIA JIMENEZ,16412,969125365,CU-133-F,16002000101,ACEBRON (EL),231,160020001,ACEBRON (EL),231,16002,EL ACEBRÓN,CUENCA,TARANCON,CUENCA, ,4,CUENCA,4-06,475,"501381,0058","4417548,5408","39.9080199669159, -2.98384299483823",39.9080199669159,-2.98384299483823,"CALLE INDEPENDENCIA, 1"
-2.08649502860058,39.5463219539307,753,2364,1061,684,VIRGINIA GIMENO ALONSO,16213, ,CU-153-F,16003000101,ALARCON,152,160030001,ALARCON,152,16003,ALARCÓN,CUENCA,MOTILLA DEL PALANCAR,CUENCA, ,4,CUENCA,4-04,435,"578490,7323","4377803,7807","39.5463219548572, -2.08649502860058",39.5463219548572,-2.08649502860058,"CALLE CAPITAN JULIO POVEDA, 23"
-4.15385900016119,39.1477750348295,754,2365,1062,596,PALOMA GARCIA CASTILLA,13120,926780305,CR-106-F,13065000201,PORZUNA,2675,130650002,PORZUNA,2675,13065,PORZUNA,CIUDAD REAL,PORZUNA,CIUDAD REAL, ,3,CIUDAD REAL,3-02,280,"400292,1083","4333809,4356","39.1477750357534, -4.15385900016119",39.1477750357534,-4.15385900016119,"RAMON Y CAJAL, 11"
-3.83740897561817,38.9127089938534,755,2366,1063,597,SANCHEZ RUIZ C.B.,13179,926840065,CR-107-F,13066000101,POZUELO DE CALATRAVA,3629,130660001,POZUELO DE CALATRAVA,3629,13066,POZUELO DE CALATRAVA,CIUDAD REAL,MIGUELTURRA,CIUDAD REAL, ,3,CIUDAD REAL,3-01,265,"427397,724","4307423,1565","38.9127089947758, -3.83740897561817",38.9127089947758,-3.83740897561817,"PLAZA DE ESPAÑA, 17"
-4.16777195894176,38.8992300217954,756,2367,1064,598,TERESA ADAMEZ VILLASEÑOR,13191,926832023,CR-215-F,13067000101,POZUELOS DE CALATRAVA (LOS),352,130670001,POZUELOS DE CALATRAVA (LOS),352,13067,LOS POZUELOS DE CALATRAVA,CIUDAD REAL,CORRAL DE CALATRAVA,CIUDAD REAL, ,3,CIUDAD REAL,3-01,230,"398735,8042","4306242,1969","38.8992300227177, -4.16777195894176",38.8992300227177,-4.16777195894176,"MARQUESA DE LAGUARDIA, 4"
-4.61965901914782,39.0848310129946,757,2368,1065,599,NOELIA ARAUJO MOLINA,13109,926777003,CR-108-F,13068000101,PUEBLA DE DON RODRIGO,1119,130680001,PUEBLA DE DON RODRIGO,1119,13068,PUEBLA DE DON RODRIGO,CIUDAD REAL,AGUDO,CIUDAD REAL, ,3,CIUDAD REAL,3-02,150,"359914,6413","4327438,9523","39.0848310139181, -4.61965901914782",39.0848310139181,-4.61965901914782,"CALATRAVA, 14"
-2.9259830471341,38.5687909719323,758,2369,1066,600,BELEN BAUTISTA MORENO,13342,926359111,CR-109-F,13069000101,PUEBLA DEL PRINCIPE,671,130690001,PUEBLA DEL PRINCIPE,671,13069,PUEBLA DEL PRÍNCIPE,CIUDAD REAL,TORRE DE JUAN ABAD,CIUDAD REAL, ,3,VALDEPEÑAS,3-03,323,"506447,9781","4268929,2218","38.5687909728522, -2.9259830471341",38.5687909728522,-2.9259830471341,"DE LOS EMIGRANTES, 45"
-3.47962001253551,39.3228379822598,759,2370,1067,601,RICARDO MUÑOZ ROYAN,13650,926576156,CR-110-F,13070000101,PUERTO LAPICE,896,130700001,PUERTO LAPICE,896,13070,PUERTO LÁPICE,CIUDAD REAL,VILLARTA DE SAN JUAN,LA MANCHA-CENTRO, ,2,ALCAZAR DE SAN,2-01,340,"458658,1568","4352712,9079","39.3228379831849, -3.47962001253551",39.3228379831849,-3.47962001253551,"CERVANTES, 33"
-4.10697903758454,38.6887219596488,760,2371,1068,602,NATALIA OLMO FERNANDEZ,13500,926412259,CR-122-F,13071000401,PUERTOLLANO,45199,130710004,PUERTOLLANO,45394,13071,PUERTOLLANO,CIUDAD REAL,PUERTOLLANO,PUERTOLLANO, ,8,PUERTOLLANO,8-01,285,"403724,8451","4282816,0452","38.6887219605695, -4.10697903758454",38.6887219605695,-4.10697903758454,"Pº SAN GREGORIO, 20"
-4.11044401458516,38.6867779828053,761,2372,1069,603,JOSE LUIS ANTORAZ ALVARO,13500,926425051,CR-121-F,13071000401,PUERTOLLANO,45199,130710004,PUERTOLLANO,45394,13071,PUERTOLLANO,CIUDAD REAL,PUERTOLLANO,PUERTOLLANO, ,8,PUERTOLLANO,8-01,295,"403420,8703","4282603,9683","38.6867779837261, -4.11044401458516",38.6867779837261,-4.11044401458516,"CONSTITUCION, 2"
-3.04241597423671,40.243341033365,762,2373,1070,604,MARIA GLORIA SERRANO MORALES,19116,949380777,GU-076-F,19107000101,DRIEBES,355,191070001,DRIEBES,355,19107,DRIEBES,GUADALAJARA,MONDEJAR,GUADALAJARA, ,5,GUADALAJARA,5-01,610,"496392,27","4454767,125","40.2433410342955, -3.04241597423671",40.2433410342955,-3.04241597423671,"CALLE POCILLO, 6"
-3.43954497887695,40.7026780102216,763,2374,1071,605,BEATRIZ RUBIO ESQUIDE,19170, ,GU-117-F,19071000301,COTO (EL),3863,190710003,COTO (EL),3863,19071,EL CASAR,GUADALAJARA,"CASAR,EL",GUADALAJARA, ,5,GUADALAJARA,5-04,545,"462867,9242","4505845,2382","40.7026780111544, -3.43954497887695",40.7026780111544,-3.43954497887695,"AVENIDA DE LISBOA, 659"
-3.05610500877805,40.4083440414384,764,2375,1072,606,ANA MARIA HERNANDEZ-RANERA FERNANDEZ,19119,949379101,GU-112-F,19111000101,ESCARICHE,186,191110001,ESCARICHE,186,19111,ESCARICHE,GUADALAJARA,PASTRANA,GUADALAJARA, ,5,GUADALAJARA,5-01,615,"495239,5422","4473082,527","40.4083440423698, -3.05610500877805",40.4083440423698,-3.05610500877805,"PLAZA MAYOR, 6"
-3.07288697579568,40.9056939599755,765,2376,1073,607,GEMA HERRANZ RUIZ,19292,949858663,GU-088-F,19113000201,ESPINOSA DE HENARES,473,191130002,ESPINOSA DE HENARES,473,19113,ESPINOSA DE HENARES,GUADALAJARA,COGOLLUDO,GUADALAJARA, ,5,GUADALAJARA,5-02,560,"493861,3647","4528290,8395","40.9056939609094, -3.07288697579569",40.9056939609094,-3.07288697579569,"CALLE JOSE MARIA BRIS, 2"
-3.17662898371909,40.7267909705577,766,2377,1074,608,MARIA APARICIO ALDEA,19290,949330477,GU-004-F,19117000101,FONTANAR,2567,191170001,FONTANAR,2567,19117,FONTANAR,GUADALAJARA,YUNQUERA DE HENARES,GUADALAJARA, ,5,GUADALAJARA,5-04,650,"485084,0593","4508443,9893","40.7267909714907, -3.17662898371909",40.7267909714907,-3.17662898371909,"PLAZA DE SAN MATIAS, 5"
-2.88256101287168,40.5191879761086,767,2378,1075,609,JOSE GAVALDA AGÜERA,19144,949284258,GU-058-F,19121000101,FUENTELENCINA,314,191210001,FUENTELENCINA,314,19121,FUENTELENCINA,GUADALAJARA,PASTRANA,GUADALAJARA, ,5,GUADALAJARA,5-01,615,"509948,2236","4485391,2216","40.5191879770405, -2.88256101287168",40.5191879770405,-2.88256101287168,"CALLE CULTURA, 4"
-3.0921959628773,40.3648829735045,768,2379,1076,610,SANDRA ALMOROX PIAYA,19113,949389785,GU-094-F,19124000101,FUENTENOVILLA,214,191240001,FUENTENOVILLA,214,19124,FUENTENOVILLA,GUADALAJARA,MONDEJAR,GUADALAJARA, ,5,GUADALAJARA,5-01,610,"492172,2283","4468261,0184","40.3648829744357, -3.0921959628773",40.3648829744357,-3.0921959628773,"CTRA DE YEBRA, 21"
-3.33924796541007,40.6947670285887,769,2380,1077,611,MARIA DEL ROCIO RAMIRO HORNO,19175,949339644,GU-075-F,19126000101,GALAPAGOS,1682,191260001,GALAPAGOS,1682,19126,GALÁPAGOS,GUADALAJARA,"CASAR,EL",GUADALAJARA, ,5,GUADALAJARA,5-04,545,"471337,4865","4504929,5346","40.6947670295215, -3.33924796541007",40.6947670295215,-3.33924796541007,"CALLE DE LA CARRETERA, 10"
-3.18360401330159,41.2225859908289,770,2381,1078,612,Mª MONTSERRAT GOMEZ ROJO,19275,949303063,GU-040-F,19127000101,GALVE DE SORBE,96,191270001,GALVE DE SORBE,96,19127,GALVE DE SORBE,GUADALAJARA,GALVE DE SORBE,GUADALAJARA, ,5,GUADALAJARA,5-02,565,"484610,6818","4563482,9462","41.2225859917642, -3.18360401330159",41.2225859917642,-3.18360401330159,"PLAZA DEL GENERALISIMO, 3"
-4.11370403709433,38.6869320383243,771,2382,1079,613,ANGELA ARREAZA MALDONADO,13500,926425645,CR-180-F,13071000401,PUERTOLLANO,45199,130710004,PUERTOLLANO,45394,13071,PUERTOLLANO,CIUDAD REAL,PUERTOLLANO,PUERTOLLANO, ,8,PUERTOLLANO,8-01,296,"403137,5348","4282624,5042","38.6869320392451, -4.11370403709433",38.6869320392451,-4.11370403709433,"CONDE VALMASEDA, 2"
-4.10774802740281,38.6978009747859,772,2383,1080,614,MARIA-ANGELES ARROYO PEREZ-SERRANO,13500,926425977,CR-118-F,13071000401,PUERTOLLANO,45199,130710004,PUERTOLLANO,45394,13071,PUERTOLLANO,CIUDAD REAL,PUERTOLLANO,PUERTOLLANO, ,8,PUERTOLLANO,8-01,290,"403670,1421","4283824,3499","38.6978009757068, -4.10774802740281",38.6978009757068,-4.10774802740281,"TOMELLOSO, 35"
-4.09928998673189,38.6861160202227,773,2384,1081,615,FELICIDAD ASENSIO DELSO,13500,926425676,CR-124-F,13071000401,PUERTOLLANO,45199,130710004,PUERTOLLANO,45394,13071,PUERTOLLANO,CIUDAD REAL,PUERTOLLANO,PUERTOLLANO, ,8,PUERTOLLANO,8-01,285,"404390,1198","4282518,8157","38.6861160211435, -4.09928998673189",38.6861160211435,-4.09928998673189,"Mª AUXILIADORA, 2"
-4.10851897298158,38.6899109680465,774,2385,1082,616,ROSA MARIA CARRANZA BUZON,13500,926412828,CR-123-F,13071000401,PUERTOLLANO,45199,130710004,PUERTOLLANO,45394,13071,PUERTOLLANO,CIUDAD REAL,PUERTOLLANO,PUERTOLLANO, ,8,PUERTOLLANO,8-01,285,"403592,5075","4282949,608","38.6899109689673, -4.10851897298158",38.6899109689673,-4.10851897298158,"Pº SAN GREGORIO, 51"
-4.10520797469385,38.6853119868711,775,2386,1083,617,ANTONIO CONTRERAS JIMENEZ,13500,926425836,CR-117-F,13071000401,PUERTOLLANO,45199,130710004,PUERTOLLANO,45394,13071,PUERTOLLANO,CIUDAD REAL,PUERTOLLANO,PUERTOLLANO, ,8,PUERTOLLANO,8-01,285,"403874,3175","4282435,7826","38.6853119877918, -4.10520797469385",38.6853119877918,-4.10520797469385,"GOYA, 13"
-4.10502096665651,38.684081955903,776,2387,1084,618,IGNACIO CORTES TOLEDANO,13500,926424743,CR-175-F,13071000401,PUERTOLLANO,45199,130710004,PUERTOLLANO,45394,13071,PUERTOLLANO,CIUDAD REAL,PUERTOLLANO,PUERTOLLANO, ,8,PUERTOLLANO,8-01,285,"403888,9374","4282299,0904","38.6840819568237, -4.10502096665651",38.6840819568237,-4.10502096665651,"GRAN CAPITAN, 25"
-4.10693004150365,38.7037200203983,777,2388,1085,619,NURIA ESPUNY MARIN,13500,926420754,CR-116-F,13071000401,PUERTOLLANO,45199,130710004,PUERTOLLANO,45394,13071,PUERTOLLANO,CIUDAD REAL,PUERTOLLANO,PUERTOLLANO, ,8,PUERTOLLANO,8-01,290,"403749,2115","4284480,3264","38.7037200213192, -4.10693004150365",38.7037200213192,-4.10693004150365,"DAIMIEL, 6"
-4.10936003672864,38.6869460306415,778,2389,1086,620,FISAC C.B.,13500,926424914,CR-115-F,13071000401,PUERTOLLANO,45199,130710004,PUERTOLLANO,45394,13071,PUERTOLLANO,CIUDAD REAL,PUERTOLLANO,PUERTOLLANO, ,8,PUERTOLLANO,8-01,295,"403515,3759","4282621,4748","38.6869460315623, -4.10936003672864",38.6869460315623,-4.10936003672864,"ADUANA, 11"
-4.10895999966726,38.6902159966909,779,2390,1087,621,ANA MARIA BALLESTEROS ORTEGA,13500,926441895,CR-114-F,13071000401,PUERTOLLANO,45199,130710004,PUERTOLLANO,45394,13071,PUERTOLLANO,CIUDAD REAL,PUERTOLLANO,PUERTOLLANO, ,8,PUERTOLLANO,8-01,285,"403554,5601","4282983,921","38.6902159976117, -4.10895999966726",38.6902159976117,-4.10895999966726,"PZA. DE SAN GREGORIO, S/N"
-4.11036896802626,38.6976109692944,780,2391,1088,622,CESAR EMILIO ARBONES SOLER,13500,926428071,CR-120-F,13071000401,PUERTOLLANO,45199,130710004,PUERTOLLANO,45394,13071,PUERTOLLANO,CIUDAD REAL,PUERTOLLANO,PUERTOLLANO, ,8,PUERTOLLANO,8-01,296,"403441,9631","4283806,0237","38.6976109702153, -4.11036896802626",38.6976109702153,-4.11036896802626,"CTRA. DE ALMODOVAR, 19"
-4.09120797711062,38.6872180058859,781,2392,1089,623,GLORIA GOMEZ PEREIRAS,13500,926420823,CR-191-F,13071000401,PUERTOLLANO,45199,130710004,PUERTOLLANO,45394,13071,PUERTOLLANO,CIUDAD REAL,PUERTOLLANO,PUERTOLLANO, ,8,PUERTOLLANO,8-01,285,"405094,521","4282632,7025","38.6872180068067, -4.09120797711062",38.6872180068067,-4.09120797711062,"ALCUDIA, 2"
-4.09324397126094,38.683499988603,782,2393,1090,624,JAVIER Y LUIS MIGUEL CAMPO LINARES,13500, ,CR-192-F,13071000401,PUERTOLLANO,45199,130710004,PUERTOLLANO,45394,13071,PUERTOLLANO,CIUDAD REAL,PUERTOLLANO,PUERTOLLANO, ,8,PUERTOLLANO,8-01,285,"404912,5188","4282222,2261","38.6834999895238, -4.09324397126094",38.6834999895238,-4.09324397126094,"LUIS DORADO, 83"
-4.1100420303763,38.6901579792062,783,2394,1091,625,ROCIO BELEN BENITEZ SOTO,13500, ,CR-272-F,13071000401,PUERTOLLANO,45199,130710004,PUERTOLLANO,45394,13071,PUERTOLLANO,CIUDAD REAL,PUERTOLLANO,PUERTOLLANO, ,8,PUERTOLLANO,8-01,285,"403460,3761","4282978,6221","38.690157980127, -4.1100420303763",38.690157980127,-4.1100420303763,"PABLO NERUDA, 7B"
-4.10923003306708,38.6888170333461,784,2395,1092,626,ALBERTO CECILIO RODRIGUEZ DIAZ,13500,926425650,CR-112-F,13071000401,PUERTOLLANO,45199,130710004,PUERTOLLANO,45394,13071,PUERTOLLANO,CIUDAD REAL,PUERTOLLANO,PUERTOLLANO, ,8,PUERTOLLANO,8-01,285,"403529,1959","4282828,9626","38.6888170342669, -4.10923003306708",38.6888170342669,-4.10923003306708,"VILLARREAL, 1"
-4.11156798629858,38.6837970075197,785,2396,1093,627,CRISTINA MILLAN OCAÑA,13500,926426402,CR-119-F,13071000401,PUERTOLLANO,45199,130710004,PUERTOLLANO,45394,13071,PUERTOLLANO,CIUDAD REAL,PUERTOLLANO,PUERTOLLANO, ,8,PUERTOLLANO,8-01,295,"403319,1001","4282274,3554","38.6837970084404, -4.11156798629858",38.6837970084404,-4.11156798629858,"CORDOBA, 7"
-4.10205800492466,38.6864550363704,786,2397,1094,628,Mª  GRACIA NAVARRO GARCIA,13500,926425149,CR-111-F,13071000401,PUERTOLLANO,45199,130710004,PUERTOLLANO,45394,13071,PUERTOLLANO,CIUDAD REAL,PUERTOLLANO,PUERTOLLANO, ,8,PUERTOLLANO,8-01,285,"404149,8194","4282559,3274","38.6864550372912, -4.10205800492466",38.6864550372912,-4.10205800492466,"1º DE MAYO, 27"
-4.10205199035337,38.6852410446432,787,2398,1095,629,PALOMO  C.B.,13500,926426434,CR-176-F,13071000401,PUERTOLLANO,45199,130710004,PUERTOLLANO,45394,13071,PUERTOLLANO,CIUDAD REAL,PUERTOLLANO,PUERTOLLANO, ,8,PUERTOLLANO,8-01,285,"404148,7227","4282424,6049","38.685241045564, -4.10205199035337",38.685241045564,-4.10205199035337,"GOYA, 47"
-2.32923096518296,39.3510019591296,788,2399,1096,715,Mª JOSEFA PERONA MARTINEZ,16610,969383121,CU-041-F,16061000101,CASAS DE FERNANDO ALONSO,1144,160610001,CASAS DE FERNANDO ALONSO,1144,16061,CASAS DE FERNANDO ALONSO,CUENCA,SAN CLEMENTE,CUENCA, ,4,VILLARROBLEDO,4-01,455,"557795,2629","4355943,3403","39.3510019600549, -2.32923096518296",39.3510019600549,-2.32923096518296,"CALLE CURA, S/N"
-2.26996456949178,39.3273554184172,789,2400,1097,716,MARIA GOMEZ PAREJA,16611, ,CU-080-F,16064000101,CASAS DE HARO,844,160640001,CASAS DE HARO,844,16064,CASAS DE HARO,CUENCA,SAN CLEMENTE,CUENCA, ,4,VILLARROBLEDO,4-01,455,"562923,0648","4353358,6464","39.3273554193423, -2.26996456949178",39.3273554193423,-2.26996456949178,"CALLE DR. JAREÑO, 25"
-2.37067102362776,39.3324350315438,790,2401,1098,717,Mª LUISA SORIA GOMEZ,16612,969383204,CU-123-F,16065000101,CASAS DE LOS PINOS,263,160650001,CASAS DE LOS PINOS,263,16065,CASAS DE LOS PINOS,CUENCA,SAN CLEMENTE,CUENCA, ,4,VILLARROBLEDO,4-01,455,"554238,9951","4353857,115","39.332435032469, -2.37067102362776",39.332435032469,-2.37067102362776,"CALLE SATURNINO BUEDO, 5"
-2.04103500926744,39.3902369825098,791,2402,1099,718,LOURDES MARTINEZ NAVARRO,16239,639852407,CU-175-F,16066000101,CASASIMARRO,3140,160660001,CASASIMARRO,3140,16066,CASASIMARRO,CUENCA,CASASIMARRO,ALBACETE, ,1,ALBACETE,1-09,375,"582581,1576","4360521,6384","39.3902369834353, -2.04103500926744",39.3902369834353,-2.04103500926744,"CALLE JAIME BALMES, 18"
-2.04034701625156,39.3915170272956,792,2403,1100,719,ESPERANZA ESCRIBANO RUIZ,16239,967487057,CU-025-F,16066000101,CASASIMARRO,3140,160660001,CASASIMARRO,3140,16066,CASASIMARRO,CUENCA,CASASIMARRO,ALBACETE, ,1,ALBACETE,1-09,375,"582638,895","4360664,3294","39.3915170282211, -2.04034701625156",39.3915170282211,-2.04034701625156,"CALLE CERVANTES, 24"
-2.42129904569307,39.7830230053743,793,2404,1101,720,CARLOS VILLALBA TALENS,16444,969294117,CU-143-F,16073000101,CERVERA DEL LLANO,217,160730001,CERVERA DEL LLANO,217,16073,CERVERA DEL LLANO,CUENCA,VILLARES DEL SAZ,CUENCA, ,4,CUENCA,4-01,510,"549553,8878","4403835,482","39.7830230063022, -2.42129904569307",39.7830230063022,-2.42129904569307,"CALLE REAL DE VALENCIA, 28"
-2.2220180035719,40.106064976081,794,2405,1102,721,ALFONSO ALCAZAR QUESADA,16190,925273036,CU-096-F,16023000201,CHILLARON DE CUENCA,511,160230002,CHILLARON DE CUENCA,701,16023,CHILLARÓN DE CUENCA,CUENCA,CUENCA,CUENCA, ,4,CUENCA,4-03,380,"566305,7987","4439819,5076","40.1060649770108, -2.22201800357191",40.1060649770108,-2.22201800357191,"CALLE ESCUELAS, 1"
-1.60591996582687,39.6729359815249,795,2406,1103,722,BEATRIZ BATALLER PÉREZ,16372,969344777,CU-101-F,16082000101,ENGUIDANOS,296,160820001,ENGUIDANOS,296,16082,ENGUÍDANOS,CUENCA,CAMPILLO DE ALTOBUEY,CUENCA, ,4,CUENCA,4-04,353,"619566,2513","4392386,0625","39.6729359824522, -1.60591996582687",39.6729359824522,-1.60591996582687,"CALLE LARGA, 4"
-3.00949497496045,39.9228759624626,796,2407,1104,723,ANA MARIA CANTARERO MORALES,16411,969125017,CU-026-F,16086000101,FUENTE DE PEDRO NAHARRO,1211,160860001,FUENTE DE PEDRO NAHARRO,1211,16086,FUENTE DE PEDRO NAHARRO,CUENCA,TARANCON,CUENCA, ,4,CUENCA,4-06,475,"499188,6007","4419197,3052","39.9228759633913, -3.00949497496045",39.9228759633913,-3.00949497496045,"CALLE SAN ANDRES, 1"
-2.66835898536551,39.6899210266407,797,2408,1105,724,"LILLO SERRANO, ANTONIO JOSE",16647,967171015,CU-091-F,16087000101,FUENTELESPINO DE HARO,235,160870001,FUENTELESPINO DE HARO,235,16087,FUENTELESPINO DE HARO,CUENCA,BELMONTE,CUENCA, ,4,CUENCA,4-01,345,"528436,4372","4393394,9672","39.6899210275681, -2.66835898536551",39.6899210275681,-2.66835898536551,"CTRA VILLAESCUSA, S/N"
-2.02010000491768,39.9491079737446,798,2409,1106,725,NURIA HERRAIZ LOPEZ,16193,969257027,CU-083-F,16089000101,FUENTES,458,160890001,FUENTES,467,16089,FUENTES,CUENCA,CUENCA,CUENCA, ,4,CUENCA,4-03,390,"583706,7566","4422568,369","39.9491079746735, -2.02010000491768",39.9491079746735,-2.02010000491768,"CALLE SAN JUAN, 6"
-1.94431801752188,39.6260129566856,799,2410,1107,726,"PEREZ HOYOS, ELENA",16132, ,CU-152-F,16092000101,GABALDON,151,160920001,GABALDON,151,16092,GABALDÓN,CUENCA,MOTILLA DEL PALANCAR,CUENCA, ,4,CUENCA,4-04,435,"590603,3416","4386782,0332","39.6260129576126, -1.94431801752188",39.6260129576126,-1.94431801752188,"CALLE FLORENCIO NAVARRO, 1"
-1.67155701824966,39.516796999198,800,2411,1108,727,SONIA FERRER BLASCO,16251,962161003,CU-098-F,16096000101,GRAJA DE INIESTA,362,160960001,GRAJA DE INIESTA,362,16096,GRAJA DE INIESTA,CUENCA,MINGLANILLA,CUENCA, ,4,CUENCA,4-04,415,"614192,6902","4374971,0873","39.5167970001243, -1.67155701824966",39.5167970001243,-1.67155701824966,"CALLE CONSTITUCION, 2"
-1.48557798049385,39.8641439634624,801,2412,1109,728,CARLOS VALERO AGULLO,16312,969364643,CU-130-F,16097000101,HENAREJOS,129,160970001,HENAREJOS,129,16097,HENAREJOS,CUENCA,LANDETE,CUENCA, ,4,CUENCA,4-02,410,"629529,1525","4413776,0786","39.8641439643907, -1.48557798049385",39.8641439643907,-1.48557798049385,"CALLE CANTON, 23"
-1.62160796308631,39.4003479657335,802,2413,1110,729,Mª JOSE BAÑON GUTIERREZ,16290,962313224,CU-099-F,16098000101,HERRUMBLAR (EL),733,160980001,HERRUMBLAR (EL),733,16098,EL HERRUMBLAR,CUENCA,VILLAMALEA,ALBACETE, ,1,ALBACETE,1-04,133,"618684,0944","4362111,4148","39.4003479666591, -1.62160796308631",39.4003479666591,-1.62160796308631,"CALLE NUEVA (ESQUINA MOJON), S"
-2.82793512449631,39.6041852996232,803,2414,1111,730,JOSE MANUEL PORRAS RODRIGUEZ,16417,969129423,CU-063-F,16100000101,HINOJOSOS (LOS),759,161000001,HINOJOSOS (LOS),759,16100,LOS HINOJOSOS,CUENCA,MOTA DEL CUERVO,LA MANCHA-CENTRO, ,2,ALCAZAR DE SAN,2-04,430,"514771,8611","4383841,3018","39.60418530055, -2.82793512449631",39.60418530055,-2.82793512449631,"CALLE DOCTOR MARIN, 1"
-2.28211503388342,39.6111479550135,804,2415,1112,731,LAURA MARIA GARCIA GARCIA,16730,969292045,CU-028-F,16102000101,HONRUBIA,1530,161020001,HONRUBIA,1530,16102,HONRUBIA,CUENCA,HONRUBIA,CUENCA, ,4,CUENCA,4-01,395,"561624,9215","4384846,0473","39.6111479559403, -2.28211503388342",39.6111479559403,-2.28211503388342,"CALLE JUAN ANGEL SEVILLA, 7"
-2.83413195923714,39.7143050305779,805,2416,1113,732,ANTOLINA GOMEZ CAMPILLO,16421,969129114,CU-108-F,16103000101,HONTANAYA,256,161030001,HONTANAYA,256,16103,HONTANAYA,CUENCA,VILLAMAYOR DE SANTIAGO,CUENCA, ,4,CUENCA,4-06,505,"514217,2786","4396061,8043","39.7143050315054, -2.83413195923714",39.7143050315054,-2.83413195923714,"CALLE MADRID, 6"
-2.99857000045607,39.8429009783643,806,2417,1114,733,SUSANA SANZ LOPEZ,16410,969127212,CU-135-F,16106000101,HORCAJO DE SANTIAGO,3572,161060001,HORCAJO DE SANTIAGO,3572,16106,HORCAJO DE SANTIAGO,CUENCA,HORCAJO DE SANTIAGO,CUENCA, ,4,CUENCA,4-06,397,"500122,3436","4410321,0019","39.8429009792926, -2.99857000045607",39.8429009792926,-2.99857000045607,"CALLE ISABEL LA CATOLICA, 12"
-2.99835597684338,39.8413269704193,807,2418,1115,734,CARLOS Y ALVARO DE DUEÑAS BONILLA,16410,969127330,CU-029-F,16106000101,HORCAJO DE SANTIAGO,3572,161060001,HORCAJO DE SANTIAGO,3572,16106,HORCAJO DE SANTIAGO,CUENCA,HORCAJO DE SANTIAGO,CUENCA, ,4,CUENCA,4-06,397,"500140,6576","4410146,3075","39.8413269713475, -2.99835597684338",39.8413269713475,-2.99835597684338,"PLAZA ESPAÑA, 6"
-1.68661498932672,40.1459009579884,808,2419,1116,735,VIRTUDES COSO SAIZ,16316, ,CU-157-F,16111000101,HUERTA DEL MARQUESADO,170,161110001,HUERTA DEL MARQUESADO,170,16111,HUERTA DEL MARQUESADO,CUENCA,CAÑETE,CUENCA, ,4,CUENCA,4-02,360,"611872,8538","4444777,7783","40.1459009589183, -1.68661498932672",40.1459009589183,-1.68661498932672,"CALLE OLMO, 8"
-2.68922103703637,40.1446839920518,809,2420,1117,736,JUAN PABLO CARRASCO ONATE,16500,969371332,CU-030-F,16112000501,HUETE,1497,161120005,HUETE,1497,16112,HUETE,CUENCA,HUETE,CUENCA, ,4,CUENCA,4-06,400,"526471,9473","4443862,2147","40.1446839929818, -2.68922103703637",40.1446839929818,-2.68922103703637,"CALLE MAMERTO ALIQUE, 10"
-1.74910495621396,39.4461149964382,810,2421,1118,737,PEDRO ADILLO LACASA,16235, ,CU-177-F,16113000301,INIESTA,4317,161130003,INIESTA,4317,16113,INIESTA,CUENCA,INIESTA,ALBACETE, ,1,ALBACETE,1-09,405,"607635,3886","4367030,9235","39.446114997364, -1.74910495621396",39.446114997364,-1.74910495621396,"CALLE TOMAS MARTINEZ, 16"
-2.22924304200765,39.8064130280206,811,2422,1119,685,AMPARO MARTINEZ RUBIO,16111,969201353,CU-118-F,16004000101,ALBALADEJO DEL CUENDE,230,160040001,ALBALADEJO DEL CUENDE,230,16004,ALBALADEJO DEL CUENDE,CUENCA,VALVERDE DE JUCAR,CUENCA, ,4,CUENCA,4-04,490,"565977,3585","4406555,4284","39.8064130289487, -2.22924304200765",39.8064130289487,-2.22924304200765,"CALLE ODISEA, 7"
-2.27870700879052,40.3635740001263,812,2423,1120,686,JUAN MIGUEL MARTÍNEZ SÁNCHEZ,16841, ,CU-139-F,16005000101,ALBALATE DE LAS NOGUERAS,259,160050001,ALBALATE DE LAS NOGUERAS,259,16005,ALBALATE DE LAS NOGUERAS,CUENCA,CAÑAVERAS,CUENCA, ,4,CUENCA,4-05,355,"561241,8361","4468361,308","40.3635740010574, -2.27870700879052",40.3635740010574,-2.27870700879052,"CALLE CUENCA, 2"
-2.49370303243627,39.5132680174619,813,2424,1121,687,"PORRAS FRESNEDA, MARIA ISABEL",16620,967150279,CU-012-F,16007000101,ALBERCA DE ZANCARA (LA),1585,160070001,ALBERCA DE ZANCARA (LA),1585,16007,LA ALBERCA DE ZÁNCARA,CUENCA,SAN CLEMENTE,CUENCA, ,4,VILLARROBLEDO,4-01,455,"543522,7454","4373859,3536","39.5132680183882, -2.49370303243627",39.5132680183882,-2.49370303243627,"CALLE CONVENTO, 3"
-2.80765498587107,40.061807033294,814,2425,1122,688,EUSEBIO RODRIGUEZ GARGOLES,16820,969124284,CU-110-F,16010000101,ALCAZAR DEL REY,134,160100001,ALCAZAR DEL REY,134,16010,ALCÁZAR DEL REY,CUENCA,CARRASCOSA DEL CAMPO,CUENCA, ,4,CUENCA,4-06,370,"516403,7054","4434634,9529","40.0618070342235, -2.80765498587107",40.0618070342235,-2.80765498587107,"CALLE JORGE VIGON, 42"
-2.57426002955913,39.7201830263804,815,2426,1123,689,FRANCISCO MANUEL TEIJEIRA MANZANERO,16433,969198088,CU-148-F,16012000101,ALCONCHEL DE LA ESTRELLA,77,160120001,ALCONCHEL DE LA ESTRELLA,77,16012,ALCONCHEL DE LA ESTRELLA,CUENCA,VILLARES DEL SAZ,CUENCA, ,4,CUENCA,4-01,510,"536488,9989","4396787,6566","39.7201830273079, -2.57426002955913",39.7201830273079,-2.57426002955913,"CALLE YEDRA, 14"
-1.75178501312815,39.4479360170062,816,2427,1124,738,ROCIO ORTIZ FERRER,16235,967490034,CU-031-F,16113000301,INIESTA,4317,161130003,INIESTA,4317,16113,INIESTA,CUENCA,INIESTA,ALBACETE, ,1,ALBACETE,1-09,405,"607401,9735","4367229,833","39.4479360179321, -1.75178501312815",39.4479360179321,-1.75178501312815,"CALLE NUEVA, 32"
-1.36710802091563,39.9059589614482,817,2428,1125,739,MARIA DOLORES ESCRIBANO GARCIA,16330,969361479,CU-033-F,16117000101,LANDETE,1161,161170001,LANDETE,1161,16117,LANDETE,CUENCA,LANDETE,CUENCA, ,4,CUENCA,4-02,410,"639577,5713","4418595,8176","39.9059589623768, -1.36710802091563",39.9059589623768,-1.36710802091563,"CALLE SAN RAFAEL, 1"
-1.71674796137177,39.3561470335073,818,2429,1126,740,"GALLEGO-MONCAYO, C.B",16237,967492078,CU-068-F,16118000101,LEDAÑA,1563,161180001,LEDAÑA,1563,16118,LEDAÑA,CUENCA,INIESTA,ALBACETE, ,1,ALBACETE,1-09,405,"610561,6656","4357085,0279","39.3561470344326, -1.71674796137177",39.3561470344326,-1.71674796137177,"CALLE ANTONIO PEREZ, 2"
-2.02232003934362,40.2978949743725,819,2430,1127,741,PEDRO ALEJO PEREZ RUEDA (REGENTE),16142,969283118,CU-150-F,16121000101,MAJADAS (LAS),233,161210001,MAJADAS (LAS),233,16121,LAS MAJADAS,CUENCA,VILLALBA DE LA SIERRA,CUENCA, ,4,CUENCA,4-03,495,"583091,3527","4461280,0294","40.2978949753033, -2.02232003934362",40.2978949753033,-2.02232003934362,"CALLE ATANASIO LASSO, 14"
-2.14722497459269,40.1676810403111,820,2431,1128,742,"FERNANDEZ ALONSO, Mª DOLORES Y ADOLFO",16143,969288012,CU-142-F,16122000101,MARIANA,312,161220001,MARIANA,312,16122,MARIANA,CUENCA,CUENCA,CUENCA, ,4,CUENCA,4-03,380,"572614,7107","4446717,0236","40.1676810412413, -2.14722497459269",40.1676810412413,-2.14722497459269,"CALLE SAN PEDRO, 15"
-2.76405003193331,39.3893059843761,821,2432,1129,743,MARIA PAZ GARCIA PEREA,16650,967155155,CU-034-F,16124000101,MESAS (LAS),2296,161240001,MESAS (LAS),2296,16124,LAS MESAS,CUENCA,"PEDROÑERAS,LAS",LA MANCHA-CENTRO, ,2,VILLARROBLEDO,2-04,440,"520318,8983","4360006,2833","39.3893059853016, -2.76405003193331",39.3893059853016,-2.76405003193331,"CALLE SAN CRISTOBAL, 6"
-1.59439801129433,39.535963024936,822,2433,1130,744,"FARMACIA SOLIS, C.B",16260,962187067,CU-035-F,16125000101,MINGLANILLA,2268,161250001,MINGLANILLA,2268,16125,MINGLANILLA,CUENCA,MINGLANILLA,CUENCA, ,4,CUENCA,4-04,415,"620792,2929","4377198,9938","39.5359630258625, -1.59439801129433",39.5359630258625,-1.59439801129433,"PLAZA DEL SALERO, 5"
-1.43978768172775,39.7192466385321,823,2434,1131,745,MARIA DOLORES IBAÑEZ JAIME,16393,969340009,CU-022-F,16126000301,MIRA,911,161260003,MIRA,911,16126,MIRA,CUENCA,MIRA,CUENCA, ,4,CUENCA,4-04,420,"633726,1422","4397760,7557","39.7192466394597, -1.43978768172775",39.7192466394597,-1.43978768172775,"CALLE TORIL, 6"
-2.67337997128178,39.8804320352174,824,2435,1132,746,M. CARMEN GARCÍA GÓMEZ,16440,969130035,CU-027-F,16130000101,MONTALBO,691,161300001,MONTALBO,691,16130,MONTALBO,CUENCA,MONTALBO,CUENCA, ,4,CUENCA,4-01,425,"527928,7818","4414537,5237","39.8804320361459, -2.67337997128178",39.8804320361459,-2.67337997128178,"CALLE TOLEDILLO, S/N"
-2.87061201860486,39.4992939737036,825,2436,1133,747,"FARMACIA DIAZ DEL CAMPO, C.B.",16630,967182637,CU-163-F,16133000101,MOTA DEL CUERVO,6069,161330001,MOTA DEL CUERVO,6069,16133,MOTA DEL CUERVO,CUENCA,MOTA DEL CUERVO,LA MANCHA-CENTRO, ,2,ALCAZAR DE SAN,2-04,430,"511124,7654","4372194,1425","39.4992939746298, -2.87061201860486",39.4992939746298,-2.87061201860486,"CALLE MAYOR BAJA, 11"
-2.87118595373771,39.5031670182536,826,2437,1134,748,JACOBA LÓPEZ OPORTO y ÁLVARO JIMÉNEZ MAZARÍO,16630,967182164,CU-039-F,16133000101,MOTA DEL CUERVO,6069,161330001,MOTA DEL CUERVO,6069,16133,MOTA DEL CUERVO,CUENCA,MOTA DEL CUERVO,LA MANCHA-CENTRO, ,2,ALCAZAR DE SAN,2-04,430,"511074,8038","4372623,905","39.5031670191798, -2.87118595373771",39.5031670191798,-2.87118595373771,"CALLE CAMINO REAL, 2"
-2.87021703403535,39.499681991205,827,2438,1135,749,"CAMACHO DE LA OSSA, DIEGO MANUEL",16630,967180054,CU-036-F,16133000101,MOTA DEL CUERVO,6069,161330001,MOTA DEL CUERVO,6069,16133,MOTA DEL CUERVO,CUENCA,MOTA DEL CUERVO,LA MANCHA-CENTRO, ,2,ALCAZAR DE SAN,2-04,430,"511158,6641","4372237,2538","39.4996819921312, -2.87021703403535",39.4996819921312,-2.87021703403535,"PLAZA MAYOR, 4"
-1.90860200996921,39.561047024214,828,2439,1136,750,"DOMINGUEZ AVILA, C.B",16200,969331092,CU-037-F,16134000101,MOTILLA DEL PALANCAR,6026,161340001,MOTILLA DEL PALANCAR,6026,16134,MOTILLA DEL PALANCAR,CUENCA,MOTILLA DEL PALANCAR,CUENCA, ,4,CUENCA,4-04,435,"593756,2639","4379608,3434","39.5610470251406, -1.90860200996921",39.5610470251406,-1.90860200996921,"CTRA DE VALENCIA, 54"
-1.9088480240238,39.560066974878,829,2440,1137,751,"GARCIA MARTINEZ, Mª ANGELES",16200,969331204,CU-038-F,16134000101,MOTILLA DEL PALANCAR,6026,161340001,MOTILLA DEL PALANCAR,6026,16134,MOTILLA DEL PALANCAR,CUENCA,MOTILLA DEL PALANCAR,CUENCA, ,4,CUENCA,4-04,435,"593736,4491","4379499,3156","39.5600669758046, -1.9088480240238",39.5600669758046,-1.9088480240238,"CALLE LA VIRGEN, 5"
-1.9123810347818,39.5612339748223,830,2441,1138,752,Mª CARMEN LLOPIS GARCIA,16200, ,CU-178-F,16134000101,MOTILLA DEL PALANCAR,6026,161340001,MOTILLA DEL PALANCAR,6026,16134,MOTILLA DEL PALANCAR,CUENCA,MOTILLA DEL PALANCAR,CUENCA, ,4,CUENCA,4-04,435,"593431,3694","4379625,16","39.5612339757489, -1.9123810347818",39.5612339757489,-1.9123810347818,"CALLE SAN PEDRO, 1"
-2.08288499041285,39.8082380286907,831,2442,1139,753,SONIA ALONSO MARTINEZ,16131,969203300,CU-079-F,16141000101,OLMEDA DEL REY,134,161410001,OLMEDA DEL REY,134,16141,OLMEDA DEL REY,CUENCA,VALVERDE DE JUCAR,CUENCA, ,4,CUENCA,4-04,490,"578503,8185","4406876,1331","39.8082380296187, -2.08288499041285",39.8082380296187,-2.08288499041285,"CALLE LA IGLESIA, 1"
-2.75940002410253,39.6604089569588,832,2443,1140,754,RESTITUTA MORENO GARCIA,16423,969122048,CU-090-F,16145000101,OSA DE LA VEGA,447,161450001,OSA DE LA VEGA,447,16145,OSA DE LA VEGA,CUENCA,BELMONTE,CUENCA, ,4,CUENCA,4-01,345,"520638,9277","4390094,6989","39.660408957886, -2.75940002410253",39.660408957886,-2.75940002410253,"CALLE REAL, 11"
-2.59737997958399,39.9470579925383,833,2444,1141,755,MªJESUS ALONSO GARCIA,16160,969277718,CU-088-F,16148000101,PALOMARES DEL CAMPO,560,161480001,PALOMARES DEL CAMPO,560,16148,PALOMARES DEL CAMPO,CUENCA,TORREJONCILLO DEL REY,CUENCA, ,4,CUENCA,4-06,480,"534394,101","4421958,7931","39.9470579934672, -2.59737997958399",39.9470579934672,-2.59737997958399,"AVENIDA CRISTO DE LA PAZ, S/N"
-5.17161797075546,39.8015850346816,834,2445,1142,1054,FELIX GOMEZ SANCHEZ,45570,925436015,TO-091-F,45138000101,PUENTE DEL ARZOBISPO (EL),1153,451380001,PUENTE DEL ARZOBISPO (EL),1153,45138,EL PUENTE DEL ARZOBISPO,TOLEDO,"PUENTE DEL ARZOBISPO,EL",TALAVERA DE LA REINA, ,6,TALAVERA,6-02,790,"314087,8092","4407991,3861","39.8015850356096, -5.17161797075546",39.8015850356096,-5.17161797075546,"CALLE LA PAZ, 2"
-5.11519402027963,39.5213410128061,835,2446,1143,1055,LAURA GUTIÉRREZ SÁNCHEZ,45577,925442051,TO-008-F,45139000101,PUERTO DE SAN VICENTE,140,451390001,PUERTO DE SAN VICENTE,140,45139,PUERTO DE SAN VICENTE,TOLEDO,ALDEANUEVA DE SAN BARTOLOME,TALAVERA DE LA REINA, ,6,TALAVERA,6-02,655,"318185,3919","4376769,1513","39.5213410137325, -5.11519402027963",39.5213410137325,-5.11519402027963,"CALLE CULTURA, 6"
-4.15605203427026,39.6933210320483,836,2447,1144,1056,ALVARO MARTIN MORENO,45125,925374254,TO-083-F,45140000101,PULGAR,1491,451400001,PULGAR,1491,45140,PULGAR,TOLEDO,POLAN,TOLEDO, ,7,TOLEDO,7-05,775,"400878,4538","4394358,471","39.6933210329757, -4.15605203427026",39.6933210329757,-4.15605203427026,"CALLE TRAVESIA REAL, 5"
-3.12696200676627,40.7065550325884,837,2448,1145,888,AMADA ESCALERA MARTINEZ,19198,949323157,GU-096-F,19286000101,TORTOLA DE HENARES,1331,192860001,TORTOLA DE HENARES,1331,19286,TÓRTOLA DE HENARES,GUADALAJARA,GUADALAJARA,GUADALAJARA, ,5,GUADALAJARA,5-04,587,"489275,0838","4506190,468","40.7065550335213, -3.12696200676628",40.7065550335213,-3.12696200676628,"CALLE REAL, 13"
-1.9893030292171,41.1266789955287,838,2449,1146,894,FRANCISCO-MANUEL ACEITUNO ROMERO,19332,949840115,GU-031-F,19324000101,VILLEL DE MESA,173,193240001,VILLEL DE MESA,173,19324,VILLEL DE MESA,GUADALAJARA,MARANCHON,GUADALAJARA, ,5,GUADALAJARA,5-03,602,"584838,8121","4553311,9765","41.1266789964635, -1.9893030292171",41.1266789964635,-1.9893030292171,"CALLE DE LA VILLA, S/N"
-2.96765797489219,40.3573189833926,839,2450,1147,895,RAQUEL LAZARO GARCIA,19111,949380514,GU-005-F,19327000101,YEBRA,451,193270001,YEBRA,451,19327,YEBRA,GUADALAJARA,PASTRANA,GUADALAJARA, ,5,GUADALAJARA,5-01,615,"502746,262","4467417,86","40.3573189843237, -2.96765797489219",40.3573189843237,-2.96765797489219,"CALLE AMARGURA, 10"
-3.16584796903901,40.7537949604653,840,2451,1148,896,"FARMACIA ALVAREZ PLAZA, C.B.",19210,949390009,GU-008-F,19331000101,YUNQUERA DE HENARES,4329,193310001,YUNQUERA DE HENARES,4329,19331,YUNQUERA DE HENARES,GUADALAJARA,YUNQUERA DE HENARES,GUADALAJARA, ,5,GUADALAJARA,5-04,650,"486000,1561","4511439,7795","40.7537949613984, -3.16584796903901",40.7537949613984,-3.16584796903901,"CALLE MAYOR, 2"
-3.98051196036632,39.7144339827259,841,2452,1149,897,JUAN VICENTE LUMBRERAS SANCHEZ,45110,925390064,TO-001-F,45001000101,AJOFRIN,2290,450010001,AJOFRIN,2290,45001,AJOFRÍN,TOLEDO,SONSECA,TOLEDO, ,7,TOLEDO,7-01,810,"415955,4277","4396522,4906","39.7144339836534, -3.98051196036632",39.7144339836534,-3.98051196036632,"CALLE CAJEROS, 3"
-3.79684900564592,40.0123379693679,842,2453,1150,898,"ALVAREZ CARRILLO, C.B.",45240,925500022,TO-002-F,45002000101,ALAMEDA DE LA SAGRA,3908,450020001,ALAMEDA DE LA SAGRA,3908,45002,ALAMEDA DE LA SAGRA,TOLEDO,AÑOVER DE TAJO,TOLEDO, ,7,TOLEDO,7-03,660,"431993,0671","4429430,6822","40.0123379702972, -3.79684900564592",40.0123379702972,-3.79684900564592,"AVENIDA CASTILLA- LA MANCHA, 58"
-3.79543895396032,40.0129849582525,843,2454,1151,899,CARLOTA MARTIN-MAESTRO DE GRACIA,45240, ,TO-286-F,45002000101,ALAMEDA DE LA SAGRA,3908,450020001,ALAMEDA DE LA SAGRA,3908,45002,ALAMEDA DE LA SAGRA,TOLEDO,AÑOVER DE TAJO,TOLEDO, ,7,TOLEDO,7-03,660,"432114,0501","4429501,4178","40.0129849591818, -3.79543895396032",40.0129849591818,-3.79543895396032,"CALLE MEDIODIA, 7"
-4.22930197383826,39.8968489772396,844,2455,1152,900,ELENA SANCHEZ BEJARANO,45519,925749660,TO-240-F,45003000101,ALBARREAL DE TAJO,626,450030001,ALBARREAL DE TAJO,626,45003,ALBARREAL DE TAJO,TOLEDO,"PUEBLA DE MONTALBAN,LA",TOLEDO, ,7,TOLEDO,7-06,780,"394907,9843","4417031,746","39.8968489781682, -4.22930197383826",39.8968489781682,-4.22930197383826,"PLAZA DE ESPAÑA, 7"
-4.36978001927056,40.0026659824552,845,2456,1153,901,MERCEDES MARTINEZ PEREZ,45519,925760150,TO-235-F,45004000101,ALCABON,743,450040001,ALCABON,743,45004,ALCABÓN,TOLEDO,TORRIJOS,TOLEDO, ,7,TOLEDO,7-06,855,"383078,5785","4428951,6397","40.0026659833844, -4.36978001927056",40.0026659833844,-4.36978001927056,"CTRA SANTA OLALLA, 1"
-5.10592295408143,39.9032180077562,846,2457,1154,902,LAURA MUÑOZ GARCIA-HERAS,45687,925431138,TO-229-F,45005000101,ALCAÑIZO,277,450050001,ALCAÑIZO,277,45005,ALCAÑIZO,TOLEDO,OROPESA,TALAVERA DE LA REINA, ,6,TALAVERA,6-01,770,"319978,2611","4419138,2772","39.9032180086848, -5.10592295408142",39.9032180086848,-5.10592295408142,"CALLE MAYOR, 7"
-4.87026901184261,39.7880540330823,847,2458,1155,903,Mª MONTSERRAT MUÑOZ GRACIA,45662,925853010,TO-003-F,45006000101,ALCAUDETE DE LA JARA,1614,450060001,ALCAUDETE DE LA JARA,1614,45006,ALCAUDETE DE LA JARA,TOLEDO,BELVIS DE LA JARA,TALAVERA DE LA REINA, ,6,TALAVERA,6-02,670,"339856,7076","4405906,7004","39.7880540340103, -4.87026901184261",39.7880540340103,-4.87026901184261,"PZA. DE LAS REGIONES DE ESPAÑA, 9"
-5.14658259571811,39.8092249812307,848,2459,1156,904,ENRIQUE GARCIA RAMOS,45571,925436294,TO-218-F,45007000101,ALCOLEA DE TAJO,470,450070001,ALCOLEA DE TAJO,470,45007,ALCOLEA DE TAJO,TOLEDO,"PUENTE DEL ARZOBISPO,EL",TALAVERA DE LA REINA, ,6,TALAVERA,6-02,790,"316251,6207","4408787,6955","39.8092249821588, -5.14658259571811",39.8092249821588,-5.14658259571811,"C/ RETAMOSA, 14B"
-4.45778697412688,40.1844920005758,849,2460,1157,905,SILVIA GOMEZ OVEJERO,45908,925780430,TO-265-F,45008000101,ALDEA EN CABO,187,450080001,ALDEA EN CABO,187,45008,ALDEA EN CABO,TOLEDO,ESCALONA,TOLEDO, ,7,TOLEDO,7-06,705,"375897,0089","4449253,1874","40.184492001506, -4.45778697412688",40.184492001506,-4.45778697412688,"CALLE REAL, 6"
-1.52436201617859,38.5688020237622,850,1256,1,50,PATRICIA HERRERA GAMBOA,02653,967323359,AB-146-F,02004000101,ALBATANA,670,020040001,ALBATANA,670,02004,ALBATANA,ALBACETE,ONTUR,ALBACETE, ,1,HELLIN,1-06,100,"628553,1991","4269960,062","38.5688020246821, -1.52436201617859",38.5688020246821,-1.52436201617859,"CALLE HELLIN, 19"
-1.3982840157602,39.2787839850625,851,1257,2,51,Mª NIEVES BALLESTEROS APARICIO,02215,967477069,AB-109-F,02005000101,ALBOREA,663,020050001,ALBOREA,663,02005,ALBOREA,ALBACETE,CASAS-IBAÑEZ,ALBACETE, ,1,ALBACETE,1-04,65,"638153,0935","4348936,9965","39.2787839859873, -1.3982840157602",39.2787839859873,-1.3982840157602,"CALLE CALVARIO, 33"
-1.98004096530465,38.6500050284453,852,1258,3,52,ISABEL ALFARO PONCE,02124,967291414,AB-125-F,02006000101,ALCADOZO,593,020060001,ALCADOZO,593,02006,ALCADOZO,ALBACETE,ALCADOZO,ALBACETE, ,1,ALBACETE,1-01,27,"588754,5409","4278431,8576","38.6500050293658, -1.98004096530465",38.6500050293658,-1.98004096530465,"CALLE HUERTAS, 7"
-1.42703899280471,39.1895369748605,853,1259,4,53,JOSE RICARDO GOMEZ PENALVA,02210,967473085,AB-072-F,02007000101,ALCALÁ DEL JUCAR,632,020070001,ALCALA DEL JUCAR,632,02007,ALCALÁ DEL JÚCAR,ALBACETE,CASAS-IBAÑEZ,ALBACETE, ,1,ALBACETE,1-04,65,"635844,793","4338988,4914","39.1895369757847, -1.42703899280471",39.1895369757847,-1.42703899280471,"CALLE CALLEJON DE LA VIRGEN, 10"
-2.49257301444159,38.6690240231909,854,1260,5,54,BLANCA SANCHEZ VILLAMAÑAN,02300,967380045,AB-051-F,02008000101,ALCARAZ,1124,020080001,ALCARAZ,1124,02008,ALCARAZ,ALBACETE,ALCARAZ,ALBACETE, ,1,ALBACETE,1-02,30,"544143,0885","4280171,0036","38.6690240241116, -2.49257301444159",38.6690240241116,-2.49257301444159,"AVDA. DE LA CONSTITUCION, 16"
-3.92971201186649,38.9836740364194,855,1261,6,55,ADELA SALCEDO PERIS,13001,92621192,CR-053-F,13034000201,CIUDAD REAL,73105,130340002,CIUDAD REAL,73802,13034,CIUDAD REAL,CIUDAD REAL,CIUDAD REAL,CIUDAD REAL, ,3,CIUDAD REAL,3-02,215,"419475,3642","4315375,8977","38.9836740373422, -3.92971201186649",38.9836740373422,-3.92971201186649,"ALARCOS, 6"
-3.92850597095132,38.9861429984161,856,1262,7,56,Mª ELENA MATEOS SOSA,13001,926223621,CR-049-F,13034000201,CIUDAD REAL,73105,130340002,CIUDAD REAL,73802,13034,CIUDAD REAL,CIUDAD REAL,CIUDAD REAL,CIUDAD REAL, ,3,CIUDAD REAL,3-02,215,"419582,6179","4315648,8222","38.986142999339, -3.92850597095132",38.986142999339,-3.92850597095132,"MARIA CRISTINA, 5"
-3.92839408397591,38.9843298354882,857,1263,8,57,VICTORIA HERNANDEZ ALCAZAR,13001,926273077,CR-048-F,13034000201,CIUDAD REAL,73105,130340002,CIUDAD REAL,73802,13034,CIUDAD REAL,CIUDAD REAL,CIUDAD REAL,CIUDAD REAL, ,3,CIUDAD REAL,3-02,215,"419590,2572","4315447,5097","38.984329836411, -3.92839408397591",38.984329836411,-3.92839408397591,"GENERAL AGUILERA, 8"
-3.92899102507152,38.9857920089024,858,1264,9,58,Mª ASUNCION RUIZ DE CASTAÑEDA RUIZ DE CASTAÑEDA,13001,926211233,CR-051-F,13034000201,CIUDAD REAL,73105,130340002,CIUDAD REAL,73802,13034,CIUDAD REAL,CIUDAD REAL,CIUDAD REAL,CIUDAD REAL, ,3,CIUDAD REAL,3-02,215,"419540,2095","4315610,3","38.9857920098253, -3.92899102507152",38.9857920098253,-3.92899102507152,"MERCADO VIEJO, 3"
-3.93085002216222,38.9838529876406,859,1265,10,59,FERNANDO GARCIA-LOZANO ESTUDILLO,13001,926211076,CR-044-F,13034000201,CIUDAD REAL,73105,130340002,CIUDAD REAL,73802,13034,CIUDAD REAL,CIUDAD REAL,CIUDAD REAL,CIUDAD REAL, ,3,CIUDAD REAL,3-02,215,"419376,9995","4315396,7635","38.9838529885635, -3.93085002216222",38.9838529885635,-3.93085002216222,"POSTAS, 27"
-3.92997101911094,38.9817720009545,860,1266,11,60,ADELINA ANTON GONZALEZ,13001,926250198,CR-068-F,13034000201,CIUDAD REAL,73105,130340002,CIUDAD REAL,73802,13034,CIUDAD REAL,CIUDAD REAL,CIUDAD REAL,CIUDAD REAL, ,3,CIUDAD REAL,3-02,216,"419450,7751","4315165,0506","38.9817720018774, -3.92997101911095",38.9817720018774,-3.92997101911095,"DE LA MANCHA, 1"
-3.93251840523153,38.9816158489096,861,1267,12,61,ROSENDO TORRES MARTINEZ,13002,926224705,CR-273-F,13034000201,CIUDAD REAL,73105,130340002,CIUDAD REAL,73802,13034,CIUDAD REAL,CIUDAD REAL,CIUDAD REAL,CIUDAD REAL, ,3,CIUDAD REAL,3-02,216,"419229,9523","4315149,978","38.9816158498324, -3.93251840523153",38.9816158498324,-3.93251840523153,"Plaza Puerta de Alarcos, 2"
-3.92592195899682,38.9784149918392,862,1268,13,62,Mª DOLORES MATEOS-APARICIO GALLEGO,13004, ,CR-256-F,13034000201,CIUDAD REAL,73105,130340002,CIUDAD REAL,73802,13034,CIUDAD REAL,CIUDAD REAL,CIUDAD REAL,CIUDAD REAL, ,3,CIUDAD REAL,3-02,216,"419797,7025","4314788,9372","38.9784149927621, -3.92592195899682",38.9784149927621,-3.92592195899682,"TABLAS DE DAIMIEL, 11"
-3.92838196234962,38.9887919959767,863,1269,14,63,ROSARIO ROMERO AGUILERA,13003,926223359,CR-052-F,13034000201,CIUDAD REAL,73105,130340002,CIUDAD REAL,73802,13034,CIUDAD REAL,CIUDAD REAL,CIUDAD REAL,CIUDAD REAL, ,3,CIUDAD REAL,3-02,215,"419596,3555","4315942,6823","38.9887919968996, -3.92838196234962",38.9887919968996,-3.92838196234962,"TOLEDO, 19"
-3.92927503937993,38.9893830133122,864,1270,15,64,MERCEDES ESTEBAN RUIZ-MOROTE,13003, ,CR-250-F,13034000201,CIUDAD REAL,73105,130340002,CIUDAD REAL,73802,13034,CIUDAD REAL,CIUDAD REAL,CIUDAD REAL,CIUDAD REAL, ,3,CIUDAD REAL,3-02,215,"419519,6774","4316009,0588","38.9893830142351, -3.92927503937993",38.9893830142351,-3.92927503937993,"ESTACION DE VIA CRUCIS, 19"
-3.93317403529177,38.9831880069266,865,1271,16,65,ISABEL RUIZ LOPEZ,13002, ,CR-241-F,13034000201,CIUDAD REAL,73105,130340002,CIUDAD REAL,73802,13034,CIUDAD REAL,CIUDAD REAL,CIUDAD REAL,CIUDAD REAL, ,3,CIUDAD REAL,3-02,215,"419174,9516","4315325,0281","38.9831880078494, -3.93317403529177",38.9831880078494,-3.93317403529177,"DIEGO DE ALMAGRO, 7"
-3.93946602680365,38.9807630256017,866,1272,17,66,GASPAR MEDINA ORTEGA,13001, ,CR-294-F,13034000201,CIUDAD REAL,73105,130340002,CIUDAD REAL,73802,13034,CIUDAD REAL,CIUDAD REAL,CIUDAD REAL,CIUDAD REAL, ,3,CIUDAD REAL,3-02,215,"418627,1967","4315061,5217","38.9807630265245, -3.93946602680365",38.9807630265245,-3.93946602680365,"CAMINO VIEJO DE ALARCOS, 5"
-3.93588595962019,38.9839700051463,867,1273,18,67,JOSE RAMON FERNANDEZ MARTIN LA TORRE,13002,926212076,CR-047-F,13034000201,CIUDAD REAL,73105,130340002,CIUDAD REAL,73802,13034,CIUDAD REAL,CIUDAD REAL,CIUDAD REAL,CIUDAD REAL, ,3,CIUDAD REAL,3-02,215,"418940,951","4315414,2199","38.9839700060692, -3.93588595962019",38.9839700060692,-3.93588595962019,"PIO XII, 16"
-3.93217403577263,38.9856049961435,868,1274,19,68,ANTONIO GONZALEZ ARANDA,13002, ,CR-243-F,13034000201,CIUDAD REAL,73105,130340002,CIUDAD REAL,73802,13034,CIUDAD REAL,CIUDAD REAL,CIUDAD REAL,CIUDAD REAL, ,3,CIUDAD REAL,3-02,215,"419264,3118","4315592,3637","38.9856049970663, -3.93217403577263",38.9856049970663,-3.93217403577263,"MORERIA, 13"
-3.93290698948247,38.9895919656593,869,1275,20,69,Mª DEL CARMEN SALCEDO PERIS,13003,926221589,CR-190-F,13034000201,CIUDAD REAL,73105,130340002,CIUDAD REAL,73802,13034,CIUDAD REAL,CIUDAD REAL,CIUDAD REAL,CIUDAD REAL, ,3,CIUDAD REAL,3-02,215,"419205,3623","4316035,4635","38.9895919665822, -3.93290698948247",38.9895919665822,-3.93290698948247,"SANTA MARIA, 2"
-3.92972202801699,38.991367982668,870,1276,21,70,ARROYO ROJO C.B.,13003, ,CR-270-F,13034000201,CIUDAD REAL,73105,130340002,CIUDAD REAL,73802,13034,CIUDAD REAL,CIUDAD REAL,CIUDAD REAL,CIUDAD REAL, ,3,CIUDAD REAL,3-02,217,"419483,2142","4316229,7339","38.9913679835909, -3.92972202801699",38.9913679835909,-3.92972202801699,"PEDRERA BAJA, 15"
-3.92888903203963,38.993801989556,871,1277,22,71,FCO. JAVIER PEREA FERNANDEZ,13003, ,CR-238-F,13034000201,CIUDAD REAL,73105,130340002,CIUDAD REAL,73802,13034,CIUDAD REAL,CIUDAD REAL,CIUDAD REAL,CIUDAD REAL, ,3,CIUDAD REAL,3-02,217,"419558,1112","4316499,1091","38.9938019904789, -3.92888903203963",38.9938019904789,-3.92888903203963,"PEDRERA BAJA, 58"
-3.92811598120905,38.9920019601448,872,1278,23,72,JOSE MANUEL SANCHEZ VALDIVIA,13003,926256402,CR-172-F,13034000201,CIUDAD REAL,73105,130340002,CIUDAD REAL,73802,13034,CIUDAD REAL,CIUDAD REAL,CIUDAD REAL,CIUDAD REAL, ,3,CIUDAD REAL,3-02,217,"419623,0225","4316298,6699","38.9920019610677, -3.92811598120905",38.9920019610677,-3.92811598120905,"TOLEDO, 49"
-3.94063101034429,38.9753630150466,873,1279,24,73,LUISA ALCAIDE ALAÑON,13005, ,CR-265-F,13034000201,CIUDAD REAL,73105,130340002,CIUDAD REAL,73802,13034,CIUDAD REAL,CIUDAD REAL,CIUDAD REAL,CIUDAD REAL, ,3,CIUDAD REAL,3-02,215,"418520,0996","4314463,3035","38.9753630159693, -3.94063101034429",38.9753630159693,-3.94063101034429,"ADELFA, 15"
-3.92748403302143,38.9899289926781,874,1280,25,74,MILAGROS JAIME PLAZA,13003,926226315,CR-283-F,13034000201,CIUDAD REAL,73105,130340002,CIUDAD REAL,73802,13034,CIUDAD REAL,CIUDAD REAL,CIUDAD REAL,CIUDAD REAL, ,3,CIUDAD REAL,3-02,217,"419675,4084","4316068,0668","38.989928993601, -3.92748403302143",38.989928993601,-3.92748403302143,ESTRELLA
-3.92755997736867,38.9971689714502,875,1281,26,75,MERCES OLALLA GALLEGO PAREDES,13005, ,CR-261-F,13034000201,CIUDAD REAL,73105,130340002,CIUDAD REAL,73802,13034,CIUDAD REAL,CIUDAD REAL,CIUDAD REAL,CIUDAD REAL, ,3,CIUDAD REAL,3-02,217,"419677,0163","4316871,5833","38.9971689723732, -3.92755997736867",38.9971689723732,-3.92755997736867,"CTRA DE TOLEDO, 18"
-3.92588900684766,38.9848820411567,876,1282,27,76,Mª MERCEDES GONZALEZ PEREA,13001,926221340,CR-054-F,13034000201,CIUDAD REAL,73105,130340002,CIUDAD REAL,73802,13034,CIUDAD REAL,CIUDAD REAL,CIUDAD REAL,CIUDAD REAL, ,3,CIUDAD REAL,3-02,216,"419807,8531","4315506,5811","38.9848820420796, -3.92588900684766",38.9848820420796,-3.92588900684766,"LANZA, 6"
-3.92667997952524,38.9877750433619,877,1283,28,77,NIEVES CALATAYUD SAEZ,13001,926223626,CR-045-F,13034000201,CIUDAD REAL,73105,130340002,CIUDAD REAL,73802,13034,CIUDAD REAL,CIUDAD REAL,CIUDAD REAL,CIUDAD REAL, ,3,CIUDAD REAL,3-02,216,"419742,612","4315828,3256","38.9877750442848, -3.92667997952524",38.9877750442848,-3.92667997952524,"CALATRAVA, 18"
-3.92841700600122,38.9863000170024,878,1284,29,78,PILAR GARCIA-LISON MARTIN,13001,926223525,CR-050-F,13034000201,CIUDAD REAL,73105,130340002,CIUDAD REAL,73802,13034,CIUDAD REAL,CIUDAD REAL,CIUDAD REAL,CIUDAD REAL, ,3,CIUDAD REAL,3-02,216,"419590,5009","4315666,1686","38.9863000179253, -3.92841700600122",38.9863000179253,-3.92841700600122,"MARIA CRISTINA, 6"
-3.92690400810338,38.9861840242134,879,1285,30,79,CECILIA MAESTRE GONZALEZ-NICOLAS,13004, ,CR-253-F,13034000201,CIUDAD REAL,73105,130340002,CIUDAD REAL,73802,13034,CIUDAD REAL,CIUDAD REAL,CIUDAD REAL,CIUDAD REAL, ,3,CIUDAD REAL,3-02,216,"419721,4119","4315651,9615","38.9861840251362, -3.92690400810338",38.9861840251362,-3.92690400810338,"LIBERTAD, 1"
-3.9247579704923,38.9861540246297,880,1286,31,80,FRANCISCO SOBRINO DIAZ,13004, ,CR-242-F,13034000201,CIUDAD REAL,73105,130340002,CIUDAD REAL,73802,13034,CIUDAD REAL,CIUDAD REAL,CIUDAD REAL,CIUDAD REAL, ,3,CIUDAD REAL,3-02,216,"419907,2485","4315646,7426","38.9861540255526, -3.9247579704923",38.9861540255526,-3.9247579704923,"ALCANTARA, 10"
-3.9220399958716,38.9856880415512,881,1287,32,81,MARIA MERCEDES SANCHEZ SUAREZ,13004,926221383,CR-188-F,13034000201,CIUDAD REAL,73105,130340002,CIUDAD REAL,73802,13034,CIUDAD REAL,CIUDAD REAL,CIUDAD REAL,CIUDAD REAL, ,3,CIUDAD REAL,3-02,216,"420142,1314","4315592,6436","38.985688042474, -3.92203999587161",38.985688042474,-3.92203999587161,"MATA, 21"
-3.9244289806253,38.9900290064355,882,1288,33,82,"BURGOS BRAVO, C.B.",13003,926221909,CR-178-F,13034000201,CIUDAD REAL,73105,130340002,CIUDAD REAL,73802,13034,CIUDAD REAL,CIUDAD REAL,CIUDAD REAL,CIUDAD REAL, ,3,CIUDAD REAL,3-02,216,"419940,1082","4316076,4751","38.9900290073584, -3.9244289806253",38.9900290073584,-3.9244289806253,"CALATRAVA, 40"
-3.92292204410665,38.988713957708,883,1289,34,83,PILAR MARTINEZ ALVAREZ,13003, ,CR-257-F,13034000201,CIUDAD REAL,73105,130340002,CIUDAD REAL,73802,13034,CIUDAD REAL,CIUDAD REAL,CIUDAD REAL,CIUDAD REAL, ,3,CIUDAD REAL,3-02,217,"420069,1392","4315929,2151","38.9887139586308, -3.92292204410665",38.9887139586308,-3.92292204410665,"JUAN DE AVILA, 2"
-3.92753901798095,38.9808940326665,884,1290,35,84,AMANDA ARRIAGA GONZALEZ,13001, ,CR-234-F,13034000201,CIUDAD REAL,73105,130340002,CIUDAD REAL,73802,13034,CIUDAD REAL,CIUDAD REAL,CIUDAD REAL,CIUDAD REAL, ,3,CIUDAD REAL,3-02,216,"419660,4339","4315065,4709","38.9808940335893, -3.92753901798095",38.9808940335893,-3.92753901798095,"CIRUELA, 23"
-3.92841898644025,38.983098997722,885,1291,36,85,ENRIQUE FERNANDEZ MARTIN LA TORRE,13001,926222374,CR-046-F,13034000201,CIUDAD REAL,73105,130340002,CIUDAD REAL,73802,13034,CIUDAD REAL,CIUDAD REAL,CIUDAD REAL,CIUDAD REAL, ,3,CIUDAD REAL,3-02,216,"419586,7078","4315310,9409","38.9830989986448, -3.92841898644025",38.9830989986448,-3.92841898644025,"CIRUELA, 1"
-3.92426105260158,38.9806647592656,886,1292,37,86,JOSE RAMON AREVALO SERRANO,13004,926221903,CR-185-F,13034000201,CIUDAD REAL,73105,130340002,CIUDAD REAL,73802,13034,CIUDAD REAL,CIUDAD REAL,CIUDAD REAL,CIUDAD REAL, ,3,CIUDAD REAL,3-02,216,"419944,1046","4315037,141","38.9806647601884, -3.92426105260158",38.9806647601884,-3.92426105260158,"CALLE TABLA DE LA HIEDRA, 16"
-3.916631979611,38.9798709995959,887,1293,38,87,JULIA BARCO DURÁN,13005, ,CR-248-F,13034000201,CIUDAD REAL,73105,130340002,CIUDAD REAL,73802,13034,CIUDAD REAL,CIUDAD REAL,CIUDAD REAL,CIUDAD REAL, ,3,CIUDAD REAL,3-02,216,"420604,0306","4314942,376","38.9798710005187, -3.916631979611",38.9798710005187,-3.916631979611,"AVDA DE EUROPA, 45"
-3.21911770101694,39.3910777895611,888,1294,39,88,NURIA GOMEZ DURAN,13600,926540113,CR-193-F,13005000201,ALCAZAR DE SAN JUAN,29715,130050002,ALCAZAR DE SAN JUAN,29715,13005,ALCÁZAR DE SAN JUAN,CIUDAD REAL,ALCAZAR DE SAN JUAN,LA MANCHA-CENTRO, ,2,ALCAZAR DE SAN,2-01,160,"481131,0958","4360199,263","39.3910777904866, -3.21911770101694",39.3910777904866,-3.21911770101694,"DE LA CONSTITUCION, 1"
-3.21891598356133,39.3938349929893,889,1295,40,89,MERCEDES PERUCHO LIZCANO,13600,926540113,CR-009-F,13005000201,ALCAZAR DE SAN JUAN,29715,130050002,ALCAZAR DE SAN JUAN,29715,13005,ALCÁZAR DE SAN JUAN,CIUDAD REAL,ALCAZAR DE SAN JUAN,LA MANCHA-CENTRO, ,2,ALCAZAR DE SAN,2-01,160,"481149,2083","4360505,2118","39.3938349939148, -3.21891598356133",39.3938349939148,-3.21891598356133,"DE LA CONSTITUCION, S/N"
-3.21655599779595,39.3868069671692,890,1296,41,90,MARTA TERESA VAQUERIZO GADEA,13600, ,CR-235-F,13005000201,ALCAZAR DE SAN JUAN,29715,130050002,ALCAZAR DE SAN JUAN,29715,13005,ALCÁZAR DE SAN JUAN,CIUDAD REAL,ALCAZAR DE SAN JUAN,LA MANCHA-CENTRO, ,2,ALCAZAR DE SAN,2-01,160,"481350,5554","4359724,7606","39.3868069680947, -3.21655599779595",39.3868069680947,-3.21655599779595,"PIO III, 19"
-3.20401822404197,39.3864987810985,891,1297,42,91,JOSE CARLOS PATON GARCIA-DONAS,13600, ,CR-255-F,13005000201,ALCAZAR DE SAN JUAN,29715,130050002,ALCAZAR DE SAN JUAN,29715,13005,ALCÁZAR DE SAN JUAN,CIUDAD REAL,ALCAZAR DE SAN JUAN,LA MANCHA-CENTRO, ,2,ALCAZAR DE SAN,2-01,161,"482430,2114","4359688,0439","39.386498782024, -3.20401822404197",39.386498782024,-3.20401822404197,"CL RECREO, 64 C/V TR RECREO"
-3.20007702169559,39.3886150095416,892,1298,43,92,MARIA RUIZ RUIZ,13600, ,CR-281-F,13005000201,ALCAZAR DE SAN JUAN,29715,130050002,ALCAZAR DE SAN JUAN,29715,13005,ALCÁZAR DE SAN JUAN,CIUDAD REAL,ALCAZAR DE SAN JUAN,LA MANCHA-CENTRO, ,2,ALCAZAR DE SAN,2-01,161,"482770,1434","4359922,1405","39.3886150104671, -3.20007702169559",39.3886150104671,-3.20007702169559,"SANTA BEATRIZ DE SILVA, 1"
-3.20984203090042,39.3899169830679,893,1299,44,93,INMACULADA GARCIA GONZALEZ,13600,926540734,CR-007-F,13005000201,ALCAZAR DE SAN JUAN,29715,130050002,ALCAZAR DE SAN JUAN,29715,13005,ALCÁZAR DE SAN JUAN,CIUDAD REAL,ALCAZAR DE SAN JUAN,LA MANCHA-CENTRO, ,2,ALCAZAR DE SAN,2-01,161,"481929,5538","4360068,5407","39.3899169839934, -3.20984203090042",39.3899169839934,-3.20984203090042,"SAN FRANCISCO, 4"
-3.21262123280486,39.3880396083093,894,1300,45,94,MERCEDES CASTELLANOS PEÑUELA,13600,926540406,CR-011-F,13005000201,ALCAZAR DE SAN JUAN,29715,130050002,ALCAZAR DE SAN JUAN,29715,13005,ALCÁZAR DE SAN JUAN,CIUDAD REAL,ALCAZAR DE SAN JUAN,LA MANCHA-CENTRO, ,2,ALCAZAR DE SAN,2-01,160,"481689,7333","4359860,7521","39.3880396092348, -3.21262123280486",39.3880396092348,-3.21262123280486,"DE PALACIO, 5"
-3.20903098751491,39.3907499648211,895,1301,46,95,TOMAS GARCIA-ESCRIBANO GALLEGO,13600,926540056,CR-006-F,13005000201,ALCAZAR DE SAN JUAN,29715,130050002,ALCAZAR DE SAN JUAN,29715,13005,ALCÁZAR DE SAN JUAN,CIUDAD REAL,ALCAZAR DE SAN JUAN,LA MANCHA-CENTRO, ,2,ALCAZAR DE SAN,2-01,161,"481999,6105","4360160,8219","39.3907499657467, -3.20903098751491",39.3907499657467,-3.20903098751491,"EMILIO CASTELAR, 16"
-3.20267401018054,39.3912259808907,896,1302,47,96,"Mª VICTORIA Y FRANCISCO JAVIER PERUCHO FLECHOSO, C.B.",13600,926540510,CR-181-F,13005000201,ALCAZAR DE SAN JUAN,29715,130050002,ALCAZAR DE SAN JUAN,29715,13005,ALCÁZAR DE SAN JUAN,CIUDAD REAL,ALCAZAR DE SAN JUAN,LA MANCHA-CENTRO, ,2,ALCAZAR DE SAN,2-01,161,"482547,1511","4360212,4014","39.3912259818162, -3.20267401018054",39.3912259818162,-3.20267401018054,"GOYA, 20"
-3.20703021883325,39.3923326135126,897,1303,48,97,FRANCISCO RUIZ MAZARRON,13600,926540210,CR-005-F,13005000201,ALCAZAR DE SAN JUAN,29715,130050002,ALCAZAR DE SAN JUAN,29715,13005,ALCÁZAR DE SAN JUAN,CIUDAD REAL,ALCAZAR DE SAN JUAN,LA MANCHA-CENTRO, ,2,ALCAZAR DE SAN,2-01,161,"482172,3066","4360336,0652","39.3923326144381, -3.20703021883325",39.3923326144381,-3.20703021883325,"CL EMILIO CASTELAR, 54"
-3.20039782418969,39.3866300841442,898,1304,49,98,JOSE MANUEL MORENO SAIZ-PARDO,13600,926547935,CR-010-F,13005000201,ALCAZAR DE SAN JUAN,29715,130050002,ALCAZAR DE SAN JUAN,29715,13005,ALCÁZAR DE SAN JUAN,CIUDAD REAL,ALCAZAR DE SAN JUAN,LA MANCHA-CENTRO, ,2,ALCAZAR DE SAN,2-01,161,"482742,0282","4359701,9175","39.3866300850697, -3.20039782418969",39.3866300850697,-3.20039782418969,"PS SAN ISIDRO, 10"
-3.21425904075546,39.3961339934733,899,1305,50,99,PABLO ANTONIO GARCIA-ESCRIBANO GALLEGO,13600,926540525,CR-008-F,13005000201,ALCAZAR DE SAN JUAN,29715,130050002,ALCAZAR DE SAN JUAN,29715,13005,ALCÁZAR DE SAN JUAN,CIUDAD REAL,ALCAZAR DE SAN JUAN,LA MANCHA-CENTRO, ,2,ALCAZAR DE SAN,2-01,160,"481550,8222","4360759,39","39.3961339943989, -3.21425904075546",39.3961339943989,-3.21425904075546,"QUERO, 2"
-3.21354002491946,39.3912240236024,900,1306,51,100,Mª CARMEN NUÑEZ CAMARA,13600, ,CR-264-F,13005000201,ALCAZAR DE SAN JUAN,29715,130050002,ALCAZAR DE SAN JUAN,29715,13005,ALCÁZAR DE SAN JUAN,CIUDAD REAL,ALCAZAR DE SAN JUAN,LA MANCHA-CENTRO, ,2,ALCAZAR DE SAN,2-01,160,"481611,4456","4360214,341","39.391224024528, -3.21354002491946",39.391224024528,-3.21354002491946,"RONDILLA DE LA CRUZ VERDE, 29"
-3.21469388494026,39.3935526217756,901,1307,52,101,VICENTE CARRIZOSA GOMEZ-LOBO,13600,926540645,CR-012-F,13005000201,ALCAZAR DE SAN JUAN,29715,130050002,ALCAZAR DE SAN JUAN,29715,13005,ALCÁZAR DE SAN JUAN,CIUDAD REAL,ALCAZAR DE SAN JUAN,LA MANCHA-CENTRO, ,2,ALCAZAR DE SAN,2-01,160,"481512,6978","4360473,0015","39.3935526227011, -3.21469388494026",39.3935526227011,-3.21469388494026,"LOS ANGELES, 2"
-3.13484003058039,39.4024980173908,902,1308,53,102,ALBERTO GUIJARRO BUENO,13610,926560954,CR-038-F,13028000201,CAMPO DE CRIPTANA,13142,130280002,CAMPO DE CRIPTANA,13142,13028,CAMPO DE CRIPTANA,CIUDAD REAL,CAMPO DE CRIPTANA,LA MANCHA-CENTRO, ,2,ALCAZAR DE SAN,2-01,205,"488390,4037","4361452,439","39.4024980183164, -3.13484003058039",39.4024980183164,-3.13484003058039,"ODISEA, 6"
-3.12652802292045,39.4051529949618,903,1309,54,103,ANA ISABEL DURAN QUIROS,13610,926561213,CR-040-F,13028000201,CAMPO DE CRIPTANA,13142,130280002,CAMPO DE CRIPTANA,13142,13028,CAMPO DE CRIPTANA,CIUDAD REAL,CAMPO DE CRIPTANA,LA MANCHA-CENTRO, ,2,ALCAZAR DE SAN,2-01,205,"489106,4728","4361746,0492","39.4051529958874, -3.12652802292045",39.4051529958874,-3.12652802292045,"CARDENAL MONESCILLO, 2"
-3.12660403774419,39.4014280046304,904,1310,55,104,Mª JOSE NEIRA LEAL,13610,926562672,CR-225-F,13028000201,CAMPO DE CRIPTANA,13142,130280002,CAMPO DE CRIPTANA,13142,13028,CAMPO DE CRIPTANA,CIUDAD REAL,CAMPO DE CRIPTANA,LA MANCHA-CENTRO, ,2,ALCAZAR DE SAN,2-01,205,"489099,3484","4361332,6633","39.401428005556, -3.12660403774419",39.401428005556,-3.12660403774419,"ISAAC PERAL, 25"
-3.12535296542439,39.4048369740943,905,1311,56,105,CRISTINA LOPEZ-CASERO BELTRAN,13610,926560209,CR-039-F,13028000201,CAMPO DE CRIPTANA,13142,130280002,CAMPO DE CRIPTANA,13142,13028,CAMPO DE CRIPTANA,CIUDAD REAL,CAMPO DE CRIPTANA,LA MANCHA-CENTRO, ,2,ALCAZAR DE SAN,2-01,205,"489207,5916","4361710,8364","39.4048369750199, -3.12535296542439",39.4048369750199,-3.12535296542439,"VIRGEN DE CRIPTANA, 4"
-3.124233993887,39.4056809554986,906,1312,57,106,Mª ANGELES GARCIA PUEBLA,13610,926560086,CR-037-F,13028000201,CAMPO DE CRIPTANA,13142,130280002,CAMPO DE CRIPTANA,13142,13028,CAMPO DE CRIPTANA,CIUDAD REAL,CAMPO DE CRIPTANA,LA MANCHA-CENTRO, ,2,ALCAZAR DE SAN,2-01,205,"489304,0597","4361804,3673","39.4056809564242, -3.124233993887",39.4056809564242,-3.124233993887,"CALLE GENERAL PIZARRO, 5"
-3.12140001671487,39.4050929643841,907,1313,58,107,MARIA CASTILLO SARMIENTO,13610, ,CR-298-F,13028000201,CAMPO DE CRIPTANA,13142,130280002,CAMPO DE CRIPTANA,13142,13028,CAMPO DE CRIPTANA,CIUDAD REAL,CAMPO DE CRIPTANA,LA MANCHA-CENTRO, ,2,ALCAZAR DE SAN,2-01,205,"489547,9636","4361738,7807","39.4050929653096, -3.12140001671487",39.4050929653096,-3.12140001671487,"REINA CRISTINA, 71"
-3.61323400558855,39.0662559924055,908,1314,59,108,"CASERO, C.B.",13250,926850274,CR-061-F,13039000101,DAIMIEL,17680,130390001,DAIMIEL,17680,13039,DAIMIEL,CIUDAD REAL,DAIMIEL,CIUDAD REAL, ,3,CIUDAD REAL,3-01,235,"446948,3405","4324308,0496","39.066255993329, -3.61323400558855",39.066255993329,-3.61323400558855,"JOSE RUIZ DE LA HERMOSA, 15"
-3.60732504069387,39.0665629611476,909,1315,60,109,MªCARMEN ESTELA MAYORALAS PALOMO,13250,926850856,CR-063-F,13039000101,DAIMIEL,17680,130390001,DAIMIEL,17680,13039,DAIMIEL,CIUDAD REAL,DAIMIEL,CIUDAD REAL, ,3,CIUDAD REAL,3-01,235,"447459,7642","4324338,6834","39.066562962071, -3.60732504069387",39.066562962071,-3.60732504069387,"MANZANARES, 54"
-3.61101301286,39.066878031394,910,1316,61,110,RAMON VILLALON CASERO,13250,926850274,CR-064-F,13039000101,DAIMIEL,17680,130390001,DAIMIEL,17680,13039,DAIMIEL,CIUDAD REAL,DAIMIEL,CIUDAD REAL, ,3,CIUDAD REAL,3-01,235,"447140,9469","4324375,7858","39.0668780323174, -3.61101301286001",39.0668780323174,-3.61101301286001,"ESTACION, 7"
-3.61224497638051,39.0697259896211,911,1317,62,111,"CRUZ MARTIN-POZUELO,C.B.",13250,926850108,CR-060-F,13039000101,DAIMIEL,17680,130390001,DAIMIEL,17680,13039,DAIMIEL,CIUDAD REAL,DAIMIEL,CIUDAD REAL, ,3,CIUDAD REAL,3-01,236,"447036,4968","4324692,5513","39.0697259905445, -3.61224497638051",39.0697259905445,-3.61224497638051,"MARTIRES, 2"
-3.61531995610264,39.070722992147,912,1318,63,112,Mª SOLEDAD OLALLA MEDIAVILLA,13250,926850585,CR-297-F,13039000101,DAIMIEL,17680,130390001,DAIMIEL,17680,13039,DAIMIEL,CIUDAD REAL,DAIMIEL,CIUDAD REAL, ,3,CIUDAD REAL,3-01,236,"446771,2362","4324804,9885","39.0707229930704, -3.61531995610265",39.0707229930704,-3.61531995610265,"JESUS, 6 BIS"
-3.6117859977893,39.0710930384937,913,1319,64,113,"FILIBERTO Y ANGELES LOZANO FISAC, C.B.",13250,926850142,CR-062-F,13039000101,DAIMIEL,17680,130390001,DAIMIEL,17680,13039,DAIMIEL,CIUDAD REAL,DAIMIEL,CIUDAD REAL, ,3,CIUDAD REAL,3-01,236,"447077,223","4324843,9905","39.0710930394171, -3.6117859977893",39.0710930394171,-3.6117859977893,"ARENAS, 19"
-3.61390902511651,39.0689959559582,914,1320,65,114,CRISTINA CID GONZALEZ,13250,926850067,CR-065-F,13039000101,DAIMIEL,17680,130390001,DAIMIEL,17680,13039,DAIMIEL,CIUDAD REAL,DAIMIEL,CIUDAD REAL, ,3,CIUDAD REAL,3-01,235,"446891,9966","4324612,5076","39.0689959568817, -3.61390902511651",39.0689959568817,-3.61390902511651,"FONTECHA, 15"
-3.61376102768886,39.0698360426863,915,1321,66,115,FISAC CUBILLO C.B,13250,926850053,CR-059-F,13039000101,DAIMIEL,17680,130390001,DAIMIEL,17680,13039,DAIMIEL,CIUDAD REAL,DAIMIEL,CIUDAD REAL, ,3,CIUDAD REAL,3-01,235,"446905,4291","4324705,6487","39.0698360436097, -3.61376102768886",39.0698360436097,-3.61376102768886,"VIRGEN DE LAS CRUCES, 13"
-3.37004799725469,39.0004360223757,916,1322,67,116,MONICA DOMINGUEZ SORIA,13200,926610381,CR-089-F,13053000301,MANZANARES,17728,130530003,MANZANARES,17728,13053,MANZANARES,CIUDAD REAL,MANZANARES,LA MANCHA-CENTRO, ,2,MANZANARES,2-02,255,"467957,0449","4316890,0895","39.0004360232987, -3.37004799725469",39.0004360232987,-3.37004799725469,"TOLEDO, 17"
-3.37392799043062,38.9976270181649,917,1323,68,117,ESTHER GORDO PINES,13200,926610801,CR-091-F,13053000301,MANZANARES,17728,130530003,MANZANARES,17728,13053,MANZANARES,CIUDAD REAL,MANZANARES,LA MANCHA-CENTRO, ,2,MANZANARES,2-02,255,"467619,7898","4316579,7427","38.9976270190878, -3.37392799043062",38.9976270190878,-3.37392799043062,"JESUS DEL PERDON, 19"
-3.37526704071948,38.9994936797265,918,1324,69,118,MARIA DEL MAR RINCON QUESADA,13200,926611272,CR-085-F,13053000301,MANZANARES,17728,130530003,MANZANARES,17728,13053,MANZANARES,CIUDAD REAL,MANZANARES,LA MANCHA-CENTRO, ,2,MANZANARES,2-02,255,"467504,6885","4316787,3661","38.9994936806494, -3.37526704071948",38.9994936806494,-3.37526704071948,"CALLE CRUCES, 1"
-3.37048802086804,38.9979670177682,919,1325,70,119,FATIMA AREVALO BALLESTEROS,13200,926610084,CR-093-F,13053000301,MANZANARES,17728,130530003,MANZANARES,17728,13053,MANZANARES,CIUDAD REAL,MANZANARES,LA MANCHA-CENTRO, ,2,MANZANARES,2-02,256,"467917,8276","4316616,2552","38.9979670186911, -3.37048802086805",38.9979670186911,-3.37048802086805,"EMPEDRADA, 28"
-3.3779310194841,39.0033629801196,920,1326,71,120,FRANCISCO JAVIER MORENO AGUDO,13200,926613612,CR-240-F,13053000301,MANZANARES,17728,130530003,MANZANARES,17728,13053,MANZANARES,CIUDAD REAL,MANZANARES,LA MANCHA-CENTRO, ,2,MANZANARES,2-02,255,"467275,7897","4317217,7028","39.0033629810426, -3.3779310194841",39.0033629810426,-3.3779310194841,"SOL, 13"
-3.36748098251017,39.0015250035298,921,1327,72,121,CLARA PRADO DIAZ-SANTOS,13200, ,CR-260-F,13053000301,MANZANARES,17728,130530003,MANZANARES,17728,13053,MANZANARES,CIUDAD REAL,MANZANARES,LA MANCHA-CENTRO, ,2,MANZANARES,2-02,256,"468179,8146","4317010,0351","39.0015250044528, -3.36748098251017",39.0015250044528,-3.36748098251017,"CTRA. LA SOLANA, 15"
-3.36842797615853,38.9989809822072,922,1328,73,122,BRAZAL BENEYTEZ C.B.,13200,926613587,CR-090-F,13053000301,MANZANARES,17728,130530003,MANZANARES,17728,13053,MANZANARES,CIUDAD REAL,MANZANARES,LA MANCHA-CENTRO, ,2,MANZANARES,2-02,256,"468096,6717","4316728,0525","38.9989809831301, -3.36842797615853",38.9989809831301,-3.36842797615853,"SAN MARCOS, 19"
-3.36752098211783,38.9990960111022,923,1329,74,123,"PEREZ GARCIA, C.B.",13200,926610999,CR-092-F,13053000301,MANZANARES,17728,130530003,MANZANARES,17728,13053,MANZANARES,CIUDAD REAL,MANZANARES,LA MANCHA-CENTRO, ,2,MANZANARES,2-02,256,"468175,2629","4316740,5","38.9990960120251, -3.36752098211783",38.9990960120251,-3.36752098211783,"SAN MARCOS, 53"
-3.16319796233498,40.6279330195688,924,1330,75,341,LAURA PEREZ GUTIERREZ,19002, ,GU-122-F,19130000101,GUADALAJARA,85629,191300001,GUADALAJARA,85629,19130,GUADALAJARA,GUADALAJARA,GUADALAJARA,GUADALAJARA,12 HORAS,5,GUADALAJARA,5-04,570,"486197,9079","4497468,2333","40.6279330205013, -3.16319796233498",40.6279330205013,-3.16319796233498,"CALLE VIRGEN DEL AMPARO, 38"
-3.16590895548157,40.628407968235,925,1331,76,342,MERCEDES NAVARRO ORTIZ,19003,949228148,GU-105-F,19130000101,GUADALAJARA,85629,191300001,GUADALAJARA,85629,19130,GUADALAJARA,GUADALAJARA,GUADALAJARA,GUADALAJARA, ,5,GUADALAJARA,5-04,585,"485968,7312","4497521,3825","40.6284079691675, -3.16590895548157",40.6284079691675,-3.16590895548157,"CALLE VIRGEN DE LA SOLEDAD, 9"
-3.16746899967692,40.6272500305188,926,1332,77,343,PAULA TABOADA PICAZO,19003,949230506,GU-001-F,19130000101,GUADALAJARA,85629,191300001,GUADALAJARA,85629,19130,GUADALAJARA,GUADALAJARA,GUADALAJARA,GUADALAJARA, ,5,GUADALAJARA,5-04,570,"485836,5503","4497393,0986","40.6272500314513, -3.16746899967692",40.6272500314513,-3.16746899967692,"CALLE SIGÜENZA, 11"
-3.16235204425145,40.6237020097679,927,1333,78,344,MARIA ISABEL LORENZO NAVARRO,19002,949221059,GU-065-F,19130000101,GUADALAJARA,85629,191300001,GUADALAJARA,85629,19130,GUADALAJARA,GUADALAJARA,GUADALAJARA,GUADALAJARA, ,5,GUADALAJARA,5-04,570,"486268,583","4496998,449","40.6237020107004, -3.16235204425145",40.6237020107004,-3.16235204425145,"CALLE GONZALEZ HIERRO, 1"
-3.16954584766981,40.6286569214076,928,1334,79,345,FRANCISCO JOSE GAMO CASTEL,19003,949221039,GU-016-F,19130000101,GUADALAJARA,85629,191300001,GUADALAJARA,85629,19130,GUADALAJARA,GUADALAJARA,GUADALAJARA,GUADALAJARA,13 HORAS,5,GUADALAJARA,5-04,585,"485661,2047","4497549,6032","40.6286569223401, -3.16954584766981",40.6286569223401,-3.16954584766981,"PASEO DOCTOR FERNANDEZ IPARRAGUIERRE, 27"
-3.16925195188396,40.6266270310404,929,1335,80,346,LAURA BERGES ABANADES,19002, ,GU-061-F,19130000101,GUADALAJARA,85629,191300001,GUADALAJARA,85629,19130,GUADALAJARA,GUADALAJARA,GUADALAJARA,GUADALAJARA, ,5,GUADALAJARA,5-04,570,"485685,6266","4497324,2327","40.6266270319729, -3.16925195188396",40.6266270319729,-3.16925195188396,"AVENIDA DE CASTILLA, 7"
-1.62927590294154,39.8698268925212,930,1336,81,818,SARA NAVAS LAFUENTE,16370,969358042,CU-117-F,16258000101,VILLAR DEL HUMO,169,162580001,VILLAR DEL HUMO,169,16258,VILLAR DEL HUMO,CUENCA,CARDENETE,CUENCA, ,4,CUENCA,4-04,367,"617228,4885","4414208,4506","39.8698268934496, -1.62927590294154",39.8698268934496,-1.62927590294154,"CALLE CARRERA, 80"
-2.69718599946789,39.7881249680274,931,1337,82,819,MARGARITA GARCIA CARPINTERO,16432,969131585,CU-071-F,16264000101,VILLAREJO DE FUENTES,392,162640001,VILLAREJO DE FUENTES,392,16264,VILLAREJO DE FUENTES,CUENCA,MONTALBO,CUENCA, ,4,CUENCA,4-01,425,"525927,8452","4404285,4404","39.7881249689553, -2.69718599946789",39.7881249689553,-2.69718599946789,"PLAZA SAN ANTONIO, 1"
-2.44076396101103,39.8711220405415,932,1338,83,820,MARTA MARTINEZ RODRIGUEZ,16443,969196500,CU-120-F,16266000101,VILLAREJO-PERIESTEBAN,383,162660001,VILLAREJO-PERIESTEBAN,383,16266,VILLAREJO-PERIESTEBAN,CUENCA,SAN LORENZO DE LA PARRILLA,CUENCA, ,4,CUENCA,4-03,460,"547825,9794","4413602,8139","39.8711220414699, -2.44076396101103",39.8711220414699,-2.44076396101103,CALLE TRAESIA F. RUIZ JARABO
-2.5053800293452,39.839517963706,933,1339,84,821,ALBERTO CALLEJA GARCIA,16442,969298182,CU-070-F,16269000201,VILLARES DEL SAZ,468,162690002,VILLARES DEL SAZ,468,16269,VILLARES DEL SAZ,CUENCA,VILLARES DEL SAZ,CUENCA, ,4,CUENCA,4-01,510,"542319,3798","4410062,5545","39.8395179646342, -2.5053800293452",39.8395179646342,-2.5053800293452,"CALLE GENERALISIMO, 33"
-2.8939670336839,39.9451279780794,934,1340,85,822,JOSE MANUEL MARTINEZ DIAZ-UFANO,16420,969136017,CU-144-F,16270000101,VILLARRUBIO,189,162700001,VILLARRUBIO,189,16270,VILLARRUBIO,CUENCA,TARANCON,CUENCA, ,4,CUENCA,4-06,475,"509058,1836","4421672,3714","39.9451279790083, -2.8939670336839",39.9451279790083,-2.8939670336839,"CALLE PIZARRO, 9"
-1.86867001148754,38.9907589781011,935,1341,86,271,ELOY MARIN NIETO,02004, ,AB-183-F,02003000201,ALBACETE,165263,020030002,ALBACETE,165785,02003,ALBACETE,ALBACETE,ALBACETE,ALBACETE, ,1,ALBACETE,1-01,15,"597977,93","4316359,7675","38.990758979024, -1.86867001148754",38.990758979024,-1.86867001148754,"PASEO CIRCUNVALACION, 41"
-1.70212597690357,38.5121790256753,936,1342,87,176,JOSE JAVIER MARTINEZ MORCILLO,02400,967301897,AB-093-F,02037000501,HELLIN,26023,020370005,HELLIN,26023,02037,HELLÍN,ALBACETE,HELLIN,ALBACETE, ,1,HELLIN,1-06,85,"613154,9919","4263442,9385","38.5121790265948, -1.70212597690357",38.5121790265948,-1.70212597690357,"CALLE RABAL, 4"
-1.69529101994777,38.5085379969924,937,1343,88,177,"COLOMER GONZÁLEZ, C.B",02400,967300552,AB-104-F,02037000501,HELLIN,26023,020370005,HELLIN,26023,02037,HELLÍN,ALBACETE,HELLIN,ALBACETE, ,1,HELLIN,1-06,85,"613756,6499","4263047,329","38.5085379979119, -1.69529101994777",38.5085379979119,-1.69529101994777,"CALLE GRAN VIA, 53"
-1.6985569775923,38.5103729594604,938,1344,89,178,Mª DOLORES LOPEZ Y PAULA GONZALEZ,02400,967300249,AB-091-F,02037000501,HELLIN,26023,020370005,HELLIN,26023,02037,HELLÍN,ALBACETE,HELLIN,ALBACETE, ,1,HELLIN,1-06,85,"613469,0019","4263246,9184","38.5103729603799, -1.6985569775923",38.5103729603799,-1.6985569775923,"CALLE MELCHOR DE MACANAZ, 46"
-1.70259404481381,38.5119410397853,939,1345,90,179,MARIA ENCARNACION MARTINEZ CILLER,02400,967300312,AB-092-F,02037000501,HELLIN,26023,020370005,HELLIN,26023,02037,HELLÍN,ALBACETE,HELLIN,ALBACETE, ,1,HELLIN,1-06,85,"613114,5543","4263415,954","38.5119410407048, -1.70259404481381",38.5119410407048,-1.70259404481381,"PLAZA DE LA IGLESIA, 2"
-1.69996999660125,38.5088369966683,940,1346,91,180,PALOMA ROMAN SEVILLA,02400,967300202,AB-094-F,02037000501,HELLIN,26023,020370005,HELLIN,26023,02037,HELLÍN,ALBACETE,HELLIN,ALBACETE, ,1,HELLIN,1-06,85,"613348,2085","4263074,7335","38.5088369975878, -1.69996999660126",38.5088369975878,-1.69996999660126,"CALLE ANTONIO CIFUENTES, 8"
-2.54955601065017,38.5931619584665,941,1347,92,181,Mª ANGELES GALLARDO FRIAS,02316,967382182,AB-148-F,02070000201,SALOBRE,305,020700002,SALOBRE,305,02070,SALOBRE,ALBACETE,ALCARAZ,ALBACETE, ,1,ALBACETE,1-02,30,"539227,2047","4271727,0923","38.5931619593865, -2.54955601065017",38.5931619593865,-2.54955601065017,"CALLE MIGUEL DE CERVANTES, 9"
-2.18434403420349,38.8276070089132,942,1348,93,182,JUANA TENDERO SANCHEZ,02326,967358086,AB-085-F,02071000401,SAN PEDRO,1076,020710004,SAN PEDRO,1076,02071,SAN PEDRO,ALBACETE,BALAZOTE,ALBACETE, ,1,ALBACETE,1-07,40,"570800,6662","4297962,2122","38.827607009835, -2.18434403420349",38.827607009835,-2.18434403420349,"CALLE MAYOR, 42"
-1.59786595918644,38.5694489563141,943,1349,94,183,Mª ROSARIO VALENCIANO ALFARO,02513, ,AB-211-F,02074000401,SANTIAGO DE MORA,199,020740004,SANTIAGO DE MORA,199,02074,TOBARRA,ALBACETE,TOBARRA,ALBACETE, ,1,HELLIN,1-06,130,"622148,3632","4269931,5678","38.569448957234, -1.59786595918644",38.569448957234,-1.59786595918644,"CALLE IGLESIA, 24"
-1.9849550199064,38.3316349679125,944,1350,95,184,JUAN GOMEZ ANTEQUERA,02435,967420013,AB-137-F,02072000401,SOCOVOS,1147,020720004,SOCOVOS,1147,02072,SOCOVOS,ALBACETE,SOCOVOS,ALBACETE, ,1,HELLIN,1-05,120,"588716,4946","4243099,0695","38.3316349688307, -1.9849550199064",38.3316349688307,-1.9849550199064,"TRAVESIA PINTOR PAREJA, 1"
-1.91275200730843,39.2648360289722,945,1351,96,185,BRIGIDA MARIA RUIZ RODRIGUEZ,02100,967480024,AB-118-F,02073000101,TARAZONA DE LA MANCHA,6183,020730001,TARAZONA DE LA MANCHA,6183,02073,TARAZONA DE LA MANCHA,ALBACETE,TARAZONA DE LA MANCHA,ALBACETE, ,1,ALBACETE,1-07,125,"593795,8687","4346729,6757","39.2648360298969, -1.91275200730843",39.2648360298969,-1.91275200730843,"PLAZA GENERAL OCHANDO, 9"
-1.91086096120352,39.2611670047282,946,1352,97,186,ROCIO FERNANDEZ MAZCUÑAN,02100, ,AB-209-F,02073000101,TARAZONA DE LA MANCHA,6183,020730001,TARAZONA DE LA MANCHA,6183,02073,TARAZONA DE LA MANCHA,ALBACETE,TARAZONA DE LA MANCHA,ALBACETE, ,1,ALBACETE,1-07,125,"593963,9107","4346324,4482","39.2611670056529, -1.91086096120352",39.2611670056529,-1.91086096120352,"CALLE VIRGEN, 76"
-1.91244202986545,39.2644780085639,947,1353,98,187,JOSE FLORENCIO RUIZ RUIZ,02100,967480098,AB-119-F,02073000101,TARAZONA DE LA MANCHA,6183,020730001,TARAZONA DE LA MANCHA,6183,02073,TARAZONA DE LA MANCHA,ALBACETE,TARAZONA DE LA MANCHA,ALBACETE, ,1,ALBACETE,1-07,125,"593823,0882","4346690,2638","39.2644780094886, -1.91244202986545",39.2644780094886,-1.91244202986545,"CALLE VIRGEN, 21"
-1.90756496577439,38.3063220022305,948,1354,99,188,JESUS Mª BOX MARTINEZ,02437, ,AB-177-F,02072000601,TAZONA,386,020720006,TAZONA,386,02072,SOCOVOS,ALBACETE,SOCOVOS,ALBACETE, ,1,HELLIN,1-05,120,"595513,8986","4240367,4355","38.3063220031484, -1.90756496577439",38.3063220031484,-1.90756496577439,AVENIDA CARRASCAL ESQ. AVDA. T
-2.26717696825747,38.8974980325827,949,1355,100,189,LUIS ANTONIO MARTINEZ LOPEZ,02161, ,AB-207-F,02043000201,TIRIEZ,405,020430002,TIRIEZ,405,02043,LEZUZA,ALBACETE,BALAZOTE,ALBACETE, ,1,ALBACETE,1-07,40,"563548,2565","4305657,1259","38.8974980335049, -2.26717696825747",38.8974980335049,-2.26717696825747,"CALLE RAMON Y CAJAL, 11"
-1.69123902091208,38.5877689624759,950,1356,101,190,SILVIA FLORES SANCHEZ,02500,967325008,AB-101-F,02074000601,TOBARRA,6868,020740006,TOBARRA,6868,02074,TOBARRA,ALBACETE,TOBARRA,ALBACETE, ,1,HELLIN,1-06,130,"613984,7795","4271844,5284","38.5877689633959, -1.69123902091208",38.5877689633959,-1.69123902091208,"CALLE ASUNCION, 3"
-1.68911697250131,38.5924920231259,951,1357,102,191,"ASTOLA SIDERA, C.B",02500,967325064,AB-103-F,02074000601,TOBARRA,6868,020740006,TOBARRA,6868,02074,TOBARRA,ALBACETE,TOBARRA,ALBACETE, ,1,HELLIN,1-06,130,"614162,1228","4272371,2812","38.5924920240459, -1.68911697250131",38.5924920240459,-1.68911697250131,"AVENIDA CONSTITUCION, 4"
-1.68862897531835,38.5906349869049,952,1358,103,192,MARIA BELEN SAEZ MARTINEZ,02500,967325231,AB-102-F,02074000601,TOBARRA,6868,020740006,TOBARRA,6868,02074,TOBARRA,ALBACETE,TOBARRA,ALBACETE, ,1,HELLIN,1-06,130,"614207,5657","4272165,813","38.590634987825, -1.68862897531835",38.590634987825,-1.68862897531835,"AVENIDA JUAN CARLOS I, 21"
-1.67451703247677,39.1357670396031,953,1359,104,193,JUAN GINES SAEZ ENCINAR,02150,967400027,AB-077-F,02075000102,VALDEGANGA,1910,020750001,VALDEGANGA,1919,02075,VALDEGANGA,ALBACETE,CASAS DE JUAN NUÑEZ,ALBACETE, ,1,ALBACETE,1-04,60,"614558,3274","4332679,4056","39.135767040527, -1.67451703247677",39.135767040527,-1.67451703247677,"CALLE VEREDA, 32"
-2.50211604482926,38.6341540392812,954,1360,105,194,EMILIA MARIA NAVARRO ESTERO,02315,967380817,AB-157-F,02076000102,VIANOS,309,020760001,VIANOS,313,02076,VIANOS,ALBACETE,ALCARAZ,ALBACETE, ,1,ALBACETE,1-02,30,"543333,899","4276297,0921","38.6341540402016, -2.50211604482926",38.6341540402016,-2.50211604482926,"CALLE LA MANCHA, 12"
-2.0631023232983,39.2964016153017,955,1361,106,195,MATEO CORDOBA PRADOS,02636,967455180,AB-107-F,02078000101,VILLALGORDO DEL JUCAR,1072,020780001,VILLALGORDO DEL JUCAR,1072,02078,VILLALGORDO DEL JÚCAR,ALBACETE,"RODA,LA",ALBACETE, ,1,ALBACETE,1-07,115,"580788,7659","4350087,7812","39.2964016162266, -2.0631023232983",39.2964016162266,-2.0631023232983,"CALLE QUINTANAR, 21"
-1.5976090214759,39.3624469909858,956,1362,107,196,Mª PILAR LIANTE PICAZO,02270, ,AB-192-F,02079000103,VILLAMALEA,3992,020790001,VILLAMALEA,4000,02079,VILLAMALEA,ALBACETE,VILLAMALEA,ALBACETE, ,1,ALBACETE,1-04,133,"620815,9007","4357936,8146","39.3624469919111, -1.5976090214759",39.3624469919111,-1.5976090214759,"CALLE MAYOR, 17"
-1.59788604073856,39.3614020179277,957,1363,108,197,Mª LUISA TORIBIO HERNANDEZ,02270,967483242,AB-076-F,02079000103,VILLAMALEA,3992,020790001,VILLAMALEA,4000,02079,VILLAMALEA,ALBACETE,VILLAMALEA,ALBACETE, ,1,ALBACETE,1-04,133,"620793,8349","4357820,4682","39.3614020188531, -1.59788604073856",39.3614020188531,-1.59788604073856,"CALLE JOSE VALERA, 9"
-2.63265796857005,38.575122011758,958,1364,109,198,JUAN JOSE MARTINEZ RUBIO,02350,967398202,AB-129-F,02080000101,VILLAPALACIOS,555,020800001,VILLAPALACIOS,555,02080,VILLAPALACIOS,ALBACETE,ALCARAZ,ALBACETE, ,1,ALBACETE,1-02,30,"531998,1967","4269693,0963","38.575122012678, -2.63265796857005",38.575122012678,-2.63265796857005,"CALLE CINE, 5"
-2.60102796770744,39.2654470134438,959,1365,110,199,Mª PILAR BLEDA CATALAN,02600, ,AB-184-F,02081000301,VILLARROBLEDO,24874,020810003,VILLARROBLEDO,24874,02081,VILLARROBLEDO,ALBACETE,VILLARROBLEDO,ALBACETE, ,1,VILLARROBLEDO,1-08,135,"534418,286","4346310,0412","39.2654470143686, -2.60102796770745",39.2654470143686,-2.60102796770745,"CALLE SAN ILDEFONSO, 5"
-1.86514902549683,39.001477031506,960,1366,111,266,Mª ISABEL GUARDIOLA FLORES,02005, ,AB-213-F,02003000201,ALBACETE,165263,020030002,ALBACETE,165785,02003,ALBACETE,ALBACETE,ALBACETE,ALBACETE, ,1,ALBACETE,1-01,26,"598268,0436","4317553,0046","39.0014770324289, -1.86514902549683",39.0014770324289,-1.86514902549683,"CALLE QUEVEDO, 50"
-1.85651097730858,38.9940369812711,961,1367,112,267,JUAN JOSE MARTINEZ CARRILLO,02001,967215323,AB-001-F,02003000201,ALBACETE,165263,020030002,ALBACETE,165785,02003,ALBACETE,ALBACETE,ALBACETE,ALBACETE, ,1,ALBACETE,1-01,10,"599026,4139","4316736,7007","38.994036982194, -1.85651097730858",38.994036982194,-1.85651097730858,"CALLE MAYOR, 16"
-1.86426204475934,38.9951019910667,962,1368,113,268,ANA ISABEL MEROÑO BAUTISTA,02001, ,AB-204-F,02003000201,ALBACETE,165263,020030002,ALBACETE,165785,02003,ALBACETE,ALBACETE,ALBACETE,ALBACETE, ,1,ALBACETE,1-01,10,"598353,6767","4316846,4884","38.9951019919896, -1.86426204475934",38.9951019919896,-1.86426204475934,"CALLE JOAQUIN QUIJADA, 19"
-1.86760896141486,38.9959400342275,963,1369,114,269,MANUEL Y MARIA GARCIA-CIFO MARTINEZ,02004, ,AB-182-F,02003000201,ALBACETE,165263,020030002,ALBACETE,165785,02003,ALBACETE,ALBACETE,ALBACETE,ALBACETE, ,1,ALBACETE,1-01,15,"598062,6726","4316935,8802","38.9959400351504, -1.86760896141486",38.9959400351504,-1.86760896141486,"CALLE HERMANOS JIMENEZ, 6"
-1.86098304396968,38.9949739865847,964,1370,115,270,JOSE ANTONIO CARBAJAL DE LARA,02004, ,AB-214-F,02003000201,ALBACETE,165263,020030002,ALBACETE,165785,02003,ALBACETE,ALBACETE,ALBACETE,ALBACETE, ,1,ALBACETE,1-01,10,"598637,8202","4316835,8306","38.9949739875076, -1.86098304396968",38.9949739875076,-1.86098304396968,CALLE CRISTOBAL PEREZ PASTOR
-2.43346196855588,39.4022160382979,965,1371,116,778,ENRIQUE REVERT GARCIA-SACRISTAN,16600,969300706,CU-065-F,16190000201,SAN CLEMENTE,6827,161900002,SAN CLEMENTE,6827,16190,SAN CLEMENTE,CUENCA,SAN CLEMENTE,CUENCA, ,4,VILLARROBLEDO,4-01,455,"548778,7207","4361565,5559","39.4022160392235, -2.43346196855588",39.4022160392235,-2.43346196855588,"CALLE SAN SEBASTIAN, 14"
-2.42808098742926,39.4026769974494,966,1372,117,779,Mª DOLORES MORENO PIQUERAS,16600,969300293,CU-052-F,16190000201,SAN CLEMENTE,6827,161900002,SAN CLEMENTE,6827,16190,SAN CLEMENTE,CUENCA,SAN CLEMENTE,CUENCA, ,4,VILLARROBLEDO,4-01,455,"549241,7001","4361619,6349","39.402676998375, -2.42808098742926",39.402676998375,-2.42808098742926,"CALLE FERIA, 11"
-2.43321102405632,39.3992729878255,967,1373,118,780,Mª AMELIA ZAMORANO Y ALEJANDRO OLMEDA,16600,969307079,CU-164-F,16190000201,SAN CLEMENTE,6827,161900002,SAN CLEMENTE,6827,16190,SAN CLEMENTE,CUENCA,SAN CLEMENTE,CUENCA, ,4,VILLARROBLEDO,4-01,455,"548802,378","4361239,0724","39.3992729887511, -2.43321102405632",39.3992729887511,-2.43321102405632,"CALLE ANCHA, 22"
-2.36032396915374,39.8510730064811,968,1374,119,781,SONIA POLO CAÑADA,16770,969296032,CU-050-F,16191000101,SAN LORENZO DE LA PARRILLA,1066,161910001,SAN LORENZO DE LA PARRILLA,1066,16191,SAN LORENZO DE LA PARRILLA,CUENCA,SAN LORENZO DE LA PARRILLA,CUENCA, ,4,CUENCA,4-03,460,"554721,1956","4411423,7375","39.8510730074094, -2.36032396915374",39.8510730074094,-2.36032396915374,"CALLE CAPITAN PEÑA, 7"
-1.25614298850849,39.9563150044033,969,1375,120,782,CARMEN GONZALEZ APARISI,16336,967365074,CU-111-F,16194000401,SANTA CRUZ DE MOYA,185,161940004,SANTA CRUZ DE MOYA,185,16194,SANTA CRUZ DE MOYA,CUENCA,LANDETE,CUENCA, ,4,CUENCA,4-02,410,"648954,0033","4424364,6134","39.9563150053322, -1.25614298850849",39.9563150053322,-1.25614298850849,"CALLE REAL, 43"
-2.81198697489229,39.48915100345,970,1376,121,783,"MARTINEZ CAÑAVERAS, ALMUDENA",16639,967187006,CU-084-F,16196000101,SANTA MARIA DE LOS LLANOS,680,161960001,SANTA MARIA DE LOS LLANOS,680,16196,SANTA MARÍA DE LOS LLANOS,CUENCA,MOTA DEL CUERVO,LA MANCHA-CENTRO, ,2,ALCAZAR DE SAN,2-04,430,"516167,6929","4371077,3498","39.4891510043761, -2.81198697489229",39.4891510043761,-2.81198697489229,"CALLE DEL MONTE, 15"
-2.42249395714849,39.5597680373116,971,1377,122,784,VICENTE MARTINEZ PAÑOS,16621,969150455,CU-051-F,16195000101,SANTA MARIA DEL CAMPO RUS,522,161950001,SANTA MARIA DEL CAMPO RUS,522,16195,SANTA MARÍA DEL CAMPO RUS,CUENCA,SAN CLEMENTE,CUENCA, ,4,VILLARROBLEDO,4-01,455,"549611,0068","4379056,8756","39.5597680382382, -2.42249395714849",39.5597680382382,-2.42249395714849,"CALLE BOTICARIO, 12"
-2.20419530854994,39.4083842079225,972,1378,123,785,AMELIA LOPEZ DE SEGOBIA ROY Y ALFONSO LOPEZ DE SEGOBIA ROY,16700,969387020,CU-055-F,16198000101,SISANTE,1618,161980001,SISANTE,1618,16198,SISANTE,CUENCA,SISANTE,CUENCA, ,4,VILLARROBLEDO,4-04,465,"568512,6751","4362399,0795","39.4083842088481, -2.20419530854994",39.4083842088481,-2.20419530854994,"CALLE SAN ANTON, 5"
-2.16380302014588,40.1949210033853,973,1379,124,786,ARMANDO CANO RECUENCO,16143,969288184,CU-116-F,16909000601,SOTOS,443,169090006,SOTOS,443,16909,SOTORRIBAS,CUENCA,CUENCA,CUENCA, ,4,CUENCA,4-03,380,"571174,5823","4449727,1209","40.1949210043156, -2.16380302014588",40.1949210043156,-2.16380302014588,"CALLE REAL, 45"
-1.28566898946413,39.8506190075083,974,1380,125,787,MARIA LUISA SORIA LOPEZ,16320,969363173,CU-077-F,16202000201,TALAYUELAS,669,162020002,TALAYUELAS,669,16202,TALAYUELAS,CUENCA,TALAYUELAS,CUENCA, ,4,CUENCA,4-02,470,"646657,1151","4412583,7513","39.8506190084366, -1.28566898946413",39.8506190084366,-1.28566898946413,"PASEO DEL PRADO, 19"
-3.01756199018573,40.0109330195978,975,1381,126,788,ANGELA PEREZ Y JUAN JOSE ORTEGA,16400, ,CU-156-F,16203000101,TARANCON,15799,162030001,TARANCON,15799,16203,TARANCÓN,CUENCA,TARANCON,CUENCA, ,4,CUENCA,4-06,475,"498501,1529","4428970,8258","40.010933020527, -3.01756199018573",40.010933020527,-3.01756199018573,"AVENIDA MIGUEL DE CERVANTES, 87"
-3.01290703972237,40.0095770332945,976,1382,127,789,JUAN M. ABALOS PUIG,16400,969320589,CU-076-F,16203000101,TARANCON,15799,162030001,TARANCON,15799,16203,TARANCÓN,CUENCA,TARANCON,CUENCA, ,4,CUENCA,4-06,475,"498898,4129","4428820,2564","40.0095770342238, -3.01290703972237",40.0095770342238,-3.01290703972237,"CALLE STO. DOMINGO DE GUZMAN, 2"
-3.01415500955401,40.0095740053589,977,1383,128,790,"DE LA OSSA DE LA OSSA, NIEVES",16400,969324109,CU-162-F,16203000101,TARANCON,15799,162030001,TARANCON,15799,16203,TARANCÓN,CUENCA,TARANCON,CUENCA, ,4,CUENCA,4-06,475,"498791,9014","4428819,9365","40.0095740062881, -3.01415500955402",40.0095740062881,-3.01415500955402,"CALLE GENERAL EMILIO VILLAESCUSA, 30"
-3.00633397526863,40.0107920315547,978,1384,129,791,"MARIA DEL CARMEN CEZAR Y FRANCISCO GARCIA DE MADARIAGA, C.B",16400,969320098,CU-056-F,16203000101,TARANCON,15799,162030001,TARANCON,15799,16203,TARANCÓN,CUENCA,TARANCON,CUENCA, ,4,CUENCA,4-06,475,"499459,4189","4428955,049","40.0107920324839, -3.00633397526863",40.0107920324839,-3.00633397526863,"CALLE ZAPATERIA, 25"
-3.01828199880024,40.0121019602811,979,1385,130,792,CONSOLACION GIL BARTOLOME,16400, ,CU-174-F,16203000101,TARANCON,15799,162030001,TARANCON,15799,16203,TARANCÓN,CUENCA,TARANCON,CUENCA, ,4,CUENCA,4-06,475,"498439,7296","4429100,5794","40.0121019612104, -3.01828199880024",40.0121019612104,-3.01828199880024,"CALLE PASION, 5, LOCAL 6B"
-3.00495895832665,40.0111719637309,980,1386,131,793,JOSE MARIA SAIZ VADILLO,16400,969321352,CU-057-F,16203000101,TARANCON,15799,162030001,TARANCON,15799,16203,TARANCÓN,CUENCA,TARANCON,CUENCA, ,4,CUENCA,4-06,475,"499576,7738","4428997,2104","40.0111719646602, -3.00495895832665",40.0111719646602,-3.00495895832665,"CALLE ZAPATERIA, 13"
-3.00601898986822,40.0084140382423,981,1387,132,794,BARBARA GARCIA TORRIJOS,16400, ,CU-172-F,16203000101,TARANCON,15799,162030001,TARANCON,15799,16203,TARANCÓN,CUENCA,TARANCON,CUENCA, ,4,CUENCA,4-06,475,"499486,2839","4428691,1127","40.0084140391715, -3.00601898986822",40.0084140391715,-3.00601898986822,"CALLE JERONIMO BUJEDA, 2"
-2.16436700612058,39.4963470124443,982,1388,133,795,MONICA GIRON CASARES,16213,969381066,CU-104-F,16204000101,TEBAR,287,162040001,TEBAR,287,16204,TÉBAR,CUENCA,SISANTE,CUENCA, ,4,VILLARROBLEDO,4-04,465,"571851,1538","4372192,3629","39.4963470133705, -2.16436700612058",39.4963470133705,-2.16436700612058,"CALLE ESCUELAS, S/N"
-1.86445095376859,38.990336001167,983,1389,134,272,JOSE ANTONIO RODRIGUEZ MORENO,02004,967222889,AB-038-F,02003000201,ALBACETE,165263,020030002,ALBACETE,165785,02003,ALBACETE,ALBACETE,ALBACETE,ALBACETE, ,1,ALBACETE,1-01,10,"598343,9136","4316317,3761","38.9903360020899, -1.86445095376859",38.9903360020899,-1.86445095376859,"CALLE MARIA MARIN, 58"
-1.8660859777866,38.9906710082094,984,1390,135,273,ANTONIO CALERO FERNANDEZ,02004,967224392,AB-041-F,02003000201,ALBACETE,165263,020030002,ALBACETE,165785,02003,ALBACETE,ALBACETE,ALBACETE,ALBACETE, ,1,ALBACETE,1-01,10,"598201,8459","4316352,7889","38.9906710091323, -1.8660859777866",38.9906710091323,-1.8660859777866,"CALLE ARQUITECTO VANDELVIRA, 78"
-1.87161795923515,38.981629968632,985,1391,136,274,LEOPOLDO PEREZ DIAZ,02006, ,AB-216-F,02003000201,ALBACETE,165263,020030002,ALBACETE,165785,02003,ALBACETE,ALBACETE,ALBACETE,ALBACETE, ,1,ALBACETE,1-01,20,"597735,1724","4315343,5043","38.9816299695548, -1.87161795923515",38.9816299695548,-1.87161795923515,"CALLE ABANICO, 32"
-1.85454001868639,38.9877419572663,986,1392,137,275,FELIPE BERMUDEZ GONZALEZ,02002,967223228,AB-037-F,02003000201,ALBACETE,165263,020030002,ALBACETE,165785,02003,ALBACETE,ALBACETE,ALBACETE,ALBACETE,12 HORAS,1,ALBACETE,1-01,24,"599205,8929","4316040,2525","38.9877419581892, -1.85454001868639",38.9877419581892,-1.85454001868639,"AVENIDA ESPAÑA, 21"
-1.86279299905193,38.9849559730774,987,1393,138,276,LLANOS MORENO RODRIGUEZ Y JORGE MARTINEZ MORENO,02003, ,AB-196-F,02003000201,ALBACETE,165263,020030002,ALBACETE,165785,02003,ALBACETE,ALBACETE,ALBACETE,ALBACETE, ,1,ALBACETE,1-01,20,"598494,9609","4315722,1172","38.9849559740002, -1.86279299905193",38.9849559740002,-1.86279299905193,"PASEO CIRCUNVALACION, 111"
-1.65185564332539,39.439536961511,988,1394,139,823,JOSE VICENTE GOMEZ DE QUERO BLAT,16280,962189085,CU-092-F,16271000101,VILLARTA,789,162710001,VILLARTA,789,16271,VILLARTA,CUENCA,INIESTA,ALBACETE, ,1,ALBACETE,1-09,405,"616014,5765","4366421,4675","39.4395369624368, -1.65185564332539",39.4395369624368,-1.65185564332539,"CALLE INFANTA PAZ, 2"
-4.16756302978229,39.7888329939752,989,1395,140,1044,ROSA Mª MORANDEIRA SANCHEZ,45161,925370020,TO-084-F,45133000101,POLAN,3870,451330001,POLAN,3870,45133,POLÁN,TOLEDO,POLAN,TOLEDO, ,7,TOLEDO,7-05,775,"400029,5854","4404972,0807","39.7888329949031, -4.1675630297823",39.7888329949031,-4.1675630297823,"CALLE MONTERA, 2"
-4.23049899783595,40.0635939687968,990,1396,141,1045,MARIA JESUS GONZALEZ RODRIGUEZ,45512,925730175,TO-085-F,45134000101,PORTILLO DE TOLEDO,2234,451340001,PORTILLO DE TOLEDO,2234,45134,PORTILLO DE TOLEDO,TOLEDO,FUENSALIDA,TOLEDO, ,7,TOLEDO,7-06,715,"395061,0767","4435540,9085","40.0635939697263, -4.23049899783595",40.0635939697263,-4.23049899783595,"CALLE MORERA, 4"
-3.11564803449953,39.5981930016271,991,1397,142,1046,"GARCIA BONET, C.B",45840,925178033,TO-159-F,45135000101,PUEBLA DE ALMORADIEL (LA),4953,451350001,PUEBLA DE ALMORADIEL (LA),4953,45135,LA PUEBLA DE ALMORADIEL,TOLEDO,QUINTANAR DE LA ORDEN,LA MANCHA-CENTRO, ,2,ALCAZAR DE SAN,2-03,795,"490070,7006","4383168,5087","39.5981930025539, -3.11564803449953",39.5981930025539,-3.11564803449953,"CALLE JUAN CARLOS I, 34"
-3.11883997071737,39.5970859586257,992,1398,143,1047,JAVIER ZARAGOZA VILLANUEVA,45840,925178044,TO-086-F,45135000101,PUEBLA DE ALMORADIEL (LA),4953,451350001,PUEBLA DE ALMORADIEL (LA),4953,45135,LA PUEBLA DE ALMORADIEL,TOLEDO,QUINTANAR DE LA ORDEN,LA MANCHA-CENTRO, ,2,ALCAZAR DE SAN,2-03,795,"489796,4851","4383046,0037","39.5970859595526, -3.11883997071737",39.5970859595526,-3.11883997071737,CALLE GLORIETA DE LA VIRGEN EL
-3.11725395701934,39.599178012901,993,1399,144,1048,CARMEN Mª RAMIREZ CASAS,45840, ,TO-339-F,45135000101,PUEBLA DE ALMORADIEL (LA),4953,451350001,PUEBLA DE ALMORADIEL (LA),4953,45135,LA PUEBLA DE ALMORADIEL,TOLEDO,QUINTANAR DE LA ORDEN,LA MANCHA-CENTRO, ,2,ALCAZAR DE SAN,2-03,795,"489932,962","4383278,0064","39.5991780138278, -3.11725395701934",39.5991780138278,-3.11725395701934,"CALLE VERACRUZ, 16"
-4.35985096040495,39.8657539687453,994,1400,145,1049,ALVARO GARCIA MUÑOZ,45516,925750019,TO-087-F,45136000101,PUEBLA DE MONTALBAN (LA),7757,451360001,PUEBLA DE MONTALBAN (LA),7757,45136,LA PUEBLA DE MONTALBÁN,TOLEDO,"PUEBLA DE MONTALBAN,LA",TOLEDO, ,7,TOLEDO,7-06,780,"383694,5678","4413742,1755","39.8657539696737, -4.35985096040495",39.8657539696737,-4.35985096040495,"CALLE ADUANA, 7"
-4.35969899271578,39.8678179786096,995,1401,146,1050,FCO. JAVIER DEL VALLE PEREZ,45516, ,TO-316-F,45136000101,PUEBLA DE MONTALBAN (LA),7757,451360001,PUEBLA DE MONTALBAN (LA),7757,45136,LA PUEBLA DE MONTALBÁN,TOLEDO,"PUEBLA DE MONTALBAN,LA",TOLEDO, ,7,TOLEDO,7-06,780,"383711,0513","4413971,069","39.867817979538, -4.35969899271578",39.867817979538,-4.35969899271578,"CALLE ATALFA, 2"
-4.36019900782885,39.8629480351059,996,1402,147,1051,JOSE LUIS GARCIA JARAMA,45516,925745280,TO-089-F,45136000101,PUEBLA DE MONTALBAN (LA),7757,451360001,PUEBLA DE MONTALBAN (LA),7757,45136,LA PUEBLA DE MONTALBÁN,TOLEDO,"PUEBLA DE MONTALBAN,LA",TOLEDO, ,7,TOLEDO,7-06,780,"383660,059","4413431,1888","39.8629480360343, -4.36019900782885",39.8629480360343,-4.36019900782885,"CALLE BASILIO MONTALVO, 14"
-4.35874700251527,39.8698049782737,997,1403,148,1052,LAURA SELGAS LOPEZ,45516,925745943,TO-340-F,45136000101,PUEBLA DE MONTALBAN (LA),7757,451360001,PUEBLA DE MONTALBAN (LA),7757,45136,LA PUEBLA DE MONTALBÁN,TOLEDO,"PUEBLA DE MONTALBAN,LA",TOLEDO, ,7,TOLEDO,7-06,780,"383795,8268","4414190,3743","39.8698049792022, -4.35874700251527",39.8698049792022,-4.35874700251527,"PASEO SANTO Y SOLEDAD, 11"
-4.68094703732362,39.9128659621166,998,1404,149,1053,JESÚS GARCÍA MARTÍN Y CELIA GARCÍA RICO,45690,925860121,TO-090-F,45137000101,PUEBLANUEVA (LA),1946,451370001,PUEBLANUEVA (LA),1946,45137,LA PUEBLANUEVA,TOLEDO,"PUEBLANUEVA,LA",TALAVERA DE LA REINA, ,6,TALAVERA,6-03,785,"356328,9689","4419438,706","39.9128659630453, -4.68094703732362",39.9128659630453,-4.68094703732362,"CALLE HOSPITAL, 1"
-1.86261435503511,38.9856305978134,999,1405,150,15,CARLOS Y JOSE ANTONIO LUCAS MARTI,02003,967231422,AB-069-F,02003000201,ALBACETE,165263,020030002,ALBACETE,165785,02003,ALBACETE,ALBACETE,ALBACETE,ALBACETE, ,1,ALBACETE,1-01,20,"598509,4988","4315797,1772","38.9856305987363, -1.86261435503511",38.9856305987363,-1.86261435503511,"CALLE LEPANTO, 40"
-1.86464100881678,38.985084963832,1000,1406,151,16,ESTHER Y PILAR CARRION MEDRANO,02003,967227232,AB-029-F,02003000201,ALBACETE,165263,020030002,ALBACETE,165785,02003,ALBACETE,ALBACETE,ALBACETE,ALBACETE, ,1,ALBACETE,1-01,20,"598334,7195","4315734,4347","38.9850849647548, -1.86464100881678",38.9850849647548,-1.86464100881678,"CALLE CIRCUNVALACION, 98"
-1.8587050193375,38.9841070331582,1001,1407,152,17,MARIA TERESA MEMBIELA LOPEZ,02002,967231409,AB-079-F,02003000201,ALBACETE,165263,020030002,ALBACETE,165785,02003,ALBACETE,ALBACETE,ALBACETE,ALBACETE, ,1,ALBACETE,1-01,24,"598850,2167","4315632,3355","38.984107034081, -1.8587050193375",38.984107034081,-1.8587050193375,"CALLE DOCTOR GARCIA REYES, 5"
-1.86256504384607,38.9880159685897,1002,1408,153,18,ANTONIO DIAZ ABAD,02003,967221256,AB-022-F,02003000201,ALBACETE,165263,020030002,ALBACETE,165785,02003,ALBACETE,ALBACETE,ALBACETE,ALBACETE, ,1,ALBACETE,1-01,20,"598510,4631","4316061,9481","38.9880159695125, -1.86256504384607",38.9880159695125,-1.86256504384607,"CALLE ARQUITECTO VANDELVIRA, 28"
-4.90437296400831,39.6099599692708,1003,1409,154,1062,BENJAMIN ESTEBAN HERNANDEZ,45674,925444389,TO-238-F,45148000501,ROBLEDO DEL MAZO,155,451480005,ROBLEDO DEL MAZO,155,45148,ROBLEDO DEL MAZO,TOLEDO,"NAVA DE RICOMALILLO,LA",TALAVERA DE LA REINA, ,6,TALAVERA,6-02,740,"336516,4974","4386200,5816","39.6099599701976, -4.90437296400831",39.6099599701976,-4.90437296400831,"CALLE ANCHA, 15"
-3.43236599436835,39.7075799755576,1004,1410,155,1063,YOLANDA COLMENAR GUILLERMO,45770,925126200,TO-099-F,45149000101,ROMERAL (EL),555,451490001,ROOMERAL (EL),555,45149,EL ROMERAL,TOLEDO,TEMBLEQUE,TOLEDO, ,7,TOLEDO,7-02,830,"462936,3564","4395391,6207","39.707579976485, -3.43236599436835",39.707579976485,-3.43236599436835,"CALLE CERVANTES, 15"
-4.71966502366549,39.8279019766133,1005,1411,156,1064,Mª BEGOÑA RODRIGUEZ CORRAL,45654,925704070,TO-100-F,45150000101,SAN BARTOLOME DE LAS ABIERTAS,533,451500001,SAN BARTOLOME DE LAS ABIERTAS,533,45150,SAN BARTOLOMÉ DE LAS ABIERTAS,TOLEDO,"PUEBLANUEVA,LA",TALAVERA DE LA REINA, ,6,TALAVERA,6-03,785,"352838,0495","4410071,0128","39.8279019775415, -4.7196650236655",39.8279019775415,-4.7196650236655,"CALLE REAL, 36"
-4.38692002282754,39.7047459633036,1006,1412,157,1065,Mª ANGELES ANGULO GASCÓN,45165,925419684,TO-179-F,45151000101,SAN MARTIN DE MONTALBAN,699,451510001,SAN MARTIN DE MONTALBAN,699,45151,SAN MARTÍN DE MONTALBÁN,TOLEDO,NAVAHERMOSA,TOLEDO, ,7,TOLEDO,7-05,742,"381102,4537","4395907,1458","39.7047459642311, -4.38692002282754",39.7047459642311,-4.38692002282754,"PLAZA CRISTO DE LA LUZ, 9"
-4.63303200862431,39.7824930331768,1007,1413,158,1066,EDUARDO ZARAGOZA GARCIA,45170,925404884,TO-102-F,45152000101,SAN MARTIN DE PUSA,585,451520001,SAN MARTIN DE PUSA,585,45152,SAN MARTÍN DE PUSA,TOLEDO,"NAVALMORALES,LOS",TALAVERA DE LA REINA, ,6,TALAVERA,6-02,750,"360160,1366","4404891,887","39.7824930341047, -4.63303200862431",39.7824930341047,-4.63303200862431,"CALLE ATLETA JUAN HIDALGO AYALA, 1"
-4.32894901020047,39.5413839719035,1008,1414,159,1067,JORGE ESPEJO SAAVEDRA ROCA,45120,925415167,TO-103-F,45153000101,SAN PABLO DE LOS MONTES,1696,451530001,SAN PABLO DE LOS MONTES,1696,45153,SAN PABLO DE LOS MONTES,TOLEDO,MENASALBAS,TOLEDO, ,7,TOLEDO,7-05,730,"385804,1022","4377700,5617","39.54138397283, -4.32894901020047",39.54138397283,-4.32894901020047,"CALLE TOLEDO, 56"
-4.7321630273263,40.0693349894392,1009,1415,160,1068,SONIA FERNANDEZ CASTELLANOS,45646,925887049,TO-248-F,45154000101,SAN ROMAN DE LOS MONTES,757,451540001,SAN ROMAN DE LOS MONTES,757,45154,SAN ROMÁN DE LOS MONTES,TOLEDO,CASTILLO DE BAYUELA,TALAVERA DE LA REINA, ,6,TALAVERA,6-03,685,"352288,8351","4436890,2938","40.0693349903688, -4.7321630273263",40.0693349903688,-4.7321630273263,"CALLE JUAN CARLOS I, 22"
-3.16498299194469,40.626743994228,1010,1416,161,347,CONSUELO HEREDIA CHECA,19003,949234361,GU-057-F,19130000101,GUADALAJARA,85629,191300001,GUADALAJARA,85629,19130,GUADALAJARA,GUADALAJARA,GUADALAJARA,GUADALAJARA, ,5,GUADALAJARA,5-04,570,"486046,6956","4497336,5302","40.6267439951605, -3.16498299194469",40.6267439951605,-3.16498299194469,"CALLE VIRGEN DE LA SOLEDAD, 26"
-3.18893664432491,40.6329055367336,1011,1417,162,348,MARIA DOLORES MOCA ROCAMORA,19004, ,GU-125-F,19130000101,GUADALAJARA,85629,191300001,GUADALAJARA,85629,19130,GUADALAJARA,GUADALAJARA,GUADALAJARA,GUADALAJARA, ,5,GUADALAJARA,5-04,586,"484022,3022","4498024,5505","40.6329055376661, -3.18893664432491",40.6329055376661,-3.18893664432491,"PLAZA DE LAS BURGAS, 5"
-3.19193499789563,40.6328630303024,1012,1418,163,349,FRANCISCO JOSE RODRIGUEZ ARRANZ,19004,949201993,GU-071-F,19130000101,GUADALAJARA,85629,191300001,GUADALAJARA,85629,19130,GUADALAJARA,GUADALAJARA,GUADALAJARA,GUADALAJARA, ,5,GUADALAJARA,5-04,586,"483768,7317","4498020,381","40.6328630312349, -3.19193499789563",40.6328630312349,-3.19193499789563,"CALLE LA ISABELA, 14"
-3.76895596135938,39.9887240416283,1013,1419,164,350,NAAMAN GHAIS HICHME,45250,925506521,TO-006-F,45014000101,AÑOVER DE TAJO,5225,450140001,AÑOVER DE TAJO,5225,45014,AÑOVER DE TAJO,TOLEDO,AÑOVER DE TAJO,TOLEDO, ,7,TOLEDO,7-03,660,"434351,0075","4426788,8099","39.9887240425574, -3.76895596135938",39.9887240425574,-3.76895596135938,"CALLE MANUEL ESCRIBANO, 26"
-4.03018097369543,39.8668030122258,1014,1420,282,422,MIRIAM MARTINEZ UTRILLA,45004,925225907,TO-101-F,45168000103,TOLEDO,59391,451680001,TOLEDO,85085,45168,TOLEDO,TOLEDO,TOLEDO,TOLEDO, ,7,TOLEDO,7-04,840,"411892,5847","4413481,5886","39.8668030131542, -4.03018097369543",39.8668030131542,-4.03018097369543,"CALLE ECUADOR, 8"
-4.03143902225693,39.8695889677818,1015,1421,283,423,Mª DOLORES ESPINOSA SILVA,45005,925220306,TO-174-F,45168000103,TOLEDO,59391,451680001,TOLEDO,85085,45168,TOLEDO,TOLEDO,TOLEDO,TOLEDO, ,7,TOLEDO,7-04,840,"411788,5552","4413792,0454","39.8695889687102, -4.03143902225693",39.8695889687102,-4.03143902225693,"CALLE BRIVE, 4"
-4.03398196902956,39.8708730121989,1016,1422,284,424,ELENA CASTRO SIERRA,45005,925228098,TO-038-F,45168000103,TOLEDO,59391,451680001,TOLEDO,85085,45168,TOLEDO,TOLEDO,TOLEDO,TOLEDO, ,7,TOLEDO,7-04,840,"411572,7202","4413937,0759","39.8708730131273, -4.03398196902956",39.8708730131273,-4.03398196902956,"CALLE BARCELONA, 1"
-4.03676997948555,39.8714890352614,1017,1423,285,425,JOSE IGNACIO DIAZ BALTASAR,45005,925229573,TO-189-F,45168000103,TOLEDO,59391,451680001,TOLEDO,85085,45168,TOLEDO,TOLEDO,TOLEDO,TOLEDO, ,7,TOLEDO,7-04,840,"411335,075","4414008,2114","39.8714890361898, -4.03676997948555",39.8714890361898,-4.03676997948555,"AVENIDA DE BARBER, 34"
-1.09553702689554,38.8689510124594,1018,1424,286,160,CARMEN CANTOS RUESCAS,02640,967341293,AB-060-F,02009000101,ALMANSA,24224,020090001,ALMANSA,24224,02009,ALMANSA,ALBACETE,ALMANSA,ALBACETE, ,1,ALMANSA,1-03,35,"665221,0916","4303957,6219","38.8689510133814, -1.09553702689554",38.8689510133814,-1.09553702689554,"PLAZA DE LA CONSTITUCION, 2"
-1.09273996959926,38.8691580438787,1019,1425,287,161,Mª LUISA MARTINEZ CABRAL,02640,967341664,AB-061-F,02009000101,ALMANSA,24224,020090001,ALMANSA,24224,02009,ALMANSA,ALBACETE,ALMANSA,ALBACETE, ,1,ALMANSA,1-03,35,"665463,2885","4303985,6662","38.8691580448008, -1.09273996959926",38.8691580448008,-1.09273996959926,"AVENIDA JOSE ANTONIO RODRIGUEZ RUANO, 13"
-1.09473597354989,38.8727220274551,1020,1426,288,162,ROSARIO VALDELVIRA GARCIA,02640, ,AB-201-F,02009000101,ALMANSA,24224,020090001,ALMANSA,24224,02009,ALMANSA,ALBACETE,ALMANSA,ALBACETE, ,1,ALMANSA,1-03,35,"665281,8552","4304377,5864","38.8727220283771, -1.09473597354989",38.8727220283771,-1.09473597354989,"PASEO DE LAS HUERTAS, 6"
-1.09520295275657,38.8668330315265,1021,1427,289,163,"OLASO MORANT, S.C.P",02640,967341978,AB-068-F,02009000101,ALMANSA,24224,020090001,ALMANSA,24224,02009,ALMANSA,ALBACETE,ALMANSA,ALBACETE, ,1,ALMANSA,1-03,35,"665254,982","4303723,1696","38.8668330324486, -1.09520295275657",38.8668330324486,-1.09520295275657,"CALLE CORREDERA, 37"
-1.09614697474383,38.8679580262788,1022,1428,290,164,ELENA MARGARITA ALBERT RICO,02640,967340230,AB-063-F,02009000101,ALMANSA,24224,020090001,ALMANSA,24224,02009,ALMANSA,ALBACETE,ALMANSA,ALBACETE,12 HORAS,1,ALMANSA,1-03,35,"665170,4704","4303846,3145","38.8679580272008, -1.09614697474383",38.8679580272008,-1.09614697474383,"PLAZA SALVADOR ALLENDE, 4"
-1.09574896454381,38.8688869944988,1023,1429,291,165,PILAR SANCHEZ FERRERO,02640,967341491,AB-062-F,02009000101,ALMANSA,24224,020090001,ALMANSA,24224,02009,ALMANSA,ALBACETE,ALMANSA,ALBACETE, ,1,ALMANSA,1-03,35,"665202,8518","4303950,1334","38.8688869954209, -1.09574896454381",38.8688869954209,-1.09574896454381,"CALLE MENDIZABAL, 1 - BAJO"
-1.09152403680318,38.8646020436676,1024,1430,292,166,Mª BELEN CASTELLANOS MARTINEZ,02640, ,AB-220-F,02009000101,ALMANSA,24224,020090001,ALMANSA,24224,02009,ALMANSA,ALBACETE,ALMANSA,ALBACETE, ,1,ALMANSA,1-03,35,"665579,3571","4303482,2386","38.8646020445896, -1.09152403680318",38.8646020445896,-1.09152403680318,"CALLE CAUDETE, 3"
-1.09242201905212,38.8657929805926,1025,1431,293,167,ENCARNACION SORIA MARTINEZ,02640, ,AB-191-F,02009000101,ALMANSA,24224,020090001,ALMANSA,24224,02009,ALMANSA,ALBACETE,ALMANSA,ALBACETE, ,1,ALMANSA,1-03,35,"665498,6797","4303612,7821","38.8657929815146, -1.09242201905212",38.8657929815146,-1.09242201905212,AVENIDA JOSE RODRIGUEZ RUANO
-1.09676797740887,38.8679359913536,1026,1432,294,168,SONIA CALATAYUD NAVARRO,02640, ,AB-175-F,02009000101,ALMANSA,24224,020090001,ALMANSA,24224,02009,ALMANSA,ALBACETE,ALMANSA,ALBACETE, ,1,ALMANSA,1-03,35,"665116,6415","4303842,7453","38.8679359922756, -1.09676797740887",38.8679359922756,-1.09676797740887,"CALLE CORREDERA, 122"
-1.09293997785953,38.8628800236638,1027,1433,295,169,ESPERANZA SANCHO IZQUIERDO,02640, ,AB-210-F,02009000101,ALMANSA,24224,020090001,ALMANSA,24224,02009,ALMANSA,ALBACETE,ALMANSA,ALBACETE, ,1,ALMANSA,1-03,35,"665460,4932","4303288,5581","38.8628800245858, -1.09293997785953",38.8628800245858,-1.09293997785953,"CALLE ALBACETE, 11"
-1.10052604128384,38.8677170256006,1028,1434,296,170,MARIA GRAMAGE GOMEZ,02640,967341616,AB-100-F,02009000101,ALMANSA,24224,020090001,ALMANSA,24224,02009,ALMANSA,ALBACETE,ALMANSA,ALBACETE, ,1,ALMANSA,1-03,35,"664791,0873","4303811,6516","38.8677170265227, -1.10052604128384",38.8677170265227,-1.10052604128384,"CALLE MANUEL DE FALLA, 20"
-1.70487404189832,38.508442023741,1029,1435,297,171,BEATRIZ LLOR FERRANDEZ,02400,967300342,AB-218-F,02037000501,HELLIN,26023,020370005,HELLIN,26023,02037,HELLÍN,ALBACETE,HELLIN,ALBACETE, ,1,HELLIN,1-06,86,"612921,2305","4263024,8736","38.5084420246604, -1.70487404189832",38.5084420246604,-1.70487404189832,"AVENIDA DE LA CONSTITUCION, 1"
-1.69440501948345,38.507510019451,1030,1436,298,172,MANUEL HINOJOSA MAZZUCHELLI,02400, ,AB-224-F,02037000501,HELLIN,26023,020370005,HELLIN,26023,02037,HELLÍN,ALBACETE,HELLIN,ALBACETE, ,1,HELLIN,1-06,85,"613835,5214","4262934,352","38.5075100203705, -1.69440501948346",38.5075100203705,-1.69440501948346,"CALLE FORTUNATO ARIAS, 19 - BA"
-1.70134902763005,38.5131010285433,1031,1437,299,173,MARIA CARMEN GARCIA FAJARDO,02400,967300728,AB-090-F,02037000501,HELLIN,26023,020370005,HELLIN,26023,02037,HELLÍN,ALBACETE,HELLIN,ALBACETE, ,1,HELLIN,1-06,86,"613221,2885","4263546,2075","38.5131010294628, -1.70134902763006",38.5131010294628,-1.70134902763006,"CALLE RABAL, 31"
-1.70641414625282,38.5169271421198,1032,1438,300,174,ROCIO SANCHEZ RAMIREZ,02400,967-30289,AB-164-F,02037000501,HELLIN,26023,020370005,HELLIN,26023,02037,HELLÍN,ALBACETE,HELLIN,ALBACETE, ,1,HELLIN,1-06,86,"612773,705","4263964,5629","38.5169271430393, -1.70641414625282",38.5169271430393,-1.70641414625282,"AVENIDA DE LA CONSTITUCION,133"
-1.70168700054052,38.5125979775871,1033,1439,301,175,"HERMANAS PRECIOSO, C.B",02400,967300058,AB-095-F,02037000501,HELLIN,26023,020370005,HELLIN,26023,02037,HELLÍN,ALBACETE,HELLIN,ALBACETE, ,1,HELLIN,1-06,85,"613192,6094","4263489,9689","38.5125979785066, -1.70168700054052",38.5125979785066,-1.70168700054052,"CALLE RABAL, 24"
-2.13687695962684,40.074702983372,1034,1440,302,286,ROSA  RUIPEREZ NOGALES,16001,969224456,CU-001-F,16078000301,CUENCA,52682,160780003,CUENCA,52682,16078,CUENCA,CUENCA,CUENCA,CUENCA, ,4,CUENCA,4-03,380,"573596,0569","4436405,4625","40.0747029843016, -2.13687695962684",40.0747029843016,-2.13687695962684,"CALLE FRAY LUIS DE LEON, 40"
-2.13725899944574,40.0789130425563,1035,1441,303,287,VERONICA TOMILLO ALGARRA,16002,969231467,CU-137-F,16078000301,CUENCA,52682,160780003,CUENCA,52682,16078,CUENCA,CUENCA,CUENCA,CUENCA, ,4,CUENCA,4-03,380,"573558,9506","4436872,4374","40.0789130434859, -2.13725899944574",40.0789130434859,-2.13725899944574,"AVENIDA DE LOS ALFARES, 12"
-2.13844999483177,40.0742090021436,1036,1442,304,288,ANA DOMINGUEZ CASTRO,16002,969230519,CU-168-F,16078000301,CUENCA,52682,160780003,CUENCA,52682,16078,CUENCA,CUENCA,CUENCA,CUENCA, ,4,CUENCA,4-03,380,"573462,4577","4436349,3339","40.0742090030732, -2.13844999483177",40.0742090030732,-2.13844999483177,"CALLE PRINCESA ZAIDA, 9"
-2.13675897995009,40.0737150430615,1037,1443,305,289,CONSTANTINOJIMENEZ TORRIJOS,16002,969212961,CU-006-F,16078000301,CUENCA,52682,160780003,CUENCA,52682,16078,CUENCA,CUENCA,CUENCA,CUENCA, ,4,CUENCA,4-03,380,"573607,1805","4436295,9048","40.0737150439911, -2.13675897995009",40.0737150439911,-2.13675897995009,"CALLE CARRETERIA, 13"
-2.13631397694847,40.0724269607179,1038,1444,306,290,Mª TRINIDAD ESCAMILLA OROZCO,16002,969211138,CU-004-F,16078000301,CUENCA,52682,160780003,CUENCA,52682,16078,CUENCA,CUENCA,CUENCA,CUENCA, ,4,CUENCA,4-03,380,"573646,5132","4436153,3038","40.0724269616475, -2.13631397694848",40.0724269616475,-2.13631397694848,"CALLE CARRETERIA, 31"
-2.13647100165264,40.0732399937809,1039,1445,307,291,IRENE FERRER ROMERO,16002,969211728,CU-003-F,16078000301,CUENCA,52682,160780003,CUENCA,52682,16078,CUENCA,CUENCA,CUENCA,CUENCA, ,4,CUENCA,4-03,380,"573632,2479","4436243,4155","40.0732399947105, -2.13647100165264",40.0732399947105,-2.13647100165264,"CALLE CARDENAL GIL ALBORNOZ, 5"
-2.14925999132735,40.076390027715,1040,1446,308,292,ISABEL PASTOR VILLALBA,16002, ,CU-176-F,16078000301,CUENCA,52682,160780003,CUENCA,52682,16078,CUENCA,CUENCA,CUENCA,CUENCA, ,4,CUENCA,4-03,380,"572538,3872","4436582,5465","40.0763900286446, -2.14925999132735",40.0763900286446,-2.14925999132735,"AVENIDA SAN JULIAN, 3"
-2.14640404739549,40.0702780235763,1041,1447,309,293,"FERRANDIZ CHICO, ANA Mª",16003,969214017,CU-124-F,16078000301,CUENCA,52682,160780003,CUENCA,52682,16078,CUENCA,CUENCA,CUENCA,CUENCA, ,4,CUENCA,4-03,385,"572788,4094","4435906,4841","40.0702780245059, -2.14640404739549",40.0702780245059,-2.14640404739549,"CALLE SAN COSME, 9"
-2.13262002433454,40.0731399721631,1042,1448,310,294,Mª PAZ ALFARO GONZALEZ,16001,969234529,CU-170-F,16078000301,CUENCA,52682,160780003,CUENCA,52682,16078,CUENCA,CUENCA,CUENCA,CUENCA, ,4,CUENCA,4-03,390,"573960,7294","4436235,5071","40.0731399730927, -2.13262002433454",40.0731399730927,-2.13262002433454,"CALLE LAS TORRES, 21"
-2.13406098652402,40.0715519796572,1043,1449,311,295,Mª SOLEDAD GARCIA MARTINEZ,16004, ,CU-166-F,16078000301,CUENCA,52682,160780003,CUENCA,52682,16078,CUENCA,CUENCA,CUENCA,CUENCA, ,4,CUENCA,4-03,390,"573839,5732","4436058,0532","40.0715519805867, -2.13406098652402",40.0715519805867,-2.13406098652402,"CALLE RAMON Y CAJAL, 7"
-2.13523996109604,40.0680879651198,1044,1450,312,296,"MATÍAS Y MOLINA, C.B",16004,969222061,CU-008-F,16078000301,CUENCA,52682,160780003,CUENCA,52682,16078,CUENCA,CUENCA,CUENCA,CUENCA, ,4,CUENCA,4-03,390,"573742,7752","4435672,5917","40.0680879660494, -2.13523996109604",40.0680879660494,-2.13523996109604,"CALLE FERMIN CABALLERO, 17"
-2.13405299035519,40.065799973783,1045,1451,313,297,ANA Mª SERRANO NAVARRO,16004,969231758,CU-167-F,16078000301,CUENCA,52682,160780003,CUENCA,52682,16078,CUENCA,CUENCA,CUENCA,CUENCA, ,4,CUENCA,4-03,390,"573846,4667","4435419,6232","40.0657999747126, -2.13405299035519",40.0657999747126,-2.13405299035519,"CALLE HERMANOS BECERRIL, 3"
-3.02345903717959,39.1484050244221,1046,1452,314,140,MARIA TERESA MENCHEN FDEZ-PACHECO,13700,926511079,CR-165-F,13082000201,TOMELLOSO,36024,130820002,TOMELLOSO,36024,13082,TOMELLOSO,CIUDAD REAL,TOMELLOSO,LA MANCHA-CENTRO, ,2,TOMELLOSO,2-02,320,"497972,8911","4333245,7204","39.148405025346, -3.02345903717959",39.148405025346,-3.02345903717959,"CONCORDIA, 41"
-3.02230600420528,39.1568790256083,1047,1453,315,141,Mª PILAR PENADES PEINADO,13700,926510110,CR-142-F,13082000201,TOMELLOSO,36024,130820002,TOMELLOSO,36024,13082,TOMELLOSO,CIUDAD REAL,TOMELLOSO,LA MANCHA-CENTRO, ,2,TOMELLOSO,2-02,320,"498072,7565","4334186,089","39.1568790265322, -3.02230600420528",39.1568790265322,-3.02230600420528,"D.VICTOR PEÑASCO, 28"
-3.02582228904695,39.1555700334593,1048,1454,316,142,JOSE LUIS  DE LA CRUZ NAVARRO,13700,926501175,CR-137-F,13082000201,TOMELLOSO,36024,130820002,TOMELLOSO,36024,13082,TOMELLOSO,CIUDAD REAL,TOMELLOSO,LA MANCHA-CENTRO, ,2,TOMELLOSO,2-02,320,"497768,9074","4334040,9054","39.1555700343833, -3.02582228904695",39.1555700343833,-3.02582228904695,"GARCIA PAVON, 51"
-3.02234801875665,39.1593619745171,1049,1455,317,143,FERNANDO CAÑAS CARRETERO,13700,926510410,CR-138-F,13082000201,TOMELLOSO,36024,130820002,TOMELLOSO,36024,13082,TOMELLOSO,CIUDAD REAL,TOMELLOSO,LA MANCHA-CENTRO, ,2,TOMELLOSO,2-02,321,"498069,1943","4334461,6329","39.1593619754411, -3.02234801875665",39.1593619754411,-3.02234801875665,"ALFONSO XII, 2"
-3.76614297764686,39.9873769912424,1050,1456,165,351,JOSE MANUEL CASCO BRAVO,45250,925506157,TO-262-F,45014000101,AÑOVER DE TAJO,5225,450140001,AÑOVER DE TAJO,5225,45014,AÑOVER DE TAJO,TOLEDO,AÑOVER DE TAJO,TOLEDO, ,7,TOLEDO,7-03,660,"434589,8814","4426637,2308","39.9873769921715, -3.76614297764686",39.9873769921715,-3.76614297764686,"PLAZA COLON, 20"
-4.21049998693675,40.0472170387247,1051,1457,166,352,M.ª BELÉN EZQUERRA UBERO,45510,925785625,TO-045-F,45066000101,FUENSALIDA,11866,450660001,FUENSALIDA,12004,45066,FUENSALIDA,TOLEDO,FUENSALIDA,TOLEDO, ,7,TOLEDO,7-06,715,"396741,9508","4433699,7532","40.0472170396541, -4.21049998693676",40.0472170396541,-4.21049998693676,"CALLE CRISTO DEL AMPARO, 72"
-4.21065104088326,40.0536999887897,1052,1458,167,353,FERNANDO EZQUERRA UBERO,45510,925785625,TO-044-F,45066000101,FUENSALIDA,11866,450660001,FUENSALIDA,12004,45066,FUENSALIDA,TOLEDO,FUENSALIDA,TOLEDO, ,7,TOLEDO,7-06,715,"396738,8503","4434419,5067","40.0536999897192, -4.21065104088326",40.0536999897192,-4.21065104088326,"CALLE HEROES DEL ALCAZAR, 15"
-4.21052104531169,40.0506530164621,1053,1459,168,354,ANGELA MARIA JIMENEZ CRESPO,45510, ,TO-288-F,45066000101,FUENSALIDA,11866,450660001,FUENSALIDA,12004,45066,FUENSALIDA,TOLEDO,FUENSALIDA,TOLEDO, ,7,TOLEDO,7-06,715,"396745,3398","4434081,1556","40.0506530173916, -4.21052104531169",40.0506530173916,-4.21052104531169,CALLE ZURBARAN ESQ. RAMON Y CAJAL
-3.84789796684789,40.121488993125,1054,1460,169,355,"AGUADO CARRASCO, C.B",45200,925540424,TO-273-F,45081000101,ILLESCAS,20730,450810001,ILLESCAS,20771,45081,ILLESCAS,TOLEDO,ILLESCAS,TOLEDO, ,7,TOLEDO,7-03,720,"427751,6604","4441585,958","40.1214889940548, -3.84789796684789",40.1214889940548,-3.84789796684789,"CALLE REAL, 7"
-3.84563301009819,40.1215489704885,1055,1461,170,356,LUZMILA GABY ZEGARRA CANO,45200,925513977,TO-046-F,45081000101,ILLESCAS,20730,450810001,ILLESCAS,20771,45081,ILLESCAS,TOLEDO,ILLESCAS,TOLEDO, ,7,TOLEDO,7-03,720,"427944,7203","4441590,777","40.1215489714184, -3.8456330100982",40.1215489714184,-3.8456330100982,"CALLE ALAMEDA, 24"
-3.85224598931724,40.1216829880786,1056,1462,171,357,Mª LUZ PINEDO PERUCHO,45200, ,TO-313-F,45081000101,ILLESCAS,20730,450810001,ILLESCAS,20771,45081,ILLESCAS,TOLEDO,ILLESCAS,TOLEDO, ,7,TOLEDO,7-03,720,"427381,3725","4441611,0329","40.1216829890085, -3.85224598931724",40.1216829890085,-3.85224598931724,"AVENIDA CASTILLA LA MANCHA, S/"
-3.84828304498008,40.1242940250911,1057,1463,172,358,MERCEDES IGLESIAS RODRÍGUEZ,45200,925511018,TO-051-F,45081000101,ILLESCAS,20730,450810001,ILLESCAS,20771,45081,ILLESCAS,TOLEDO,ILLESCAS,TOLEDO, ,7,TOLEDO,7-03,720,"427721,8187","4441897,6146","40.124294026021, -3.84828304498008",40.124294026021,-3.84828304498008,PLAZA HERMANOS FERNANDEZ CRIADO
-3.84999503836589,40.1254629995178,1058,1464,173,359,LAURA MARIA MARIJUAN QUESADA,45200, ,TO-348-F,45081000101,ILLESCAS,20730,450810001,ILLESCAS,20771,45081,ILLESCAS,TOLEDO,ILLESCAS,TOLEDO, ,7,TOLEDO,7-03,720,"427577,1866","4442028,7579","40.1254630004477, -3.84999503836589",40.1254630004477,-3.84999503836589,CALLE CARDENAL CISNEROS ESQUINA C/ LAS MONJAS
-3.8458960110983,40.12848804082,1059,1465,174,360,CAROLINA ROMO DE ARCE ORTIZ,45200,925511593,TO-330-F,45081000101,ILLESCAS,20730,450810001,ILLESCAS,20771,45081,ILLESCAS,TOLEDO,ILLESCAS,TOLEDO, ,7,TOLEDO,7-03,720,"427929,6387","4442361,1902","40.1284880417499, -3.8458960110983",40.1284880417499,-3.8458960110983,"CALLE ROMA, 2"
-3.53423202516489,39.4696579896548,1060,1466,175,361,JOSÉ MANUEL ARROYO GONZÁLEZ,45710,925450247,TO-055-F,45087000101,MADRIDEJOS,10202,450870001,MADRIDEJOS,10202,45087,MADRIDEJOS,TOLEDO,MADRIDEJOS,LA MANCHA-CENTRO, ,2,ALCAZAR DE SAN,2-03,725,"454047,1631","4369033,3259","39.4696579905808, -3.53423202516489",39.4696579905808,-3.53423202516489,"CALLE REAL, 26"
-3.53271799259324,39.4681779559124,1061,1467,176,362,ESTEFANIA ARROYO GONZALEZ,45710,925460271,TO-167-F,45087000101,MADRIDEJOS,10202,450870001,MADRIDEJOS,10202,45087,MADRIDEJOS,TOLEDO,MADRIDEJOS,LA MANCHA-CENTRO, ,2,ALCAZAR DE SAN,2-03,725,"454176,425","4368868,2995","39.4681779568384, -3.53271799259324",39.4681779568384,-3.53271799259324,"CALLE TENIENTE INFANTE, 22"
-3.52837002983759,39.4675689832828,1062,1468,177,363,MONTSERRAT BAUTISTA RODRIGUEZ,45710,925460131,TO-198-F,45087000101,MADRIDEJOS,10202,450870001,MADRIDEJOS,10202,45087,MADRIDEJOS,TOLEDO,MADRIDEJOS,LA MANCHA-CENTRO, ,2,ALCAZAR DE SAN,2-03,725,"454550,0359","4368798,5137","39.4675689842088, -3.52837002983759",39.4675689842088,-3.52837002983759,"CALLE SANTA ANA, 66"
-3.53058500501562,39.4681289702396,1063,1469,178,364,Mª DOLORES CICUENDEZ RODRIGUEZ,45710, ,TO-335-F,45087000101,MADRIDEJOS,10202,450870001,MADRIDEJOS,10202,45087,MADRIDEJOS,TOLEDO,MADRIDEJOS,LA MANCHA-CENTRO, ,2,ALCAZAR DE SAN,2-03,725,"454359,8703","4368861,7808","39.4681289711656, -3.53058500501562",39.4681289711656,-3.53058500501562,"CALLE SAN JOSE, 17, ESQUINA C/ JESUS Y MARIA"
-3.77466502139934,39.6870509849968,1064,1470,179,365,CARMEN MILLAN VILLAMUELAS,45400, ,TO-301-F,45106000101,MORA,9796,451060001,MORA,9796,45106,MORA,TOLEDO,MORA,TOLEDO, ,7,TOLEDO,7-01,735,"433573,5728","4393310,6543","39.6870509859241, -3.77466502139934",39.6870509859241,-3.77466502139934,"CALLE TOLEDO, 33"
-3.77376699376034,39.6847620171385,1065,1471,180,366,IRENE SANCHEZ DE CASTRO GONZALEZ,45400,925300019,TO-065-F,45106000101,MORA,9796,451060001,MORA,9796,45106,MORA,TOLEDO,MORA,TOLEDO, ,7,TOLEDO,7-01,735,"433648,3873","4393055,9462","39.6847620180659, -3.77376699376034",39.6847620180659,-3.77376699376034,"CALLE TOLEDO, 7"
-3.77893895904891,39.6831419770482,1066,1472,181,367,Mª JOSE DIAZ-CHIRON DE LOS REYES,45400,925300217,TO-325-F,45106000101,MORA,9796,451060001,MORA,9796,45106,MORA,TOLEDO,MORA,TOLEDO, ,7,TOLEDO,7-01,735,"433203,3179","4392879,982","39.6831419779756, -3.77893895904891",39.6831419779756,-3.77893895904891,"CALLE ORGAZ, 52"
-3.77309895447948,39.6835009796013,1067,1473,182,368,Mª ELENA GALVEZ GARCIA,45400,925300050,TO-063-F,45106000101,MORA,9796,451060001,MORA,9796,45106,MORA,TOLEDO,MORA,TOLEDO, ,7,TOLEDO,7-01,735,"433704,4673","4392915,4948","39.6835009805286, -3.77309895447948",39.6835009805286,-3.77309895447948,"CALLE MANZANEQUE, 1"
-3.49941696164733,39.9592139636851,1068,1474,183,369,ALBA CARRASCOSO RODRÍGUEZ,45300, ,TO-346-F,45121000101,OCAÑA,13185,451210001,OCAÑA,13185,45121,OCAÑA,TOLEDO,OCAÑA,TOLEDO, ,7,TOLEDO,7-02,765,"457344,4701","4423349,7799","39.9592139646141, -3.49941696164733",39.9592139646141,-3.49941696164733,"CALLE MAYOR, 15"
-3.49802198096793,39.9558560266864,1069,1475,184,370,Mª ANGELES VERDUGO MONTORO,45300,925120124,TO-079-F,45121000101,OCAÑA,13185,451210001,OCAÑA,13185,45121,OCAÑA,TOLEDO,OCAÑA,TOLEDO, ,7,TOLEDO,7-02,765,"457461,5363","4422976,4159","39.9558560276154, -3.49802198096793",39.9558560276154,-3.49802198096793,CALLE MARIANA PINEDA Nº 6 LOC
-3.49465098361063,39.9599329667809,1070,1476,185,371,ANTONIO Y FRANCISCO FAUSTINO MADERO MARCHANTE,45300,925130864,TO-078-F,45121000101,OCAÑA,13185,451210001,OCAÑA,13185,45121,OCAÑA,TOLEDO,OCAÑA,TOLEDO, ,7,TOLEDO,7-02,765,"457751,9797","4423427,3142","39.9599329677099, -3.49465098361063",39.9599329677099,-3.49465098361063,"CALLE COMANDANTE LENCE, 7 Y TRAVESIA STA. CATALINA"
-3.0422159793886,39.5918529955814,1071,1477,186,372,NIETO C.B,45800,925180122,TO-095-F,45142000101,QUINTANAR DE LA ORDEN,11069,451420001,QUINTANAR DE LA ORDEN,11069,45142,QUINTANAR DE LA ORDEN,TOLEDO,QUINTANAR DE LA ORDEN,LA MANCHA-CENTRO, ,2,ALCAZAR DE SAN,2-03,795,"496375,0939","4382459,3431","39.5918529965082, -3.0422159793886",39.5918529965082,-3.0422159793886,"CALLE PRINCESA, 7"
-3.04304599920945,39.5909490377611,1072,1478,187,373,VICENTE VERDUGO MONTORO,45800,925180056,TO-093-F,45142000101,QUINTANAR DE LA ORDEN,11069,451420001,QUINTANAR DE LA ORDEN,11069,45142,QUINTANAR DE LA ORDEN,TOLEDO,QUINTANAR DE LA ORDEN,LA MANCHA-CENTRO, ,2,ALCAZAR DE SAN,2-03,795,"496303,7756","4382359,0535","39.5909490386879, -3.04304599920945",39.5909490386879,-3.04304599920945,"CALLE SAN FRANCISCO, 22"
-3.0404380435755,39.5972979753761,1073,1479,188,374,Mª ELENA VERDUGO MONTORO,45800,925180737,TO-094-F,45142000101,QUINTANAR DE LA ORDEN,11069,451420001,QUINTANAR DE LA ORDEN,11069,45142,QUINTANAR DE LA ORDEN,TOLEDO,QUINTANAR DE LA ORDEN,LA MANCHA-CENTRO, ,2,ALCAZAR DE SAN,2-03,795,"496528,0295","4383063,5701","39.5972979763029, -3.0404380435755",39.5972979763029,-3.0404380435755,"CTRA VILLANUEVA, 44"
-3.04172499188738,39.5950930264235,1074,1480,189,375,YOLANDA MOTA GARCÍA,45800, ,TO-289-F,45142000101,QUINTANAR DE LA ORDEN,11069,451420001,QUINTANAR DE LA ORDEN,11069,45142,QUINTANAR DE LA ORDEN,TOLEDO,QUINTANAR DE LA ORDEN,LA MANCHA-CENTRO, ,2,ALCAZAR DE SAN,2-03,795,"496417,4198","4382818,9099","39.5950930273503, -3.04172499188738",39.5950930273503,-3.04172499188738,"CALLE PIZARRO, 3"
-3.0899354414861,40.9452671657488,1075,1481,190,844,SANDRA Y MACARENA ARJONA CHOZAS,19230,949855112,GU-102-F,19092000301,COGOLLUDO,484,190920003,COGOLLUDO,484,19092,COGOLLUDO,GUADALAJARA,COGOLLUDO,GUADALAJARA, ,5,GUADALAJARA,5-02,560,"492430,0378","4532685,1205","40.9452671666828, -3.0899354414861",40.9452671666828,-3.0899354414861,"CALLE SAN ISIDRO, 6"
-1.97883301972478,40.8437829570649,1076,1482,191,845,FRANCISCO JAVIER VICENTE MARTIN,19341,949831243,GU-078-F,19099000401,CORDUENTE,193,190990004,CORDUENTE,193,19099,CORDUENTE,GUADALAJARA,MOLINA DE ARAGON,GUADALAJARA, ,5,GUADALAJARA,5-03,605,"586084,8251","4521917,4568","40.8437829579984, -1.97883301972478",40.8437829579984,-1.97883301972478,"PLAZA DE ESPAÑA, 12"
-3.40680399861708,40.8240330162222,1077,1483,192,846,RAQUEL AVILA TORVISCO,19186,949856497,GU-103-F,19102000101,CUBILLO DE UCEDA (EL),121,191020001,CUBILLO DE UCEDA (EL),121,19102,EL CUBILLO DE UCEDA,GUADALAJARA,"CASAR,EL",GUADALAJARA, ,5,GUADALAJARA,5-04,545,"465696,29","4519302,969","40.8240330171557, -3.40680399861708",40.8240330171557,-3.40680399861708,"CALLE DEL POSITO, 7"
-3.00424700950009,41.0829739646125,1078,1484,193,847,ALEJANDRO GALVEZ SELGADO,19275,949899120,GU-013-F,19135000101,HIENDELAENCINA,115,191350001,HIENDELAENCINA,115,19135,HIENDELAENCINA,GUADALAJARA,HIENDELAENCINA,GUADALAJARA, ,5,GUADALAJARA,5-02,590,"499643,2683","4547968,0343","41.0829739655471, -3.00424700950009",41.0829739655471,-3.00424700950009,PLAZA NICOLAS MARTIN VIRSEDA
-3.04681397087547,40.8231389601968,1079,1485,194,848,Mª ISABEL TEJERO RODRIGUEZ,19248,949850481,GU-059-F,19138000101,HITA,199,191380001,HITA,199,19138,HITA,GUADALAJARA,YUNQUERA DE HENARES,GUADALAJARA, ,5,GUADALAJARA,5-04,650,"496052,368","4519125,1651","40.8231389611303, -3.04681397087547",40.8231389611303,-3.04681397087547,"CALLE CID, 2"
-3.0649109778577,40.5656610414714,1080,1486,195,849,Mª DEL CARMEN ADAN OLIVER,19140,949290447,GU-080-F,19143000101,HORCHE,2751,191430001,HORCHE,2751,19143,HORCHE,GUADALAJARA,HORCHE,GUADALAJARA, ,5,GUADALAJARA,5-01,595,"494505,2085","4490545,1625","40.5656610424036, -3.0649109778577",40.5656610424036,-3.0649109778577,"CALLE PROLONG. SAN ROQUE, 10"
-3.06415501030464,40.5662009880316,1081,1487,196,850,ADOLFO RETUERTA DE LA PEÑA,19140,949290014,GU-038-F,19143000101,HORCHE,2751,191430001,HORCHE,2751,19143,HORCHE,GUADALAJARA,HORCHE,GUADALAJARA, ,5,GUADALAJARA,5-01,595,"494569,2457","4490605,0503","40.5662009889638, -3.06415501030464",40.5662009889638,-3.06415501030464,"CALLE VALLEJO, 14"
-3.15724496364708,40.8274979856369,1082,1488,197,851,MARIA YOLANDA MUÑOZ MUÑOZ,19220,949850043,GU-036-F,19151000201,HUMANES,1557,191510002,HUMANES,1557,19151,HUMANES,GUADALAJARA,YUNQUERA DE HENARES,GUADALAJARA, ,5,GUADALAJARA,5-04,650,"486741,0369","4519619,8844","40.8274979865704, -3.15724496364708",40.8274979865704,-3.15724496364708,CALLE JUAN F. MARTINEZ CATALIN
-2.90759403622805,40.1839139554759,1083,1489,198,852,CAYETANO GONZALEZ GONZALEZ,19462,966133095,GU-085-F,19152000201,ILLANA,405,191520002,ILLANA,405,19152,ILLANA,GUADALAJARA,TARANCON,CUENCA, ,4,CUENCA,4-06,475,"507866,5437","4448174,287","40.1839139564061, -2.90759403622805",40.1839139564061,-2.90759403622805,"CALLE SANTA ANA, 1"
-3.12098600151968,40.6403049666883,1084,1490,199,853,ANA MARIA GARCIA CUCHARERO,19150, ,GU-060-F,19130000201,IRIEPAL,886,191300002,IRIEPAL,886,19130,GUADALAJARA,GUADALAJARA,GUADALAJARA,GUADALAJARA, ,5,GUADALAJARA,5-04,587,"489769,7768","4498835,785","40.6403049676209, -3.12098600151968",40.6403049676209,-3.12098600151968,"CALLE DETRASES, S/N"
-2.92657196253446,40.9259859746302,1085,1491,200,854,ANA DORADO BRIS,19240,949890054,GU-015-F,19156000201,JADRAQUE,1378,191560002,JADRAQUE,1378,19156,JADRAQUE,GUADALAJARA,JADRAQUE,GUADALAJARA, ,5,GUADALAJARA,5-02,600,"506182,3135","4530543,451","40.9259859755641, -2.92657196253446",40.9259859755641,-2.92657196253446,"PASEO DE LA ESTACION, 2"
-2.95712004538841,40.7924399589004,1086,1492,201,855,SANTIAGO CORTES MENDEZ,19192, ,GU-041-F,19290000201,BELTRANEJA (LA),799,192900002,BELTRANEJA (LA),799,19290,TRIJUEQUE,GUADALAJARA,BRIHUEGA,GUADALAJARA, ,5,GUADALAJARA,5-01,535,"503617,5591","4515717,2288","40.7924399598338, -2.95712004538841",40.7924399598338,-2.95712004538841,"AVENIDA DEL SAUCE, 200"
-2.84413095585228,40.8682069816169,1087,1493,202,856,MARIA PILAR FABIAN SANZ,19195,949285108,GU-032-F,19159000101,LEDANCA,73,191590001,LEDANCA,73,19159,LEDANCA,GUADALAJARA,BRIHUEGA,GUADALAJARA, ,5,GUADALAJARA,5-01,535,"513134,9043","4524138,6447","40.8682069825506, -2.84413095585229",40.8682069825506,-2.84413095585229,"CALLE SOLEDAD, 2"
-3.11604304103651,40.4470090102928,1088,1494,203,857,EVELIA ZORITA RINCON,19141,949292136,GU-046-F,19160000101,LORANCA DE TAJUÑA,408,191600001,LORANCA DE TAJUÑA,408,19160,LORANCA DE TAJUÑA,GUADALAJARA,GUADALAJARA,GUADALAJARA, ,5,GUADALAJARA,5-04,587,"490159,4919","4477379,2324","40.4470090112244, -3.11604304103652",40.4470090112244,-3.11604304103652,"CTRA DE ARANZUEQUE, S/N"
-3.05423597104545,40.610316026711,1089,1495,204,858,ELENA GARCIA MEDINA,19142,949290007,GU-007-F,19161000101,LUPIANA,286,191610001,LUPIANA,286,19161,LUPIANA,GUADALAJARA,HORCHE,GUADALAJARA, ,5,GUADALAJARA,5-01,595,"495411,9133","4495501,3237","40.6103160276434, -3.05423597104545",40.6103160276434,-3.05423597104545,"CALLE SOLEDAD, 7"
-2.74821296953699,40.954046004027,1090,1496,205,859,ANA MARIA ORTEGO GIL,19294,949305027,GU-063-F,19168000201,MANDAYONA,273,191680002,MANDAYONA,273,19168,MANDAYONA,GUADALAJARA,SIGÜENZA,GUADALAJARA, ,5,GUADALAJARA,5-02,635,"521190,3851","4533686,2713","40.954046004961, -2.74821296953699",40.954046004961,-2.74821296953699,"PLAZA DE ESPAÑA, 1"
-2.20343795984348,41.0460809826512,1091,1497,206,860,MERCEDES SILVESTRE DEL VAL,19280,949839663,GU-029-F,19170000401,MARANCHON,198,191700004,MARANCHON,198,19170,MARANCHÓN,GUADALAJARA,MARANCHON,GUADALAJARA, ,5,GUADALAJARA,5-03,602,"566945,7092","4544178,1057","41.0460809835857, -2.20343795984348",41.0460809835857,-2.20343795984348,"CALLE NUEVA, 1"
-3.2032970387986,40.6697940325019,1092,1498,207,861,IRENE FERNANDEZ-VILLACAÑAS VELA,19180, ,GU-033-F,19171000101,MARCHAMALO,8030,191710001,MARCHAMALO,8030,19171,MARCHAMALO,GUADALAJARA,"CAMPIÑA,LA",GUADALAJARA, ,5,GUADALAJARA,5-04,537,"482817,3591","4502121,9861","40.6697940334346, -3.20329703879861",40.6697940334346,-3.20329703879861,"CALLE DE LOS POLLOS, 22"
-1.85367197563725,38.9909260079432,1093,1499,208,41,Mª CELIA GARCIA JIMENEZ,02002,967214022,AB-023-F,02003000201,ALBACETE,165263,020030002,ALBACETE,165785,02003,ALBACETE,ALBACETE,ALBACETE,ALBACETE, ,1,ALBACETE,1-01,10,"599276,6258","4316394,5504","38.990926008866, -1.85367197563725",38.990926008866,-1.85367197563725,"CALLE TEJARES, 21"
-1.84890896763404,38.9889399810238,1094,1500,209,42,MARIA DE SALES PICAZO FERRANDO,02002,967243496,AB-020-F,02003000201,ALBACETE,165263,020030002,ALBACETE,165785,02003,ALBACETE,ALBACETE,ALBACETE,ALBACETE, ,1,ALBACETE,1-01,1,"599691,9195","4316179,3542","38.9889399819467, -1.84890896763404",38.9889399819467,-1.84890896763404,"CALLE HERMANOS FALCO, 6"
-1.85155799407009,38.9925710100024,1095,1501,210,43,TERESA DELGADO VALCARCEL,02001,967211559,AB-009-F,02003000201,ALBACETE,165263,020030002,ALBACETE,165785,02003,ALBACETE,ALBACETE,ALBACETE,ALBACETE, ,1,ALBACETE,1-01,25,"599457,4076","4316579,4127","38.9925710109253, -1.85155799407009",38.9925710109253,-1.85155799407009,"PLAZA CARRETAS, 11"
-1.85043700783319,38.9951690204218,1096,1502,211,44,ROSA MARIA VIDAL CATALA,02001,967211791,AB-086-F,02003000201,ALBACETE,165263,020030002,ALBACETE,165785,02003,ALBACETE,ALBACETE,ALBACETE,ALBACETE, ,1,ALBACETE,1-01,25,"599550,8496","4316868,9538","38.9951690213447, -1.85043700783319",38.9951690213447,-1.85043700783319,"CALLE ALCALDE CONANGLA, 20"
-1.85076598969813,38.999165025149,1097,1503,212,45,INMACULADA MARTINEZ CARRASCO,02006,967211393,AB-096-F,02003000201,ALBACETE,165263,020030002,ALBACETE,165785,02003,ALBACETE,ALBACETE,ALBACETE,ALBACETE, ,1,ALBACETE,1-01,25,"599516,7612","4317312,0536","38.9991650260719, -1.85076598969813",38.9991650260719,-1.85076598969813,"CALLE VICENTE ALEIXANDRE, 10"
-1.84939297149036,38.9967970418132,1098,1504,213,46,M. MERCEDES MARTINEZ PEREZ,02001,967213516,AB-045-F,02003000201,ALBACETE,165263,020030002,ALBACETE,165785,02003,ALBACETE,ALBACETE,ALBACETE,ALBACETE, ,1,ALBACETE,1-01,25,"599638,9811","4317050,7668","38.9967970427361, -1.84939297149036",38.9967970427361,-1.84939297149036,"CALLE JOSE ISBERT, 7"
-1.8529089963793,38.9961959808018,1099,1505,214,47,VICTORIA MANSILLA CILLER,02001,967216246,AB-010-F,02003000201,ALBACETE,165263,020030002,ALBACETE,165785,02003,ALBACETE,ALBACETE,ALBACETE,ALBACETE, ,1,ALBACETE,1-01,25,"599335,3362","4316980,2212","38.9961959817247, -1.8529089963793",38.9961959817247,-1.8529089963793,"PASEO DE LA LIBERTAD, 11"
-1.85859797306784,39.0019909660413,1100,1506,215,48,MARGARITA MOLINA ALFARO,02001,967219188,AB-030-F,02003000201,ALBACETE,165263,020030002,ALBACETE,165785,02003,ALBACETE,ALBACETE,ALBACETE,ALBACETE, ,1,ALBACETE,1-01,25,"598834,6073","4317617,1315","39.0019909669643, -1.85859797306784",39.0019909669643,-1.85859797306784,"CALLE IGNACIO MONTURIOL, 3"
-1.86072695900359,38.9994420078783,1101,1507,216,49,HERMINIA PANADERO DENIA,02005,967218177,AB-016-F,02003000201,ALBACETE,165263,020030002,ALBACETE,165785,02003,ALBACETE,ALBACETE,ALBACETE,ALBACETE, ,1,ALBACETE,1-01,5,"598653,7924","4317331,9496","38.9994420088012, -1.86072695900359",38.9994420088012,-1.86072695900359,"AVENIDA ISABEL LA CATOLICA, 37"
-1.85328801318854,38.9977560368296,1102,1508,217,256,"HERMANAS LUCAS DEL POZO, C.B.",02001, ,AB-199-F,02003000201,ALBACETE,165263,020030002,ALBACETE,165785,02003,ALBACETE,ALBACETE,ALBACETE,ALBACETE,12 HORAS,1,ALBACETE,1-01,25,"599300,3326","4317152,936","38.9977560377526, -1.85328801318854",38.9977560377526,-1.85328801318854,"CALLE SAN ANTONIO, 34"
-1.85565701104867,38.9985759772495,1103,1509,218,257,Mª ROSA Y JESUS LOPEZ-TORRES,02005, ,AB-212-F,02003000201,ALBACETE,165263,020030002,ALBACETE,165785,02003,ALBACETE,ALBACETE,ALBACETE,ALBACETE, ,1,ALBACETE,1-01,5,"599094,038","4317241,348","38.9985759781724, -1.85565701104867",38.9985759781724,-1.85565701104867,"CALLE CARMEN, 27"
-1.84942696012596,38.9929580378513,1104,1510,219,258,MANUELA GONZALEZ LORENZO,02001, ,AB-205-F,02003000201,ALBACETE,165263,020030002,ALBACETE,165785,02003,ALBACETE,ALBACETE,ALBACETE,ALBACETE, ,1,ALBACETE,1-01,25,"599641,4219","4316624,6935","38.9929580387741, -1.84942696012596",38.9929580387741,-1.84942696012596,"CALLE CRUZ, 37"
-3.13196462325769,40.0191906634347,1105,1511,220,825,DARIO HUERTA ASENSIO,16470,969322373,CU-131-F,16279000101,ZARZA DE TAJO,268,162790001,ZARZA DE TAJO,268,16279,ZARZA DE TAJO,CUENCA,TARANCON,CUENCA, ,4,CUENCA,4-06,475,"488738,6917","4429895,5376","40.019190664364, -3.13196462325769",40.019190664364,-3.13196462325769,"CALLE SALITRERIA, 2"
-2.84416195389406,40.3083879907669,1106,1512,221,826,ANTONIA SANTIAGO BADIA,19117,949376255,GU-091-F,19006000101,ALBALATE DE ZORITA,686,190060001,ALBALATE DE ZORITA,686,19006,ALBALATE DE ZORITA,GUADALAJARA,PASTRANA,GUADALAJARA, ,5,GUADALAJARA,5-01,615,"513242,257","4461997,8332","40.3083879916978, -2.84416195389406",40.3083879916978,-2.84416195389406,"PLAZA FRAY MARTIN, 5"
-3.01064883891552,40.3072992374457,1107,1513,222,827,FCO JAVIER MORENO LOPEZ,19112,949380950,GU-084-F,19007000101,ALBARES,518,190070001,ALBARES,518,19007,ALBARES,GUADALAJARA,MONDEJAR,GUADALAJARA, ,5,GUADALAJARA,5-01,610,"499095,1061","4461865,3903","40.3072992383765, -3.01064883891552",40.3072992383765,-3.01064883891552,"CALLE ABAJO, 35"
-2.61036397484862,40.4697469795759,1108,1514,223,828,Mª SAGRARIO DE SAN ANDRES MARTINEZ,19125,949355114,GU-100-F,19009000101,ALCOCER,315,190090001,ALCOCER,315,19009,ALCOCER,GUADALAJARA,SACEDON,GUADALAJARA, ,5,GUADALAJARA,5-01,630,"533030,2301","4479969,5552","40.4697469805076, -2.61036397484862",40.4697469805076,-2.61036397484862,"CALLE MAYOR, 60"
-2.46692401316335,41.0364449828452,1109,1515,224,829,ESTHER JIMENEZ ABANADES,19260,949300004,GU-035-F,19011000101,ALCOLEA DEL PINAR,236,190110001,ALCOLEA DEL PINAR,236,19011,ALCOLEA DEL PINAR,GUADALAJARA,ALCOLEA DEL PINAR,GUADALAJARA, ,5,GUADALAJARA,5-02,520,"544807,8932","4542939,6678","41.0364449837797, -2.46692401316335",41.0364449837797,-2.46692401316335,"CALLE REAL, 40"
-2.82503515953583,40.5255068586578,1110,1516,225,830,JOSE MARIA GALLEGO LOPEZ,19132,949284052,GU-097-F,19018000101,ALHONDIGA,158,190180001,ALHONDIGA,158,19018,ALHÓNDIGA,GUADALAJARA,SACEDON,GUADALAJARA, ,5,GUADALAJARA,5-01,630,"514819,8328","4486100,6985","40.5255068595898, -2.82503515953583",40.5255068595898,-2.82503515953583,"CALLE PLAZA DE ESPAÑA, 13-A"
-2.98289096819332,40.2975149678689,1111,1517,226,831,Mª ANGELA SANCHEZ BARCO,19115,949380112,GU-113-F,19021000101,ALMOGUERA,1241,190210001,ALMOGUERA,1241,19021,ALMOGUERA,GUADALAJARA,MONDEJAR,GUADALAJARA, ,5,GUADALAJARA,5-01,610,"501454,0639","4460779,4612","40.2975149687997, -2.98289096819332",40.2975149687997,-2.98289096819332,"CALLE CASTILLA-LA MANCHA, 4"
-2.84981601192239,40.3275820069112,1112,1518,227,832,ELENA HERRERA ESCUDERO (REGENTE),19118,949376213,GU-023-F,19022000101,ALMONACID DE ZORITA,643,190220001,ALMONACID DE ZORITA,643,19022,ALMONACID DE ZORITA,GUADALAJARA,PASTRANA,GUADALAJARA, ,5,GUADALAJARA,5-01,615,"512758,1929","4464127,4698","40.3275820078422, -2.84981601192239",40.3275820078422,-2.84981601192239,"PLAZA DEL COSO, 12"
-1.65933002767445,40.6161819754844,1113,1519,228,833,VICENTE ALCAÑIZ RANDEZ,19230,974714105,GU-049-F,19027000101,ALUSTANTE,137,190270001,ALUSTANTE,137,19027,ALUSTANTE,GUADALAJARA,CHECA,GUADALAJARA, ,5,GUADALAJARA,5-03,550,"613405,5254","4497014,8556","40.6161819764168, -1.65933002767445",40.6161819764168,-1.65933002767445,"CALLE IGLESIA, 4"
-2.36717000164133,41.0267350080395,1114,1520,229,834,MARIA JESUS FERNANDEZ HERNANDEZ,19283,949304553,GU-095-F,19032000201,ANGUITA,97,190320002,ANGUITA,97,19032,ANGUITA,GUADALAJARA,ALCOLEA DEL PINAR,GUADALAJARA, ,5,GUADALAJARA,5-02,520,"553200,6124","4541917,7658","41.0267350089739, -2.36717000164133",41.0267350089739,-2.36717000164133,"CALLE TRAVESIA, 8"
-3.07816998191764,40.4928399981672,1115,1521,230,835,EVELIA HERREROS ZORITA,19141,949292337,GU-082-F,19036000101,ARANZUEQUE,358,190360001,ARANZUEQUE,358,19036,ARANZUEQUE,GUADALAJARA,HORCHE,GUADALAJARA, ,5,GUADALAJARA,5-01,595,"493375,6515","4482462,9076","40.492839999099, -3.07816998191764",40.492839999099,-3.07816998191764,"CALLE DEL CURA, 32"
-2.8709670749762,41.2000176817008,1116,1522,231,836,ANA MARIA GUILLEN TORREGROSA,19270,949399012,GU-048-F,19044000201,ATIENZA,375,190440002,ATIENZA,375,19044,ATIENZA,GUADALAJARA,ATIENZA,GUADALAJARA, ,5,GUADALAJARA,5-02,525,"510818,9957","4560969,3331","41.2000176826359, -2.87096707497621",41.2000176826359,-2.87096707497621,"PLAZA DE ESPAÑA, 11"
-2.79062797837903,40.5165400277846,1117,1523,232,837,PILAR SANCHEZ SILVA,19130,949350129,GU-093-F,19045000101,AUÑON,148,190450001,AUÑON,148,19045,AUÑÓN,GUADALAJARA,SACEDON,GUADALAJARA, ,5,GUADALAJARA,5-01,630,"517736,5472","4485111,7285","40.5165400287166, -2.79062797837903",40.5165400287166,-2.79062797837903,"PLAZA MAYOR, S/N"
-2.86976599430853,40.7599210310221,1118,1524,233,838,CONCEPCION JARAIZ DE LA SIERRA,19400,949283454,GU-104-F,19053000301,BRIHUEGA,1981,190530003,BRIHUEGA,1981,19053,BRIHUEGA,GUADALAJARA,BRIHUEGA,GUADALAJARA, ,5,GUADALAJARA,5-01,535,"510992,5268","4512114,7321","40.7599210319552, -2.86976599430853",40.7599210319552,-2.86976599430853,"CALLE MAYOR, 14"
-2.75714800193881,40.6277579555275,1119,1525,234,839,HELIODORA BERMEJO RAMOS,19133,949283454,GU-099-F,19054000101,BUDIA,190,190540001,BUDIA,190,19054,BUDIA,GUADALAJARA,SACEDON,GUADALAJARA, ,5,GUADALAJARA,5-01,630,"520538,7077","4497464,3441","40.62775795646, -2.75714800193881",40.62775795646,-2.75714800193881,"PLAZA ESPAÑA,S/N"
-3.24909302682776,41.0012060045263,1120,1526,235,882,ESPERANZA GOMEZ SANCHEZ,19222,949859034,GU-034-F,19262000401,TAMAJON,108,192620004,TAMAJON,108,19262,TAMAJÓN,GUADALAJARA,COGOLLUDO,GUADALAJARA, ,5,GUADALAJARA,5-02,560,"479051,2676","4538920,8158","41.0012060054606, -3.24909302682776",41.0012060054606,-3.24909302682776,"TRAVESIA PRIMERA, S/N"
-3.12832203727631,40.6536179746068,1121,1527,236,883,MERCEDES CHACON GARCES,19193, ,GU-051-F,19130000401,TARACENA,524,191300004,TARACENA,524,19130,GUADALAJARA,GUADALAJARA,GUADALAJARA,GUADALAJARA, ,5,GUADALAJARA,5-04,587,"489151,6188","4500314,444","40.6536179755394, -3.12832203727631",40.6536179755394,-3.12832203727631,"CALLE REAL, S/N"
-2.95833701920004,40.5442719699995,1122,1528,237,884,MARIA DE LAS AZUCENAS OJEDA SAEZ,19134,949295180,GU-090-F,19266000101,TENDILLA,315,192660001,TENDILLA,315,19266,TENDILLA,GUADALAJARA,HORCHE,GUADALAJARA, ,5,GUADALAJARA,5-01,595,"503527,9433","4488169,766","40.5442719709315, -2.95833701920004",40.5442719709315,-2.95833701920004,"PZA. DE LA CONSTITUCION, 5"
-3.03215000243552,40.7437460086896,1123,1529,238,885,Mª ANGELES MENENDEZ GONZALEZ,19190,949320013,GU-067-F,19274000201,TORIJA,1607,192740002,TORIJA,1607,19274,TORIJA,GUADALAJARA,GUADALAJARA,GUADALAJARA, ,5,GUADALAJARA,5-04,587,"497285,6907","4510311,5691","40.7437460096227, -3.03215000243552",40.7437460096227,-3.03215000243552,"C/ LA FUENTE, 7"
-3.33774799908099,40.6464469875282,1124,1530,239,886,JOAQUIN RUBIO PEREZ,19174,949339386,GU-025-F,19280000201,TORREJON DEL REY,1255,192800002,TORREJON DEL REY,1255,19280,TORREJÓN DEL REY,GUADALAJARA,CABANILLAS DEL CAMPO,GUADALAJARA, ,5,GUADALAJARA,5-04,536,"471443,6105","4499565,3565","40.6464469884608, -3.33774799908099",40.6464469884608,-3.33774799908099,"C/ ANCHA, 50"
-3.9440709683328,39.7957340329203,1125,1532,241,1017,MARIA CRISTINA MARTIN-PEÑATO ECHEVARRIA,45190,925366060,TO-194-F,45107000101,NAMBROCA,4201,451070001,NAMBROCA,4201,45107,NAMBROCA,TOLEDO,TOLEDO-3-STA Mª BENQUERENCIA,TOLEDO, ,7,TOLEDO,7-04,845,"419174,1105","4405512,3207","39.7957340338483, -3.9440709683328",39.7957340338483,-3.9440709683328,"CALLE TROYA, 29"
-4.98805201609033,39.6518279817372,1126,1533,242,1018,RUFINO MUÑOZ GARCIA,45670,925444440,TO-066-F,45108000101,NAVA DE RICOMALILLO (LA),493,451080001,NAVA DE RICOMALILLO (LA),493,45108,LA NAVA DE RICOMALILLO,TOLEDO,"NAVA DE RICOMALILLO,LA",TALAVERA DE LA REINA, ,6,TALAVERA,6-02,740,"329435,3127","4391003,394","39.6518279826643, -4.98805201609033",39.6518279826643,-4.98805201609033,"AVENIDA DE LA TARA, 46"
-4.47182703185607,39.6362660249207,1127,1534,243,1019,BELEN ANGULO GASCON,45150,925410054,TO-164-F,45109000101,NAVAHERMOSA,3510,451090001,NAVAHERMOSA,3510,45109,NAVAHERMOSA,TOLEDO,NAVAHERMOSA,TOLEDO, ,7,TOLEDO,7-05,742,"373698,6091","4388422,5393","39.6362660258478, -4.47182703185607",39.6362660258478,-4.47182703185607,"CALLE RAÑA, 51"
-5.09401502706051,40.0686469756745,1128,1535,244,1020,Mª DOLORES PITA DA VEIGA CORRAL,45610,925700035,TO-068-F,45110000101,NAVALCAN,1888,451100001,NAVALCAN,1888,45110,NAVALCÁN,TOLEDO,VELADA,TALAVERA DE LA REINA, ,6,TALAVERA,6-01,827,"321427,7321","4437477,4443","40.068646976604, -5.09401502706051",40.068646976604,-5.09401502706051,"CALLE ISABEL DE LA TORRE, 27"
-4.64328197323911,39.7230580166545,1129,1536,245,1021,JAVIER CEBAS GREGORIO,45140,925404982,TO-070-F,45112000101,NAVALMORALES (LOS),2136,451120001,NAVALMORALES (LOS),2136,45112,LOS NAVALMORALES,TOLEDO,"NAVALMORALES,LOS",TALAVERA DE LA REINA, ,6,TALAVERA,6-02,750,"359161,3422","4398311,0265","39.723058017582, -4.64328197323911",39.723058017582,-4.64328197323911,"CALLE CONCEPCION, 49"
-4.64118202488542,39.6660779977054,1130,1537,246,1022,ANTONIO RAMOS MARTIN,45130,925426513,TO-071-F,45113000201,NAVALUCILLOS (LOS),1808,451130002,NAVALUCILLOS (LOS),1808,45113,LOS NAVALUCILLOS,TOLEDO,"NAVALMORALES,LOS",TALAVERA DE LA REINA, ,6,TALAVERA,6-02,750,"359225,5939","4391983,3545","39.6660779986326, -4.64118202488542",39.6660779986326,-4.64118202488542,"PLAZA DEL ALAMO, 20"
-4.78554995614723,40.1573220349014,1131,1538,247,1023,MARIA SANCHEZ RODRIGUEZ,45630,925868005,TO-074-F,45114000101,NAVAMORCUENDE,595,451140001,NAVAMORCUENDE,595,45114,NAVAMORCUENDE,TOLEDO,NAVAMORCUENDE,TALAVERA DE LA REINA, ,6,TALAVERA,6-01,755,"347932,1515","4446746,9975","40.1573220358314, -4.78554995614723",40.1573220358314,-4.78554995614723,"PLAZA PALACIO, 37"
-3.44071801988491,39.9806189952554,1132,1539,248,1024,MARIA DEL CARMEN VILLAJOS SANTIAGO,45350,925140159,TO-075-F,45115000101,NOBLEJAS,3854,451150001,NOBLEJAS,3854,45115,NOBLEJAS,TOLEDO,NOBLEJAS,TOLEDO, ,7,TOLEDO,7-02,760,"462369,7432","4425699,1117","39.9806189961845, -3.44071801988492",39.9806189961845,-3.44071801988492,CALLE EZEQUIEL GARCIA DE LA RO
-3.44211103967949,39.9798170270518,1133,1540,249,1025,ISABEL-REMEDIOS RODRIGUEZ GARCIA-BRAVO,45350,925148027,TO-338-F,45115000101,NOBLEJAS,3854,451150001,NOBLEJAS,3854,45115,NOBLEJAS,TOLEDO,NOBLEJAS,TOLEDO, ,7,TOLEDO,7-02,760,"462250,3599","4425610,6897","39.9798170279808, -3.44211103967949",39.9798170279808,-3.44211103967949,"CALLE EMPEDRADA, 13"
-4.18400703533915,39.7399320103207,1134,1541,250,1026,BEATRIZ VIVAR GUTIERREZ,45162,925374121,TO-069-F,45116000101,NOEZ,942,451160001,NOEZ,942,45116,NOEZ,TOLEDO,POLAN,TOLEDO, ,7,TOLEDO,7-05,775,"398549,8109","4399563,0517","39.7399320112483, -4.18400703533915",39.7399320112483,-4.18400703533915,"PLAZA VIRGEN DE PEGINES, 7"
-4.50601804027189,40.1545059789705,1135,1542,251,1027,Mª LUISA RECIO GOMEZ,45917,925792075,TO-076-F,45117000101,NOMBELA,832,451170001,NOMBELA,881,45117,NOMBELA,TOLEDO,ESCALONA,TOLEDO, ,7,TOLEDO,7-06,705,"371734,4407","4445993,2809","40.1545059799006, -4.50601804027189",40.1545059799006,-4.50601804027189,"CALLE ANCHA, 44"
-4.2747470474268,40.0466230353201,1136,1543,252,1028,ENRIQUE GARCIA-MORENO HERNANDEZ,45519,925778126,TO-077-F,45118000101,NOVES,3236,451180001,NOVES,3236,45118,NOVÉS,TOLEDO,TORRIJOS,TOLEDO, ,7,TOLEDO,7-06,855,"391260,4516","4433710,3111","40.0466230362495, -4.2747470474268",40.0466230362495,-4.2747470474268,"CALLE TORIL, 7"
-5.17454200297236,39.9178249828911,1137,1544,253,1035,MARÍA SÁNCHEZ PÉREZ,45560, ,TO-082-F,45125000201,OROPESA,2571,451250002,OROPESA,2571,45125,OROPESA,TOLEDO,OROPESA,TALAVERA DE LA REINA, ,6,TALAVERA,6-01,770,"314151,4671","4420900,3285","39.9178249838198, -5.17454200297236",39.9178249838198,-5.17454200297236,"CALLE HOSPITAL, 2"
-4.51421797162848,40.0008489871813,1138,1545,254,1036,Mª VICTORIA GOMEZ-OLMEDO ROSADO,45543,925863617,TO-259-F,45126000101,OTERO,242,451260001,OTERO,242,45126,OTERO,TOLEDO,SANTA OLALLA,TALAVERA DE LA REINA, ,6,TALAVERA,6-03,805,"370745,764","4428949,4701","40.0008489881105, -4.51421797162848",40.0008489881105,-4.51421797162848,"CALLE IGLESIA, 14"
-3.38535895623505,38.7584919642837,1139,1546,255,146,GASPAR NARANJO AVILA,13300,926321925,CR-156-F,13087000102,VALDEPEÑAS,29781,130870001,VALDEPEÑAS,29920,13087,VALDEPEÑAS,CIUDAD REAL,VALDEPEÑAS,CIUDAD REAL, ,3,VALDEPEÑAS,3-03,324,"466517,8977","4290047,2233","38.758491965205, -3.38535895623505",38.758491965205,-3.38535895623505,"CRISTO, 1"
-3.38624696010442,38.7608479921396,1140,1547,256,147,INMACULADA RUIZ OCTAVIO,13300,926321731,CR-155-F,13087000102,VALDEPEÑAS,29781,130870001,VALDEPEÑAS,29920,13087,VALDEPEÑAS,CIUDAD REAL,VALDEPEÑAS,CIUDAD REAL, ,3,VALDEPEÑAS,3-03,324,"466441,8462","4290308,99","38.7608479930609, -3.38624696010442",38.7608479930609,-3.38624696010442,"ESCUELAS, 34"
-3.38685304251853,38.7607079566947,1141,1548,257,148,MENCHEN C.B.,13300,926321630,CR-153-F,13087000102,VALDEPEÑAS,29781,130870001,VALDEPEÑAS,29920,13087,VALDEPEÑAS,CIUDAD REAL,VALDEPEÑAS,CIUDAD REAL, ,3,VALDEPEÑAS,3-03,324,"466389,1223","4290293,6731","38.760707957616, -3.38685304251853",38.760707957616,-3.38685304251853,"ESCUELAS, 53"
-3.3871950318276,38.7632439971968,1142,1549,258,149,ISABEL MARIA GOMEZ MOLINA,13300,926321615,CR-151-F,13087000102,VALDEPEÑAS,29781,130870001,VALDEPEÑAS,29920,13087,VALDEPEÑAS,CIUDAD REAL,VALDEPEÑAS,CIUDAD REAL, ,3,VALDEPEÑAS,3-03,324,"466360,5999","4290575,2158","38.7632439981181, -3.3871950318276",38.7632439981181,-3.3871950318276,"SEIS DE JUNIO, 26"
-3.3833980145581,38.7615199558893,1143,1550,259,150,ELENA PENCO FERNANDEZ,13300,926321870,CR-157-F,13087000102,VALDEPEÑAS,29781,130870001,VALDEPEÑAS,29920,13087,VALDEPEÑAS,CIUDAD REAL,VALDEPEÑAS,CIUDAD REAL, ,3,VALDEPEÑAS,3-03,324,"466689,6833","4290382,515","38.7615199568106, -3.3833980145581",38.7615199568106,-3.3833980145581,"REAL, 34"
-3.38854801614414,38.7592420182266,1144,1551,260,151,MARIA DEL PRADO GOMEZ BALCAZAR,13300,926320636,CR-282-F,13087000102,VALDEPEÑAS,29781,130870001,VALDEPEÑAS,29920,13087,VALDEPEÑAS,CIUDAD REAL,VALDEPEÑAS,CIUDAD REAL, ,3,VALDEPEÑAS,3-03,324,"466241,1671","4290131,6261","38.7592420191478, -3.38854801614414",38.7592420191478,-3.38854801614414,"CRISTO, 55"
-3.37874903648476,38.7592249873646,1145,1552,261,152,Mª ANGELES ALONSO MANZANARES,13300, ,CR-259-F,13087000102,VALDEPEÑAS,29781,130870001,VALDEPEÑAS,29920,13087,VALDEPEÑAS,CIUDAD REAL,VALDEPEÑAS,CIUDAD REAL, ,3,VALDEPEÑAS,3-03,325,"467092,5423","4290126,1672","38.7592249882859, -3.37874903648476",38.7592249882859,-3.37874903648476,"BATANEROS, 96"
-3.38416698173343,38.7751339991353,1146,1553,262,153,MARINA CARRASCO MARTINEZ,13300,926325050,CR-152-F,13087000102,VALDEPEÑAS,29781,130870001,VALDEPEÑAS,29920,13087,VALDEPEÑAS,CIUDAD REAL,VALDEPEÑAS,CIUDAD REAL,12 HORAS,3,VALDEPEÑAS,3-03,325,"466629,2166","4291893,5075","38.7751340000567, -3.38416698173343",38.7751340000567,-3.38416698173343,"CONSTITUCION, 3"
-3.38219700396994,38.7616549831151,1147,1554,263,154,JESUS  DE LA RUBIA LUCAS,13300,926323838,CR-154-F,13087000102,VALDEPEÑAS,29781,130870001,VALDEPEÑAS,29920,13087,VALDEPEÑAS,CIUDAD REAL,VALDEPEÑAS,CIUDAD REAL, ,3,VALDEPEÑAS,3-03,324,"466794,0922","4290397,0621","38.7616549840364, -3.38219700396994",38.7616549840364,-3.38219700396994,"BUENSUCESO, 54"
-3.38266745842477,38.7656270932588,1148,1555,264,155,DOLORES GEMA CANTOS RODRIGUEZ,13300,926313426,CR-288-F,13087000102,VALDEPEÑAS,29781,130870001,VALDEPEÑAS,29920,13087,VALDEPEÑAS,CIUDAD REAL,VALDEPEÑAS,CIUDAD REAL, ,3,VALDEPEÑAS,3-03,325,"466755,0614","4290838,0065","38.7656270941801, -3.38266745842477",38.7656270941801,-3.38266745842477,"CALLE SALIDA DEL PERAL, 1"
-3.38420402766872,38.757122033593,1149,1556,265,156,RAUL GOMEZ GARCIA,13300, ,CR-258-F,13087000102,VALDEPEÑAS,29781,130870001,VALDEPEÑAS,29920,13087,VALDEPEÑAS,CIUDAD REAL,VALDEPEÑAS,CIUDAD REAL, ,3,VALDEPEÑAS,3-03,324,"466617,6064","4289894,7843","38.7571220345143, -3.38420402766872",38.7571220345143,-3.38420402766872,"LUIS PALACIOS, 20"
-3.39033496730182,38.768348980468,1150,1557,266,157,JAIME SANTA MARIA MEJIA,13300,926322715,CR-150-F,13087000102,VALDEPEÑAS,29781,130870001,VALDEPEÑAS,29920,13087,VALDEPEÑAS,CIUDAD REAL,VALDEPEÑAS,CIUDAD REAL, ,3,VALDEPEÑAS,3-03,324,"466090,2187","4291142,8603","38.7683489813893, -3.39033496730182",38.7683489813893,-3.39033496730182,"ESTUDIANTES, 44"
-3.38767700090839,38.7657369551283,1151,1558,267,158,ROSA GRACIA MADUEÑO,13300,926310549,CR-299-F,13087000102,VALDEPEÑAS,29781,130870001,VALDEPEÑAS,29920,13087,VALDEPEÑAS,CIUDAD REAL,VALDEPEÑAS,CIUDAD REAL, ,3,VALDEPEÑAS,3-03,324,"466319,8984","4290852,0295","38.7657369560496, -3.38767700090839",38.7657369560496,-3.38767700090839,"DE LOS ESTUDIANTES, 4"
-1.09779697728577,38.869414956858,1152,1559,268,159,LLANOS MORENO RODRIGUEZ,02640, ,AB-222-F,02009000101,ALMANSA,24224,020090001,ALMANSA,24224,02009,ALMANSA,ALBACETE,ALMANSA,ALBACETE, ,1,ALMANSA,1-03,35,"665023,9417","4304005,0222","38.8694149577801, -1.09779697728577",38.8694149577801,-1.09779697728577,"CALLE ANICETO COLOMA, 29"
-4.83926995622194,39.9643140150087,1153,1560,269,409,ANA MARIA DEL PINO CORROCHANO,45600, ,TO-323-F,45165000601,TALAVERA DE LA REINA,79975,451650006,TALAVERA DE LA REINA,79975,45165,TALAVERA DE LA REINA,TOLEDO,TALAVERA,TALAVERA DE LA REINA, ,6,TALAVERA,6-01,826,"342913,9945","4425416,2193","39.9643140159377, -4.83926995622195",39.9643140159377,-4.83926995622195,"AVENIDA FRANCISCO AGUIRRE, 288"
-4.83745797931147,39.9641850435826,1154,1561,270,410,JOSE DEL VALLE LOARTE,45600,925802070,TO-183-F,45165000601,TALAVERA DE LA REINA,79975,451650006,TALAVERA DE LA REINA,79975,45165,TALAVERA DE LA REINA,TOLEDO,TALAVERA,TALAVERA DE LA REINA, ,6,TALAVERA,6-01,826,"343068,4639","4425398,7129","39.9641850445116, -4.83745797931147",39.9641850445116,-4.83745797931147,"CALLE COMUNEROS DE CASTILLA, 22"
-4.83608195730672,39.9654510186625,1155,1562,271,411,ANA Mª MARTIN HERRERA,45600,925810821,TO-293-F,45165000601,TALAVERA DE LA REINA,79975,451650006,TALAVERA DE LA REINA,79975,45165,TALAVERA DE LA REINA,TOLEDO,TALAVERA,TALAVERA DE LA REINA, ,6,TALAVERA,6-01,826,"343188,8862","4425536,8148","39.9654510195915, -4.83608195730672",39.9654510195915,-4.83608195730672,"AVENIDA FRANCISCO AGUIRRE, 257"
-4.85284496233276,39.9517219618873,1156,1563,272,412,TERESA DURAN REGIDOR,45600,925801953,TO-185-F,45165000601,TALAVERA DE LA REINA,79975,451650006,TALAVERA DE LA REINA,79975,45165,TALAVERA DE LA REINA,TOLEDO,TALAVERA,TALAVERA DE LA REINA, ,6,TALAVERA,6-01,826,"341725,488","4424042,5089","39.9517219628162, -4.85284496233276",39.9517219628162,-4.85284496233276,"CALLE SAN MARCOS, 52"
-4.02152997433532,39.8597230041915,1157,1564,273,413,IGNACIO CASTRO SIERRA,45001,925221768,TO-121-F,45168000103,TOLEDO,59391,451680001,TOLEDO,85085,45168,TOLEDO,TOLEDO,TOLEDO,TOLEDO, ,7,TOLEDO,7-04,835,"412623,5046","4412687,2803","39.8597230051198, -4.02152997433532",39.8597230051198,-4.02152997433532,"PLAZA ZOCODOVER, 6"
-4.02268502739951,39.8582600265667,1158,1565,274,414,Mª DEL ROCIO LORENZO VILLARREAL,45001,925223671,TO-118-F,45168000103,TOLEDO,59391,451680001,TOLEDO,85085,45168,TOLEDO,TOLEDO,TOLEDO,TOLEDO,12 HORAS,7,TOLEDO,7-04,835,"412522,8476","4412526,0331","39.858260027495, -4.02268502739951",39.858260027495,-4.02268502739951,"CALLE TORNERIAS, 13"
-4.02703400968782,39.8568389722934,1159,1566,275,415,ISABEL MARTIN MAYORAL,45002,925223696,TO-122-F,45168000103,TOLEDO,59391,451680001,TOLEDO,85085,45168,TOLEDO,TOLEDO,TOLEDO,TOLEDO, ,7,TOLEDO,7-04,835,"412149,0305","4412372,5743","39.8568389732217, -4.02703400968782",39.8568389732217,-4.02703400968782,"CALLE PLAZA DEL SALVADOR, 7"
-4.02441202191691,39.8578840186206,1160,1567,276,416,BEATRIZ GONZALEZ ALVAREZ,45001,925222103,TO-120-F,45168000103,TOLEDO,59391,451680001,TOLEDO,85085,45168,TOLEDO,TOLEDO,TOLEDO,TOLEDO, ,7,TOLEDO,7-04,835,"412374,645","4412485,9912","39.8578840195489, -4.02441202191691",39.8578840195489,-4.02441202191691,"CALLE HOMBRE DE PALO, 1"
-4.02507400517114,39.8614739549591,1161,1568,277,417,JOSE ALEJANDRO GARCIA SANCHO,45003,925220793,TO-126-F,45168000103,TOLEDO,59391,451680001,TOLEDO,85085,45168,TOLEDO,TOLEDO,TOLEDO,TOLEDO, ,7,TOLEDO,7-04,835,"412322,589","4412885,09","39.8614739558875, -4.02507400517114",39.8614739558875,-4.02507400517114,"CALLE REAL DEL ARRABAL, 10"
-4.02564004798361,39.8590950017924,1162,1569,278,418,JUAN PABLO JIMENEZ BUGER,45002,925223872,TO-123-F,45168000103,TOLEDO,59391,451680001,TOLEDO,85085,45168,TOLEDO,TOLEDO,TOLEDO,TOLEDO, ,7,TOLEDO,7-04,835,"412271,1432","4412621,6036","39.8590950027208, -4.02564004798361",39.8590950027208,-4.02564004798361,"CALLE CARDENAL LORENZANA, 4"
-4.06257306140514,39.889275659592,1163,1570,279,419,ERNESTO JOSE PEREZ MORALEDA,45005,925222939,TO-119-F,45168000103,TOLEDO,59391,451680001,TOLEDO,85085,45168,TOLEDO,TOLEDO,TOLEDO,TOLEDO, ,7,TOLEDO,7-04,835,"409151,8191","4416008,2929","39.8892756605205, -4.06257306140514",39.8892756605205,-4.06257306140514,"AVDA. DE LA LEGUA, 3 - LOCAL 1"
-4.02369897700699,39.8686919846826,1164,1571,280,420,ANA Mª GALAN MATEO,45003,925227375,TO-195-F,45168000103,TOLEDO,59391,451680001,TOLEDO,85085,45168,TOLEDO,TOLEDO,TOLEDO,TOLEDO, ,7,TOLEDO,7-04,840,"412449,3771","4413684,8772","39.8686919856111, -4.02369897700699",39.8686919856111,-4.02369897700699,"AVENIDA GENERAL VILLALBA, 10"
-4.02841299876982,39.8657709917987,1165,1572,281,421,SUSANA GIL GONZALEZ,45004,925220389,TO-165-F,45168000103,TOLEDO,59391,451680001,TOLEDO,85085,45168,TOLEDO,TOLEDO,TOLEDO,TOLEDO, ,7,TOLEDO,7-04,840,"412042,4777","4413365,3023","39.8657709927271, -4.02841299876983",39.8657709927271,-4.02841299876983,"AVENIDA RECONQUISTA, 14"
-3.01866295713376,39.1615909762982,1166,1573,318,144,MANUEL MARTINEZ LOPEZ,13700, ,CR-245-F,13082000201,TOMELLOSO,36024,130820002,TOMELLOSO,36024,13082,TOMELLOSO,CIUDAD REAL,TOMELLOSO,LA MANCHA-CENTRO, ,2,TOMELLOSO,2-02,321,"498387,6241","4334708,9225","39.1615909772222, -3.01866295713376",39.1615909772222,-3.01866295713376,"SOCUELLAMOS, 69"
-3.38681401535153,38.7566430207307,1167,1574,319,145,MARIANO GONZALEZ LOPEZ,13300,926322133,CR-149-F,13087000102,VALDEPEÑAS,29781,130870001,VALDEPEÑAS,29920,13087,VALDEPEÑAS,CIUDAD REAL,VALDEPEÑAS,CIUDAD REAL, ,3,VALDEPEÑAS,3-03,324,"466390,6066","4289842,5849","38.756643021652, -3.38681401535153",38.756643021652,-3.38681401535153,"VIRGEN, 80"
-2.60855301995497,39.2642820025798,1168,1575,320,200,ROSA Mª CARCAMO VIGUERA,02600,967422984,AB-121-F,02081000301,VILLARROBLEDO,24874,020810003,VILLARROBLEDO,24874,02081,VILLARROBLEDO,ALBACETE,VILLARROBLEDO,ALBACETE, ,1,VILLARROBLEDO,1-08,135,"533769,6762","4346177,9181","39.2642820035045, -2.60855301995497",39.2642820035045,-2.60855301995497,"CALLE HIEDRA, 18"
-2.60375803553775,39.2733589933743,1169,1576,321,201,M. CARMEN Y JULIA M. LUNA,02600, ,AB-188-F,02081000301,VILLARROBLEDO,24874,020810003,VILLARROBLEDO,24874,02081,VILLARROBLEDO,ALBACETE,VILLARROBLEDO,ALBACETE, ,1,VILLARROBLEDO,1-08,135,"534178,9257","4347187,0526","39.273358994299, -2.60375803553775",39.273358994299,-2.60375803553775,"CALLE DOS DE MAYO, 127"
-2.59419099649817,39.2635430158971,1170,1577,322,202,CELSA ESLAVA DIAZ,02600, ,AB-202-F,02081000301,VILLARROBLEDO,24874,020810003,VILLARROBLEDO,24874,02081,VILLARROBLEDO,ALBACETE,VILLARROBLEDO,ALBACETE, ,1,VILLARROBLEDO,1-08,135,"535009,043","4346101,3636","39.2635430168218, -2.59419099649817",39.2635430168218,-2.59419099649817,"CALLE PEREZ GALDOS, 2"
-2.59539297330152,39.2707179634894,1171,1578,323,203,MARIA DOLORES POZO ARENAS,02600, ,AB-176-F,02081000301,VILLARROBLEDO,24874,020810003,VILLARROBLEDO,24874,02081,VILLARROBLEDO,ALBACETE,VILLARROBLEDO,ALBACETE,12 HORAS,1,VILLARROBLEDO,1-08,135,"534901,7894","4346897,1517","39.2707179644141, -2.59539297330152",39.2707179644141,-2.59539297330152,CALLE SAN CLEMENTE
-2.59717804304186,39.2653260111897,1172,1579,324,204,CARMEN VIRGINIA CALERO Y ANA ISABEL FERRANDO,02600,967146611,AB-174-F,02081000301,VILLARROBLEDO,24874,020810003,VILLARROBLEDO,24874,02081,VILLARROBLEDO,ALBACETE,VILLARROBLEDO,ALBACETE,12 HORAS,1,VILLARROBLEDO,1-08,135,"534750,4699","4346298,0836","39.2653260121145, -2.59717804304186",39.2653260121145,-2.59717804304186,"AVENIDA REYES CATOLICOS, 58"
-2.60578801839677,39.267059991011,1173,1580,325,205,MARIA GEMA MARIN LAGUNA,02600,967140336,AB-124-F,02081000301,VILLARROBLEDO,24874,020810003,VILLARROBLEDO,24874,02081,VILLARROBLEDO,ALBACETE,VILLARROBLEDO,ALBACETE, ,1,VILLARROBLEDO,1-08,135,"534006,8679","4346487,2451","39.2670599919357, -2.60578801839677",39.2670599919357,-2.60578801839677,"CALLE OCTAVIO CUARTERO, 24"
-2.60482302096737,39.2644989559628,1174,1581,326,206,MARIA MONTEJANO CAMACHO,02600,967140140,AB-123-F,02081000301,VILLARROBLEDO,24874,020810003,VILLARROBLEDO,24874,02081,VILLARROBLEDO,ALBACETE,VILLARROBLEDO,ALBACETE, ,1,VILLARROBLEDO,1-08,135,"534091,3548","4346203,3929","39.2644989568876, -2.60482302096737",39.2644989568876,-2.60482302096737,"CALLE MADRES, 8"
-2.61586798917491,39.2663279963825,1175,1582,327,207,ROGELIO MOLINA FONTAN,02600, ,AB-180-F,02081000301,VILLARROBLEDO,24874,020810003,VILLARROBLEDO,24874,02081,VILLARROBLEDO,ALBACETE,VILLARROBLEDO,ALBACETE, ,1,VILLARROBLEDO,1-08,135,"533137,6569","4346402,2724","39.2663279973072, -2.61586798917491",39.2663279973072,-2.61586798917491,"CTRA DE LAS MESAS, 9"
-2.60249403388215,39.263553005183,1176,1583,328,208,MARIA JOSEFA ROLDAN BAUTISTA,02600, ,AB-178-F,02081000301,VILLARROBLEDO,24874,020810003,VILLARROBLEDO,24874,02081,VILLARROBLEDO,ALBACETE,VILLARROBLEDO,ALBACETE, ,1,VILLARROBLEDO,1-08,135,"534292,7348","4346099,2941","39.2635530061077, -2.60249403388215",39.2635530061077,-2.60249403388215,"CALLE SAN ANTON, 7"
-4.23846100067374,40.1199789756192,1177,1584,509,1073,MARGARITA ROMAN BLAZQUEZ,45513,925794240,TO-263-F,45157000301,SANTA CRUZ DEL RETAMAR,2369,451570003,SANTA CRUZ DEL RETAMAR,2369,45157,SANTA CRUZ DEL RETAMAR,TOLEDO,FUENSALIDA,TOLEDO, ,7,TOLEDO,7-06,715,"394469,1817","4441808,8627","40.1199789765491, -4.23846100067374",40.1199789765491,-4.23846100067374,"CALLE EXTREMADURA, 34"
-4.23414699823505,40.2708400269852,1178,1585,510,1074,Mª DEL CARMEN SUAREZ RECIO,45513,918179912,TO-283-F,45157000101,CALALBERCHE,1285,451570001,CALALBERCHE,1285,45157,SANTA CRUZ DEL RETAMAR,TOLEDO,VALMOJADO,TOLEDO, ,7,TOLEDO,7-03,860,"395069,6193","4458549,0752","40.2708400279159, -4.23414699823505",40.2708400279159,-4.23414699823505,"AVENIDA MADRID, 12"
-4.42732801578257,40.0243070288392,1179,1586,511,1075,CRISTINA ALCALDE NOMBELA,45530,925797922,TO-107-F,45158000101,SANTA OLALLA,3387,451580001,SANTA OLALLA,3387,45158,SANTA OLALLA,TOLEDO,SANTA OLALLA,TALAVERA DE LA REINA, ,6,TALAVERA,6-03,805,"378204,7156","4431430,8151","40.0243070297685, -4.42732801578257",40.0243070297685,-4.42732801578257,"PLAZA MARTIRES, 7"
-4.32719796693945,40.012216971781,1180,1587,512,1076,RAQUEL BENAYAS MUÑOZ,45519,925779067,TO-132-F,45901000101,VAL DE SANTO DOMINGO,1111,459010001,SANTO DOMINGO-CAUDILLA,1111,45901,SANTO DOMINGO-CAUDILLA,TOLEDO,TORRIJOS,TOLEDO, ,7,TOLEDO,7-06,855,"386729,1952","4429956,7551","40.0122169727102, -4.32719796693945",40.0122169727102,-4.32719796693945,"CALLE CALVO SOTELO, 18"
-4.86577001679172,40.022979026131,1181,1588,513,1077,ALFONSO MASA MASA,45621,925890032,TO-212-F,45160000101,SEGURILLA,1366,451600001,SEGURILLA,1366,45160,SEGURILLA,TOLEDO,TALAVERA,TALAVERA DE LA REINA, ,6,TALAVERA,6-01,820,"340786,9048","4431975,0843","40.0229790270603, -4.86577001679172",40.0229790270603,-4.86577001679172,"CALLE CAPILLA, 16"
-4.96415502070014,39.5760769588533,1182,1589,514,1078,JESUS MARTINEZ UZQUIANO,45671,925455002,TO-172-F,45162000501,SEVILLEJA DE LA JARA,202,451620005,SEVILLEJA DE LA JARA,202,45162,SEVILLEJA DE LA JARA,TOLEDO,"NAVA DE RICOMALILLO,LA",TALAVERA DE LA REINA, ,6,TALAVERA,6-02,740,"331301,8502","4382550,2546","39.5760769597799, -4.96415502070014",39.5760769597799,-4.96415502070014,"CALLE CEMENTERIO, 4"
-3.970284847899,39.6794354451277,1183,1590,515,1079,ANA CRISTINA CHACON GAROZ,45100, ,TO-329-F,45163000201,SONSECA,11066,451630002,SONSECA,11066,45163,SONSECA,TOLEDO,SONSECA,TOLEDO, ,7,TOLEDO,7-01,810,"416790,0401","4392628,5584","39.679435446055, -3.970284847899",39.679435446055,-3.970284847899,"CALLE SOROLLA, 6"
-3.97693801097366,39.6819480390872,1184,1591,516,1080,Mª CONCEPCION DOMINGUEZ GARCIA,45100, ,TO-310-F,45163000201,SONSECA,11066,451630002,SONSECA,11066,45163,SONSECA,TOLEDO,SONSECA,TOLEDO, ,7,TOLEDO,7-01,810,"416222,5023","4392913,6151","39.6819480400145, -3.97693801097366",39.6819480400145,-3.97693801097366,"CALLE TOLEDO, 80"
-3.97511298535978,39.6763950347703,1185,1592,517,1081,MARIO GAROFANO GORDO,45100,925380108,TO-109-F,45163000201,SONSECA,11066,451630002,SONSECA,11066,45163,SONSECA,TOLEDO,SONSECA,TOLEDO, ,7,TOLEDO,7-01,810,"416372,3128","4392295,6009","39.6763950356976, -3.97511298535978",39.6763950356976,-3.97511298535978,"CALLE HERREROS, 1"
-3.97057503291553,39.6771200199076,1186,1593,518,1082,JESUS MEDINA FERNANDEZ,45100,925380527,TO-110-F,45163000201,SONSECA,11066,451630002,SONSECA,11066,45163,SONSECA,TOLEDO,SONSECA,TOLEDO, ,7,TOLEDO,7-01,810,"416762,3742","4392371,8454","39.6771200208348, -3.97057503291553",39.6771200208348,-3.97057503291553,"CALLE FRAY GABRIEL MAGDALENA, 4"
-3.9721369623651,39.6813180305902,1187,1594,519,1083,MARIA DEL CARMEN SANCHEZ CONDE,45100, ,TO-334-F,45163000201,SONSECA,11066,451630002,SONSECA,11066,45163,SONSECA,TOLEDO,SONSECA,TOLEDO, ,7,TOLEDO,7-01,810,"416633,4669","4392839,2203","39.6813180315175, -3.9721369623651",39.6813180315175,-3.9721369623651,"CALLE MOLINOS DE VIENTO, 13"
-4.82682998564406,40.1046160303745,1188,1595,520,1084,SANTIAGO MUÑOZ BERMEJO,45635,925875063,TO-270-F,45164000101,SOTILLO DE LAS PALOMAS,183,451640001,SOTILLO DE LAS PALOMAS,183,45164,SOTILLO DE LAS PALOMAS,TOLEDO,NAVAMORCUENDE,TALAVERA DE LA REINA, ,6,TALAVERA,6-01,755,"344296,031","4440968,0038","40.1046160313042, -4.82682998564406",40.1046160313042,-4.82682998564406,"CALLE ARRIBA, 8"
-4.89257202515193,39.9362620288783,1189,1596,521,1085,INMACULADA RODRIGUEZ RODRIGUEZ,45694, ,TO-345-F,45165000701,TALAVERA LA NUEVA,1469,451650007,TALAVERA LA NUEVA,1469,45165,TALAVERA DE LA REINA,TOLEDO,TALAVERA,TALAVERA DE LA REINA, ,6,TALAVERA,6-01,826,"338295,2827","4422397,7137","39.9362620298071, -4.89257202515193",39.9362620298071,-4.89257202515193,"RONDA DEL OLIVAR, 58"
-4.89392102266094,39.934854957233,1190,1597,522,1086,M.ª PILAR SENTÍS CANALDA,45694, ,TO-302-F,45165000701,TALAVERA LA NUEVA,1469,451650007,TALAVERA LA NUEVA,1469,45165,TALAVERA DE LA REINA,TOLEDO,TALAVERA,TALAVERA DE LA REINA, ,6,TALAVERA,6-01,826,"338176,6992","4422243,975","39.9348549581618, -4.89392102266094",39.9348549581618,-4.89392102266094,"CALLE VIENTO, 38"
-3.50423703590685,39.69592901544,1191,1598,523,1087,GONZALO CALERO BARREDA,45780,925145437,TO-116-F,45166000101,TEMBLEQUE,1949,451660001,TEMBLEQUE,1949,45166,TEMBLEQUE,TOLEDO,TEMBLEQUE,TOLEDO, ,7,TOLEDO,7-02,830,"456768,0691","4394130,7074","39.6959290163674, -3.50423703590685",39.6959290163674,-3.50423703590685,"CALLE ROJO, 4"
-2.99679103238087,39.51197995891,1192,1599,524,1088,LUIS JAIME ORTIZ MERIN,45820,925197045,TO-117-F,45167000101,TOBOSO (EL),1663,451670001,TOBOSO (EL),1663,45167,EL TOBOSO,TOLEDO,QUINTANAR DE LA ORDEN,LA MANCHA-CENTRO, ,2,ALCAZAR DE SAN,2-03,795,"500275,8565","4373594,0576","39.5119799598363, -2.99679103238087",39.5119799598363,-2.99679103238087,"CALLE CALDERON DE LA BARCA, 6"
-4.21778517582993,40.1693495111759,1193,1601,526,1090,ADOLFO MARIA GARCIA GARCIA,45920,925795124,TO-127-F,45171000101,TORRE DE ESTEBAN HAMBRAN (LA),1703,451710001,TORRE DE ESTEBAN HAMBRAN (LA),1703,45171,LA TORRE DE ESTEBAN HAMBRÁN,TOLEDO,VALMOJADO,TOLEDO, ,7,TOLEDO,7-03,860,"396306,145","4447264,5188","40.169349512106, -4.21778517582993",40.169349512106,-4.21778517582993,"CALLE BARRIONUEVO, 1"
-4.77209004661607,39.7038599532214,1194,1602,527,1091,JULIA MARIA AMOR CAMACHO,45651,925825337,TO-267-F,45170000201,TORRECILLA DE LA JARA,121,451700002,TORRECILLA DE LA JARA,121,45170,TORRECILLA DE LA JARA,TOLEDO,"NAVALMORALES,LOS",TALAVERA DE LA REINA, ,6,TALAVERA,6-02,750,"348079,0017","4396390,4974","39.7038599541489, -4.77209004661607",39.7038599541489,-4.77209004661607,"CALLE VIRGEN DEL VALLE, 1"
-5.22584501183887,39.8283290364616,1195,1603,528,1092,MONTSERRAT MONTERO CRISPULO,45572,925436359,TO-128-F,45172000101,TORRICO,691,451720001,TORRICO,691,45172,TORRICO,TOLEDO,"PUENTE DEL ARZOBISPO,EL",TALAVERA DE LA REINA, ,6,TALAVERA,6-02,790,"309518,8941","4411074,1286","39.8283290373898, -5.22584501183887",39.8283290373898,-5.22584501183887,"CALLE REAL, 74"
-4.22916902986249,39.709841036502,1196,1604,529,1093,MARIA ANGELES RODRIGUEZ MONTEALEGRE,45163,925401220,TO-251-F,45174000101,TOTANES,358,451740001,TOTANES,358,45174,TOTANÉS,TOLEDO,POLAN,TOLEDO, ,7,TOLEDO,7-05,775,"394634,2553","4396275,3709","39.7098410374295, -4.22916902986249",39.7098410374295,-4.22916902986249,"CALLE AIROSAS, 20"
-3.61209897840871,39.5999939613748,1197,1605,530,1094,JOSE LUIS GARCIA-MORENO ROMERO,45789,925327086,TO-158-F,45175000101,TURLEQUE,721,451750001,TURLEQUE,721,45175,TURLEQUE,TOLEDO,CONSUEGRA,TOLEDO, ,7,TOLEDO,7-01,695,"447447,6346","4383540,9329","39.5999939623016, -3.61209897840871",39.5999939623016,-3.61209897840871,"CALLE RAMON Y CAJAL, 7"
-3.87692402997064,40.1582370281683,1198,1606,531,1095,CAROLINA ALONSO GOMEZ,45217,925522404,TO-245-F,45176000101,UGENA,3991,451760001,UGENA,4094,45176,UGENA,TOLEDO,ILLESCAS,TOLEDO, ,7,TOLEDO,7-03,720,"425318,6003","4445688,8029","40.1582370290984, -3.87692402997064",40.1582370290984,-3.87692402997064,"CALLE PUERTO, 13"
-3.97039703773923,39.8312640320213,1199,1607,532,1096,FRANCISCA EUGENIA ANGULO GARCÍA (REGENTE),45191, ,TO-291-F,45107000201,NIEVES (LAS),819,451070002,NIEVES (LAS),819,45107,NAMBROCA,TOLEDO,TOLEDO-3-STA Mª BENQUERENCIA,TOLEDO, ,7,TOLEDO,7-04,845,"416962,9544","4409479,8831","39.8312640329495, -3.97039703773923",39.8312640329495,-3.97039703773923,"CALLE LAS VAGUADAS, 2"
-3.71636398372034,39.4118289560931,1200,1608,533,1097,DANIEL JIMENEZ-MENDAÑO DE FUENTES,45480,925472019,TO-131-F,45177000101,URDA,2417,451770001,URDA,2417,45177,URDA,TOLEDO,CONSUEGRA,TOLEDO, ,7,TOLEDO,7-01,695,"438329,6686","4362724,0801","39.4118289570187, -3.71636398372034",39.4118289570187,-3.71636398372034,"PLAZA DE LA IGLESIA, 17"
-3.71635295533112,39.4136340168541,1201,1609,534,1098,JOAQUIN PACHECHO RODRIGUEZ,45480, ,TO-064-F,45177000101,URDA,2417,451770001,URDA,2417,45177,URDA,TOLEDO,CONSUEGRA,TOLEDO, ,7,TOLEDO,7-01,695,"438332,2083","4362924,3994","39.4136340177798, -3.71635295533112",39.4136340177798,-3.71635295533112,"CALLE CONSUEGRA, 10"
-5.24649998253284,39.797547966553,1202,1610,535,1099,CARLOS JOAQUIN GOMEZ CALATRAVA,45572,925454262,TO-011-F,45179000101,VALDEVERDEJA,550,451790001,VALDEVERDEJA,550,45179,VALDEVERDEJA,TOLEDO,"PUENTE DEL ARZOBISPO,EL",TALAVERA DE LA REINA, ,6,TALAVERA,6-02,790,"307665,319","4407701,5751","39.797547967481, -5.24649998253284",39.797547967481,-5.24649998253284,"CALLE ESTACION ERAS, 1"
-4.09064003769445,40.2054740161798,1203,1611,536,1100,MERCEDES GUTIERREZ VALVERDE,45940,918170757,TO-135-F,45180000101,VALMOJADO,4503,451800001,VALMOJADO,4503,45180,VALMOJADO,TOLEDO,VALMOJADO,TOLEDO, ,7,TOLEDO,7-03,860,"407181,9895","4451133,5346","40.2054740171101, -4.09064003769445",40.2054740171101,-4.09064003769445,"AVENIDA CONSTITUCION, 9"
-4.97731198067966,39.9788190194514,1204,1612,537,1101,MERCEDES DIAZ SIERRA,45612,925892044,TO-136-F,45181000101,VELADA,2865,451810001,VELADA,2865,45181,VELADA,TOLEDO,VELADA,TALAVERA DE LA REINA, ,6,TALAVERA,6-01,827,"331159,1889","4427278,6202","39.9788190203805, -4.97731198067966",39.9788190203805,-4.97731198067966,"CALLE REAL, 7"
-4.23045597487753,39.6109719680859,1205,1613,538,1102,Mª JESUS MORENO ROMERO,45127,925418016,TO-137-F,45182000101,VENTAS CON PEÑA AGUILERA (LAS),1109,451820001,VENTAS CON PEÑA AGUILERA (LAS),1109,45182,LAS VENTAS CON PEÑA AGUILERA,TOLEDO,MENASALBAS,TOLEDO, ,7,TOLEDO,7-05,730,"394373,5052","4385303,5541","39.6109719690128, -4.23045597487753",39.6109719690128,-4.23045597487753,"CALLE DEL MERCADO, 2"
-4.11528796024498,40.1556689967892,1206,1614,539,1103,YOLANDA MARTÍN VILLARRUBIA,45183,918170669,TO-222-F,45183000101,VENTAS DE RETAMOSA (LAS),3733,451830001,VENTAS DE RETAMOSA (LAS),3733,45183,LAS VENTAS DE RETAMOSA,TOLEDO,CAMARENA,TOLEDO, ,7,TOLEDO,7-03,680,"405014,8662","4445631,3846","40.1556689977192, -4.11528796024498",40.1556689977192,-4.11528796024498,"CALLE TENIENTE DIMITRI, 13"
-5.29451301369282,40.0072509661159,1207,1615,540,1104,JESUS SANCHEZ DURAN,45568,925806892,TO-272-F,45184000101,VENTAS DE SAN JULIAN (LAS),222,451840001,VENTAS DE SAN JULIAN (LAS),222,45184,LAS VENTAS DE SAN JULIÁN,TOLEDO,OROPESA,TALAVERA DE LA REINA, ,6,TALAVERA,6-01,770,"304152,5893","4431083,8357","40.0072509670452, -5.29451301369281",40.0072509670452,-5.29451301369281,"CALLE FARMACIA, 1"
-2.60405299670302,39.2662330179721,1208,1616,329,209,ANA ROSA GARCIA PEREA,02600,967140137,AB-122-F,02081000301,VILLARROBLEDO,24874,020810003,VILLARROBLEDO,24874,02081,VILLARROBLEDO,ALBACETE,VILLARROBLEDO,ALBACETE,12 HORAS,1,VILLARROBLEDO,1-08,135,"534156,9422","4346396,1236","39.2662330188969, -2.60405299670302",39.2662330188969,-2.60405299670302,"CALLE GRACIANO ATIENZA, 25"
-2.6031280380807,39.2671950107004,1209,1617,330,210,ELVIRA RUBIO JIMENEZ,02600,967140889,AB-126-F,02081000301,VILLARROBLEDO,24874,020810003,VILLARROBLEDO,24874,02081,VILLARROBLEDO,ALBACETE,VILLARROBLEDO,ALBACETE, ,1,VILLARROBLEDO,1-08,135,"534236,2673","4346503,2318","39.2671950116251, -2.6031280380807",39.2671950116251,-2.6031280380807,"CALLE ALFARERIAS BAJAS, 1"
-2.59633801775667,39.2726960277587,1210,1618,331,211,ENRIQUETA TOLOSA GARCIA,02600,967145304,AB-193-F,02081000301,VILLARROBLEDO,24874,020810003,VILLARROBLEDO,24874,02081,VILLARROBLEDO,ALBACETE,VILLARROBLEDO,ALBACETE, ,1,VILLARROBLEDO,1-08,135,"534819,2897","4347116,307","39.2726960286835, -2.59633801775667",39.2726960286835,-2.59633801775667,"CALLE SANTO DOMINGO DE GUZMAN, 6"
-1.33929296179267,39.3342739962499,1211,1619,332,212,CAROLINA MOYA GARCIA,02215,967470050,AB-163-F,02082000201,VILLATOYA,82,020820002,VILLATOYA,82,02082,VILLATOYA,ALBACETE,CASAS-IBAÑEZ,ALBACETE, ,1,ALBACETE,1-04,65,"643128,4298","4355187,3642","39.3342739971751, -1.33929296179267",39.3342739971751,-1.33929296179267,"PLAZA CASTILLA LA MANCHA, 12"
-1.45847704067435,39.1250970429648,1212,1620,333,213,PILAR ACITORES PARRA,02154,967405169,AB-168-F,02083000101,VILLAVALIENTE,202,020830001,VILLAVALIENTE,202,02083,VILLAVALIENTE,ALBACETE,CASAS DE JUAN NUÑEZ,ALBACETE, ,1,ALBACETE,1-04,60,"633251,1204","4331790,1566","39.1250970438886, -1.45847704067435",39.1250970438886,-1.45847704067435,"CALLE 13 DE DICIEMBRE, 5"
-2.51655503214204,38.4561950352438,1213,1621,334,214,FRANCISCO IGNACIO RUBIO RUBIO,02460,967434142,AB-152-F,02084000501,VILLAVERDE DE GUADALIMAR,205,020840005,VILLAVERDE DE GUADALIMAR,205,02084,VILLAVERDE DE GUADALIMAR,ALBACETE,RIOPAR,ALBACETE, ,1,HELLIN,1-02,110,"542181,0063","4256543,4529","38.4561950361629, -2.51655503214204",38.4561950361629,-2.51655503214204,"CALLE PEÑICAS, 17"
-2.57480995520569,38.7732060249331,1214,1622,335,215,JOSE MANUEL GARCIA CANTABELLA,02310,967387060,AB-070-F,02085000101,VIVEROS,335,020850001,VIVEROS,335,02085,VIVEROS,ALBACETE,ALCARAZ,ALBACETE, ,1,ALBACETE,1-02,30,"536935,2723","4291695,3278","38.7732060258544, -2.57480995520569",38.7732060258544,-2.57480995520569,"CALLE HUERTAS, 9"
-2.3205480060594,38.3665120299375,1215,1623,336,216,MARTA GARCIA ZAMORA,02480,967431455,AB-131-F,02086001401,YESTE,1391,020860014,YESTE,1391,02086,YESTE,ALBACETE,YESTE,ALBACETE, ,1,HELLIN,1-05,140,"559356,2754","4246700,0165","38.3665120308559, -2.3205480060594",38.3665120308559,-2.3205480060594,"CTRA HELLIN, 6"
-4.35661903826946,38.8804360390065,1216,1624,337,217,JOAQUIN MILLAN NAVAJAS,13180,926835016,CR-001-F,13001000101,ABENOJAR,1213,130010001,ABENOJAR,1213,13001,ABENÓJAR,CIUDAD REAL,ABENOJAR,CIUDAD REAL, ,3,CIUDAD REAL,3-02,145,"382328,1737","4304383,1053","38.8804360399286, -4.35661903826946",38.8804360399286,-4.35661903826946,"DEL RIO, 29"
-4.8719320041555,38.9811530013356,1217,1625,338,218,Mª FRANCISCA HERRERA GARCIA,13410,926730082,CR-002-F,13002000101,AGUDO,1615,130020001,AGUDO,1615,13002,AGUDO,CIUDAD REAL,AGUDO,CIUDAD REAL, ,3,CIUDAD REAL,3-02,150,"337857,0491","4316351,6591","38.9811530022584, -4.8719320041555",38.9811530022584,-4.8719320041555,"CERVANTES, 45"
-4.78953303058758,38.678393963334,1218,1626,339,219,Mª PILAR CAMACHO TEJERO,13413,926735119,CR-003-F,13003000101,ALAMILLO,464,130030001,ALAMILLO,464,13003,ALAMILLO,CIUDAD REAL,ALMADEN,PUERTOLLANO, ,8,PUERTOLLANO,8-01,170,"344336,5593","4282608,0875","38.6783939642547, -4.78953303058758",38.6783939642547,-4.78953303058758,"DIEGO DE ALMAGRO, 19"
-2.80616397754206,38.6177169868108,1219,1627,340,220,ELOY RUBIO RODADO,13340,926387333,CR-004-F,13004000101,ALBALADEJO,1074,130040001,ALBALADEJO,1074,13004,ALBALADEJO,CIUDAD REAL,ALBALADEJO,CIUDAD REAL, ,3,VALDEPEÑAS,3-03,155,"516874,5514","4274373,4336","38.6177169877311, -2.80616397754206",38.6177169877311,-2.80616397754206,"MAYOR, 2"
-4.47873803252464,39.259156006577,1220,1628,341,221,MIGUEL ANGEL SEVILLA TORRIJOS,13116,926770073,CR-204-F,13006000101,ALCOBA,448,130060001,ALCOBA,448,13006,ALCOBA,CIUDAD REAL,ALCOBA DE LOS MONTES,CIUDAD REAL, ,3,CIUDAD REAL,3-02,165,"372419,0437","4346578,0366","39.2591560075017, -4.47873803252465",39.2591560075017,-4.47873803252465,"JARA, 1"
-4.1166949698995,38.9872609863685,1221,1629,342,222,"GARCIA GARCIA, C.B.",13107,926772044,CR-013-F,13007000101,ALCOLEA DE CALATRAVA,1370,130070001,ALCOLEA DE CALATRAVA,1370,13007,ALCOLEA DE CALATRAVA,CIUDAD REAL,PIEDRABUENA,CIUDAD REAL, ,3,CIUDAD REAL,3-02,275,"403284,7973","4315955,9297","38.9872609872914, -4.1166949698995",38.9872609872914,-4.1166949698995,"ESPAÑA, 10"
-3.13161097098172,38.7540119845715,1222,1630,343,223,MIGUEL ANGEL FERNANDEZ BULLIDO,13391,926356010,CR-014-F,13008000101,ALCUBILLAS,452,130080001,ALCUBILLAS,452,13008,ALCUBILLAS,CIUDAD REAL,VILLANUEVA DE LOS INFANTES,CIUDAD REAL, ,3,VALDEPEÑAS,3-03,330,"488564,2179","4289487,8272","38.7540119854928, -3.13161097098172",38.7540119854928,-3.13161097098172,"REAL, 45"
-3.83906897630742,38.7371529626254,1223,1631,344,224,TEODORA PARDO ROMERO,13380,926865309,CR-015-F,13009000101,ALDEA DEL REY,1580,130090001,ALDEA DEL REY,1580,13009,ALDEA DEL REY,CIUDAD REAL,CALZADA DE CALATRAVA,CIUDAD REAL, ,3,CIUDAD REAL,3-01,200,"427074,924","4287942,9716","38.7371529635465, -3.83906897630742",38.7371529635465,-3.83906897630742,"REAL, 133"
-3.05560304406257,38.8996389898016,1224,1632,345,225,MARIA DOLORES GOMEZ CHAPARRO,13248,926356821,CR-016-F,13010000101,ALHAMBRA,650,130100001,ALHAMBRA,650,13010,ALHAMBRA,CIUDAD REAL,"SOLANA,LA",LA MANCHA-CENTRO, ,2,MANZANARES,2-02,315,"495178,4404","4305640,9792","38.8996389907238, -3.05560304406257",38.8996389907238,-3.05560304406257,"CALVARIO, 4"
-4.83204015743986,38.7749090584109,1225,1633,346,226,JUAN LOPEZ CAÑUELO,13400,926711129,CR-017-F,13011000101,ALMADEN,5069,130110001,ALMADEN,5069,13011,ALMADÉN,CIUDAD REAL,ALMADEN,PUERTOLLANO, ,8,PUERTOLLANO,8-01,170,"340853,116","4293392,2299","38.7749090593323, -4.83204015743986",38.7749090593323,-4.83204015743986,"ESTANISLAO CABANILLAS, 22"
-4.83156901797033,38.7771669733448,1226,1634,347,227,MARTIN GUTIERREZ LOPEZ,13400,926710062,CR-019-F,13011000101,ALMADEN,5069,130110001,ALMADEN,5069,13011,ALMADÉN,CIUDAD REAL,ALMADEN,PUERTOLLANO, ,8,PUERTOLLANO,8-01,170,"340899,0647","4293641,9916","38.7771669742662, -4.83156901797033",38.7771669742662,-4.83156901797033,"AV. RAMON Y CAJAL, 45"
-4.83392797211937,38.7756599913901,1227,1635,348,228,CARMEN SALIDO ROMAN,13400,926711235,CR-018-F,13011000101,ALMADEN,5069,130110001,ALMADEN,5069,13011,ALMADÉN,CIUDAD REAL,ALMADEN,PUERTOLLANO, ,8,PUERTOLLANO,8-01,170,"340690,783","4293478,8548","38.7756599923115, -4.83392797211938",38.7756599923115,-4.83392797211938,"MAYOR, 68"
-4.83080401294797,38.7755689895129,1228,1636,349,229,CATALINA LOPEZ CAÑUELO,13400,926710471,CR-020-F,13011000101,ALMADEN,5069,130110001,ALMADEN,5069,13011,ALMADÉN,CIUDAD REAL,ALMADEN,PUERTOLLANO, ,8,PUERTOLLANO,8-01,170,"340961,9723","4293463,318","38.7755689904343, -4.83080401294797",38.7755689904343,-4.83080401294797,"SACERDOTE ANGEL MUÑOZ, 40"
-4.71057504626233,38.7382170332132,1229,1637,350,230,JUAN EUSEBIO CAMACHO DIEZ-MADROÑERO,13480,926740050,CR-021-F,13012000101,ALMADENEJOS,378,130120001,ALMADENEJOS,378,13012,ALMADENEJOS,CIUDAD REAL,ALMADEN,PUERTOLLANO, ,8,PUERTOLLANO,8-01,170,"351329,2084","4289115,8829","38.7382170341343, -4.71057504626233",38.7382170341343,-4.71057504626233,"ROSARIO, 13"
-3.71247421015415,38.8914970613902,1230,1638,351,231,Mª CARMEN HERVAS LAGUNA,13270, ,CR-233-F,13013000101,ALMAGRO,8907,130130001,ALMAGRO,8907,13013,ALMAGRO,CIUDAD REAL,ALMAGRO,CIUDAD REAL, ,3,CIUDAD REAL,3-01,175,"438211,1534","4304977,2166","38.8914970623124, -3.71247421015415",38.8914970623124,-3.71247421015415,"RANDA SANTO DOMINGO, 52"
-3.7115210175156,38.8885289826566,1231,1639,352,232,JORRETO  C.B.,13270,926860315,CR-024-F,13013000101,ALMAGRO,8907,130130001,ALMAGRO,8907,13013,ALMAGRO,CIUDAD REAL,ALMAGRO,CIUDAD REAL, ,3,CIUDAD REAL,3-01,175,"438291,2512","4304647,2015","38.8885289835787, -3.7115210175156",38.8885289835787,-3.7115210175156,"MAYOR, 13"
-3.71137598710311,38.8890970173802,1232,1640,353,233,CARLOS ALBERTO OLMEDO CAMACHO,13270,926860243,CR-022-F,13013000101,ALMAGRO,8907,130130001,ALMAGRO,8907,13013,ALMAGRO,CIUDAD REAL,ALMAGRO,CIUDAD REAL, ,3,CIUDAD REAL,3-01,175,"438304,3209","4304710,1387","38.8890970183024, -3.71137598710311",38.8890970183024,-3.71137598710311,"SAN AGUSTIN, 1"
-3.71359697558928,38.8897519735301,1233,1641,354,234,MARTA CARRION CARDENAS,13270,926860242,CR-023-F,13013000101,ALMAGRO,8907,130130001,ALMAGRO,8907,13013,ALMAGRO,CIUDAD REAL,ALMAGRO,CIUDAD REAL, ,3,CIUDAD REAL,3-01,175,"438112,2669","4304784,3236","38.8897519744523, -3.71359697558928",38.8897519744523,-3.71359697558928,"CALLE SAN BARTOLOME, 6"
-2.9563660130588,38.6229159617762,1234,1642,355,235,JOSE ROMERO ROMERO,13328,926356467,CR-199-F,13014000101,ALMEDINA,489,130140001,ALMEDINA,489,13014,ALMEDINA,CIUDAD REAL,TORRE DE JUAN ABAD,CIUDAD REAL, ,3,VALDEPEÑAS,3-03,323,"503798,3162","4274933,4197","38.6229159626965, -2.9563660130588",38.6229159626965,-2.9563660130588,"MAYOR, 25"
-4.1789759990497,38.7088169931865,1235,1643,356,236,LUIS ANGEL CEJUELA SANCHEZ-HERMOSILLA,13580,926483041,CR-027-F,13015000101,ALMODOVAR DEL CAMPO,5191,130150001,ALMODOVAR DEL CAMPO,5191,13015,ALMODÓVAR DEL CAMPO,CIUDAD REAL,ALMODOVAR DEL CAMPO,PUERTOLLANO, ,8,PUERTOLLANO,8-01,180,"397491,6959","4285124,0954","38.7088169941074, -4.17897599904971",38.7088169941074,-4.17897599904971,"SAN BENITO, 6"
-4.17537603780859,38.7113109564414,1236,1644,357,237,MARIA JOSÉ FUNEZ DE GREGORIO,13580,926464094,CR-289-F,13015000101,ALMODOVAR DEL CAMPO,5191,130150001,ALMODOVAR DEL CAMPO,5191,13015,ALMODÓVAR DEL CAMPO,CIUDAD REAL,ALMODOVAR DEL CAMPO,PUERTOLLANO, ,8,PUERTOLLANO,8-01,180,"397808,2621","4285396,8299","38.7113109573624, -4.17537603780859",38.7113109573624,-4.17537603780859,"RAMON Y CAJAL, 48"
-4.17800097180589,38.7097049819741,1237,1645,358,238,ANA MARIA MUÑOZ AGUILAR,13580,926483328,CR-025-F,13015000101,ALMODOVAR DEL CAMPO,5191,130150001,ALMODOVAR DEL CAMPO,5191,13015,ALMODÓVAR DEL CAMPO,CIUDAD REAL,ALMODOVAR DEL CAMPO,PUERTOLLANO, ,8,PUERTOLLANO,8-01,180,"397577,7413","4285221,5455","38.709704982895, -4.17800097180589",38.709704982895,-4.17800097180589,"CRISTO, 2"
-4.17830497389765,38.7077960378616,1238,1646,359,239,MARTA PUEBLA RODRIGUEZ,13580,926483096,CR-026-F,13015000101,ALMODOVAR DEL CAMPO,5191,130150001,ALMODOVAR DEL CAMPO,5191,13015,ALMODÓVAR DEL CAMPO,CIUDAD REAL,ALMODOVAR DEL CAMPO,PUERTOLLANO, ,8,PUERTOLLANO,8-01,180,"397548,584","4285010,0486","38.7077960387825, -4.17830497389765",38.7077960387825,-4.17830497389765,"DARRO, 36"
-3.49663742609226,38.5121429475692,1239,1647,360,240,FRANCISCA MARIA NOGUERA RUIZ,13760,926339085,CR-127-F,13016000101,ALMURADIEL,727,130160001,ALMURADIEL,727,13016,ALMURADIEL,CIUDAD REAL,SANTA CRUZ DE MUDELA,CIUDAD REAL, ,3,VALDEPEÑAS,3-03,305,"456701,4211","4262757,6795","38.5121429484887, -3.49663742609226",38.5121429484887,-3.49663742609226,"DOCTOR PATRICIO FERNANDEZ, 65"
-4.8379130431064,39.4796219758033,1240,1648,361,241,ESTHER GAJATE SANCHEZ,13117,926773104,CR-209-F,13017000101,ANCHURAS,199,130170001,ANCHURAS,199,13017,ANCHURAS,CIUDAD REAL,"NAVA DE RICOMALILLO,LA",TALAVERA DE LA REINA, ,6,TALAVERA,6-02,740,"341926,6618","4371615,2104","39.4796219767294, -4.8379130431064",39.4796219767294,-4.8379130431064,"JOSE PEREZ BUSTAMANTE, 4"
-3.02650804330467,39.3095139761349,1241,1649,362,242,PABLO IGNACIO ROMERO GOMEZ,13619, ,CR-292-F,13903000101,ARENALES DE SAN GREGORIO,571,139030001,ARENALES DE SAN GREGORIO,571,13903,ARENALES DE SAN GREGORIO,CIUDAD REAL,CAMPO DE CRIPTANA,LA MANCHA-CENTRO, ,2,ALCAZAR DE SAN,2-01,205,"497714,656","4351124,9311","39.3095139770599, -3.02650804330467",39.3095139770599,-3.02650804330467,"SALON PARROQUIAL, 5"
-3.50364909181313,39.2183863604725,1242,1650,363,243,MARIA TERESA RODRIGUEZ VELASCO,13679,926893049,CR-177-F,13018000101,ARENAS DE SAN JUAN,1031,130180001,ARENAS DE SAN JUAN,1031,13018,ARENAS DE SAN JUAN,CIUDAD REAL,VILLARTA DE SAN JUAN,LA MANCHA-CENTRO, ,2,ALCAZAR DE SAN,2-01,340,"456522,4103","4341132,432","39.218386361397, -3.50364909181313",39.218386361397,-3.50364909181313,"SAN BERNABE APOSTOL, 18"
-3.09379801059572,39.1285889892026,1243,1651,364,244,MARIA ISABEL NAVAS ROMERO,13710,926521051,CR-231-F,13019000101,ARGAMASILLA DE ALBA,6846,130190001,ARGAMASILLA DE ALBA,6846,13019,ARGAMASILLA DE ALBA,CIUDAD REAL,ARGAMASILLA DE ALBA,LA MANCHA-CENTRO, ,2,TOMELLOSO,2-02,185,"491892,5869","4331050,5872","39.1285889901264, -3.09379801059573",39.1285889901264,-3.09379801059573,"GENERAL AGUILERA, 25"
-3.0960230004513,39.1285089760936,1244,1652,365,245,MERCEDES FERNANDEZ CARRETON,13710,926521051,CR-183-F,13019000101,ARGAMASILLA DE ALBA,6846,130190001,ARGAMASILLA DE ALBA,6846,13019,ARGAMASILLA DE ALBA,CIUDAD REAL,ARGAMASILLA DE ALBA,LA MANCHA-CENTRO, ,2,TOMELLOSO,2-02,185,"491700,2609","4331041,9089","39.1285089770174, -3.0960230004513",39.1285089770174,-3.0960230004513,"JUAN DE ZUÑIGA, 68"
-1.70242201531045,38.5077469840385,1245,1653,366,246,MARIA CECILIA FERNANDEZ MOLINA,02400,967301156,AB-105-F,02037000501,HELLIN,26023,020370005,HELLIN,26023,02037,HELLÍN,ALBACETE,HELLIN,ALBACETE, ,1,HELLIN,1-06,85,"613136,1172","4262950,7587","38.507746984958, -1.70242201531045",38.507746984958,-1.70242201531045,"CALLE GRAN VIA, 10"
-1.63657952924559,38.4210574698037,1246,1654,367,247,ANA LOVA MELLADO,02490,967320051,AB-165-F,02037000202,AGRAMON,658,020370002,AGRAMON,685,02037,HELLÍN,ALBACETE,HELLIN,ALBACETE, ,1,HELLIN,1-06,85,"619019,5964","4253414,012","38.4210574707225, -1.63657952924559",38.4210574707225,-1.63657952924559,"CALLE MURCIA, 29"
-1.74384402157706,38.490295016817,1247,1655,368,248,MERCEDES LOPEZ RUIZ,02420,967308542,AB-097-F,02037000601,ISSO,2188,020370006,ISSO,2188,02037,HELLÍN,ALBACETE,HELLIN,ALBACETE, ,1,HELLIN,1-06,86,"609550,8241","4260964,0331","38.4902950177363, -1.74384402157706",38.4902950177363,-1.74384402157706,"CTRA HELLIN, 49"
-2.15725701411904,39.204087034738,1248,1656,369,249,CLARA FERRER RUIZ,02630,967440230,AB-113-F,02069000101,RODA (LA),15488,020690001,RODA (LA),15488,02069,LA RODA,ALBACETE,"RODA,LA",ALBACETE, ,1,ALBACETE,1-07,115,"572765,0242","4339763,0038","39.2040870356623, -2.15725701411904",39.2040870356623,-2.15725701411904,"CALLE PI Y MARGALL, 5"
-2.15947295536795,39.2057240348763,1249,1657,370,250,MERCEDES ESCRIBANO GIRALDO,02630,967441294,AB-111-F,02069000101,RODA (LA),15488,020690001,RODA (LA),15488,02069,LA RODA,ALBACETE,"RODA,LA",ALBACETE, ,1,ALBACETE,1-07,115,"572572,0055","4339942,8972","39.2057240358006, -2.15947295536795",39.2057240358006,-2.15947295536795,"CALLE MARTIRES, 21"
