"X;Y;OBJECTID;Cuadricula;GSM_up;GSM_down;UMTS;Latitud;Longitud;Fecha;DDLat;DDLon;GSM;UMTS_1"
"-17,92;28,8527777777777;1;0;-64;-74;-104;28 51 10N;017 55 12W;2013/12/06 00:00:00+00;""28;85278N"";""017;92000W"";GPRS y GSM;Nivel correcto"
"-17,9097222222222;28,8436111111111;2;0;-89;-84;-114;28 50 37N;017 54 35W;2013/12/07 00:00:00+00;""28;84361N"";""017;90972W"";GPRS y GSM;Nivel insuficiente"
"-17,92;28,8397222222223;3;0;-64;-64;-109;28 50 23N;017 55 12W;2013/12/06 00:00:00+00;""28;83972N"";""017;92000W"";GPRS y GSM;Dificultad en la comunicación"
"-17,9325;28,8408333333334;4;0;-64;-74;-104;28 50 27N;017 55 57W;2013/12/06 00:00:00+00;""28;84083N"";""017;93250W"";GPRS y GSM;Nivel correcto"
"-17,8955555555556;28,8341666666667;5;0;-74;-66;-109;28 50 03N;017 53 44W;2013/12/07 00:00:00+00;""28;83417N"";""017;89556W"";GPRS y GSM;Dificultad en la comunicación"
"-17,9047222222221;28,8433333333334;6;0;-74;-74;-110;28 50 36N;017 54 17W;2013/12/07 00:00:00+00;""28;84333N"";""017;90472W"";GPRS y GSM;Dificultad en la comunicación"
"-17,8097222222221;28,8347222222224;7;0;-79;-76;-104;28 50 05N;017 48 35W;2013/12/17 00:00:00+00;""28;83472N"";""017;80972W"";GPRS y GSM;Nivel correcto"
"-17,7894444444444;28,8427777777778;8;0;-84;-74;-114;28 50 34N;017 47 22W;2013/12/17 00:00:00+00;""28;84278N"";""017;78944W"";GPRS y GSM;Nivel insuficiente"
"-17,7894444444444;28,8427777777778;9;0;-84;-74;-114;28 50 34N;017 47 22W;2013/12/17 00:00:00+00;""28;84278N"";""017;78944W"";GPRS y GSM;Nivel insuficiente"
"-17,945;28,83;10;0;-64;-64;-104;28 49 48N;017 56 42W;2013/12/06 00:00:00+00;""28;83000N"";""017;94500W"";GPRS y GSM;Nivel correcto"
"-17,9319444444445;28,8325;11;0;-64;-64;-104;28 49 57N;017 55 55W;2013/12/06 00:00:00+00;""28;83250N"";""017;93194W"";GPRS y GSM;Nivel correcto"
"-17,9319444444445;28,8325;12;0;-64;-64;-104;28 49 57N;017 55 55W;2013/12/06 00:00:00+00;""28;83250N"";""017;93194W"";GPRS y GSM;Nivel correcto"
"-17,9097222222222;28,8305555555555;13;0;-94;-94;-114;28 49 50N;017 54 35W;2013/12/07 00:00:00+00;""28;83056N"";""017;90972W"";GPRS y GSM;Nivel insuficiente"
"-17,8991666666666;28,8319444444444;14;0;-94;-64;-112;28 49 55N;017 53 57W;2013/12/07 00:00:00+00;""28;83194N"";""017;89917W"";GPRS y GSM;Dificultad en la comunicación"
"-17,895;28,8341666666667;15;0;-94;-64;-110;28 50 03N;017 53 42W;2013/12/07 00:00:00+00;""28;83417N"";""017;89500W"";GPRS y GSM;Dificultad en la comunicación"
"-17,8772222222222;28,8313888888889;16;0;-74;-64;-109;28 49 53N;017 52 38W;2013/12/07 00:00:00+00;""28;83139N"";""017;87722W"";GPRS y GSM;Dificultad en la comunicación"
"-17,8644444444444;28,8258333333334;17;0;-64;-74;-110;28 49 33N;017 51 52W;2013/12/07 00:00:00+00;""28;82583N"";""017;86444W"";GPRS y GSM;Dificultad en la comunicación"
"-17,8547222222222;28,8269444444444;18;0;-74;-69;-109;28 49 37N;017 51 17W;2013/12/07 00:00:00+00;""28;82694N"";""017;85472W"";GPRS y GSM;Dificultad en la comunicación"
"-17,8525;28,8227777777778;19;0;-74;-67;-107;28 49 22N;017 51 09W;2013/12/07 00:00:00+00;""28;82278N"";""017;85250W"";GPRS y GSM;Dificultad en la comunicación"
"-17,8502777777778;28,825;20;0;-64;-64;-104;28 49 30N;017 51 01W;2013/12/06 00:00:00+00;""28;82500N"";""017;85028W"";GPRS y GSM;Nivel correcto"
"-17,8294444444444;28,8297222222224;21;0;-74;-69;-108;28 49 47N;017 49 46W;2013/12/17 00:00:00+00;""28;82972N"";""017;82944W"";GPRS y GSM;Dificultad en la comunicación"
"-17,8238888888889;28,8311111111112;22;0;-79;-74;-104;28 49 52N;017 49 26W;2013/12/17 00:00:00+00;""28;83111N"";""017;82389W"";GPRS y GSM;Nivel correcto"
"-17,7911111111111;28,8358333333334;24;0;-100;-64;-104;28 50 09N;017 47 28W;2013/12/17 00:00:00+00;""28;83583N"";""017;79111W"";GPRS y GSM;Nivel correcto"
"-17,7866666666667;28,8302777777779;25;0;-64;-69;-104;28 49 49N;017 47 12W;2013/12/17 00:00:00+00;""28;83028N"";""017;78667W"";GPRS y GSM;Nivel correcto"
"-17,7766666666666;28,8280555555556;26;0;-74;-79;-104;28 49 41N;017 46 36W;2013/12/17 00:00:00+00;""28;82806N"";""017;77667W"";GPRS y GSM;Nivel correcto"
"-17,9530555555555;28,8227777777778;27;0;-84;-89;-105;28 49 22N;017 57 11W;2013/12/05 00:00:00+00;""28;82278N"";""017;95306W"";GPRS y GSM;Dificultad en la comunicación"
"-17,945;28,83;28;0;-64;-64;-104;28 49 48N;017 56 42W;2013/12/06 00:00:00+00;""28;83000N"";""017;94500W"";GPRS y GSM;Nivel correcto"
"-17,9361111111111;28,8269444444444;29;0;-74;-64;-104;28 49 37N;017 56 10W;2013/12/06 00:00:00+00;""28;82694N"";""017;93611W"";GPRS y GSM;Nivel correcto"
"-17,8502777777778;28,825;30;0;-64;-64;-104;28 49 30N;017 51 01W;2013/12/06 00:00:00+00;""28;82500N"";""017;85028W"";GPRS y GSM;Nivel correcto"
"-17,9;28,8247222222224;31;0;-74;-84;-104;28 49 29N;017 54 00W;2013/12/06 00:00:00+00;""28;82472N"";""017;90000W"";GPRS y GSM;Nivel correcto"
"-17,8975;28,8233333333333;32;0;-64;-94;-104;28 49 24N;017 53 51W;2013/12/07 00:00:00+00;""28;82333N"";""017;89750W"";GPRS y GSM;Nivel correcto"
"-17,8947222222222;28,8269444444444;33;0;-64;-64;-109;28 49 37N;017 53 41W;2013/12/07 00:00:00+00;""28;82694N"";""017;89472W"";GPRS y GSM;Dificultad en la comunicación"
"-17,8816666666667;28,8241666666666;34;0;-89;-84;-105;28 49 27N;017 52 54W;2013/12/07 00:00:00+00;""28;82417N"";""017;88167W"";GPRS y GSM;Dificultad en la comunicación"
"-17,8644444444444;28,8258333333334;35;0;-64;-74;-108;28 49 33N;017 51 52W;2013/12/07 00:00:00+00;""28;82583N"";""017;86444W"";GPRS y GSM;Dificultad en la comunicación"
"-17,8547222222222;28,8269444444444;36;0;-74;-69;-108;28 49 37N;017 51 17W;2013/12/07 00:00:00+00;""28;82694N"";""017;85472W"";GPRS y GSM;Dificultad en la comunicación"
"-17,8525;28,8227777777778;37;0;-74;-67;-104;28 49 22N;017 51 09W;2013/12/07 00:00:00+00;""28;82278N"";""017;85250W"";GPRS y GSM;Nivel correcto"
"-17,845;28,8227777777778;38;0;-74;-67;-104;28 49 22N;017 50 42W;2013/12/07 00:00:00+00;""28;82278N"";""017;84500W"";GPRS y GSM;Nivel correcto"
"-17,8383333333333;28,8225;39;0;-69;-64;-109;28 49 21N;017 50 18W;2013/12/07 00:00:00+00;""28;82250N"";""017;83833W"";GPRS y GSM;Dificultad en la comunicación"
"-17,815;28,82;40;0;-74;-69;-106;28 49 12N;017 48 54W;2013/12/07 00:00:00+00;""28;82000N"";""017;81500W"";GPRS y GSM;Dificultad en la comunicación"
"-17,8088888888889;28,8191666666667;41;0;-84;-69;-104;28 49 09N;017 48 32W;2013/12/17 00:00:00+00;""28;81917N"";""017;80889W"";GPRS y GSM;Nivel correcto"
"-17,7986111111111;28,8241666666667;42;0;-64;-99;-104;28 49 27N;017 47 55W;2013/12/17 00:00:00+00;""28;82417N"";""017;79861W"";GPRS y GSM;Nivel correcto"
"-17,7827777777777;28,8233333333333;43;0;-64;-69;-104;28 49 24N;017 46 58W;2013/12/17 00:00:00+00;""28;82333N"";""017;78278W"";GPRS y GSM;Nivel correcto"
"-17,7733333333333;28,8197222222222;44;0;-64;-64;-104;28 49 11N;017 46 24W;2013/12/17 00:00:00+00;""28;81972N"";""017;77333W"";GPRS y GSM;Nivel correcto"
"-17,9569444444444;28,8166666666668;45;0;-94;-100;-109;28 48 60N;017 57 25W;2013/12/05 00:00:00+00;""28;81667N"";""017;95694W"";GPRS y GSM;Dificultad en la comunicación"
"-17,9533333333333;28,8122222222223;46;0;-84;-84;-104;28 48 44N;017 57 12W;2013/12/05 00:00:00+00;""28;81222N"";""017;95333W"";GPRS y GSM;Nivel correcto"
"-17,9511111111111;28,8138888888889;47;0;-84;-84;-104;28 48 50N;017 57 04W;2013/12/05 00:00:00+00;""28;81389N"";""017;95111W"";GPRS y GSM;Nivel correcto"
"-17,9427777777778;28,8211111111112;48;0;-94;-89;-109;28 49 16N;017 56 34W;2013/12/06 00:00:00+00;""28;82111N"";""017;94278W"";GPRS y GSM;Dificultad en la comunicación"
"-17,9438888888888;28,8175;49;0;-99;-89;-109;28 49 03N;017 56 38W;2013/12/06 00:00:00+00;""28;81750N"";""017;94389W"";GPRS y GSM;Dificultad en la comunicación"
"-17,9177777777778;28,8163888888889;50;0;-69;-74;-94;28 48 59N;017 55 04W;2013/12/06 00:00:00+00;""28;81639N"";""017;91778W"";GPRS y GSM;Nivel correcto"
"-17,9030555555556;28,8158333333334;51;0;-74;-94;-110;28 48 57N;017 54 11W;2013/12/07 00:00:00+00;""28;81583N"";""017;90306W"";GPRS y GSM;Dificultad en la comunicación"
"-17,8952777777777;28,8022222222223;52;0;-82;-99;-110;28 48 08N;017 53 43W;2013/12/07 00:00:00+00;""28;80222N"";""017;89528W"";GPRS y GSM;Dificultad en la comunicación"
"-17,8858333333333;28,8158333333334;53;0;-74;-89;-108;28 48 57N;017 53 09W;2013/12/07 00:00:00+00;""28;81583N"";""017;88583W"";GPRS y GSM;Dificultad en la comunicación"
"-17,8586111111111;28,8144444444445;54;0;-84;-89;-108;28 48 52N;017 51 31W;2013/12/07 00:00:00+00;""28;81444N"";""017;85861W"";GPRS y GSM;Dificultad en la comunicación"
"-17,8586111111111;28,8136111111112;55;0;-114;-109;-114;28 48 49N;017 51 31W;2013/12/07 00:00:00+00;""28;81361N"";""017;85861W"";no GPRS y no GSM;Nivel insuficiente"
"-17,8716666666667;28,7988888888889;56;0;-94;-104;-114;28 47 56N;017 52 18W;2013/12/07 00:00:00+00;""28;79889N"";""017;87167W"";no GPRS y dificultad GSM;Nivel insuficiente"
"-17,8397222222222;28,8172222222223;57;0;-94;-104;-109;28 49 02N;017 50 23W;2013/12/07 00:00:00+00;""28;81722N"";""017;83972W"";no GPRS y dificultad GSM;Dificultad en la comunicación"
"-17,8477777777778;28,8227777777778;58;0;-94;-92;-114;28 49 22N;017 50 52W;2013/12/07 00:00:00+00;""28;82278N"";""017;84778W"";GPRS y GSM;Nivel insuficiente"
"-17,8397222222222;28,8186111111112;59;0;-94;-104;-114;28 49 07N;017 50 23W;2013/12/07 00:00:00+00;""28;81861N"";""017;83972W"";no GPRS y dificultad GSM;Nivel insuficiente"
"-17,8030555555555;28,8116666666668;60;0;-74;-89;-104;28 48 42N;017 48 11W;2013/12/17 00:00:00+00;""28;81167N"";""017;80306W"";GPRS y GSM;Nivel correcto"
"-17,7911111111111;28,8136111111112;61;0;-64;-79;-104;28 48 49N;017 47 28W;2013/12/17 00:00:00+00;""28;81361N"";""017;79111W"";GPRS y GSM;Nivel correcto"
"-17,7891666666667;28,8136111111112;62;0;-94;-89;-104;28 48 49N;017 47 21W;2013/12/17 00:00:00+00;""28;81361N"";""017;78917W"";GPRS y GSM;Nivel correcto"
"-17,78;28,8058333333335;63;0;-79;-89;-104;28 48 21N;017 46 48W;2013/12/17 00:00:00+00;""28;80583N"";""017;78000W"";GPRS y GSM;Nivel correcto"
"-17,7702777777778;28,8127777777778;64;0;-74;-89;-104;28 48 46N;017 46 13W;2013/12/17 00:00:00+00;""28;81278N"";""017;77028W"";GPRS y GSM;Nivel correcto"
"-17,9683333333332;28,8041666666667;65;0;-84;-89;-109;28 48 15N;017 58 06W;2013/12/05 00:00:00+00;""28;80417N"";""017;96833W"";GPRS y GSM;Dificultad en la comunicación"
"-17,9683333333332;28,8041666666667;66;0;-84;-89;-109;28 48 15N;017 58 06W;2013/12/05 00:00:00+00;""28;80417N"";""017;96833W"";GPRS y GSM;Dificultad en la comunicación"
"-17,9683333333332;28,8041666666667;67;0;-84;-89;-111;28 48 15N;017 58 06W;2013/12/05 00:00:00+00;""28;80417N"";""017;96833W"";GPRS y GSM;Dificultad en la comunicación"
"-17,9516666666667;28,8052777777779;68;0;-94;-96;-110;28 48 19N;017 57 06W;2013/12/05 00:00:00+00;""28;80528N"";""017;95167W"";GPRS y GSM;Dificultad en la comunicación"
"-17,935;28,8116666666668;69;0;-94;-74;-104;28 48 42N;017 56 06W;2013/12/06 00:00:00+00;""28;81167N"";""017;93500W"";GPRS y GSM;Nivel correcto"
"-17,9233333333333;28,8052777777779;70;0;-74;-74;-104;28 48 19N;017 55 24W;2013/12/05 00:00:00+00;""28;80528N"";""017;92333W"";GPRS y GSM;Nivel correcto"
"-17,9138888888889;28,8088888888889;71;0;-64;-84;-109;28 48 32N;017 54 50W;2013/12/06 00:00:00+00;""28;80889N"";""017;91389W"";GPRS y GSM;Dificultad en la comunicación"
"-17,905;28,8080555555555;72;0;-69;-94;-109;28 48 29N;017 54 18W;2013/12/07 00:00:00+00;""28;80806N"";""017;90500W"";GPRS y GSM;Dificultad en la comunicación"
"-17,8941666666665;28,7994444444446;73;0;-84;-86;-104;28 47 58N;017 53 39W;2013/12/07 00:00:00+00;""28;79944N"";""017;89417W"";GPRS y GSM;Nivel correcto"
"-17,8886111111111;28,8080555555555;74;0;-74;-100;-108;28 48 29N;017 53 19W;2013/12/07 00:00:00+00;""28;80806N"";""017;88861W"";GPRS y GSM;Dificultad en la comunicación"
"-17,8683333333333;28,8072222222223;75;0;-94;-99;-108;28 48 26N;017 52 06W;2013/12/07 00:00:00+00;""28;80722N"";""017;86833W"";GPRS y GSM;Dificultad en la comunicación"
"-17,8644444444444;28,8002777777778;76;0;-104;-114;-114;28 48 01N;017 51 52W;2013/12/20 00:00:00+00;""28;80028N"";""017;86444W"";no GPRS y no GSM;Nivel insuficiente"
"-17,8611111111111;28,7988888888889;77;0;-104;-114;-114;28 47 56N;017 51 40W;2013/12/20 00:00:00+00;""28;79889N"";""017;86111W"";no GPRS y no GSM;Nivel insuficiente"
"-17,8252777777777;28,8075;78;0;-99;-99;-104;28 48 27N;017 49 31W;2013/12/20 00:00:00+00;""28;80750N"";""017;82528W"";GPRS y GSM;Nivel correcto"
"-17,8166666666666;28,8086111111112;79;0;-99;-99;-109;28 48 31N;017 49 00W;2013/12/20 00:00:00+00;""28;80861N"";""017;81667W"";GPRS y GSM;Dificultad en la comunicación"
"-17,825;28,8097222222222;80;0;-109;-107;-114;28 48 35N;017 49 30W;2013/12/20 00:00:00+00;""28;80972N"";""017;82500W"";no GPRS y no GSM;Nivel insuficiente"
"-17,7869444444444;28,8025;81;0;-79;-94;-109;28 48 09N;017 47 13W;2013/12/18 00:00:00+00;""28;80250N"";""017;78694W"";GPRS y GSM;Dificultad en la comunicación"
"-17,7833333333332;28,8027777777779;82;0;-74;-79;-104;28 48 10N;017 46 60W;2013/12/18 00:00:00+00;""28;80278N"";""017;78333W"";GPRS y GSM;Nivel correcto"
"-17,7830555555556;28,8027777777779;83;0;-74;-64;-104;28 48 10N;017 46 59W;2013/12/18 00:00:00+00;""28;80278N"";""017;78306W"";GPRS y GSM;Nivel correcto"
"-17,7738888888888;28,8047222222222;84;0;-74;-64;-99;28 48 17N;017 46 26W;2013/12/17 00:00:00+00;""28;80472N"";""017;77389W"";GPRS y GSM;Nivel correcto"
"-17,7605555555555;28,7997222222223;85;0;-79;-89;-104;28 47 59N;017 45 38W;2013/12/17 00:00:00+00;""28;79972N"";""017;76056W"";GPRS y GSM;Nivel correcto"
"-17,9763888888888;28,7969444444445;86;0;-99;-99;-114;28 47 49N;017 58 35W;2013/12/03 00:00:00+00;""28;79694N"";""017;97639W"";GPRS y GSM;Nivel insuficiente"
"-17,9763888888888;28,7969444444445;87;0;-99;-99;-114;28 47 49N;017 58 35W;2013/12/03 00:00:00+00;""28;79694N"";""017;97639W"";GPRS y GSM;Nivel insuficiente"
"-17,9730555555556;28,7927777777779;88;0;-94;-84;-104;28 47 34N;017 58 23W;2013/12/03 00:00:00+00;""28;79278N"";""017;97306W"";GPRS y GSM;Nivel correcto"
"-17,9613888888889;28,7911111111112;89;0;-111;-94;-114;28 47 28N;017 57 41W;2013/12/05 00:00:00+00;""28;79111N"";""017;96139W"";no GPRS y dificultad GSM;Nivel insuficiente"
"-17,9502777777778;28,7888888888889;90;0;-94;-99;-104;28 47 20N;017 57 01W;2013/12/05 00:00:00+00;""28;78889N"";""017;95028W"";GPRS y GSM;Nivel correcto"
"-17,9380555555555;28,8052777777779;91;0;-84;-84;-102;28 48 19N;017 56 17W;2013/12/05 00:00:00+00;""28;80528N"";""017;93806W"";GPRS y GSM;Nivel correcto"
"-17,9213888888889;28,8016666666666;92;0;-74;-74;-104;28 48 06N;017 55 17W;2013/12/05 00:00:00+00;""28;80167N"";""017;92139W"";GPRS y GSM;Nivel correcto"
"-17,918611111111;28,7955555555556;93;0;-84;-79;-105;28 47 44N;017 55 07W;2013/12/05 00:00:00+00;""28;79556N"";""017;91861W"";GPRS y GSM;Dificultad en la comunicación"
"-17,8991666666666;28,7958333333335;94;0;-94;-99;-109;28 47 45N;017 53 57W;2013/12/07 00:00:00+00;""28;79583N"";""017;89917W"";GPRS y GSM;Dificultad en la comunicación"
"-17,8936111111111;28,796388888889;95;0;-94;-98;-109;28 47 47N;017 53 37W;2013/12/07 00:00:00+00;""28;79639N"";""017;89361W"";GPRS y GSM;Dificultad en la comunicación"
"-17,8869444444444;28,7986111111112;96;0;-84;-99;-108;28 47 55N;017 53 13W;2013/12/07 00:00:00+00;""28;79861N"";""017;88694W"";GPRS y GSM;Dificultad en la comunicación"
"-17,8719444444444;28,7991666666667;97;0;-84;-94;-106;28 47 57N;017 52 19W;2013/12/07 00:00:00+00;""28;79917N"";""017;87194W"";GPRS y GSM;Dificultad en la comunicación"
"-17,8561111111111;28,7905555555556;98;0;-109;-114;-114;28 47 26N;017 51 22W;2013/12/20 00:00:00+00;""28;79056N"";""017;85611W"";no GPRS y no GSM;Nivel insuficiente"
"-17,85;28,7952777777778;99;0;-109;-114;-114;28 47 43N;017 51 00W;2013/12/20 00:00:00+00;""28;79528N"";""017;85000W"";no GPRS y no GSM;Nivel insuficiente"
"-17,8552777777778;28,7986111111112;100;0;-109;-102;-109;28 47 55N;017 51 19W;2013/12/20 00:00:00+00;""28;79861N"";""017;85528W"";no GPRS y dificultad GSM;Dificultad en la comunicación"
"-17,8333333333333;28,8011111111111;101;0;-112;-112;-114;28 48 04N;017 50 00W;2013/12/20 00:00:00+00;""28;80111N"";""017;83333W"";no GPRS y no GSM;Nivel insuficiente"
"-17,8205555555555;28,7975;102;0;-106;-104;-114;28 47 51N;017 49 14W;2013/12/20 00:00:00+00;""28;79750N"";""017;82056W"";no GPRS y no GSM;Nivel insuficiente"
"-17,8052777777777;28,7966666666666;103;0;-106;-104;-114;28 47 48N;017 48 19W;2013/12/20 00:00:00+00;""28;79667N"";""017;80528W"";no GPRS y no GSM;Nivel insuficiente"
"-17,8011111111111;28,7897222222223;104;0;-106;-105;-114;28 47 23N;017 48 04W;2013/12/18 00:00:00+00;""28;78972N"";""017;80111W"";no GPRS y no GSM;Nivel insuficiente"
"-17,7880555555556;28,7977777777779;105;0;-99;-92;-104;28 47 52N;017 47 17W;2013/12/18 00:00:00+00;""28;79778N"";""017;78806W"";GPRS y GSM;Nivel correcto"
"-17,7697222222222;28,7925;106;0;-64;-89;-99;28 47 33N;017 46 11W;2013/12/17 00:00:00+00;""28;79250N"";""017;76972W"";GPRS y GSM;Nivel correcto"
"-17,7630555555555;28,7944444444444;107;0;-84;-84;-104;28 47 40N;017 45 47W;2013/12/17 00:00:00+00;""28;79444N"";""017;76306W"";GPRS y GSM;Nivel correcto"
"-17,9983333333333;28,778888888889;108;0;-74;-74;-106;28 46 44N;017 59 54W;2013/12/03 00:00:00+00;""28;77889N"";""017;99833W"";GPRS y GSM;Dificultad en la comunicación"
"-17,9911111111111;28,7791666666666;109;0;-74;-74;-104;28 46 45N;017 59 28W;2013/12/03 00:00:00+00;""28;77917N"";""017;99111W"";GPRS y GSM;Nivel correcto"
"-17,9847222222222;28,778888888889;110;0;-99;-94;-104;28 46 44N;017 59 05W;2013/12/03 00:00:00+00;""28;77889N"";""017;98472W"";GPRS y GSM;Nivel correcto"
"-17,9727777777777;28,786388888889;111;0;-74;-74;-104;28 47 11N;017 58 22W;2013/12/03 00:00:00+00;""28;78639N"";""017;97278W"";GPRS y GSM;Nivel correcto"
"-17,9688888888888;28,7897222222223;112;0;-99;-99;-104;28 47 23N;017 58 08W;2013/12/05 00:00:00+00;""28;78972N"";""017;96889W"";GPRS y GSM;Nivel correcto"
"-17,9575;28,7777777777779;113;0;-99;-94;-104;28 46 40N;017 57 27W;2013/12/20 00:00:00+00;""28;77778N"";""017;95750W"";GPRS y GSM;Nivel correcto"
"-17,9994444444444;28,7844444444444;114;0;-94;-99;-104;28 47 04N;017 59 58W;2013/12/05 00:00:00+00;""28;78444N"";""017;99944W"";GPRS y GSM;Nivel correcto"
"-17,9266666666666;28,7891666666667;115;0;-94;-99;-105;28 47 21N;017 55 36W;2013/12/05 00:00:00+00;""28;78917N"";""017;92667W"";GPRS y GSM;Dificultad en la comunicación"
"-17,9141666666667;28,7772222222222;116;0;-94;-99;-106;28 46 38N;017 54 51W;2013/12/20 00:00:00+00;""28;77722N"";""017;91417W"";GPRS y GSM;Dificultad en la comunicación"
"-17,8944444444444;28,7927777777779;117;0;-94;-94;-109;28 47 34N;017 53 40W;2013/12/07 00:00:00+00;""28;79278N"";""017;89444W"";GPRS y GSM;Dificultad en la comunicación"
"-17,8902777777777;28,7791666666666;118;0;-94;-94;-109;28 46 45N;017 53 25W;2013/12/07 00:00:00+00;""28;77917N"";""017;89028W"";GPRS y GSM;Dificultad en la comunicación"
"-17,8866666666667;28,7797222222223;119;0;-94;-94;-109;28 46 47N;017 53 12W;2013/12/07 00:00:00+00;""28;77972N"";""017;88667W"";GPRS y GSM;Dificultad en la comunicación"
"-17,8730555555555;28,7802777777778;120;0;-94;-96;-110;28 46 49N;017 52 23W;2013/12/01 00:00:00+00;""28;78028N"";""017;87306W"";GPRS y GSM;Dificultad en la comunicación"
"-17,8622222222222;28,78;121;0;-106;-104;-114;28 46 48N;017 51 44W;2013/12/20 00:00:00+00;""28;78000N"";""017;86222W"";no GPRS y no GSM;Nivel insuficiente"
"-17,8530555555555;28,7805555555557;122;0;-112;-112;-114;28 46 50N;017 51 11W;2013/12/20 00:00:00+00;""28;78056N"";""017;85306W"";no GPRS y no GSM;Nivel insuficiente"
"-17,841111111111;28,781388888889;123;0;-112;-112;-114;28 46 53N;017 50 28W;2013/12/20 00:00:00+00;""28;78139N"";""017;84111W"";no GPRS y no GSM;Nivel insuficiente"
"-17,8283333333333;28,7816666666667;124;0;-106;-106;-114;28 46 54N;017 49 42W;2013/12/20 00:00:00+00;""28;78167N"";""017;82833W"";no GPRS y no GSM;Nivel insuficiente"
"-17,785;28,785;125;0;-79;-94;-104;28 47 06N;017 47 06W;2013/12/18 00:00:00+00;""28;78500N"";""017;78500W"";GPRS y GSM;Nivel correcto"
"-17,785;28,785;126;0;-79;-94;-104;28 47 06N;017 47 06W;2013/12/19 00:00:00+00;""28;78500N"";""017;78500W"";GPRS y GSM;Nivel correcto"
"-17,785;28,785;127;0;-79;-94;-99;28 47 06N;017 47 06W;2013/12/19 00:00:00+00;""28;78500N"";""017;78500W"";GPRS y GSM;Nivel correcto"
"-17,7725;28,7758333333333;128;0;-64;-74;-102;28 46 33N;017 46 21W;2013/12/19 00:00:00+00;""28;77583N"";""017;77250W"";GPRS y GSM;Nivel correcto"
"-17,7766666666666;28,7891666666667;129;0;-84;-86;-104;28 47 21N;017 46 36W;2013/12/18 00:00:00+00;""28;78917N"";""017;77667W"";GPRS y GSM;Nivel correcto"
"-17,7638888888889;28,7861111111112;130;0;-84;-79;-102;28 47 10N;017 45 50W;2013/12/18 00:00:00+00;""28;78611N"";""017;76389W"";GPRS y GSM;Nivel correcto"
"-17,7638888888889;28,7861111111112;131;0;-84;-79;-104;28 47 10N;017 45 50W;2013/12/18 00:00:00+00;""28;78611N"";""017;76389W"";GPRS y GSM;Nivel correcto"
"-17,9875;28,7844444444444;132;0;-74;-74;-104;28 47 04N;017 59 15W;2013/12/03 00:00:00+00;""28;78444N"";""017;98750W"";GPRS y GSM;Nivel correcto"
"-17,9875;28,7844444444444;133;0;-74;-74;-104;28 47 04N;017 59 15W;2013/12/03 00:00:00+00;""28;78444N"";""017;98750W"";GPRS y GSM;Nivel correcto"
"-17,9886111111111;28,7822222222222;134;0;-72;-74;-104;28 46 56N;017 59 19W;2013/12/03 00:00:00+00;""28;78222N"";""017;98861W"";GPRS y GSM;Nivel correcto"
"-17,98;28,7833333333334;135;0;-89;-96;-112;28 47 00N;017 58 48W;2013/12/03 00:00:00+00;""28;78333N"";""017;98000W"";GPRS y GSM;Dificultad en la comunicación"
"-17,9694444444444;28,776388888889;136;0;-99;-74;-104;28 46 35N;017 58 10W;2013/12/03 00:00:00+00;""28;77639N"";""017;96944W"";GPRS y GSM;Nivel correcto"
"-17,9544444444443;28,7783333333334;137;0;-64;-74;-92;28 46 42N;017 57 16W;2013/12/03 00:00:00+00;""28;77833N"";""017;95444W"";GPRS y GSM;Nivel correcto"
"-17,9444444444445;28,776388888889;138;0;-99;-66;-99;28 46 35N;017 56 40W;2013/12/03 00:00:00+00;""28;77639N"";""017;94444W"";GPRS y GSM;Nivel correcto"
"-17,9319444444445;28,7780555555556;139;0;-99;-66;-98;28 46 41N;017 55 55W;2013/12/03 00:00:00+00;""28;77806N"";""017;93194W"";GPRS y GSM;Nivel correcto"
"-17,9377777777778;28,776388888889;140;0;-89;-74;-94;28 46 35N;017 56 16W;2013/12/03 00:00:00+00;""28;77639N"";""017;93778W"";GPRS y GSM;Nivel correcto"
"-17,9138888888889;28,791388888889;141;0;-94;-99;-110;28 47 29N;017 54 50W;2013/12/07 00:00:00+00;""28;79139N"";""017;91389W"";GPRS y GSM;Dificultad en la comunicación"
"-17,9152777777778;28,7777777777779;142;0;-109;-102;-110;28 46 40N;017 54 55W;2013/11/27 00:00:00+00;""28;77778N"";""017;91528W"";no GPRS y dificultad GSM;Dificultad en la comunicación"
"-17,8938888888889;28,7805555555557;143;0;-106;-105;-114;28 46 50N;017 53 38W;2013/11/27 00:00:00+00;""28;78056N"";""017;89389W"";no GPRS y no GSM;Nivel insuficiente"
"-17,8861111111111;28,7816666666667;144;0;-106;-105;-114;28 46 54N;017 53 10W;2013/11/27 00:00:00+00;""28;78167N"";""017;88611W"";no GPRS y no GSM;Nivel insuficiente"
"-17,8761111111111;28,788611111111;145;0;-112;-112;114;28 47 19N;017 52 34W;2013/11/27 00:00:00+00;""28;78861N"";""017;87611W"";no GPRS y no GSM;Nivel correcto"
"-17,8638888888888;28,7888888888889;146;0;-112;-112;-114;28 47 20N;017 51 50W;2013/11/27 00:00:00+00;""28;78889N"";""017;86389W"";no GPRS y no GSM;Nivel insuficiente"
"-17,8566666666666;28,7961111111112;147;0;-112;-112;-114;28 47 46N;017 51 24W;2013/11/27 00:00:00+00;""28;79611N"";""017;85667W"";no GPRS y no GSM;Nivel insuficiente"
"-17,8444444444443;28,7961111111111;148;0;-106;-106;-114;28 47 46N;017 50 40W;2013/11/27 00:00:00+00;""28;79611N"";""017;84444W"";no GPRS y no GSM;Nivel insuficiente"
"-17,8333333333333;28,7983333333333;149;0;-107;-102;-109;28 47 54N;017 50 00W;2013/11/27 00:00:00+00;""28;79833N"";""017;83333W"";no GPRS y dificultad GSM;Dificultad en la comunicación"
"-17,8213888888889;28,7975;150;0;-94;-99;-99;28 47 51N;017 49 17W;2013/11/27 00:00:00+00;""28;79750N"";""017;82139W"";GPRS y GSM;Nivel correcto"
"-17,8019444444444;28,7783333333334;151;0;-74;-64;-99;28 46 42N;017 48 07W;2013/12/19 00:00:00+00;""28;77833N"";""017;80194W"";GPRS y GSM;Nivel correcto"
"-17,7933333333333;28,7783333333334;152;0;-64;-74;-102;28 46 42N;017 47 36W;2013/12/19 00:00:00+00;""28;77833N"";""017;79333W"";GPRS y GSM;Nivel correcto"
"-17,7755555555555;28,7755555555557;153;0;-64;-74;-104;28 46 32N;017 46 32W;2013/12/19 00:00:00+00;""28;77556N"";""017;77556W"";GPRS y GSM;Nivel correcto"
"-17,7725;28,7758333333333;154;0;-64;-64;-99;28 46 33N;017 46 21W;2013/12/19 00:00:00+00;""28;77583N"";""017;77250W"";GPRS y GSM;Nivel correcto"
"-17,7663888888889;28,7722222222222;155;0;-64;-86;-98;28 46 20N;017 45 59W;2013/12/18 00:00:00+00;""28;77222N"";""017;76639W"";GPRS y GSM;Nivel correcto"
"-17,7586111111111;28,7811111111112;156;0;-64;-79;-89;28 46 52N;017 45 31W;2013/12/19 00:00:00+00;""28;78111N"";""017;75861W"";GPRS y GSM;Nivel correcto"
"-17,9938888888889;28,7672222222222;157;0;-98;-104;-109;28 46 02N;017 59 38W;2013/11/29 00:00:00+00;""28;76722N"";""017;99389W"";no GPRS y dificultad GSM;Dificultad en la comunicación"
"-17,9938888888889;28,7672222222222;158;0;-98;-104;-110;28 46 02N;017 59 38W;2013/11/29 00:00:00+00;""28;76722N"";""017;99389W"";no GPRS y dificultad GSM;Dificultad en la comunicación"
"-17,9908333333333;28,7597222222221;159;0;-59;-59;-76;28 45 35N;017 59 27W;2013/11/29 00:00:00+00;""28;75972N"";""017;99083W"";GPRS y GSM;Nivel correcto"
"-17,9908333333333;28,7597222222221;160;0;-59;-57;-76;28 45 35N;017 59 27W;2013/11/29 00:00:00+00;""28;75972N"";""017;99083W"";GPRS y GSM;Nivel correcto"
"-17,9655555555555;28,7669444444446;161;0;-99;-74;-94;28 46 01N;017 57 56W;2013/12/03 00:00:00+00;""28;76694N"";""017;96556W"";GPRS y GSM;Nivel correcto"
"-17,9547222222222;28,7652777777778;162;0;-99;-74;-94;28 45 55N;017 57 17W;2013/12/03 00:00:00+00;""28;76528N"";""017;95472W"";GPRS y GSM;Nivel correcto"
"-17,9491666666667;28,7619444444446;163;0;-64;-79;-89;28 45 43N;017 56 57W;2013/12/03 00:00:00+00;""28;76194N"";""017;94917W"";GPRS y GSM;Nivel correcto"
"-17,9355555555555;28,7661111111112;164;0;-110;-114;-114;28 45 58N;017 56 08W;2013/12/03 00:00:00+00;""28;76611N"";""017;93556W"";no GPRS y no GSM;Nivel insuficiente"
"-17,9227777777778;28,7680555555556;165;0;-114;-110;-114;28 46 05N;017 55 22W;2013/12/03 00:00:00+00;""28;76806N"";""017;92278W"";no GPRS y no GSM;Nivel insuficiente"
"-17,9175;28,763888888889;166;0;-94;-104;-109;28 45 50N;017 55 03W;2013/12/03 00:00:00+00;""28;76389N"";""017;91750W"";no GPRS y dificultad GSM;Dificultad en la comunicación"
"-17,9044444444444;28,7719444444446;167;0;-94;-104;-114;28 46 19N;017 54 16W;2013/12/20 00:00:00+00;""28;77194N"";""017;90444W"";no GPRS y dificultad GSM;Nivel insuficiente"
"-17,8886111111111;28,765;168;0;-64;-84;-109;28 45 54N;017 53 19W;2013/12/20 00:00:00+00;""28;76500N"";""017;88861W"";GPRS y GSM;Dificultad en la comunicación"
"-17,8872222222222;28,7652777777778;169;0;-64;-84;-109;28 45 55N;017 53 14W;2013/12/20 00:00:00+00;""28;76528N"";""017;88722W"";GPRS y GSM;Dificultad en la comunicación"
"-17,8672222222222;28,7613888888889;170;0;-94;-84;-109;28 45 41N;017 52 02W;2013/12/20 00:00:00+00;""28;76139N"";""017;86722W"";GPRS y GSM;Dificultad en la comunicación"
"-17,8447222222222;28,7622222222222;171;0;-84;-84;-109;28 45 44N;017 50 41W;2013/12/20 00:00:00+00;""28;76222N"";""017;84472W"";GPRS y GSM;Dificultad en la comunicación"
"-17,8469444444443;28,7608333333334;172;0;-98;-106;-109;28 45 39N;017 50 49W;2013/12/19 00:00:00+00;""28;76083N"";""017;84694W"";no GPRS y dificultad GSM;Dificultad en la comunicación"
"-17,8383333333333;28,76;173;0;-106;-105;-114;28 45 36N;017 50 18W;2013/12/19 00:00:00+00;""28;76000N"";""017;83833W"";no GPRS y no GSM;Nivel insuficiente"
"-17,8244444444445;28,76;174;0;-98;-106;-114;28 45 36N;017 49 28W;2013/12/19 00:00:00+00;""28;76000N"";""017;82444W"";no GPRS y dificultad GSM;Nivel insuficiente"
"-17,8105555555555;28,7730555555556;175;0;-94;-106;-110;28 46 23N;017 48 38W;2013/12/19 00:00:00+00;""28;77306N"";""017;81056W"";no GPRS y dificultad GSM;Dificultad en la comunicación"
"-17,7911111111111;28,7686111111111;176;0;-94;-106;-110;28 46 07N;017 47 28W;2013/12/19 00:00:00+00;""28;76861N"";""017;79111W"";no GPRS y dificultad GSM;Dificultad en la comunicación"
"-17,7911111111111;28,7686111111111;177;0;-94;-106;-109;28 46 07N;017 47 28W;2013/12/19 00:00:00+00;""28;76861N"";""017;79111W"";no GPRS y dificultad GSM;Dificultad en la comunicación"
"-17,78;28,7694444444444;178;0;-94;-84;-109;28 46 10N;017 46 48W;2013/12/19 00:00:00+00;""28;76944N"";""017;78000W"";GPRS y GSM;Dificultad en la comunicación"
"-17,7697222222222;28,7669444444446;179;0;-94;-84;-99;28 46 01N;017 46 11W;2013/12/19 00:00:00+00;""28;76694N"";""017;76972W"";GPRS y GSM;Nivel correcto"
"-17,7611111111111;28,7694444444444;180;0;-72;-69;-98;28 46 10N;017 45 40W;2013/12/19 00:00:00+00;""28;76944N"";""017;76111W"";GPRS y GSM;Nivel correcto"
"-17,7563888888888;28,7672222222223;181;0;-69;-64;-94;28 46 02N;017 45 23W;2013/12/19 00:00:00+00;""28;76722N"";""017;75639W"";GPRS y GSM;Nivel correcto"
"-17,7563888888888;28,7672222222223;182;0;-69;-64;-89;28 46 02N;017 45 23W;2013/12/19 00:00:00+00;""28;76722N"";""017;75639W"";GPRS y GSM;Nivel correcto"
"-17,9777777777777;28,7633333333334;183;0;-104;-96;-106;28 45 48N;017 58 40W;2013/11/29 00:00:00+00;""28;76333N"";""017;97778W"";no GPRS y dificultad GSM;Dificultad en la comunicación"
"-17,9908333333333;28,7597222222221;184;0;-59;-59;-76;28 45 35N;017 59 27W;2013/11/29 00:00:00+00;""28;75972N"";""017;99083W"";GPRS y GSM;Nivel correcto"
"-17,9908333333333;28,7597222222221;185;0;-58;-59;-76;28 45 35N;017 59 27W;2013/11/29 00:00:00+00;""28;75972N"";""017;99083W"";GPRS y GSM;Nivel correcto"
"-17,9777777777777;28,7633333333334;186;0;-59;-69;-104;28 45 48N;017 58 40W;2013/11/29 00:00:00+00;""28;76333N"";""017;97778W"";GPRS y GSM;Nivel correcto"
"-17,9666666666666;28,7425;187;0;-84;-74;-104;28 44 33N;017 58 00W;2013/12/03 00:00:00+00;""28;74250N"";""017;96667W"";GPRS y GSM;Nivel correcto"
"-17,9522222222222;28,7572222222223;188;0;-94;-96;-113;28 45 26N;017 57 08W;2013/12/03 00:00:00+00;""28;75722N"";""017;95222W"";GPRS y GSM;Nivel insuficiente"
"-17,9441666666667;28,7563888888889;189;0;-84;-84;-109;28 45 23N;017 56 39W;2013/12/03 00:00:00+00;""28;75639N"";""017;94417W"";GPRS y GSM;Dificultad en la comunicación"
"-17,9333333333333;28,7527777777778;190;0;-84;-89;-109;28 45 10N;017 56 00W;2013/12/03 00:00:00+00;""28;75278N"";""017;93333W"";GPRS y GSM;Dificultad en la comunicación"
"-17,9333333333333;28,7527777777778;191;0;-84;-89;-109;28 45 10N;017 56 00W;2013/12/03 00:00:00+00;""28;75278N"";""017;93333W"";GPRS y GSM;Dificultad en la comunicación"
"-17,8997222222222;28,7661111111112;192;0;-64;-89;-111;28 45 58N;017 53 59W;2013/12/20 00:00:00+00;""28;76611N"";""017;89972W"";GPRS y GSM;Dificultad en la comunicación"
"-17,8788888888888;28,7619444444446;193;0;-59;-64;-110;28 45 43N;017 52 44W;2013/12/20 00:00:00+00;""28;76194N"";""017;87889W"";GPRS y GSM;Dificultad en la comunicación"
"-17,8855555555555;28,7547222222222;194;0;-70;-70;-109;28 45 17N;017 53 08W;2013/12/20 00:00:00+00;""28;75472N"";""017;88556W"";GPRS y GSM;Dificultad en la comunicación"
"-17,8713888888888;28,7583333333333;195;0;-94;-114;-111;28 45 30N;017 52 17W;2013/12/20 00:00:00+00;""28;75833N"";""017;87139W"";no GPRS y dificultad GSM;Dificultad en la comunicación"
"-17,8613888888888;28,7566666666667;196;0;-106;-105;-114;28 45 24N;017 51 41W;2013/12/20 00:00:00+00;""28;75667N"";""017;86139W"";no GPRS y no GSM;Nivel insuficiente"
"-17,8447222222222;28,8183333333333;197;0;-84;-114;-114;28 49 06N;017 50 41W;2013/12/20 00:00:00+00;""28;81833N"";""017;84472W"";no GPRS y dificultad GSM;Nivel insuficiente"
"-17,8341666666666;28,7525;198;0;-84;-94;-114;28 45 09N;017 50 03W;2013/12/20 00:00:00+00;""28;75250N"";""017;83417W"";GPRS y GSM;Nivel insuficiente"
"-17,8277777777777;28,7522222222223;199;0;-106;-108;-114;28 45 08N;017 49 40W;2013/12/20 00:00:00+00;""28;75222N"";""017;82778W"";no GPRS y no GSM;Nivel insuficiente"
"-17,8175;28,7502777777779;200;0;-106;-108;-114;28 45 01N;017 49 03W;2013/12/20 00:00:00+00;""28;75028N"";""017;81750W"";no GPRS y no GSM;Nivel insuficiente"
"-17,7997222222222;28,7527777777778;201;0;-74;-82;-109;28 45 10N;017 47 59W;2013/12/19 00:00:00+00;""28;75278N"";""017;79972W"";GPRS y GSM;Dificultad en la comunicación"
"-17,7733333333333;28,7125;202;0;-79;-74;-82;28 42 45N;017 46 24W;2013/12/19 00:00:00+00;""28;71250N"";""017;77333W"";GPRS y GSM;Nivel correcto"
"-17,7733333333333;28,7125;203;0;-79;-74;-85;28 42 45N;017 46 24W;2013/12/19 00:00:00+00;""28;71250N"";""017;77333W"";GPRS y GSM;Nivel correcto"
"-17,7683333333332;28,7611111111112;204;0;-84;-59;-99;28 45 40N;017 46 06W;2013/12/19 00:00:00+00;""28;76111N"";""017;76833W"";GPRS y GSM;Nivel correcto"
"-17,7683333333332;28,7569444444446;205;0;-97;-64;-89;28 45 25N;017 46 06W;2013/12/19 00:00:00+00;""28;75694N"";""017;76833W"";GPRS y GSM;Nivel correcto"
"-17,7555555555555;28,7572222222223;206;0;-84;-59;-95;28 45 26N;017 45 20W;2013/12/19 00:00:00+00;""28;75722N"";""017;75556W"";GPRS y GSM;Nivel correcto"
"-17,7486111111111;28,7613888888889;207;0;-64;-69;-102;28 45 41N;017 44 55W;2013/12/19 00:00:00+00;""28;76139N"";""017;74861W"";GPRS y GSM;Nivel correcto"
"-17,7486111111111;28,7613888888889;208;0;-69;-64;-99;28 45 41N;017 44 55W;2013/12/19 00:00:00+00;""28;76139N"";""017;74861W"";GPRS y GSM;Nivel correcto"
"-17,9925;28,7480555555557;209;0;-99;-94;-110;28 44 53N;017 59 33W;2013/12/01 00:00:00+00;""28;74806N"";""017;99250W"";GPRS y GSM;Dificultad en la comunicación"
"-17,9925;28,7480555555557;210;0;-94;-99;-109;28 44 53N;017 59 33W;2013/12/01 00:00:00+00;""28;74806N"";""017;99250W"";GPRS y GSM;Dificultad en la comunicación"
"-17,9719444444444;28,7419444444445;211;0;-94;-99;-110;28 44 31N;017 58 19W;2013/12/01 00:00:00+00;""28;74194N"";""017;97194W"";GPRS y GSM;Dificultad en la comunicación"
"-17,9711111111111;28,7752777777778;212;0;-76;-69;-109;28 46 31N;017 58 16W;2013/11/29 00:00:00+00;""28;77528N"";""017;97111W"";GPRS y GSM;Dificultad en la comunicación"
"-17,9711111111111;28,7752777777778;213;0;-76;-69;-109;28 46 31N;017 58 16W;2013/11/29 00:00:00+00;""28;77528N"";""017;97111W"";GPRS y GSM;Dificultad en la comunicación"
"-17,9580555555555;28,7386111111112;214;0;-84;-84;-99;28 44 19N;017 57 29W;2013/12/03 00:00:00+00;""28;73861N"";""017;95806W"";GPRS y GSM;Nivel correcto"
"-17,9383333333333;28,7463888888889;215;0;-84;-84;-99;28 44 47N;017 56 18W;2013/12/03 00:00:00+00;""28;74639N"";""017;93833W"";GPRS y GSM;Nivel correcto"
"-17,9288888888889;28,7463888888889;216;0;-94;-101;-109;28 44 47N;017 55 44W;2013/12/03 00:00:00+00;""28;74639N"";""017;92889W"";GPRS y GSM;Dificultad en la comunicación"
"-17,9288888888889;28,7463888888889;217;0;-94;-101;-109;28 44 47N;017 55 44W;2013/12/03 00:00:00+00;""28;74639N"";""017;92889W"";GPRS y GSM;Dificultad en la comunicación"
"-17,911111111111;28,7477777777778;218;0;-106;-107;-114;28 44 52N;017 54 40W;2013/12/19 00:00:00+00;""28;74778N"";""017;91111W"";no GPRS y no GSM;Nivel insuficiente"
"-17,8902777777777;28,7486111111111;219;0;-98;-103;-107;28 44 55N;017 53 25W;2013/12/19 00:00:00+00;""28;74861N"";""017;89028W"";GPRS y GSM;Dificultad en la comunicación"
"-17,8908333333333;28,7486111111111;220;0;-98;-103;-110;28 44 55N;017 53 27W;2013/12/19 00:00:00+00;""28;74861N"";""017;89083W"";GPRS y GSM;Dificultad en la comunicación"
"-17,8908333333333;28,7486111111111;221;0;-101;-107;-111;28 44 55N;017 53 27W;2013/12/19 00:00:00+00;""28;74861N"";""017;89083W"";no GPRS y dificultad GSM;Dificultad en la comunicación"
"-17,8613888888888;28,7566666666667;222;0;-106;-105;-114;28 45 24N;017 51 41W;2013/12/20 00:00:00+00;""28;75667N"";""017;86139W"";no GPRS y no GSM;Nivel insuficiente"
"-17,8447222222222;28,8183333333333;223;0;-84;-114;-109;28 49 06N;017 50 41W;2013/12/20 00:00:00+00;""28;81833N"";""017;84472W"";no GPRS y dificultad GSM;Dificultad en la comunicación"
"-17,8313888888889;28,7438888888888;224;0;-94;-104;-114;28 44 38N;017 49 53W;2013/12/20 00:00:00+00;""28;74389N"";""017;83139W"";no GPRS y dificultad GSM;Nivel insuficiente"
"-17,8244444444445;28,7358333333334;225;0;-114;-99;-114;28 44 09N;017 49 28W;2013/12/20 00:00:00+00;""28;73583N"";""017;82444W"";no GPRS y dificultad GSM;Nivel insuficiente"
"-17,8305555555556;28,7341666666667;226;0;-114;-114;-114;28 44 03N;017 49 50W;2013/12/20 00:00:00+00;""28;73417N"";""017;83056W"";no GPRS y no GSM;Nivel insuficiente"
"-17,8194444444445;28,7455555555555;227;0;-99;-106;-119;28 44 44N;017 49 10W;2013/12/20 00:00:00+00;""28;74556N"";""017;81944W"";no GPRS y dificultad GSM;Nivel insuficiente"
"-17,8097222222221;28,7333333333333;228;0;-114;-119;-110;28 44 00N;017 48 35W;2013/12/20 00:00:00+00;""28;73333N"";""017;80972W"";no GPRS y no GSM;Dificultad en la comunicación"
"-17,7733333333333;28,7125;229;0;-79;-74;-104;28 42 45N;017 46 24W;2013/12/19 00:00:00+00;""28;71250N"";""017;77333W"";GPRS y GSM;Nivel correcto"
"-17,7725;28,7458333333334;230;0;-99;-97;-109;28 44 45N;017 46 21W;2013/12/20 00:00:00+00;""28;74583N"";""017;77250W"";GPRS y GSM;Dificultad en la comunicación"
"-17,7597222222222;28,7447222222222;231;0;-99;-94;-110;28 44 41N;017 45 35W;2013/12/20 00:00:00+00;""28;74472N"";""017;75972W"";GPRS y GSM;Dificultad en la comunicación"
"-17,7508333333333;28,7463888888889;232;0;-59;-59;-84;28 44 47N;017 45 03W;2013/12/20 00:00:00+00;""28;74639N"";""017;75083W"";GPRS y GSM;Nivel correcto"
"-17,7394444444443;28,7425;233;0;-74;-64;-94;28 44 33N;017 44 22W;2013/12/20 00:00:00+00;""28;74250N"";""017;73944W"";GPRS y GSM;Nivel correcto"
"-17,7322222222222;28,7444444444445;234;0;-99;-104;-114;28 44 40N;017 43 56W;2013/12/20 00:00:00+00;""28;74444N"";""017;73222W"";no GPRS y dificultad GSM;Nivel insuficiente"
"-17,9813888888888;28,7372222222223;235;0;-99;-97;-110;28 44 14N;017 58 53W;2013/12/01 00:00:00+00;""28;73722N"";""017;98139W"";GPRS y GSM;Dificultad en la comunicación"
"-17,9722222222222;28,7425;236;0;-74;-79;-104;28 44 33N;017 58 20W;2013/11/29 00:00:00+00;""28;74250N"";""017;97222W"";GPRS y GSM;Nivel correcto"
"-17,9677777777778;28,7472222222223;237;0;-77;-69;-114;28 44 50N;017 58 04W;2013/11/29 00:00:00+00;""28;74722N"";""017;96778W"";GPRS y GSM;Nivel insuficiente"
"-17,9575;28,7344444444445;238;0;-94;-92;-109;28 44 04N;017 57 27W;2013/12/01 00:00:00+00;""28;73444N"";""017;95750W"";GPRS y GSM;Dificultad en la comunicación"
"-17,9558333333333;28,7361111111111;239;0;-84;-74;-104;28 44 10N;017 57 21W;2013/12/03 00:00:00+00;""28;73611N"";""017;95583W"";GPRS y GSM;Nivel correcto"
"-17,9533333333333;28,7347222222222;240;0;-99;-94;-109;28 44 05N;017 57 12W;2013/12/01 00:00:00+00;""28;73472N"";""017;95333W"";GPRS y GSM;Dificultad en la comunicación"
"-17,9494444444445;28,7355555555556;241;0;-99;-99;-114;28 44 08N;017 56 58W;2013/12/03 00:00:00+00;""28;73556N"";""017;94944W"";GPRS y GSM;Nivel insuficiente"
"-17,9022222222221;28,7330555555557;242;0;-114;-119;-114;28 43 59N;017 54 08W;2013/12/20 00:00:00+00;""28;73306N"";""017;90222W"";no GPRS y no GSM;Nivel insuficiente"
"-17,9022222222221;28,7330555555557;243;0;-114;-119;-114;28 43 59N;017 54 08W;2013/12/20 00:00:00+00;""28;73306N"";""017;90222W"";no GPRS y no GSM;Nivel insuficiente"
"-17,8713888888888;28,7583333333333;244;0;-94;-114;-109;28 45 30N;017 52 17W;2013/12/20 00:00:00+00;""28;75833N"";""017;87139W"";no GPRS y dificultad GSM;Dificultad en la comunicación"
"-17,8713888888888;28,7583333333333;245;0;-94;-114;-110;28 45 30N;017 52 17W;2013/12/20 00:00:00+00;""28;75833N"";""017;87139W"";no GPRS y dificultad GSM;Dificultad en la comunicación"
"-17,8713888888888;28,7583333333333;246;0;-94;-114;-110;28 45 30N;017 52 17W;2013/12/20 00:00:00+00;""28;75833N"";""017;87139W"";no GPRS y dificultad GSM;Dificultad en la comunicación"
"-17,8713888888888;28,7583333333333;247;0;-94;-114;-109;28 45 30N;017 52 17W;2013/12/20 00:00:00+00;""28;75833N"";""017;87139W"";no GPRS y dificultad GSM;Dificultad en la comunicación"
"-17,8713888888888;28,7583333333333;248;0;-94;-114;-110;28 45 30N;017 52 17W;2013/12/20 00:00:00+00;""28;75833N"";""017;87139W"";no GPRS y dificultad GSM;Dificultad en la comunicación"
"-17,8713888888888;28,7583333333333;249;0;-94;-114;-114;28 45 30N;017 52 17W;2013/12/20 00:00:00+00;""28;75833N"";""017;87139W"";no GPRS y dificultad GSM;Nivel insuficiente"
"-17,8280555555556;28,7305555555556;250;0;-94;-114;-114;28 43 50N;017 49 41W;2013/12/20 00:00:00+00;""28;73056N"";""017;82806W"";no GPRS y dificultad GSM;Nivel insuficiente"
"-17,8144444444445;28,7288888888889;251;0;-84;-92;-104;28 43 44N;017 48 52W;2013/12/20 00:00:00+00;""28;72889N"";""017;81444W"";GPRS y GSM;Nivel correcto"
"-17,8097222222221;28,7333333333333;252;0;-114;-119;-114;28 44 00N;017 48 35W;2013/12/20 00:00:00+00;""28;73333N"";""017;80972W"";no GPRS y no GSM;Nivel insuficiente"
"-17,7988888888888;28,7308333333335;253;0;-114;-119;-114;28 43 51N;017 47 56W;2013/12/20 00:00:00+00;""28;73083N"";""017;79889W"";no GPRS y no GSM;Nivel insuficiente"
"-17,7816666666666;28,7308333333335;254;0;-89;-92;-104;28 43 51N;017 46 54W;2013/12/20 00:00:00+00;""28;73083N"";""017;78167W"";GPRS y GSM;Nivel correcto"
"-17,7708333333333;28,7363888888889;255;0;-84;-78;-104;28 44 11N;017 46 15W;2013/12/20 00:00:00+00;""28;73639N"";""017;77083W"";GPRS y GSM;Nivel correcto"
"-17,7608333333333;28,7352777777778;256;0;-84;-74;-108;28 44 07N;017 45 39W;2013/12/20 00:00:00+00;""28;73528N"";""017;76083W"";GPRS y GSM;Dificultad en la comunicación"
"-17,7508333333333;28,7388888888888;257;0;-79;-74;-99;28 44 20N;017 45 03W;2013/12/20 00:00:00+00;""28;73889N"";""017;75083W"";GPRS y GSM;Nivel correcto"
"-17,7444444444445;28,7391666666667;258;0;-79;-64;-94;28 44 21N;017 44 40W;2013/12/20 00:00:00+00;""28;73917N"";""017;74444W"";GPRS y GSM;Nivel correcto"
"-17,7316666666666;28,7355555555556;259;0;-84;-74;-109;28 44 08N;017 43 54W;2013/12/20 00:00:00+00;""28;73556N"";""017;73167W"";GPRS y GSM;Dificultad en la comunicación"
"-17,7316666666666;28,7355555555556;260;0;-84;-74;-109;28 44 08N;017 43 54W;2013/12/20 00:00:00+00;""28;73556N"";""017;73167W"";GPRS y GSM;Dificultad en la comunicación"
"-17,9719444444444;28,7219444444445;261;0;-84;-74;-104;28 43 19N;017 58 19W;2013/12/01 00:00:00+00;""28;72194N"";""017;97194W"";GPRS y GSM;Nivel correcto"
"-17,9719444444444;28,7219444444445;262;0;-84;-74;-104;28 43 19N;017 58 19W;2013/12/01 00:00:00+00;""28;72194N"";""017;97194W"";GPRS y GSM;Nivel correcto"
"-17,9677777777778;28,7405555555555;263;0;-54;-59;-104;28 44 26N;017 58 04W;2013/11/29 00:00:00+00;""28;74056N"";""017;96778W"";GPRS y GSM;Nivel correcto"
"-17,9677777777778;28,7405555555555;264;0;-54;-64;-106;28 44 26N;017 58 04W;2013/11/29 00:00:00+00;""28;74056N"";""017;96778W"";GPRS y GSM;Dificultad en la comunicación"
"-17,9566666666666;28,7241666666667;265;0;-79;-84;-104;28 43 27N;017 57 24W;2013/12/01 00:00:00+00;""28;72417N"";""017;95667W"";GPRS y GSM;Nivel correcto"
"-17,9386111111111;28,7208333333333;266;0;-99;-94;-110;28 43 15N;017 56 19W;2013/11/29 00:00:00+00;""28;72083N"";""017;93861W"";GPRS y GSM;Dificultad en la comunicación"
"-17,8847222222221;28,7230555555555;267;0;-106;-105;-114;28 43 23N;017 53 05W;2013/11/29 00:00:00+00;""28;72306N"";""017;88472W"";no GPRS y no GSM;Nivel insuficiente"
"-17,8847222222221;28,7230555555555;268;0;-106;-105;-114;28 43 23N;017 53 05W;2013/11/29 00:00:00+00;""28;72306N"";""017;88472W"";no GPRS y no GSM;Nivel insuficiente"
"-17,8847222222221;28,7230555555555;269;0;-106;-105;-110;28 43 23N;017 53 05W;2013/11/29 00:00:00+00;""28;72306N"";""017;88472W"";no GPRS y no GSM;Dificultad en la comunicación"
"-17,8736111111111;28,7230555555555;270;0;-114;-114;-114;28 43 23N;017 52 25W;2013/11/18 00:00:00+00;""28;72306N"";""017;87361W"";no GPRS y no GSM;Nivel insuficiente"
"-17,8736111111111;28,7255555555556;271;0;-79;-84;-104;28 43 32N;017 52 25W;2013/11/18 00:00:00+00;""28;72556N"";""017;87361W"";GPRS y GSM;Nivel correcto"
"-17,8647222222222;28,7255555555556;272;0;-114;-114;-114;28 43 32N;017 51 53W;2013/11/18 00:00:00+00;""28;72556N"";""017;86472W"";no GPRS y no GSM;Nivel insuficiente"
"-17,8563888888889;28,7272222222223;273;0;-114;-114;-114;28 43 38N;017 51 23W;2013/11/18 00:00:00+00;""28;72722N"";""017;85639W"";no GPRS y no GSM;Nivel insuficiente"
"-17,8563888888889;28,7272222222223;274;0;-114;-114;-111;28 43 38N;017 51 23W;2013/11/18 00:00:00+00;""28;72722N"";""017;85639W"";no GPRS y no GSM;Dificultad en la comunicación"
"-17,8713888888888;28,7583333333333;275;0;-94;-114;-114;28 45 30N;017 52 17W;2013/12/20 00:00:00+00;""28;75833N"";""017;87139W"";no GPRS y dificultad GSM;Nivel insuficiente"
"-17,8205555555555;28,7286111111112;276;0;-114;-114;-114;28 43 43N;017 49 14W;2013/12/20 00:00:00+00;""28;72861N"";""017;82056W"";no GPRS y no GSM;Nivel insuficiente"
"-17,8205555555555;28,7286111111112;277;0;-94;-114;-110;28 43 43N;017 49 14W;2013/12/20 00:00:00+00;""28;72861N"";""017;82056W"";no GPRS y dificultad GSM;Dificultad en la comunicación"
"-17,8061111111111;28,7230555555555;278;0;-84;-89;-106;28 43 23N;017 48 22W;2013/12/20 00:00:00+00;""28;72306N"";""017;80611W"";GPRS y GSM;Dificultad en la comunicación"
"-17,7908333333332;28,7261111111111;279;0;-79;-92;-104;28 43 34N;017 47 27W;2013/12/20 00:00:00+00;""28;72611N"";""017;79083W"";GPRS y GSM;Nivel correcto"
"-17,7808333333334;28,7241666666668;280;0;-104;-104;-114;28 43 27N;017 46 51W;2013/12/20 00:00:00+00;""28;72417N"";""017;78083W"";no GPRS y no GSM;Nivel insuficiente"
"-17,7666666666667;28,72;281;0;-84;-94;-109;28 43 12N;017 46 00W;2013/12/20 00:00:00+00;""28;72000N"";""017;76667W"";GPRS y GSM;Dificultad en la comunicación"
"-17,7686111111111;28,721388888889;282;0;-112;-110;-114;28 43 17N;017 46 07W;2013/12/20 00:00:00+00;""28;72139N"";""017;76861W"";no GPRS y no GSM;Nivel insuficiente"
"-17,7488888888889;28,7497222222222;283;0;-100;-74;-94;28 44 59N;017 44 56W;2013/12/20 00:00:00+00;""28;74972N"";""017;74889W"";GPRS y GSM;Nivel correcto"
"-17,733611111111;28,7247222222222;284;0;-94;-99;-104;28 43 29N;017 44 01W;2013/12/20 00:00:00+00;""28;72472N"";""017;73361W"";GPRS y GSM;Nivel correcto"
"-17,7347222222222;28,7263888888889;285;0;-79;-84;-110;28 43 35N;017 44 05W;2013/12/20 00:00:00+00;""28;72639N"";""017;73472W"";GPRS y GSM;Dificultad en la comunicación"
"-17,9688888888888;28,7144444444444;286;0;-84;-84;-109;28 42 52N;017 58 08W;2013/12/01 00:00:00+00;""28;71444N"";""017;96889W"";GPRS y GSM;Dificultad en la comunicación"
"-17,965;28,7158333333333;287;0;-79;-84;-109;28 42 57N;017 57 54W;2013/12/01 00:00:00+00;""28;71583N"";""017;96500W"";GPRS y GSM;Dificultad en la comunicación"
"-17,9591666666666;28,7244444444444;288;0;-94;-99;-109;28 43 28N;017 57 33W;2013/12/01 00:00:00+00;""28;72444N"";""017;95917W"";GPRS y GSM;Dificultad en la comunicación"
"-17,9566666666666;28,7241666666667;289;0;-79;-84;-104;28 43 27N;017 57 24W;2013/12/01 00:00:00+00;""28;72417N"";""017;95667W"";GPRS y GSM;Nivel correcto"
"-17,9388888888889;28,711388888889;290;0;-99;-94;-107;28 42 41N;017 56 20W;2013/12/01 00:00:00+00;""28;71139N"";""017;93889W"";GPRS y GSM;Dificultad en la comunicación"
"-17,9288888888889;28,711388888889;291;0;-101;-114;-109;28 42 41N;017 55 44W;2013/12/01 00:00:00+00;""28;71139N"";""017;92889W"";no GPRS y dificultad GSM;Dificultad en la comunicación"
"-17,911111111111;28,7080555555556;292;0;-101;-114;-109;28 42 29N;017 54 40W;2013/12/01 00:00:00+00;""28;70806N"";""017;91111W"";no GPRS y dificultad GSM;Dificultad en la comunicación"
"-17,9177777777778;28,711388888889;293;0;-114;-114;-114;28 42 41N;017 55 04W;2013/12/01 00:00:00+00;""28;71139N"";""017;91778W"";no GPRS y no GSM;Nivel insuficiente"
"-17,9286111111111;28,7102777777778;294;0;-114;-114;-114;28 42 37N;017 55 43W;2013/12/01 00:00:00+00;""28;71028N"";""017;92861W"";no GPRS y no GSM;Nivel insuficiente"
"-17,8847222222221;28,7230555555555;295;0;-101;-105;-110;28 43 23N;017 53 05W;2013/11/29 00:00:00+00;""28;72306N"";""017;88472W"";no GPRS y dificultad GSM;Dificultad en la comunicación"
"-17,8719444444444;28,7138888888889;296;0;-101;-105;-110;28 42 50N;017 52 19W;2013/11/29 00:00:00+00;""28;71389N"";""017;87194W"";no GPRS y dificultad GSM;Dificultad en la comunicación"
"-17,8927777777777;28,711388888889;297;0;-114;-114;-114;28 42 41N;017 53 34W;2013/11/18 00:00:00+00;""28;71139N"";""017;89278W"";no GPRS y no GSM;Nivel insuficiente"
"-17,8825;28,7111111111112;298;0;-114;-114;-114;28 42 40N;017 52 57W;2013/11/18 00:00:00+00;""28;71111N"";""017;88250W"";no GPRS y no GSM;Nivel insuficiente"
"-17,8736111111111;28,7108333333333;299;0;-101;-103;-114;28 42 39N;017 52 25W;2013/11/18 00:00:00+00;""28;71083N"";""017;87361W"";GPRS y GSM;Nivel insuficiente"
"-17,8619444444445;28,7127777777779;300;0;-101;-105;-110;28 42 46N;017 51 43W;2013/11/18 00:00:00+00;""28;71278N"";""017;86194W"";no GPRS y dificultad GSM;Dificultad en la comunicación"
"-17,855;28,7127777777779;301;0;-114;-114;-114;28 42 46N;017 51 18W;2013/12/10 00:00:00+00;""28;71278N"";""017;85500W"";no GPRS y no GSM;Nivel insuficiente"
"-17,8491666666666;28,7016666666667;302;0;-104;-106;-114;28 42 06N;017 50 57W;2013/12/10 00:00:00+00;""28;70167N"";""017;84917W"";no GPRS y no GSM;Nivel insuficiente"
"-17,8383333333333;28,7;303;0;-104;-106;-114;28 42 00N;017 50 18W;2013/12/10 00:00:00+00;""28;70000N"";""017;83833W"";no GPRS y no GSM;Nivel insuficiente"
"-17,7783333333333;28,72;304;0;-92;-94;-109;28 43 12N;017 46 42W;2013/12/20 00:00:00+00;""28;72000N"";""017;77833W"";GPRS y GSM;Dificultad en la comunicación"
"-17,7691666666666;28,7141666666668;305;0;-69;-74;-94;28 42 51N;017 46 09W;2013/12/20 00:00:00+00;""28;71417N"";""017;76917W"";GPRS y GSM;Nivel correcto"
"-17,7997222222222;28,7141666666668;306;0;-69;-69;-94;28 42 51N;017 47 59W;2013/12/20 00:00:00+00;""28;71417N"";""017;79972W"";GPRS y GSM;Nivel correcto"
"-17,7494444444445;28,7166666666666;307;0;-74;-79;-99;28 43 00N;017 44 58W;2013/12/20 00:00:00+00;""28;71667N"";""017;74944W"";GPRS y GSM;Nivel correcto"
"-17,7475;28,7166666666666;308;0;-64;-64;-94;28 42 60N;017 44 51W;2013/12/20 00:00:00+00;""28;71667N"";""017;74750W"";GPRS y GSM;Nivel correcto"
"-17,7369444444445;28,7202777777778;309;0;-74;-74;-109;28 43 13N;017 44 13W;2013/12/20 00:00:00+00;""28;72028N"";""017;73694W"";GPRS y GSM;Dificultad en la comunicación"
"-17,9647222222222;28,706388888889;310;0;-64;-66;-104;28 42 23N;017 57 53W;2013/12/01 00:00:00+00;""28;70639N"";""017;96472W"";GPRS y GSM;Nivel correcto"
"-17,9647222222222;28,706388888889;311;0;-64;-66;-104;28 42 23N;017 57 53W;2013/12/01 00:00:00+00;""28;70639N"";""017;96472W"";GPRS y GSM;Nivel correcto"
"-17,9563888888889;28,7116666666666;312;0;-66;-84;-104;28 42 42N;017 57 23W;2013/12/01 00:00:00+00;""28;71167N"";""017;95639W"";GPRS y GSM;Nivel correcto"
"-17,9480555555555;28,7075;313;0;-89;-74;-109;28 42 27N;017 56 53W;2013/12/01 00:00:00+00;""28;70750N"";""017;94806W"";GPRS y GSM;Dificultad en la comunicación"
"-17,9363888888889;28,7055555555556;314;0;-89;-94;-109;28 42 20N;017 56 11W;2013/12/01 00:00:00+00;""28;70556N"";""017;93639W"";GPRS y GSM;Dificultad en la comunicación"
"-17,9247222222222;28,7041666666668;315;0;-114;-114;-114;28 42 15N;017 55 29W;2013/12/01 00:00:00+00;""28;70417N"";""017;92472W"";no GPRS y no GSM;Nivel insuficiente"
"-17,9247222222222;28,7041666666668;316;0;-114;-114;-114;28 42 15N;017 55 29W;2013/12/01 00:00:00+00;""28;70417N"";""017;92472W"";no GPRS y no GSM;Nivel insuficiente"
"-17,9291666666666;28,7016666666667;317;0;-114;-114;-114;28 42 06N;017 55 45W;2013/12/01 00:00:00+00;""28;70167N"";""017;92917W"";no GPRS y no GSM;Nivel insuficiente"
"-17,9180555555556;28,7005555555555;318;0;-101;-114;-110;28 42 02N;017 55 05W;2013/11/29 00:00:00+00;""28;70056N"";""017;91806W"";no GPRS y dificultad GSM;Dificultad en la comunicación"
"-17,9005555555556;28,6994444444444;319;0;-102;-114;-109;28 41 58N;017 54 02W;2013/11/18 00:00:00+00;""28;69944N"";""017;90056W"";no GPRS y no GSM;Dificultad en la comunicación"
"-17,8941666666665;28,7011111111112;320;0;-92;-94;-114;28 42 04N;017 53 39W;2013/11/18 00:00:00+00;""28;70111N"";""017;89417W"";GPRS y GSM;Nivel insuficiente"
"-17,875;28,7075;321;0;-64;-66;-102;28 42 27N;017 52 30W;2013/11/24 00:00:00+00;""28;70750N"";""017;87500W"";GPRS y GSM;Nivel correcto"
"-17,8686111111111;28,7080555555556;322;0;-92;-98;-114;28 42 29N;017 52 07W;2013/11/24 00:00:00+00;""28;70806N"";""017;86861W"";GPRS y GSM;Nivel insuficiente"
"-17,7994444444444;28,7030555555556;323;0;-114;-114;-114;28 42 11N;017 47 58W;2013/12/20 00:00:00+00;""28;70306N"";""017;79944W"";no GPRS y no GSM;Nivel insuficiente"
"-17,7994444444444;28,7030555555556;324;0;-114;-114;-114;28 42 11N;017 47 58W;2013/12/20 00:00:00+00;""28;70306N"";""017;79944W"";no GPRS y no GSM;Nivel insuficiente"
"-17,7994444444444;28,7030555555556;325;0;-114;-114;-114;28 42 11N;017 47 58W;2013/12/20 00:00:00+00;""28;70306N"";""017;79944W"";no GPRS y no GSM;Nivel insuficiente"
"-17,7994444444444;28,7030555555556;326;0;-114;-114;-114;28 42 11N;017 47 58W;2013/12/20 00:00:00+00;""28;70306N"";""017;79944W"";no GPRS y no GSM;Nivel insuficiente"
"-17,7927777777777;28,7030555555556;327;0;-104;-106;-114;28 42 11N;017 47 34W;2013/12/20 00:00:00+00;""28;70306N"";""017;79278W"";no GPRS y no GSM;Nivel insuficiente"
"-17,7652777777778;28,7033333333334;328;0;-89;-94;-110;28 42 12N;017 45 55W;2013/12/20 00:00:00+00;""28;70333N"";""017;76528W"";GPRS y GSM;Dificultad en la comunicación"
"-17,7666666666667;28,7069444444445;329;0;-79;-79;-96;28 42 25N;017 45 60W;2013/12/20 00:00:00+00;""28;70694N"";""017;76667W"";GPRS y GSM;Nivel correcto"
"-17,7652777777778;28,7033333333334;330;0;-84;-89;-99;28 42 12N;017 45 55W;2013/12/19 00:00:00+00;""28;70333N"";""017;76528W"";GPRS y GSM;Nivel correcto"
"-17,7769444444444;28,6961111111112;331;0;-94;-99;-102;28 41 46N;017 46 37W;2013/12/19 00:00:00+00;""28;69611N"";""017;77694W"";GPRS y GSM;Nivel correcto"
"-17,9613888888889;28,6983333333334;332;0;-89;-94;-107;28 41 54N;017 57 41W;2013/12/01 00:00:00+00;""28;69833N"";""017;96139W"";GPRS y GSM;Dificultad en la comunicación"
"-17,9613888888889;28,6983333333334;333;0;-89;-94;-106;28 41 54N;017 57 41W;2013/12/01 00:00:00+00;""28;69833N"";""017;96139W"";GPRS y GSM;Dificultad en la comunicación"
"-17,9591666666666;28,7008333333333;334;0;-84;-89;-104;28 42 03N;017 57 33W;2013/12/01 00:00:00+00;""28;70083N"";""017;95917W"";GPRS y GSM;Nivel correcto"
"-17,9511111111111;28,7011111111112;335;0;-64;-59;-104;28 42 04N;017 57 04W;2013/12/01 00:00:00+00;""28;70111N"";""017;95111W"";GPRS y GSM;Nivel correcto"
"-17,9386111111111;28,6991666666668;336;0;-94;-99;-106;28 41 57N;017 56 19W;2013/12/01 00:00:00+00;""28;69917N"";""017;93861W"";GPRS y GSM;Dificultad en la comunicación"
"-17,9327777777777;28,7033333333334;337;0;-99;-94;-114;28 42 12N;017 55 58W;2013/12/01 00:00:00+00;""28;70333N"";""017;93278W"";GPRS y GSM;Nivel insuficiente"
"-17,918611111111;28,695;338;0;-99;-94;-109;28 41 42N;017 55 07W;2013/12/01 00:00:00+00;""28;69500N"";""017;91861W"";GPRS y GSM;Dificultad en la comunicación"
"-17,9022222222221;28,6930555555556;339;0;-99;-94;-106;28 41 35N;017 54 08W;2013/12/01 00:00:00+00;""28;69306N"";""017;90222W"";GPRS y GSM;Dificultad en la comunicación"
"-17,8955555555556;28,695;340;0;-101;-105;-110;28 41 42N;017 53 44W;2013/12/01 00:00:00+00;""28;69500N"";""017;89556W"";no GPRS y dificultad GSM;Dificultad en la comunicación"
"-17,8866666666667;28,6983333333334;341;0;-114;-114;-114;28 41 54N;017 53 12W;2013/12/01 00:00:00+00;""28;69833N"";""017;88667W"";no GPRS y no GSM;Nivel insuficiente"
"-17,8783333333333;28,7011111111112;342;0;-114;-114;-114;28 42 04N;017 52 42W;2013/12/01 00:00:00+00;""28;70111N"";""017;87833W"";no GPRS y no GSM;Nivel insuficiente"
"-17,8666666666667;28,7094444444444;343;0;-114;-114;-114;28 42 34N;017 52 00W;2013/12/01 00:00:00+00;""28;70944N"";""017;86667W"";no GPRS y no GSM;Nivel insuficiente"
"-17,8522222222222;28,6933333333334;344;0;-102;-114;-106;28 41 36N;017 51 08W;2013/11/24 00:00:00+00;""28;69333N"";""017;85222W"";no GPRS y no GSM;Dificultad en la comunicación"
"-17,8463888888889;28,6905555555555;345;0;-101;-103;-109;28 41 26N;017 50 47W;2013/11/24 00:00:00+00;""28;69056N"";""017;84639W"";GPRS y GSM;Dificultad en la comunicación"
"-17,8463888888889;28,6905555555555;346;0;-101;-103;-114;28 41 26N;017 50 47W;2013/11/24 00:00:00+00;""28;69056N"";""017;84639W"";GPRS y GSM;Nivel insuficiente"
"-17,8197222222221;28,6902777777779;347;0;-108;-114;-114;28 41 25N;017 49 11W;2013/12/19 00:00:00+00;""28;69028N"";""017;81972W"";no GPRS y no GSM;Nivel insuficiente"
"-17,81;28,6886111111111;348;0;-102;-109;-109;28 41 19N;017 48 36W;2013/12/19 00:00:00+00;""28;68861N"";""017;81000W"";no GPRS y no GSM;Dificultad en la comunicación"
"-17,8005555555555;28,6847222222223;349;0;-99;-103;-110;28 41 05N;017 48 02W;2013/12/19 00:00:00+00;""28;68472N"";""017;80056W"";GPRS y GSM;Dificultad en la comunicación"
"-17,7516666666667;28,71;350;0;-84;-84;-109;28 42 36N;017 45 06W;2013/12/20 00:00:00+00;""28;71000N"";""017;75167W"";GPRS y GSM;Dificultad en la comunicación"
"-17,7725;28,7019444444446;351;0;-64;-69;-94;28 42 07N;017 46 21W;2013/12/20 00:00:00+00;""28;70194N"";""017;77250W"";GPRS y GSM;Nivel correcto"
"-17,7691666666666;28,695;352;0;-64;-59;-102;28 41 42N;017 46 09W;2013/12/20 00:00:00+00;""28;69500N"";""017;76917W"";GPRS y GSM;Nivel correcto"
"-17,7691666666666;28,695;353;0;-64;-59;-99;28 41 42N;017 46 09W;2013/12/20 00:00:00+00;""28;69500N"";""017;76917W"";GPRS y GSM;Nivel correcto"
"-17,9572222222222;28,6897222222223;354;0;-74;-59;-104;28 41 23N;017 57 26W;2013/12/01 00:00:00+00;""28;68972N"";""017;95722W"";GPRS y GSM;Nivel correcto"
"-17,9572222222222;28,6897222222223;355;0;-74;-59;-104;28 41 23N;017 57 26W;2013/12/01 00:00:00+00;""28;68972N"";""017;95722W"";GPRS y GSM;Nivel correcto"
"-17,9494444444445;28,6911111111112;356;0;-64;-64;-104;28 41 28N;017 56 58W;2013/12/01 00:00:00+00;""28;69111N"";""017;94944W"";GPRS y GSM;Nivel correcto"
"-17,9377777777778;28,6902777777779;357;0;-94;-104;-109;28 41 25N;017 56 16W;2013/12/01 00:00:00+00;""28;69028N"";""017;93778W"";no GPRS y dificultad GSM;Dificultad en la comunicación"
"-17,9252777777778;28,6911111111112;358;0;-99;-94;-114;28 41 28N;017 55 31W;2013/12/01 00:00:00+00;""28;69111N"";""017;92528W"";GPRS y GSM;Nivel insuficiente"
"-17,911111111111;28,6902777777779;359;0;-99;-94;-99;28 41 25N;017 54 40W;2013/11/25 00:00:00+00;""28;69028N"";""017;91111W"";GPRS y GSM;Nivel correcto"
"-17,9016666666666;28,6905555555555;360;0;-99;-94;-109;28 41 26N;017 54 06W;2013/11/25 00:00:00+00;""28;69056N"";""017;90167W"";GPRS y GSM;Dificultad en la comunicación"
"-17,8972222222222;28,6958333333333;361;0;-99;-98;-106;28 41 45N;017 53 50W;2013/11/25 00:00:00+00;""28;69583N"";""017;89722W"";GPRS y GSM;Dificultad en la comunicación"
"-17,8983333333333;28,68;362;0;-99;-94;-109;28 40 48N;017 53 54W;2013/11/25 00:00:00+00;""28;68000N"";""017;89833W"";GPRS y GSM;Dificultad en la comunicación"
"-17,8877777777777;28,6725;363;0;-99;-94;-106;28 40 21N;017 53 16W;2013/11/25 00:00:00+00;""28;67250N"";""017;88778W"";GPRS y GSM;Dificultad en la comunicación"
"-17,8772222222222;28,6694444444445;364;0;-99;-94;-109;28 40 10N;017 52 38W;2013/11/25 00:00:00+00;""28;66944N"";""017;87722W"";GPRS y GSM;Dificultad en la comunicación"
"-17,8613888888888;28,6797222222222;365;0;-99;-104;-110;28 40 47N;017 51 41W;2013/11/25 00:00:00+00;""28;67972N"";""017;86139W"";no GPRS y dificultad GSM;Dificultad en la comunicación"
"-17,8511111111111;28,6805555555555;366;0;-99;-94;-109;28 40 50N;017 51 04W;2013/11/25 00:00:00+00;""28;68056N"";""017;85111W"";GPRS y GSM;Dificultad en la comunicación"
"-17,9572222222222;28,7169444444445;367;0;-108;-114;-114;28 43 01N;017 57 26W;2013/12/01 00:00:00+00;""28;71694N"";""017;95722W"";no GPRS y no GSM;Nivel insuficiente"
"-17,8444444444443;28,6794444444445;368;0;-94;-104;-106;28 40 46N;017 50 40W;2013/11/25 00:00:00+00;""28;67944N"";""017;84444W"";no GPRS y dificultad GSM;Dificultad en la comunicación"
"-17,8288888888889;28,6813888888889;369;0;-104;-99;-110;28 40 53N;017 49 44W;2013/11/25 00:00:00+00;""28;68139N"";""017;82889W"";no GPRS y dificultad GSM;Dificultad en la comunicación"
"-17,8108333333333;28,678888888889;370;0;-76;-84;-99;28 40 44N;017 48 39W;2013/11/25 00:00:00+00;""28;67889N"";""017;81083W"";GPRS y GSM;Nivel correcto"
"-17,7783333333333;28,6983333333334;371;0;-74;-84;-102;28 41 54N;017 46 42W;2013/12/20 00:00:00+00;""28;69833N"";""017;77833W"";GPRS y GSM;Nivel correcto"
"-17,7658333333332;28,6927777777779;372;0;-64;-59;-84;28 41 34N;017 45 57W;2013/12/20 00:00:00+00;""28;69278N"";""017;76583W"";GPRS y GSM;Nivel correcto"
"-17,7602777777778;28,6866666666667;373;0;-64;-59;-92;28 41 12N;017 45 37W;2013/12/20 00:00:00+00;""28;68667N"";""017;76028W"";GPRS y GSM;Nivel correcto"
"-17,7605555555555;28,6886111111111;374;0;-64;-59;-92;28 41 19N;017 45 38W;2013/12/20 00:00:00+00;""28;68861N"";""017;76056W"";GPRS y GSM;Nivel correcto"
"-17,9533333333333;28,6813888888889;375;0;-99;-99;-109;28 40 53N;017 57 12W;2013/12/01 00:00:00+00;""28;68139N"";""017;95333W"";GPRS y GSM;Dificultad en la comunicación"
"-17,9533333333333;28,6813888888889;376;0;-99;-99;-109;28 40 53N;017 57 12W;2013/12/01 00:00:00+00;""28;68139N"";""017;95333W"";GPRS y GSM;Dificultad en la comunicación"
"-17,9461111111111;28,6825;377;0;-94;-59;-89;28 40 57N;017 56 46W;2013/12/01 00:00:00+00;""28;68250N"";""017;94611W"";GPRS y GSM;Nivel correcto"
"-17,9363888888889;28,68;378;0;-94;-69;-94;28 40 48N;017 56 11W;2013/12/01 00:00:00+00;""28;68000N"";""017;93639W"";GPRS y GSM;Nivel correcto"
"-17,9269444444444;28,6916666666667;379;0;-89;-74;-94;28 41 30N;017 55 37W;2013/12/01 00:00:00+00;""28;69167N"";""017;92694W"";GPRS y GSM;Nivel correcto"
"-17,9163888888889;28,6883333333335;380;0;-79;-92;-89;28 41 18N;017 54 59W;2013/12/01 00:00:00+00;""28;68833N"";""017;91639W"";GPRS y GSM;Nivel correcto"
"-17,8972222222222;28,6794444444445;381;0;-89;-79;-99;28 40 46N;017 53 50W;2013/12/01 00:00:00+00;""28;67944N"";""017;89722W"";GPRS y GSM;Nivel correcto"
"-17,8777777777778;28,678888888889;382;0;-79;-74;-109;28 40 44N;017 52 40W;2013/12/01 00:00:00+00;""28;67889N"";""017;87778W"";GPRS y GSM;Dificultad en la comunicación"
"-17,8669444444444;28,6758333333334;383;0;-89;-79;-107;28 40 33N;017 52 01W;2013/12/01 00:00:00+00;""28;67583N"";""017;86694W"";GPRS y GSM;Dificultad en la comunicación"
"-17,8561111111111;28,6783333333335;384;0;-79;-92;-110;28 40 42N;017 51 22W;2013/12/01 00:00:00+00;""28;67833N"";""017;85611W"";GPRS y GSM;Dificultad en la comunicación"
"-17,846111111111;28,6805555555555;385;0;-89;-92;-109;28 40 50N;017 50 46W;2013/12/01 00:00:00+00;""28;68056N"";""017;84611W"";GPRS y GSM;Dificultad en la comunicación"
"-17,8463888888889;28,6747222222222;386;0;-109;-104;-114;28 40 29N;017 50 47W;2013/11/25 00:00:00+00;""28;67472N"";""017;84639W"";no GPRS y no GSM;Nivel insuficiente"
"-17,8483333333334;28,6763888888889;387;0;-92;-89;-110;28 40 35N;017 50 54W;2013/11/25 00:00:00+00;""28;67639N"";""017;84833W"";GPRS y GSM;Dificultad en la comunicación"
"-17,8258333333333;28,6758333333334;388;0;-104;-99;-106;28 40 33N;017 49 33W;2013/11/25 00:00:00+00;""28;67583N"";""017;82583W"";no GPRS y dificultad GSM;Dificultad en la comunicación"
"-17,8158333333333;28,68;389;0;-99;-104;-109;28 40 48N;017 48 57W;2013/11/25 00:00:00+00;""28;68000N"";""017;81583W"";no GPRS y dificultad GSM;Dificultad en la comunicación"
"-17,805;28,6802777777779;390;0;-89;-79;-102;28 40 49N;017 48 18W;2013/12/20 00:00:00+00;""28;68028N"";""017;80500W"";GPRS y GSM;Nivel correcto"
"-17,7941666666667;28,6769444444444;391;0;-94;-84;-109;28 40 37N;017 47 39W;2013/12/20 00:00:00+00;""28;67694N"";""017;79417W"";GPRS y GSM;Dificultad en la comunicación"
"-17,7841666666667;28,6905555555555;392;0;-64;-64;-94;28 41 26N;017 47 03W;2013/12/20 00:00:00+00;""28;69056N"";""017;78417W"";GPRS y GSM;Nivel correcto"
"-17,7608333333333;28,6861111111112;393;0;-62;-64;-89;28 41 10N;017 45 39W;2013/12/21 00:00:00+00;""28;68611N"";""017;76083W"";GPRS y GSM;Nivel correcto"
"-17,9547222222222;28,6727777777778;394;0;-87;-64;-109;28 40 22N;017 57 17W;2013/12/01 00:00:00+00;""28;67278N"";""017;95472W"";GPRS y GSM;Dificultad en la comunicación"
"-17,9438888888888;28,6752777777779;395;0;-84;-64;-109;28 40 31N;017 56 38W;2013/12/01 00:00:00+00;""28;67528N"";""017;94389W"";GPRS y GSM;Dificultad en la comunicación"
"-17,9383333333333;28,6736111111112;396;0;-84;-54;-89;28 40 25N;017 56 18W;2013/12/01 00:00:00+00;""28;67361N"";""017;93833W"";GPRS y GSM;Nivel correcto"
"-17,9119444444444;28,6622222222223;397;0;-79;-69;-100;28 39 44N;017 54 43W;2013/11/25 00:00:00+00;""28;66222N"";""017;91194W"";GPRS y GSM;Nivel correcto"
"-17,9222222222222;28,6694444444445;398;0;-74;-64;-99;28 40 10N;017 55 20W;2013/11/25 00:00:00+00;""28;66944N"";""017;92222W"";GPRS y GSM;Nivel correcto"
"-17,913611111111;28,6758333333334;399;0;-74;-84;-104;28 40 33N;017 54 49W;2013/11/25 00:00:00+00;""28;67583N"";""017;91361W"";GPRS y GSM;Nivel correcto"
"-17,8888888888889;28,6666666666668;400;0;-89;-79;-99;28 40 00N;017 53 20W;2013/11/25 00:00:00+00;""28;66667N"";""017;88889W"";GPRS y GSM;Nivel correcto"
"-17,8688888888888;28,6719444444444;401;0;-69;-95;-102;28 40 19N;017 52 08W;2013/11/25 00:00:00+00;""28;67194N"";""017;86889W"";GPRS y GSM;Nivel correcto"
"-17,8688888888888;28,6697222222222;402;0;-79;-69;-99;28 40 11N;017 52 08W;2013/11/25 00:00:00+00;""28;66972N"";""017;86889W"";GPRS y GSM;Nivel correcto"
"-17,8575;28,6694444444445;403;0;-64;-74;-92;28 40 10N;017 51 27W;2013/11/25 00:00:00+00;""28;66944N"";""017;85750W"";GPRS y GSM;Nivel correcto"
"-17,8480555555555;28,6697222222222;404;0;-72;-96;-109;28 40 11N;017 50 53W;2013/11/25 00:00:00+00;""28;66972N"";""017;84806W"";GPRS y GSM;Dificultad en la comunicación"
"-17,8466666666666;28,6705555555555;405;0;-94;-104;-114;28 40 14N;017 50 48W;2013/11/25 00:00:00+00;""28;67056N"";""017;84667W"";no GPRS y dificultad GSM;Nivel insuficiente"
"-17,8255555555556;28,6647222222222;406;0;-92;-99;-102;28 39 53N;017 49 32W;2013/11/25 00:00:00+00;""28;66472N"";""017;82556W"";GPRS y GSM;Nivel correcto"
"-17,8041666666667;28,66;407;0;-97;-89;-107;28 39 36N;017 48 15W;2013/11/25 00:00:00+00;""28;66000N"";""017;80417W"";GPRS y GSM;Dificultad en la comunicación"
"-17,8025;28,6527777777778;408;0;-99;-99;-104;28 39 10N;017 48 09W;2013/11/25 00:00:00+00;""28;65278N"";""017;80250W"";GPRS y GSM;Nivel correcto"
"-17,7827777777777;28,6675;409;0;-99;-97;-104;28 40 03N;017 46 58W;2013/11/25 00:00:00+00;""28;66750N"";""017;78278W"";GPRS y GSM;Nivel correcto"
"-17,7852777777777;28,6769444444444;410;0;-74;-82;-84;28 40 37N;017 47 07W;2013/11/16 00:00:00+00;""28;67694N"";""017;78528W"";GPRS y GSM;Nivel correcto"
"-17,7780555555555;28,6736111111111;411;0;-64;-56;-79;28 40 25N;017 46 41W;2013/11/16 00:00:00+00;""28;67361N"";""017;77806W"";GPRS y GSM;Nivel correcto"
"-17,78;28,6705555555555;412;0;-69;-74;-99;28 40 14N;017 46 48W;2013/11/16 00:00:00+00;""28;67056N"";""017;78000W"";GPRS y GSM;Nivel correcto"
"-17,9486111111111;28,655;413;0;-94;-99;-104;28 39 18N;017 56 55W;2013/11/29 00:00:00+00;""28;65500N"";""017;94861W"";GPRS y GSM;Nivel correcto"
"-17,9486111111111;28,655;414;0;-94;-99;-104;28 39 18N;017 56 55W;2013/11/29 00:00:00+00;""28;65500N"";""017;94861W"";GPRS y GSM;Nivel correcto"
"-17,9333333333333;28,661388888889;415;0;-89;-76;-104;28 39 41N;017 55 60W;2013/11/29 00:00:00+00;""28;66139N"";""017;93333W"";GPRS y GSM;Nivel correcto"
"-17,9277777777777;28,661388888889;416;0;-64;-63;-94;28 39 41N;017 55 40W;2013/11/25 00:00:00+00;""28;66139N"";""017;92778W"";GPRS y GSM;Nivel correcto"
"-17,9119444444444;28,6622222222223;417;0;-64;-62;-92;28 39 44N;017 54 43W;2013/11/25 00:00:00+00;""28;66222N"";""017;91194W"";GPRS y GSM;Nivel correcto"
"-17,8833333333333;28,6597222222222;418;0;-84;-79;-94;28 39 35N;017 53 00W;2013/11/25 00:00:00+00;""28;65972N"";""017;88333W"";GPRS y GSM;Nivel correcto"
"-17,89;28,6536111111112;419;0;-86;-74;-104;28 39 13N;017 53 24W;2013/11/25 00:00:00+00;""28;65361N"";""017;89000W"";GPRS y GSM;Nivel correcto"
"-17,8797222222221;28,6538888888888;420;0;-64;-79;-104;28 39 14N;017 52 47W;2013/11/24 00:00:00+00;""28;65389N"";""017;87972W"";GPRS y GSM;Nivel correcto"
"-17,8747222222222;28,6541666666667;421;0;-72;-69;-96;28 39 15N;017 52 29W;2013/11/25 00:00:00+00;""28;65417N"";""017;87472W"";GPRS y GSM;Nivel correcto"
"-17,8694444444444;28,656388888889;422;0;-74;-96;-99;28 39 23N;017 52 10W;2013/11/25 00:00:00+00;""28;65639N"";""017;86944W"";GPRS y GSM;Nivel correcto"
"-17,8580555555555;28,66;423;0;-74;-64;-89;28 39 36N;017 51 29W;2013/11/25 00:00:00+00;""28;66000N"";""017;85806W"";GPRS y GSM;Nivel correcto"
"-17,8458333333333;28,6616666666668;424;0;-72;-89;-94;28 39 42N;017 50 45W;2013/11/29 00:00:00+00;""28;66167N"";""017;84583W"";GPRS y GSM;Nivel correcto"
"-17,825;28,825;425;0;-94;-74;-102;28 49 30N;017 49 30W;2013/12/17 00:00:00+00;""28;82500N"";""017;82500W"";GPRS y GSM;Nivel correcto"
"-17,8133333333333;28,6591666666667;426;0;-94;-94;-109;28 39 33N;017 48 48W;2013/11/25 00:00:00+00;""28;65917N"";""017;81333W"";GPRS y GSM;Dificultad en la comunicación"
"-17,8061111111111;28,655;427;0;-94;-109;-110;28 39 18N;017 48 22W;2013/11/25 00:00:00+00;""28;65500N"";""017;80611W"";no GPRS y dificultad GSM;Dificultad en la comunicación"
"-17,7927777777777;28,6616666666668;428;0;-89;-79;-99;28 39 42N;017 47 34W;2013/11/25 00:00:00+00;""28;66167N"";""017;79278W"";GPRS y GSM;Nivel correcto"
"-17,7863888888888;28,6708333333334;429;0;-63;-60;-89;28 40 15N;017 47 11W;2013/11/16 00:00:00+00;""28;67083N"";""017;78639W"";GPRS y GSM;Nivel correcto"
"-17,7763888888888;28,6580555555557;430;0;-74;-59;-86;28 39 29N;017 46 35W;2013/11/17 00:00:00+00;""28;65806N"";""017;77639W"";GPRS y GSM;Nivel correcto"
"-17,7669444444444;28,6633333333334;431;0;-64;-74;-102;28 39 48N;017 46 01W;2013/11/17 00:00:00+00;""28;66333N"";""017;76694W"";GPRS y GSM;Nivel correcto"
"-17,9333333333333;28,6519444444445;432;0;-64;-59;-94;28 39 07N;017 55 60W;2013/11/29 00:00:00+00;""28;65194N"";""017;93333W"";GPRS y GSM;Nivel correcto"
"-17,9383333333333;28,65;433;0;-69;-74;-99;28 39 00N;017 56 18W;2013/11/25 00:00:00+00;""28;65000N"";""017;93833W"";GPRS y GSM;Nivel correcto"
"-17,93;28,6319444444445;434;0;-74;-64;-92;28 37 55N;017 55 48W;2013/11/25 00:00:00+00;""28;63194N"";""017;93000W"";GPRS y GSM;Nivel correcto"
"-17,918611111111;28,6575;435;0;-64;-64;-104;28 39 27N;017 55 07W;2013/11/25 00:00:00+00;""28;65750N"";""017;91861W"";GPRS y GSM;Nivel correcto"
"-17,8213888888889;28,6194444444445;436;0;-94;-84;-111;28 37 10N;017 49 17W;2013/11/25 00:00:00+00;""28;61944N"";""017;82139W"";GPRS y GSM;Dificultad en la comunicación"
"-17,89;28,6536111111112;437;0;-86;-74;-104;28 39 13N;017 53 24W;2013/11/25 00:00:00+00;""28;65361N"";""017;89000W"";GPRS y GSM;Nivel correcto"
"-17,8797222222221;28,6538888888888;438;0;-64;-79;-104;28 39 14N;017 52 47W;2013/11/24 00:00:00+00;""28;65389N"";""017;87972W"";GPRS y GSM;Nivel correcto"
"-17,8738888888888;28,6486111111112;439;0;-74;-74;-84;28 38 55N;017 52 26W;2013/11/24 00:00:00+00;""28;64861N"";""017;87389W"";GPRS y GSM;Nivel correcto"
"-17,8622222222222;28,651388888889;440;0;-90;-74;-84;28 39 05N;017 51 44W;2013/11/24 00:00:00+00;""28;65139N"";""017;86222W"";GPRS y GSM;Nivel correcto"
"-17,8525;28,6538888888888;441;0;-69;-74;-84;28 39 14N;017 51 09W;2013/11/24 00:00:00+00;""28;65389N"";""017;85250W"";GPRS y GSM;Nivel correcto"
"-17,8383333333333;28,6536111111112;442;0;-64;-76;-94;28 39 13N;017 50 18W;2013/11/29 00:00:00+00;""28;65361N"";""017;83833W"";GPRS y GSM;Nivel correcto"
"-17,8147222222221;28,6544444444445;443;0;-84;-84;-109;28 39 16N;017 48 53W;2013/11/25 00:00:00+00;""28;65444N"";""017;81472W"";GPRS y GSM;Dificultad en la comunicación"
"-17,8163888888889;28,6577777777778;444;0;-84;-96;-109;28 39 28N;017 48 59W;2013/11/25 00:00:00+00;""28;65778N"";""017;81639W"";GPRS y GSM;Dificultad en la comunicación"
"-17,8058333333333;28,65;445;0;-89;-95;-99;28 39 00N;017 48 21W;2013/11/25 00:00:00+00;""28;65000N"";""017;80583W"";GPRS y GSM;Nivel correcto"
"-17,7866666666667;28,6505555555556;446;0;-68;-84;-96;28 39 02N;017 47 12W;2013/11/16 00:00:00+00;""28;65056N"";""017;78667W"";GPRS y GSM;Nivel correcto"
"-17,7669444444444;28,6566666666666;448;0;-76;-94;-102;28 39 24N;017 46 01W;2013/11/17 00:00:00+00;""28;65667N"";""017;76694W"";GPRS y GSM;Nivel correcto"
"-17,7611111111111;28,6633333333334;449;0;-84;-94;-94;28 39 48N;017 45 40W;2013/11/17 00:00:00+00;""28;66333N"";""017;76111W"";GPRS y GSM;Nivel correcto"
"-17,7611111111111;28,6527777777778;450;0;-84;-94;-94;28 39 10N;017 45 40W;2013/11/17 00:00:00+00;""28;65278N"";""017;76111W"";GPRS y GSM;Nivel correcto"
"-17,945;28,6519444444445;451;0;-64;-57;-94;28 39 07N;017 56 42W;2013/11/29 00:00:00+00;""28;65194N"";""017;94500W"";GPRS y GSM;Nivel correcto"
"-17,9036111111111;28,6180555555556;452;0;-99;-79;-110;28 37 05N;017 54 13W;2013/11/24 00:00:00+00;""28;61806N"";""017;90361W"";GPRS y GSM;Dificultad en la comunicación"
"-17,895;28,6158333333333;453;0;-89;-76;-111;28 36 57N;017 53 42W;2013/11/24 00:00:00+00;""28;61583N"";""017;89500W"";GPRS y GSM;Dificultad en la comunicación"
"-17,885;28,6161111111112;454;0;-89;-72;-104;28 36 58N;017 53 06W;2013/11/24 00:00:00+00;""28;61611N"";""017;88500W"";GPRS y GSM;Nivel correcto"
"-17,8963888888889;28,64;455;0;-84;-79;-102;28 38 24N;017 53 47W;2013/11/24 00:00:00+00;""28;64000N"";""017;89639W"";GPRS y GSM;Nivel correcto"
"-17,8902777777777;28,6477777777778;456;0;-84;-79;-102;28 38 52N;017 53 25W;2013/11/24 00:00:00+00;""28;64778N"";""017;89028W"";GPRS y GSM;Nivel correcto"
"-17,9102777777777;28,5880555555557;457;0;-79;-84;-92;28 35 17N;017 54 37W;2013/11/24 00:00:00+00;""28;58806N"";""017;91028W"";GPRS y GSM;Nivel correcto"
"-17,9008333333333;28,5872222222223;458;0;-84;-89;-94;28 35 14N;017 54 03W;2013/11/24 00:00:00+00;""28;58722N"";""017;90083W"";GPRS y GSM;Nivel correcto"
"-17,8922222222222;28,5858333333334;459;0;-89;-79;-102;28 35 09N;017 53 32W;2013/11/24 00:00:00+00;""28;58583N"";""017;89222W"";GPRS y GSM;Nivel correcto"
"-17,8805555555555;28,5855555555556;460;0;-94;-89;-99;28 35 08N;017 52 50W;2013/11/24 00:00:00+00;""28;58556N"";""017;88056W"";GPRS y GSM;Nivel correcto"
"-17,8555555555555;28,6491666666667;461;0;-74;-64;-104;28 38 57N;017 51 20W;2013/11/24 00:00:00+00;""28;64917N"";""017;85556W"";GPRS y GSM;Nivel correcto"
"-17,8555555555555;28,6491666666667;462;0;-74;-64;-104;28 38 57N;017 51 20W;2013/11/24 00:00:00+00;""28;64917N"";""017;85556W"";GPRS y GSM;Nivel correcto"
"-17,8238888888889;28,6355555555556;463;0;-79;-84;-109;28 38 08N;017 49 26W;2013/11/24 00:00:00+00;""28;63556N"";""017;82389W"";GPRS y GSM;Dificultad en la comunicación"
"-17,7833333333332;28,68;464;0;-99;-86;-105;28 40 48N;017 46 60W;2013/11/16 00:00:00+00;""28;68000N"";""017;78333W"";GPRS y GSM;Dificultad en la comunicación"
"-17,7752777777778;28,65;465;0;-59;-72;-84;28 38 60N;017 46 31W;2013/11/16 00:00:00+00;""28;65000N"";""017;77528W"";GPRS y GSM;Nivel correcto"
"-17,7822222222222;28,6408333333333;466;0;-61;-81;-92;28 38 27N;017 46 56W;2013/11/16 00:00:00+00;""28;64083N"";""017;78222W"";GPRS y GSM;Nivel correcto"
"-17,7783333333333;28,63;467;0;-74;-64;-89;28 37 48N;017 46 42W;2013/11/16 00:00:00+00;""28;63000N"";""017;77833W"";GPRS y GSM;Nivel correcto"
"-17,7697222222222;28,6488888888889;468;0;-76;-82;-99;28 38 56N;017 46 11W;2013/11/17 00:00:00+00;""28;64889N"";""017;76972W"";GPRS y GSM;Nivel correcto"
"-17,7572222222222;28,6372222222224;469;0;-76;-82;-99;28 38 14N;017 45 26W;2013/11/17 00:00:00+00;""28;63722N"";""017;75722W"";GPRS y GSM;Nivel correcto"
"-17,9227777777778;28,6366666666667;470;0;-74;-79;-109;28 38 12N;017 55 22W;2013/11/25 00:00:00+00;""28;63667N"";""017;92278W"";GPRS y GSM;Dificultad en la comunicación"
"-17,9227777777778;28,6366666666667;471;0;-74;-79;-104;28 38 12N;017 55 22W;2013/11/25 00:00:00+00;""28;63667N"";""017;92278W"";GPRS y GSM;Nivel correcto"
"-17,9055555555556;28,6319444444445;472;0;-84;-69;-102;28 37 55N;017 54 20W;2013/11/24 00:00:00+00;""28;63194N"";""017;90556W"";GPRS y GSM;Nivel correcto"
"-17,9;28,6330555555555;473;0;-79;-69;-104;28 37 59N;017 54 00W;2013/11/24 00:00:00+00;""28;63306N"";""017;90000W"";GPRS y GSM;Nivel correcto"
"-17,89;28,6336111111112;474;0;-99;-79;-104;28 38 01N;017 53 24W;2013/11/24 00:00:00+00;""28;63361N"";""017;89000W"";GPRS y GSM;Nivel correcto"
"-17,875;28,6294444444445;475;0;-94;-84;-104;28 37 46N;017 52 30W;2013/11/24 00:00:00+00;""28;62944N"";""017;87500W"";GPRS y GSM;Nivel correcto"
"-17,8675;28,6347222222222;476;0;-89;-79;-99;28 38 05N;017 52 03W;2013/11/24 00:00:00+00;""28;63472N"";""017;86750W"";GPRS y GSM;Nivel correcto"
"-17,8583333333333;28,6338888888889;477;0;-76;-85;-94;28 38 02N;017 51 30W;2013/11/24 00:00:00+00;""28;63389N"";""017;85833W"";GPRS y GSM;Nivel correcto"
"-17,8483333333334;28,6333333333334;478;0;-89;-95;-102;28 38 00N;017 50 54W;2013/11/25 00:00:00+00;""28;63333N"";""017;84833W"";GPRS y GSM;Nivel correcto"
"-17,8313888888889;28,6327777777779;479;0;-58;-72;-94;28 37 58N;017 49 53W;2013/11/25 00:00:00+00;""28;63278N"";""017;83139W"";GPRS y GSM;Nivel correcto"
"-17,8313888888889;28,6327777777779;480;0;-59;-74;-94;28 37 58N;017 49 53W;2013/11/25 00:00:00+00;""28;63278N"";""017;83139W"";GPRS y GSM;Nivel correcto"
"-17,8052777777777;28,63;481;0;-104;-107;-114;28 37 48N;017 48 19W;2013/11/25 00:00:00+00;""28;63000N"";""017;80528W"";no GPRS y no GSM;Nivel insuficiente"
"-17,7952777777777;28,6305555555556;482;0;-107;-111;-114;28 37 50N;017 47 43W;2013/11/25 00:00:00+00;""28;63056N"";""017;79528W"";no GPRS y no GSM;Nivel insuficiente"
"-17,79;28,6269444444445;483;0;-84;-94;-102;28 37 37N;017 47 24W;2013/11/16 00:00:00+00;""28;62694N"";""017;79000W"";GPRS y GSM;Nivel correcto"
"-17,7708333333333;28,6302777777778;485;0;-86;-94;-102;28 37 49N;017 46 15W;2013/11/16 00:00:00+00;""28;63028N"";""017;77083W"";GPRS y GSM;Nivel correcto"
"-17,7536111111111;28,6211111111112;486;0;-74;-74;-102;28 37 16N;017 45 13W;2013/11/17 00:00:00+00;""28;62111N"";""017;75361W"";GPRS y GSM;Nivel correcto"
"-17,7594444444443;28,646388888889;487;0;-84;-74;-102;28 38 47N;017 45 34W;2013/11/17 00:00:00+00;""28;64639N"";""017;75944W"";GPRS y GSM;Nivel correcto"
"-17,9233333333333;28,6275;488;0;-89;-79;-104;28 37 39N;017 55 24W;2013/11/25 00:00:00+00;""28;62750N"";""017;92333W"";GPRS y GSM;Nivel correcto"
"-17,9233333333333;28,6275;489;0;-89;-79;-104;28 37 39N;017 55 24W;2013/11/25 00:00:00+00;""28;62750N"";""017;92333W"";GPRS y GSM;Nivel correcto"
"-17,9233333333333;28,6297222222223;490;0;-84;-84;-112;28 37 47N;017 55 24W;2013/11/25 00:00:00+00;""28;62972N"";""017;92333W"";GPRS y GSM;Dificultad en la comunicación"
"-17,9033333333333;28,6211111111112;491;0;-74;-82;-102;28 37 16N;017 54 12W;2013/11/24 00:00:00+00;""28;62111N"";""017;90333W"";GPRS y GSM;Nivel correcto"
"-17,8936111111111;28,6202777777778;492;0;-84;-74;-112;28 37 13N;017 53 37W;2013/11/24 00:00:00+00;""28;62028N"";""017;89361W"";GPRS y GSM;Dificultad en la comunicación"
"-17,8855555555555;28,6241666666668;493;0;-79;-64;-104;28 37 27N;017 53 08W;2013/11/24 00:00:00+00;""28;62417N"";""017;88556W"";GPRS y GSM;Nivel correcto"
"-17,8633333333333;28,6238888888889;494;0;-89;-69;-92;28 37 26N;017 51 48W;2013/11/24 00:00:00+00;""28;62389N"";""017;86333W"";GPRS y GSM;Nivel correcto"
"-17,8516666666666;28,6216666666667;495;0;-79;-84;-99;28 37 18N;017 51 06W;2013/11/24 00:00:00+00;""28;62167N"";""017;85167W"";GPRS y GSM;Nivel correcto"
"-17,8380555555555;28,6208333333333;496;0;-99;-104;-106;28 37 15N;017 50 17W;2013/11/24 00:00:00+00;""28;62083N"";""017;83806W"";no GPRS y dificultad GSM;Dificultad en la comunicación"
"-17,8366666666666;28,6258333333333;497;0;-94;-107;-109;28 37 33N;017 50 12W;2013/11/25 00:00:00+00;""28;62583N"";""017;83667W"";no GPRS y dificultad GSM;Dificultad en la comunicación"
"-17,8097222222221;28,6130555555556;498;0;-99;-104;-114;28 36 47N;017 48 35W;2013/11/25 00:00:00+00;""28;61306N"";""017;80972W"";no GPRS y dificultad GSM;Nivel insuficiente"
"-17,8036111111111;28,6138888888889;499;0;-104;-107;-114;28 36 50N;017 48 13W;2013/11/25 00:00:00+00;""28;61389N"";""017;80361W"";no GPRS y no GSM;Nivel insuficiente"
"-17,7955555555556;28,6188888888889;500;0;-107;-104;-114;28 37 08N;017 47 44W;2013/11/17 00:00:00+00;""28;61889N"";""017;79556W"";no GPRS y no GSM;Nivel insuficiente"
"-17,7869444444444;28,6469444444445;501;0;-84;-74;-106;28 38 49N;017 47 13W;2013/11/17 00:00:00+00;""28;64694N"";""017;78694W"";GPRS y GSM;Dificultad en la comunicación"
"-17,7775;28,6275;502;0;-79;-86;-99;28 37 39N;017 46 39W;2013/11/17 00:00:00+00;""28;62750N"";""017;77750W"";GPRS y GSM;Nivel correcto"
"-17,7722222222222;28,6241666666668;503;0;-74;-84;-102;28 37 27N;017 46 20W;2013/11/17 00:00:00+00;""28;62417N"";""017;77222W"";GPRS y GSM;Nivel correcto"
"-17,7730555555555;28,6130555555556;504;0;-79;-61;-89;28 36 47N;017 46 23W;2013/11/17 00:00:00+00;""28;61306N"";""017;77306W"";GPRS y GSM;Nivel correcto"
"-17,7655555555555;28,6169444444446;505;0;-61;-61;-89;28 37 01N;017 45 56W;2013/11/17 00:00:00+00;""28;61694N"";""017;76556W"";GPRS y GSM;Nivel correcto"
"-17,9208333333333;28,6166666666667;506;0;-94;-84;-104;28 37 00N;017 55 15W;2013/11/25 00:00:00+00;""28;61667N"";""017;92083W"";GPRS y GSM;Nivel correcto"
"-17,916111111111;28,6125;507;0;-94;-93;-109;28 36 45N;017 54 58W;2013/11/25 00:00:00+00;""28;61250N"";""017;91611W"";GPRS y GSM;Dificultad en la comunicación"
"-17,9216666666666;28,6530555555557;508;0;-98;-89;-107;28 39 11N;017 55 18W;2013/11/25 00:00:00+00;""28;65306N"";""017;92167W"";GPRS y GSM;Dificultad en la comunicación"
"-17,9108333333333;28,6527777777778;509;0;-87;-95;-99;28 39 10N;017 54 39W;2013/11/25 00:00:00+00;""28;65278N"";""017;91083W"";GPRS y GSM;Nivel correcto"
"-17,9019444444444;28,6525;510;0;-89;-92;-102;28 39 09N;017 54 07W;2013/11/25 00:00:00+00;""28;65250N"";""017;90194W"";GPRS y GSM;Nivel correcto"
"-17,8758333333332;28,6122222222222;511;0;-94;-84;-109;28 36 44N;017 52 33W;2013/11/24 00:00:00+00;""28;61222N"";""017;87583W"";GPRS y GSM;Dificultad en la comunicación"
"-17,8847222222221;28,6508333333333;512;0;-99;-104;-107;28 39 03N;017 53 05W;2013/11/24 00:00:00+00;""28;65083N"";""017;88472W"";no GPRS y dificultad GSM;Dificultad en la comunicación"
"-17,8797222222221;28,6508333333333;513;0;-104;-99;-109;28 39 03N;017 52 47W;2013/11/24 00:00:00+00;""28;65083N"";""017;87972W"";no GPRS y dificultad GSM;Dificultad en la comunicación"
"-17,8483333333334;28,6172222222222;514;0;-74;-107;-107;28 37 02N;017 50 54W;2013/11/25 00:00:00+00;""28;61722N"";""017;84833W"";no GPRS y dificultad GSM;Dificultad en la comunicación"
"-17,8341666666666;28,6144444444445;515;0;-104;-104;-114;28 36 52N;017 50 03W;2013/11/25 00:00:00+00;""28;61444N"";""017;83417W"";no GPRS y no GSM;Nivel insuficiente"
"-17,83;28,6097222222223;516;0;-109;-104;-114;28 36 35N;017 49 48W;2013/11/25 00:00:00+00;""28;60972N"";""017;83000W"";no GPRS y no GSM;Nivel insuficiente"
"-17,8247222222222;28,6086111111111;517;0;-105;-107;-114;28 36 31N;017 49 29W;2013/11/25 00:00:00+00;""28;60861N"";""017;82472W"";no GPRS y no GSM;Nivel insuficiente"
"-17,7761111111111;28,6266666666667;518;0;-89;-69;-109;28 37 36N;017 46 34W;2013/11/17 00:00:00+00;""28;62667N"";""017;77611W"";GPRS y GSM;Dificultad en la comunicación"
"-17,7816666666666;28,6241666666668;519;0;-79;-89;-102;28 37 27N;017 46 54W;2013/11/17 00:00:00+00;""28;62417N"";""017;78167W"";GPRS y GSM;Nivel correcto"
"-17,7730555555555;28,6241666666668;520;0;-74;-89;-104;28 37 27N;017 46 23W;2013/11/17 00:00:00+00;""28;62417N"";""017;77306W"";GPRS y GSM;Nivel correcto"
"-17,7658333333332;28,6169444444446;521;0;-79;-84;-99;28 37 01N;017 45 57W;2013/11/17 00:00:00+00;""28;61694N"";""017;76583W"";GPRS y GSM;Nivel correcto"
"-17,7680555555555;28,6222222222222;522;0;-79;-79;-94;28 37 20N;017 46 05W;2013/11/17 00:00:00+00;""28;62222N"";""017;76806W"";GPRS y GSM;Nivel correcto"
"-17,9225;28,6055555555556;523;0;-74;-74;-104;28 36 20N;017 55 21W;2013/11/24 00:00:00+00;""28;60556N"";""017;92250W"";GPRS y GSM;Nivel correcto"
"-17,9133333333333;28,6091666666666;524;0;-84;-84;-96;28 36 33N;017 54 48W;2013/11/25 00:00:00+00;""28;60917N"";""017;91333W"";GPRS y GSM;Nivel correcto"
"-17,895;28,6044444444445;525;0;-79;-72;-102;28 36 16N;017 53 42W;2013/11/24 00:00:00+00;""28;60444N"";""017;89500W"";GPRS y GSM;Nivel correcto"
"-17,8972222222222;28,5966666666667;526;0;-84;-74;-84;28 35 48N;017 53 50W;2013/11/24 00:00:00+00;""28;59667N"";""017;89722W"";GPRS y GSM;Nivel correcto"
"-17,8808333333333;28,6022222222223;527;0;-94;-79;-104;28 36 08N;017 52 51W;2013/11/24 00:00:00+00;""28;60222N"";""017;88083W"";GPRS y GSM;Nivel correcto"
"-17,8763888888888;28,6019444444444;528;0;-94;-78;-104;28 36 07N;017 52 35W;2013/11/24 00:00:00+00;""28;60194N"";""017;87639W"";GPRS y GSM;Nivel correcto"
"-17,8630555555555;28,6225;529;0;-98;-105;-109;28 37 21N;017 51 47W;2013/11/17 00:00:00+00;""28;62250N"";""017;86306W"";no GPRS y dificultad GSM;Dificultad en la comunicación"
"-17,8505555555555;28,6191666666668;530;0;-97;-107;-106;28 37 09N;017 51 02W;2013/11/17 00:00:00+00;""28;61917N"";""017;85056W"";no GPRS y dificultad GSM;Dificultad en la comunicación"
"-17,8413888888889;28,6191666666668;531;0;-99;-104;-109;28 37 09N;017 50 29W;2013/11/17 00:00:00+00;""28;61917N"";""017;84139W"";no GPRS y dificultad GSM;Dificultad en la comunicación"
"-17,8297222222222;28,6177777777779;532;0;-107;-110;-114;28 37 04N;017 49 47W;2013/11/17 00:00:00+00;""28;61778N"";""017;82972W"";no GPRS y no GSM;Nivel insuficiente"
"-17,82;28,6183333333335;533;0;-112;-104;-114;28 37 06N;017 49 12W;2013/11/17 00:00:00+00;""28;61833N"";""017;82000W"";no GPRS y no GSM;Nivel insuficiente"
"-17,81;28,6188888888889;534;0;-104;-111;-114;28 37 08N;017 48 36W;2013/11/17 00:00:00+00;""28;61889N"";""017;81000W"";no GPRS y no GSM;Nivel insuficiente"
"-17,7686111111111;28,6013888888889;536;0;-94;-79;-74;28 36 05N;017 46 07W;2013/11/17 00:00:00+00;""28;60139N"";""017;76861W"";GPRS y GSM;Nivel correcto"
"-17,7766666666666;28,6052777777779;537;0;-84;-79;-74;28 36 19N;017 46 36W;2013/11/17 00:00:00+00;""28;60528N"";""017;77667W"";GPRS y GSM;Nivel correcto"
"-17,7741666666666;28,6119444444446;538;0;-74;-74;-79;28 36 43N;017 46 27W;2013/11/17 00:00:00+00;""28;61194N"";""017;77417W"";GPRS y GSM;Nivel correcto"
"-17,7577777777778;28,6047222222223;539;0;-74;-74;-79;28 36 17N;017 45 28W;2013/11/17 00:00:00+00;""28;60472N"";""017;75778W"";GPRS y GSM;Nivel correcto"
"-17,9172222222222;28,5936111111112;540;0;-79;-84;-99;28 35 37N;017 55 02W;2013/11/24 00:00:00+00;""28;59361N"";""017;91722W"";GPRS y GSM;Nivel correcto"
"-17,9172222222222;28,5936111111112;541;0;-79;-84;-99;28 35 37N;017 55 02W;2013/11/24 00:00:00+00;""28;59361N"";""017;91722W"";GPRS y GSM;Nivel correcto"
"-17,9083333333333;28,6030555555556;542;0;-94;-79;-104;28 36 11N;017 54 30W;2013/11/24 00:00:00+00;""28;60306N"";""017;90833W"";GPRS y GSM;Nivel correcto"
"-17,8963888888889;28,5963888888889;543;0;-84;-69;-89;28 35 47N;017 53 47W;2013/11/24 00:00:00+00;""28;59639N"";""017;89639W"";GPRS y GSM;Nivel correcto"
"-17,88;28,5911111111111;544;0;-89;-84;-89;28 35 28N;017 52 48W;2013/11/24 00:00:00+00;""28;59111N"";""017;88000W"";GPRS y GSM;Nivel correcto"
"-17,8708333333333;28,6005555555556;545;0;-79;-89;-107;28 36 02N;017 52 15W;2013/12/18 00:00:00+00;""28;60056N"";""017;87083W"";GPRS y GSM;Dificultad en la comunicación"
"-17,8616666666667;28,5977777777778;546;0;-89;-84;-109;28 35 52N;017 51 42W;2013/12/18 00:00:00+00;""28;59778N"";""017;86167W"";GPRS y GSM;Dificultad en la comunicación"
"-17,8519444444444;28,5966666666667;547;0;-104;-99;-106;28 35 48N;017 51 07W;2013/12/18 00:00:00+00;""28;59667N"";""017;85194W"";no GPRS y dificultad GSM;Dificultad en la comunicación"
"-17,8425;28,5944444444445;548;0;-89;-104;-109;28 35 40N;017 50 33W;2013/12/18 00:00:00+00;""28;59444N"";""017;84250W"";no GPRS y dificultad GSM;Dificultad en la comunicación"
"-17,8308333333333;28,596111111111;549;0;-110;-104;-114;28 35 46N;017 49 51W;2013/12/18 00:00:00+00;""28;59611N"";""017;83083W"";no GPRS y no GSM;Nivel insuficiente"
"-17,8180555555554;28,6186111111111;550;0;-104;-104;-114;28 36 67N;017 49 05W;2013/11/17 00:00:00+00;""28;61861N"";""017;81806W"";no GPRS y no GSM;Nivel insuficiente"
"-17,8097222222221;28,6;551;0;-104;-104;-114;28 36 00N;017 48 35W;2013/11/17 00:00:00+00;""28;60000N"";""017;80972W"";no GPRS y no GSM;Nivel insuficiente"
"-17,7591666666667;28,655;552;0;-99;-95;-109;28 39 18N;017 45 33W;2013/11/17 00:00:00+00;""28;65500N"";""017;75917W"";GPRS y GSM;Dificultad en la comunicación"
"-17,7544444444445;28,6677777777778;553;0;-104;-94;-111;28 40 04N;017 45 16W;2013/11/17 00:00:00+00;""28;66778N"";""017;75444W"";no GPRS y dificultad GSM;Dificultad en la comunicación"
"-17,7769444444444;28,6036111111112;554;0;-74;-69;-96;28 36 13N;017 46 37W;2013/11/18 00:00:00+00;""28;60361N"";""017;77694W"";GPRS y GSM;Nivel correcto"
"-17,7722222222222;28,6177777777779;555;0;-84;-89;-84;28 37 04N;017 46 20W;2013/11/17 00:00:00+00;""28;61778N"";""017;77222W"";GPRS y GSM;Nivel correcto"
"-17,7597222222222;28,5933333333335;556;0;-84;-89;-84;28 35 36N;017 45 35W;2013/11/17 00:00:00+00;""28;59333N"";""017;75972W"";GPRS y GSM;Nivel correcto"
"-17,9097222222222;28,5880555555557;557;0;-64;-74;-94;28 35 17N;017 54 35W;2013/11/24 00:00:00+00;""28;58806N"";""017;90972W"";GPRS y GSM;Nivel correcto"
"-17,9097222222222;28,5880555555557;558;0;-64;-74;-94;28 35 17N;017 54 35W;2013/11/24 00:00:00+00;""28;58806N"";""017;90972W"";GPRS y GSM;Nivel correcto"
"-17,8977777777777;28,5955555555556;559;0;-89;-59;-79;28 35 44N;017 53 52W;2013/11/24 00:00:00+00;""28;59556N"";""017;89778W"";GPRS y GSM;Nivel correcto"
"-17,8955555555556;28,5913888888889;560;0;-59;-74;-89;28 35 29N;017 53 44W;2013/11/24 00:00:00+00;""28;59139N"";""017;89556W"";GPRS y GSM;Nivel correcto"
"-17,8869444444444;28,6258333333333;561;0;-96;-84;-109;28 37 33N;017 53 13W;2013/11/24 00:00:00+00;""28;62583N"";""017;88694W"";GPRS y GSM;Dificultad en la comunicación"
"-17,8886111111111;28,6311111111112;562;0;-89;-84;-99;28 37 52N;017 53 19W;2013/11/24 00:00:00+00;""28;63111N"";""017;88861W"";GPRS y GSM;Nivel correcto"
"-17,8444444444443;28,5808333333334;563;0;-89;-84;-106;28 34 51N;017 50 40W;2013/11/24 00:00:00+00;""28;58083N"";""017;84444W"";GPRS y GSM;Dificultad en la comunicación"
"-17,8205555555555;28,5791666666667;564;0;-104;-104;-113;28 34 45N;017 49 14W;2013/11/24 00:00:00+00;""28;57917N"";""017;82056W"";no GPRS y no GSM;Nivel insuficiente"
"-17,8269444444445;28,5725;565;0;-100;-106;-104;28 34 21N;017 49 37W;2013/11/18 00:00:00+00;""28;57250N"";""017;82694W"";no GPRS y dificultad GSM;Nivel correcto"
"-17,8255555555556;28,5727777777778;566;0;-94;-104;-104;28 34 22N;017 49 32W;2013/11/18 00:00:00+00;""28;57278N"";""017;82556W"";no GPRS y dificultad GSM;Nivel correcto"
"-17,8080555555555;28,5736111111112;567;0;-84;-82;-104;28 34 25N;017 48 29W;2013/11/18 00:00:00+00;""28;57361N"";""017;80806W"";GPRS y GSM;Nivel correcto"
"-17,7741666666666;28,6136111111111;568;0;-84;-84;-102;28 36 49N;017 46 27W;2013/11/18 00:00:00+00;""28;61361N"";""017;77417W"";GPRS y GSM;Nivel correcto"
"-17,775;28,6105555555555;569;0;-64;-79;-102;28 36 38N;017 46 30W;2013/11/17 00:00:00+00;""28;61056N"";""017;77500W"";GPRS y GSM;Nivel correcto"
"-17,7725;28,5830555555557;570;0;-69;-59;-94;28 34 59N;017 46 21W;2013/11/18 00:00:00+00;""28;58306N"";""017;77250W"";GPRS y GSM;Nivel correcto"
"-17,7686111111111;28,5913888888889;571;0;-84;-82;-94;28 35 29N;017 46 07W;2013/11/18 00:00:00+00;""28;59139N"";""017;76861W"";GPRS y GSM;Nivel correcto"
"-17,7686111111111;28,5913888888889;572;0;-84;-82;-94;28 35 29N;017 46 07W;2013/11/18 00:00:00+00;""28;59139N"";""017;76861W"";GPRS y GSM;Nivel correcto"
"-17,9055555555556;28,5794444444446;573;0;-79;-84;-102;28 34 46N;017 54 20W;2013/11/24 00:00:00+00;""28;57944N"";""017;90556W"";GPRS y GSM;Nivel correcto"
"-17,9055555555556;28,5794444444446;574;0;-79;-84;-102;28 34 46N;017 54 20W;2013/11/24 00:00:00+00;""28;57944N"";""017;90556W"";GPRS y GSM;Nivel correcto"
"-17,8816666666667;28,5858333333334;575;0;-99;-99;-109;28 35 09N;017 52 54W;2013/11/24 00:00:00+00;""28;58583N"";""017;88167W"";GPRS y GSM;Dificultad en la comunicación"
"-17,9361111111111;28,6813888888889;576;0;-89;-89;-109;28 40 53N;017 56 10W;2013/11/23 00:00:00+00;""28;68139N"";""017;93611W"";GPRS y GSM;Dificultad en la comunicación"
"-17,8697222222222;28,5805555555556;577;0;-89;-89;-109;28 34 50N;017 52 11W;2013/11/23 00:00:00+00;""28;58056N"";""017;86972W"";GPRS y GSM;Dificultad en la comunicación"
"-17,8633333333333;28,5794444444446;578;0;-89;-89;-109;28 34 46N;017 51 48W;2013/12/12 00:00:00+00;""28;57944N"";""017;86333W"";GPRS y GSM;Dificultad en la comunicación"
"-17,8577777777778;28,5816666666666;579;0;-104;-104;-109;28 34 54N;017 51 28W;2013/12/12 00:00:00+00;""28;58167N"";""017;85778W"";no GPRS y no GSM;Dificultad en la comunicación"
"-17,8325;28,5775;580;0;-104;-104;-107;28 34 39N;017 49 57W;2013/12/12 00:00:00+00;""28;57750N"";""017;83250W"";no GPRS y no GSM;Dificultad en la comunicación"
"-17,7763888888888;28,6075;581;0;-64;-69;-82;28 36 27N;017 46 35W;2013/11/18 00:00:00+00;""28;60750N"";""017;77639W"";GPRS y GSM;Nivel correcto"
"-17,8175;28,5680555555555;582;0;-64;-69;-84;28 34 05N;017 49 03W;2013/11/18 00:00:00+00;""28;56806N"";""017;81750W"";GPRS y GSM;Nivel correcto"
"-17,7944444444444;28,5755555555556;583;0;-84;-74;-99;28 34 32N;017 47 40W;2013/11/18 00:00:00+00;""28;57556N"";""017;79444W"";GPRS y GSM;Nivel correcto"
"-17,7688888888889;28,5777777777778;584;0;-59;-74;-89;28 34 40N;017 46 08W;2013/11/17 00:00:00+00;""28;57778N"";""017;76889W"";GPRS y GSM;Nivel correcto"
"-17,7966666666667;28,5538888888889;585;0;-69;-64;-94;28 33 14N;017 47 48W;2013/11/18 00:00:00+00;""28;55389N"";""017;79667W"";GPRS y GSM;Nivel correcto"
"-17,7697222222222;28,5766666666667;586;0;-64;-59;-94;28 34 36N;017 46 11W;2013/11/19 00:00:00+00;""28;57667N"";""017;76972W"";GPRS y GSM;Nivel correcto"
"-17,8977777777777;28,5730555555557;587;0;-84;-99;-112;28 34 23N;017 53 52W;2013/11/24 00:00:00+00;""28;57306N"";""017;89778W"";GPRS y GSM;Dificultad en la comunicación"
"-17,8813888888888;28,6391666666668;588;0;-109;-99;-114;28 38 21N;017 52 53W;2013/11/24 00:00:00+00;""28;63917N"";""017;88139W"";no GPRS y dificultad GSM;Nivel insuficiente"
"-17,8602777777778;28,5530555555555;589;0;-84;-74;-109;28 33 11N;017 51 37W;2013/11/23 00:00:00+00;""28;55306N"";""017;86028W"";GPRS y GSM;Dificultad en la comunicación"
"-17,8583333333333;28,5597222222223;590;0;-84;-74;-106;28 33 35N;017 51 30W;2013/11/23 00:00:00+00;""28;55972N"";""017;85833W"";GPRS y GSM;Dificultad en la comunicación"
"-17,8525;28,5597222222223;592;0;-101;-104;-114;28 33 35N;017 51 09W;2013/12/12 00:00:00+00;""28;55972N"";""017;85250W"";no GPRS y dificultad GSM;Nivel insuficiente"
"-17,8452777777778;28,5616666666667;593;0;-104;-104;-114;28 33 42N;017 50 43W;2013/11/19 00:00:00+00;""28;56167N"";""017;84528W"";no GPRS y no GSM;Nivel insuficiente"
"-17,8375;28,5616666666667;594;0;-104;-104;-107;28 33 42N;017 50 15W;2013/11/19 00:00:00+00;""28;56167N"";""017;83750W"";no GPRS y no GSM;Dificultad en la comunicación"
"-17,805;28,545;595;0;-92;-84;-105;28 32 42N;017 48 18W;2013/11/18 00:00:00+00;""28;54500N"";""017;80500W"";GPRS y GSM;Dificultad en la comunicación"
"-17,7983333333333;28,5630555555555;596;0;-84;-84;-102;28 33 47N;017 47 54W;2013/11/18 00:00:00+00;""28;56306N"";""017;79833W"";GPRS y GSM;Nivel correcto"
"-17,7966666666667;28,5538888888889;597;0;-64;-64;-99;28 33 14N;017 47 48W;2013/11/19 00:00:00+00;""28;55389N"";""017;79667W"";GPRS y GSM;Nivel correcto"
"-17,7688888888889;28,5744444444446;598;0;-64;-64;-99;28 34 28N;017 46 08W;2013/11/19 00:00:00+00;""28;57444N"";""017;76889W"";GPRS y GSM;Nivel correcto"
"-17,7688888888889;28,5744444444446;599;0;-84;-96;-109;28 34 28N;017 46 08W;2013/11/19 00:00:00+00;""28;57444N"";""017;76889W"";GPRS y GSM;Dificultad en la comunicación"
"-17,8861111111111;28,5522222222222;600;0;-74;-99;-104;28 33 08N;017 53 10W;2013/11/24 00:00:00+00;""28;55222N"";""017;88611W"";GPRS y GSM;Nivel correcto"
"-17,8861111111111;28,5522222222222;601;0;-74;-99;-104;28 33 08N;017 53 10W;2013/11/24 00:00:00+00;""28;55222N"";""017;88611W"";GPRS y GSM;Nivel correcto"
"-17,8780555555555;28,5666666666667;602;0;-99;-99;-112;28 34 00N;017 52 41W;2013/11/23 00:00:00+00;""28;56667N"";""017;87806W"";GPRS y GSM;Dificultad en la comunicación"
"-17,8919444444444;28,5641666666667;603;0;-104;-104;-114;28 33 51N;017 53 31W;2013/11/23 00:00:00+00;""28;56417N"";""017;89194W"";no GPRS y no GSM;Nivel insuficiente"
"-17,8627777777778;28,555;604;0;-104;-104;-114;28 33 18N;017 51 46W;2013/11/23 00:00:00+00;""28;55500N"";""017;86278W"";no GPRS y no GSM;Nivel insuficiente"
"-17,8538888888889;28,5538888888889;605;0;-86;-104;-114;28 33 14N;017 51 14W;2013/11/23 00:00:00+00;""28;55389N"";""017;85389W"";no GPRS y dificultad GSM;Nivel insuficiente"
"-17,8463888888889;28,5519444444445;606;0;-86;-94;-114;28 33 07N;017 50 47W;2013/11/23 00:00:00+00;""28;55194N"";""017;84639W"";GPRS y GSM;Nivel insuficiente"
"-17,8380555555555;28,5541666666668;607;0;-89;-74;-109;28 33 15N;017 50 17W;2013/11/23 00:00:00+00;""28;55417N"";""017;83806W"";GPRS y GSM;Dificultad en la comunicación"
"-17,8047222222222;28,5541666666668;608;0;-89;-74;-94;28 33 15N;017 48 17W;2013/11/18 00:00:00+00;""28;55417N"";""017;80472W"";GPRS y GSM;Nivel correcto"
"-17,7980555555556;28,5538888888889;609;0;-84;-74;-94;28 33 14N;017 47 53W;2013/11/18 00:00:00+00;""28;55389N"";""017;79806W"";GPRS y GSM;Nivel correcto"
"-17,8111111111111;28,5494444444445;610;0;-84;-74;-99;28 32 58N;017 48 40W;2013/11/18 00:00:00+00;""28;54944N"";""017;81111W"";GPRS y GSM;Nivel correcto"
"-17,7775;28,5575;611;0;-84;-74;-99;28 33 27N;017 46 39W;2013/11/18 00:00:00+00;""28;55750N"";""017;77750W"";GPRS y GSM;Nivel correcto"
"-17,8852777777778;28,5497222222223;612;0;-84;-74;-109;28 32 59N;017 53 07W;2013/11/23 00:00:00+00;""28;54972N"";""017;88528W"";GPRS y GSM;Dificultad en la comunicación"
"-17,9491666666667;28,6986111111111;613;0;-74;-79;-112;28 41 55N;017 56 57W;2013/11/23 00:00:00+00;""28;69861N"";""017;94917W"";GPRS y GSM;Dificultad en la comunicación"
"-17,8725;28,5541666666668;614;0;-74;-81;-112;28 33 15N;017 52 21W;2013/11/23 00:00:00+00;""28;55417N"";""017;87250W"";GPRS y GSM;Dificultad en la comunicación"
"-17,8336111111111;28,5455555555557;615;0;-104;-104;-114;28 32 44N;017 50 01W;2013/11/18 00:00:00+00;""28;54556N"";""017;83361W"";no GPRS y no GSM;Nivel insuficiente"
"-17,8266666666666;28,5444444444445;616;0;-104;-104;-114;28 32 40N;017 49 36W;2013/11/18 00:00:00+00;""28;54444N"";""017;82667W"";no GPRS y no GSM;Nivel insuficiente"
"-17,8208333333333;28,5463888888888;617;0;-104;-104;-114;28 32 47N;017 49 15W;2013/11/18 00:00:00+00;""28;54639N"";""017;82083W"";no GPRS y no GSM;Nivel insuficiente"
"-17,815;28,5463888888888;618;0;-104;-104;-114;28 32 47N;017 48 54W;2013/11/18 00:00:00+00;""28;54639N"";""017;81500W"";no GPRS y no GSM;Nivel insuficiente"
"-17,8613888888888;28,501388888889;622;0;-86;-94;-109;28 30 05N;017 51 41W;2013/11/21 00:00:00+00;""28;50139N"";""017;86139W"";GPRS y GSM;Dificultad en la comunicación"
"-17,8613888888888;28,501388888889;623;0;-86;-94;-109;28 30 05N;017 51 41W;2013/11/21 00:00:00+00;""28;50139N"";""017;86139W"";GPRS y GSM;Dificultad en la comunicación"
"-17,8905555555556;28,6166666666667;624;0;-74;-84;-104;28 36 60N;017 53 26W;2013/11/23 00:00:00+00;""28;61667N"";""017;89056W"";GPRS y GSM;Nivel correcto"
"-17,9019444444444;28,6047222222223;625;0;-77;-94;-112;28 36 17N;017 54 07W;2013/11/23 00:00:00+00;""28;60472N"";""017;90194W"";GPRS y GSM;Dificultad en la comunicación"
"-17,8327777777778;28,5336111111111;626;0;-79;-64;-106;28 32 01N;017 49 58W;2013/11/19 00:00:00+00;""28;53361N"";""017;83278W"";GPRS y GSM;Dificultad en la comunicación"
"-17,8327777777778;28,5336111111111;627;0;-79;-64;-99;28 32 01N;017 49 58W;2013/11/19 00:00:00+00;""28;53361N"";""017;83278W"";GPRS y GSM;Nivel correcto"
"-17,8177777777777;28,5344444444445;628;0;-79;-64;-82;28 32 04N;017 49 04W;2013/11/19 00:00:00+00;""28;53444N"";""017;81778W"";GPRS y GSM;Nivel correcto"
"-17,8097222222221;28,5344444444445;629;0;-85;-66;-89;28 32 04N;017 48 35W;2013/11/19 00:00:00+00;""28;53444N"";""017;80972W"";GPRS y GSM;Nivel correcto"
"-17,8627777777778;28,5022222222223;632;0;-84;-94;-104;28 30 08N;017 51 46W;2013/11/21 00:00:00+00;""28;50222N"";""017;86278W"";GPRS y GSM;Nivel correcto"
"-17,8627777777778;28,5022222222223;633;0;-84;-94;-104;28 30 08N;017 51 46W;2013/11/21 00:00:00+00;""28;50222N"";""017;86278W"";GPRS y GSM;Nivel correcto"
"-17,8655555555555;28,5055555555556;634;0;-84;-89;-111;28 30 20N;017 51 56W;2013/11/23 00:00:00+00;""28;50556N"";""017;86556W"";GPRS y GSM;Dificultad en la comunicación"
"-17,8577777777778;28,5302777777779;635;0;-94;-94;-111;28 31 49N;017 51 28W;2013/11/23 00:00:00+00;""28;53028N"";""017;85778W"";GPRS y GSM;Dificultad en la comunicación"
"-17,8322222222222;28,5313888888889;636;0;-86;-104;-109;28 31 53N;017 49 56W;2013/11/19 00:00:00+00;""28;53139N"";""017;83222W"";no GPRS y dificultad GSM;Dificultad en la comunicación"
"-17,8225;28,5313888888889;637;0;-74;-64;-69;28 31 53N;017 49 21W;2013/11/19 00:00:00+00;""28;53139N"";""017;82250W"";GPRS y GSM;Nivel correcto"
"-17,8152777777777;28,5313888888889;638;0;-74;-64;-69;28 31 53N;017 48 55W;2013/11/19 00:00:00+00;""28;53139N"";""017;81528W"";GPRS y GSM;Nivel correcto"
"-17,8072222222222;28,5344444444445;639;0;-84;-69;-94;28 32 04N;017 48 26W;2013/11/19 00:00:00+00;""28;53444N"";""017;80722W"";GPRS y GSM;Nivel correcto"
"-17,7936111111111;28,5322222222222;640;0;-86;-79;-104;28 31 56N;017 47 37W;2013/11/19 00:00:00+00;""28;53222N"";""017;79361W"";GPRS y GSM;Nivel correcto"
"-17,8633333333333;28,505;641;0;-84;-78;-104;28 30 18N;017 51 48W;2013/11/21 00:00:00+00;""28;50500N"";""017;86333W"";GPRS y GSM;Nivel correcto"
"-17,8647222222222;28,5044444444446;642;0;-74;-94;-99;28 30 16N;017 51 53W;2013/11/23 00:00:00+00;""28;50444N"";""017;86472W"";GPRS y GSM;Nivel correcto"
"-17,8483333333334;28,5077777777778;643;0;-86;-104;-111;28 30 28N;017 50 54W;2013/11/23 00:00:00+00;""28;50778N"";""017;84833W"";no GPRS y dificultad GSM;Dificultad en la comunicación"
"-17,8422222222222;28,5091666666667;644;0;-103;-104;-114;28 30 33N;017 50 32W;2013/11/19 00:00:00+00;""28;50917N"";""017;84222W"";no GPRS y no GSM;Nivel insuficiente"
"-17,8325;28,5266666666668;645;0;-79;-74;-109;28 30 96N;017 49 57W;2013/11/19 00:00:00+00;""28;52667N"";""017;83250W"";GPRS y GSM;Dificultad en la comunicación"
"-17,8177777777777;28,5263888888889;646;0;-79;-74;-109;28 31 35N;017 49 04W;2013/11/19 00:00:00+00;""28;52639N"";""017;81778W"";GPRS y GSM;Dificultad en la comunicación"
"-17,8169444444445;28,5083333333333;647;0;-79;-74;-107;28 30 30N;017 49 01W;2013/11/19 00:00:00+00;""28;50833N"";""017;81694W"";GPRS y GSM;Dificultad en la comunicación"
"-17,8025;28,518888888889;648;0;-103;-104;-114;28 31 08N;017 48 09W;2013/11/21 00:00:00+00;""28;51889N"";""017;80250W"";no GPRS y no GSM;Nivel insuficiente"
"-17,8722222222222;28,505;649;0;-84;-94;-104;28 30 18N;017 52 20W;2013/11/21 00:00:00+00;""28;50500N"";""017;87222W"";GPRS y GSM;Nivel correcto"
"-17,85;28,5022222222223;650;0;-59;-94;-86;28 30 08N;017 51 00W;2013/11/21 00:00:00+00;""28;50222N"";""017;85000W"";GPRS y GSM;Nivel correcto"
"-17,8366666666666;28,4897222222223;651;0;-84;-84;-109;28 29 23N;017 50 12W;2013/11/21 00:00:00+00;""28;48972N"";""017;83667W"";GPRS y GSM;Dificultad en la comunicación"
"-17,8425;28,5002777777779;652;0;-96;-104;-109;28 30 01N;017 50 33W;2013/11/21 00:00:00+00;""28;50028N"";""017;84250W"";no GPRS y dificultad GSM;Dificultad en la comunicación"
"-17,8233333333333;28,513888888889;653;0;-89;-94;-114;28 30 50N;017 49 24W;2013/11/19 00:00:00+00;""28;51389N"";""017;82333W"";GPRS y GSM;Nivel insuficiente"
"-17,8316666666666;28,5030555555555;654;0;-103;-104;-114;28 30 11N;017 49 54W;2013/11/19 00:00:00+00;""28;50306N"";""017;83167W"";no GPRS y no GSM;Nivel insuficiente"
"-17,815;28,5036111111112;655;0;-103;-104;-114;28 30 13N;017 48 54W;2013/11/19 00:00:00+00;""28;50361N"";""017;81500W"";no GPRS y no GSM;Nivel insuficiente"
"-17,8661111111111;28,5061111111111;656;0;-84;-104;-104;28 30 22N;017 51 58W;2013/11/21 00:00:00+00;""28;50611N"";""017;86611W"";no GPRS y dificultad GSM;Nivel correcto"
"-17,8630555555555;28,5030555555555;657;0;-64;-82;-89;28 30 11N;017 51 47W;2013/11/21 00:00:00+00;""28;50306N"";""017;86306W"";GPRS y GSM;Nivel correcto"
"-17,8475;28,496388888889;658;0;-84;-82;-107;28 29 47N;017 50 51W;2013/11/21 00:00:00+00;""28;49639N"";""017;84750W"";GPRS y GSM;Dificultad en la comunicación"
"-17,8263888888889;28,5005555555556;659;0;-84;-84;-114;28 30 02N;017 49 35W;2013/11/19 00:00:00+00;""28;50056N"";""017;82639W"";GPRS y GSM;Nivel insuficiente"
"-17,8263888888889;28,5083333333333;660;0;-94;-104;-114;28 30 30N;017 49 35W;2013/11/19 00:00:00+00;""28;50833N"";""017;82639W"";no GPRS y dificultad GSM;Nivel insuficiente"
"-17,8222222222222;28,4972222222223;661;0;-96;-104;-114;28 29 50N;017 49 20W;2013/11/19 00:00:00+00;""28;49722N"";""017;82222W"";no GPRS y dificultad GSM;Nivel insuficiente"
"-17,8138888888889;28,8138888888889;662;0;-94;-92;-109;28 48 50N;017 48 50W;2013/11/19 00:00:00+00;""28;81389N"";""017;81389W"";GPRS y GSM;Dificultad en la comunicación"
"-17,8127777777777;28,5022222222223;663;0;-79;-104;-104;28 30 08N;017 48 46W;2103/11/21 00:00:00+00;""28;50222N"";""017;81278W"";no GPRS y dificultad GSM;Nivel correcto"
"-17,8127777777777;28,5022222222223;664;0;-79;-104;-104;28 30 08N;017 48 46W;2013/11/21 00:00:00+00;""28;50222N"";""017;81278W"";no GPRS y dificultad GSM;Nivel correcto"
"-17,8475;28,4922222222223;665;0;-79;-76;-104;28 29 32N;017 50 51W;2013/11/21 00:00:00+00;""28;49222N"";""017;84750W"";GPRS y GSM;Nivel correcto"
"-17,8352777777778;28,5008333333334;666;0;-84;-82;-110;28 30 03N;017 50 07W;2013/11/19 00:00:00+00;""28;50083N"";""017;83528W"";GPRS y GSM;Dificultad en la comunicación"
"-17,8283333333333;28,5047222222222;667;0;-94;-92;-104;28 30 17N;017 49 42W;2013/11/19 00:00:00+00;""28;50472N"";""017;82833W"";GPRS y GSM;Nivel correcto"
"-17,82;28,4927777777779;668;0;-94;-94;-104;28 29 34N;017 49 12W;2013/11/19 00:00:00+00;""28;49278N"";""017;82000W"";GPRS y GSM;Nivel correcto"
"-17,8116666666666;28,5166666666668;669;0;-86;-99;-104;28 31 00N;017 48 42W;2013/11/21 00:00:00+00;""28;51667N"";""017;81167W"";GPRS y GSM;Nivel correcto"
"-17,8116666666666;28,5166666666668;670;0;-86;-99;-104;28 31 00N;017 48 42W;2013/11/21 00:00:00+00;""28;51667N"";""017;81167W"";GPRS y GSM;Nivel correcto"
"-17,8519444444444;28,4816666666667;671;0;-94;-89;-106;28 28 54N;017 51 07W;2013/11/20 00:00:00+00;""28;48167N"";""017;85194W"";GPRS y GSM;Dificultad en la comunicación"
"-17,8402777777778;28,4802777777778;672;0;-84;-104;-106;28 28 49N;017 50 25W;2013/11/20 00:00:00+00;""28;48028N"";""017;84028W"";no GPRS y dificultad GSM;Dificultad en la comunicación"
"-17,8275;28,4802777777778;673;0;-89;-94;-112;28 28 49N;017 49 39W;2013/11/20 00:00:00+00;""28;48028N"";""017;82750W"";GPRS y GSM;Dificultad en la comunicación"
"-17,8158333333333;28,5080555555555;674;0;-94;-89;-114;28 30 29N;017 48 57W;2013/11/20 00:00:00+00;""28;50806N"";""017;81583W"";GPRS y GSM;Nivel insuficiente"
"-17,838611111111;28,471388888889;676;0;-84;-104;-107;28 28 17N;017 50 19W;2013/11/20 00:00:00+00;""28;47139N"";""017;83861W"";no GPRS y dificultad GSM;Dificultad en la comunicación"
"-17,8322222222222;28,4711111111112;677;0;-84;-104;-114;28 28 16N;017 49 56W;2013/11/20 00:00:00+00;""28;47111N"";""017;83222W"";no GPRS y dificultad GSM;Nivel insuficiente"
"-17,8161111111111;28,52;678;0;-94;-94;-114;28 31 12N;017 48 58W;2013/11/20 00:00:00+00;""28;52000N"";""017;81611W"";GPRS y GSM;Nivel insuficiente"
"-17,8330555555556;28,4580555555556;681;0;-84;-104;-114;28 27 29N;017 49 59W;2013/11/20 00:00:00+00;""28;45806N"";""017;83306W"";no GPRS y dificultad GSM;Nivel insuficiente"
"-17,8355555555556;28,5005555555556;682;0;-84;-104;-114;28 30 02N;017 50 08W;2013/11/20 00:00:00+00;""28;50056N"";""017;83556W"";no GPRS y dificultad GSM;Nivel insuficiente"
